K,active_count,bridge_sequence,bridge_serialized_bits,certificate_kind,certificate_status,coefficient_span,compiler,compiler_class,cx,delta_over_pi,density_realized,density_requested,depth,design_index,error_budget,formal_theorem_evidence,gates,input_ir_bytes,ir_bytes,m,memory_cap_bytes,n,output_ir_bytes,output_serialized_bits,r,representation,representation_sha256,rss_peak_bytes,runtime_s,schedule,seed,serialized_input_bits,status,target_id,timeout_s,wall_runtime_s,x_distribution
4,1,"QASM2 -> exact parity/phase table -> {cx,rz} lowering",744,exact_cnot_rz,passed,"[0,pi/4); no 2pi target wraparound",phase_polynomial_reference,instrumented global phase table,2,1/16,0.25,0.25,3,0,0,True,3,93,93,4,2147483648,5,93,744,2,bridge_qasm2,ff7535accf7275ae2510cc9063b2d188355542136742fe1f14dab1f0e3414220,74137600,0.082635,bridge_qasm2,20260801,744,completed,ux-ef0ba76c8cc2d18d,30.0,0.146894,"uniform on {1,...,K-1} over an exact-size uniform support sample"
4,1,"QASM2 -> ZX graph/full_reduce/extract_circuit -> {cx,rz,h}",744,dense_unitary_diagnostic,passed,"[0,pi/4); no 2pi target wraparound",pyzx_full_reduce,external ZX/global-IR semantic,2,1/16,0.25,0.25,11,0,0,False,13,93,174,4,2147483648,5,174,1392,2,bridge_qasm2,ff7535accf7275ae2510cc9063b2d188355542136742fe1f14dab1f0e3414220,109854720,0.198938,bridge_qasm2,20260801,744,completed,ux-ef0ba76c8cc2d18d,30.0,0.291733,"uniform on {1,...,K-1} over an exact-size uniform support sample"
4,1,"QASM2 -> qiskit transpile opt3 -> {cx,rz,h}",744,exact_cnot_rz,passed,"[0,pi/4); no 2pi target wraparound",qiskit_opt3,configured local/preset diagnostic,2,1/16,0.25,0.25,3,0,0,True,3,93,93,4,2147483648,5,93,744,2,bridge_qasm2,ff7535accf7275ae2510cc9063b2d188355542136742fe1f14dab1f0e3414220,76267520,0.093537,bridge_qasm2,20260801,744,completed,ux-ef0ba76c8cc2d18d,30.0,0.149607,"uniform on {1,...,K-1} over an exact-size uniform support sample"
4,1,"decode codec -> exact support table -> {cx,rz} lowering",744,exact_cnot_rz,passed,"[0,pi/4); no 2pi target wraparound",semantic_reference,instrumented semantic reference,2,1/16,0.25,0.25,3,0,0,True,3,93,93,4,2147483648,5,93,744,2,bridge_qasm2,ff7535accf7275ae2510cc9063b2d188355542136742fe1f14dab1f0e3414220,74186752,0.082177,bridge_qasm2,20260801,744,completed,ux-ef0ba76c8cc2d18d,30.0,0.142507,"uniform on {1,...,K-1} over an exact-size uniform support sample"
4,1,"QASM2 -> TKET DecomposeBoxes/PauliSimp -> {cx,rz,h}",744,dense_unitary_diagnostic,passed,"[0,pi/4); no 2pi target wraparound",tket_paulisimp,external Pauli-network/global semantic,2,1/16,0.25,0.25,9,0,0,False,33,93,494,4,2147483648,5,494,3952,2,bridge_qasm2,ff7535accf7275ae2510cc9063b2d188355542136742fe1f14dab1f0e3414220,123961344,0.261653,bridge_qasm2,20260801,744,completed,ux-ef0ba76c8cc2d18d,30.0,0.344317,"uniform on {1,...,K-1} over an exact-size uniform support sample"
4,1,"QASM2 -> exact parity/phase table -> {cx,rz} lowering",1296,exact_cnot_rz,passed,"[0,pi/4); no 2pi target wraparound",phase_polynomial_reference,instrumented global phase table,2,1/16,0.25,0.25,3,0,0,True,3,162,162,4,2147483648,5,93,744,2,contiguous_flat,e1fa195f60cf67d9d181a41e2ddea80c53c1c320df85b7d4079ba2221d34e22a,74219520,0.081934,contiguous_flat,20260801,344,completed,ux-ef0ba76c8cc2d18d,30.0,0.148992,"uniform on {1,...,K-1} over an exact-size uniform support sample"
4,1,"QASM2 -> ZX graph/full_reduce/extract_circuit -> {cx,rz,h}",1296,dense_unitary_diagnostic,passed,"[0,pi/4); no 2pi target wraparound",pyzx_full_reduce,external ZX/global-IR semantic,2,1/16,0.25,0.25,11,0,0,False,13,162,174,4,2147483648,5,174,1392,2,contiguous_flat,e1fa195f60cf67d9d181a41e2ddea80c53c1c320df85b7d4079ba2221d34e22a,109969408,0.197474,contiguous_flat,20260801,344,completed,ux-ef0ba76c8cc2d18d,30.0,0.29388,"uniform on {1,...,K-1} over an exact-size uniform support sample"
4,1,"QASM2 -> qiskit transpile opt3 -> {cx,rz,h}",1296,exact_cnot_rz,passed,"[0,pi/4); no 2pi target wraparound",qiskit_opt3,configured local/preset diagnostic,2,1/16,0.25,0.25,3,0,0,True,3,162,162,4,2147483648,5,93,744,2,contiguous_flat,e1fa195f60cf67d9d181a41e2ddea80c53c1c320df85b7d4079ba2221d34e22a,74629120,0.093163,contiguous_flat,20260801,344,completed,ux-ef0ba76c8cc2d18d,30.0,0.146814,"uniform on {1,...,K-1} over an exact-size uniform support sample"
4,1,"decode codec -> exact support table -> {cx,rz} lowering",1296,exact_cnot_rz,passed,"[0,pi/4); no 2pi target wraparound",semantic_reference,instrumented semantic reference,2,1/16,0.25,0.25,3,0,0,True,3,162,162,4,2147483648,5,93,744,2,contiguous_flat,e1fa195f60cf67d9d181a41e2ddea80c53c1c320df85b7d4079ba2221d34e22a,74088448,0.081742,contiguous_flat,20260801,344,completed,ux-ef0ba76c8cc2d18d,30.0,0.138918,"uniform on {1,...,K-1} over an exact-size uniform support sample"
4,1,"QASM2 -> TKET DecomposeBoxes/PauliSimp -> {cx,rz,h}",1296,dense_unitary_diagnostic,passed,"[0,pi/4); no 2pi target wraparound",tket_paulisimp,external Pauli-network/global semantic,2,1/16,0.25,0.25,9,0,0,False,33,162,494,4,2147483648,5,494,3952,2,contiguous_flat,e1fa195f60cf67d9d181a41e2ddea80c53c1c320df85b7d4079ba2221d34e22a,123961344,0.26083,contiguous_flat,20260801,344,completed,ux-ef0ba76c8cc2d18d,30.0,0.341176,"uniform on {1,...,K-1} over an exact-size uniform support sample"
4,1,"QASM2 -> exact parity/phase table -> {cx,rz} lowering",744,exact_cnot_rz,passed,"[0,pi/4); no 2pi target wraparound",phase_polynomial_reference,instrumented global phase table,2,1/16,0.25,0.25,3,0,0,True,3,93,93,4,2147483648,5,93,744,2,locally_folded,ff8727ef8a6e568aecda33b99c61434f110e67360e66b44e89c8a70d8d0fe939,74153984,0.081636,locally_folded,20260801,264,completed,ux-ef0ba76c8cc2d18d,30.0,0.151542,"uniform on {1,...,K-1} over an exact-size uniform support sample"
4,1,"QASM2 -> ZX graph/full_reduce/extract_circuit -> {cx,rz,h}",744,dense_unitary_diagnostic,passed,"[0,pi/4); no 2pi target wraparound",pyzx_full_reduce,external ZX/global-IR semantic,2,1/16,0.25,0.25,11,0,0,False,13,93,174,4,2147483648,5,174,1392,2,locally_folded,ff8727ef8a6e568aecda33b99c61434f110e67360e66b44e89c8a70d8d0fe939,109953024,0.198586,locally_folded,20260801,264,completed,ux-ef0ba76c8cc2d18d,30.0,0.283699,"uniform on {1,...,K-1} over an exact-size uniform support sample"
4,1,"QASM2 -> qiskit transpile opt3 -> {cx,rz,h}",744,exact_cnot_rz,passed,"[0,pi/4); no 2pi target wraparound",qiskit_opt3,configured local/preset diagnostic,2,1/16,0.25,0.25,3,0,0,True,3,93,93,4,2147483648,5,93,744,2,locally_folded,ff8727ef8a6e568aecda33b99c61434f110e67360e66b44e89c8a70d8d0fe939,74612736,0.093304,locally_folded,20260801,264,completed,ux-ef0ba76c8cc2d18d,30.0,0.148388,"uniform on {1,...,K-1} over an exact-size uniform support sample"
4,1,"decode codec -> exact support table -> {cx,rz} lowering",744,exact_cnot_rz,passed,"[0,pi/4); no 2pi target wraparound",semantic_reference,instrumented semantic reference,2,1/16,0.25,0.25,3,0,0,True,3,93,93,4,2147483648,5,93,744,2,locally_folded,ff8727ef8a6e568aecda33b99c61434f110e67360e66b44e89c8a70d8d0fe939,74072064,0.082683,locally_folded,20260801,264,completed,ux-ef0ba76c8cc2d18d,30.0,0.147149,"uniform on {1,...,K-1} over an exact-size uniform support sample"
4,1,"QASM2 -> TKET DecomposeBoxes/PauliSimp -> {cx,rz,h}",744,dense_unitary_diagnostic,passed,"[0,pi/4); no 2pi target wraparound",tket_paulisimp,external Pauli-network/global semantic,2,1/16,0.25,0.25,9,0,0,False,33,93,494,4,2147483648,5,494,3952,2,locally_folded,ff8727ef8a6e568aecda33b99c61434f110e67360e66b44e89c8a70d8d0fe939,123879424,0.261673,locally_folded,20260801,264,completed,ux-ef0ba76c8cc2d18d,30.0,0.339527,"uniform on {1,...,K-1} over an exact-size uniform support sample"
4,1,"QASM2 -> exact parity/phase table -> {cx,rz} lowering",1120,exact_cnot_rz,passed,"[0,pi/4); no 2pi target wraparound",phase_polynomial_reference,instrumented global phase table,2,1/16,0.25,0.25,3,0,0,True,3,140,140,4,2147483648,5,93,744,2,masked_share_flat,f62dd51287777e485892d93722fc87e23aa0edec9ca69395b9ecab370c511b27,74170368,0.082397,masked_share_flat,20260801,360,completed,ux-ef0ba76c8cc2d18d,30.0,0.151651,"uniform on {1,...,K-1} over an exact-size uniform support sample"
4,1,"QASM2 -> ZX graph/full_reduce/extract_circuit -> {cx,rz,h}",1120,dense_unitary_diagnostic,passed,"[0,pi/4); no 2pi target wraparound",pyzx_full_reduce,external ZX/global-IR semantic,2,1/16,0.25,0.25,11,0,0,False,13,140,174,4,2147483648,5,174,1392,2,masked_share_flat,f62dd51287777e485892d93722fc87e23aa0edec9ca69395b9ecab370c511b27,110051328,0.198862,masked_share_flat,20260801,360,completed,ux-ef0ba76c8cc2d18d,30.0,0.297819,"uniform on {1,...,K-1} over an exact-size uniform support sample"
4,1,"QASM2 -> qiskit transpile opt3 -> {cx,rz,h}",1120,exact_cnot_rz,passed,"[0,pi/4); no 2pi target wraparound",qiskit_opt3,configured local/preset diagnostic,2,1/16,0.25,0.25,3,0,0,True,3,140,140,4,2147483648,5,103,824,2,masked_share_flat,f62dd51287777e485892d93722fc87e23aa0edec9ca69395b9ecab370c511b27,76070912,0.093499,masked_share_flat,20260801,360,completed,ux-ef0ba76c8cc2d18d,30.0,0.148144,"uniform on {1,...,K-1} over an exact-size uniform support sample"
4,1,"decode codec -> exact support table -> {cx,rz} lowering",1120,exact_cnot_rz,passed,"[0,pi/4); no 2pi target wraparound",semantic_reference,instrumented semantic reference,2,1/16,0.25,0.25,3,0,0,True,3,140,140,4,2147483648,5,93,744,2,masked_share_flat,f62dd51287777e485892d93722fc87e23aa0edec9ca69395b9ecab370c511b27,74137600,0.082529,masked_share_flat,20260801,360,completed,ux-ef0ba76c8cc2d18d,30.0,0.149511,"uniform on {1,...,K-1} over an exact-size uniform support sample"
4,1,"QASM2 -> TKET DecomposeBoxes/PauliSimp -> {cx,rz,h}",1120,dense_unitary_diagnostic,passed,"[0,pi/4); no 2pi target wraparound",tket_paulisimp,external Pauli-network/global semantic,2,1/16,0.25,0.25,9,0,0,False,33,140,504,4,2147483648,5,504,4032,2,masked_share_flat,f62dd51287777e485892d93722fc87e23aa0edec9ca69395b9ecab370c511b27,123863040,0.262435,masked_share_flat,20260801,360,completed,ux-ef0ba76c8cc2d18d,30.0,0.349904,"uniform on {1,...,K-1} over an exact-size uniform support sample"
4,1,"QASM2 -> exact parity/phase table -> {cx,rz} lowering",1296,exact_cnot_rz,passed,"[0,pi/4); no 2pi target wraparound",phase_polynomial_reference,instrumented global phase table,2,1/16,0.25,0.25,3,0,0,True,3,162,162,4,2147483648,5,93,744,2,random_commuting_order,b55ce39e3745aa9520ab5d144105c2330f849d5f0106b9d13184348c5bcdcdff,74186752,0.082095,random_commuting_order,20260801,400,completed,ux-ef0ba76c8cc2d18d,30.0,0.148276,"uniform on {1,...,K-1} over an exact-size uniform support sample"
4,1,"QASM2 -> ZX graph/full_reduce/extract_circuit -> {cx,rz,h}",1296,dense_unitary_diagnostic,passed,"[0,pi/4); no 2pi target wraparound",pyzx_full_reduce,external ZX/global-IR semantic,2,1/16,0.25,0.25,11,0,0,False,13,162,174,4,2147483648,5,174,1392,2,random_commuting_order,b55ce39e3745aa9520ab5d144105c2330f849d5f0106b9d13184348c5bcdcdff,109838336,0.198204,random_commuting_order,20260801,400,completed,ux-ef0ba76c8cc2d18d,30.0,0.291176,"uniform on {1,...,K-1} over an exact-size uniform support sample"
4,1,"QASM2 -> qiskit transpile opt3 -> {cx,rz,h}",1296,exact_cnot_rz,passed,"[0,pi/4); no 2pi target wraparound",qiskit_opt3,configured local/preset diagnostic,2,1/16,0.25,0.25,3,0,0,True,3,162,162,4,2147483648,5,93,744,2,random_commuting_order,b55ce39e3745aa9520ab5d144105c2330f849d5f0106b9d13184348c5bcdcdff,77266944,0.093337,random_commuting_order,20260801,400,completed,ux-ef0ba76c8cc2d18d,30.0,0.146907,"uniform on {1,...,K-1} over an exact-size uniform support sample"
4,1,"decode codec -> exact support table -> {cx,rz} lowering",1296,exact_cnot_rz,passed,"[0,pi/4); no 2pi target wraparound",semantic_reference,instrumented semantic reference,2,1/16,0.25,0.25,3,0,0,True,3,162,162,4,2147483648,5,93,744,2,random_commuting_order,b55ce39e3745aa9520ab5d144105c2330f849d5f0106b9d13184348c5bcdcdff,74137600,0.082775,random_commuting_order,20260801,400,completed,ux-ef0ba76c8cc2d18d,30.0,0.146805,"uniform on {1,...,K-1} over an exact-size uniform support sample"
4,1,"QASM2 -> TKET DecomposeBoxes/PauliSimp -> {cx,rz,h}",1296,dense_unitary_diagnostic,passed,"[0,pi/4); no 2pi target wraparound",tket_paulisimp,external Pauli-network/global semantic,2,1/16,0.25,0.25,9,0,0,False,33,162,494,4,2147483648,5,494,3952,2,random_commuting_order,b55ce39e3745aa9520ab5d144105c2330f849d5f0106b9d13184348c5bcdcdff,124043264,0.260522,random_commuting_order,20260801,400,completed,ux-ef0ba76c8cc2d18d,30.0,0.346983,"uniform on {1,...,K-1} over an exact-size uniform support sample"
4,1,"QASM2 -> exact parity/phase table -> {cx,rz} lowering",1296,exact_cnot_rz,passed,"[0,pi/4); no 2pi target wraparound",phase_polynomial_reference,instrumented global phase table,2,1/16,0.25,0.25,3,0,0,True,3,162,162,4,2147483648,5,93,744,2,round_robin_flat,75e93cd51bda75582dfb53f75aa2bfa461ab1b5217c0851346379e1d8dad39c5,74219520,0.082124,round_robin_flat,20260801,352,completed,ux-ef0ba76c8cc2d18d,30.0,0.151648,"uniform on {1,...,K-1} over an exact-size uniform support sample"
4,1,"QASM2 -> ZX graph/full_reduce/extract_circuit -> {cx,rz,h}",1296,dense_unitary_diagnostic,passed,"[0,pi/4); no 2pi target wraparound",pyzx_full_reduce,external ZX/global-IR semantic,2,1/16,0.25,0.25,11,0,0,False,13,162,174,4,2147483648,5,174,1392,2,round_robin_flat,75e93cd51bda75582dfb53f75aa2bfa461ab1b5217c0851346379e1d8dad39c5,109953024,0.201144,round_robin_flat,20260801,352,completed,ux-ef0ba76c8cc2d18d,30.0,0.292659,"uniform on {1,...,K-1} over an exact-size uniform support sample"
4,1,"QASM2 -> qiskit transpile opt3 -> {cx,rz,h}",1296,exact_cnot_rz,passed,"[0,pi/4); no 2pi target wraparound",qiskit_opt3,configured local/preset diagnostic,2,1/16,0.25,0.25,3,0,0,True,3,162,162,4,2147483648,5,93,744,2,round_robin_flat,75e93cd51bda75582dfb53f75aa2bfa461ab1b5217c0851346379e1d8dad39c5,75137024,0.092984,round_robin_flat,20260801,352,completed,ux-ef0ba76c8cc2d18d,30.0,0.14824,"uniform on {1,...,K-1} over an exact-size uniform support sample"
4,1,"decode codec -> exact support table -> {cx,rz} lowering",1296,exact_cnot_rz,passed,"[0,pi/4); no 2pi target wraparound",semantic_reference,instrumented semantic reference,2,1/16,0.25,0.25,3,0,0,True,3,162,162,4,2147483648,5,93,744,2,round_robin_flat,75e93cd51bda75582dfb53f75aa2bfa461ab1b5217c0851346379e1d8dad39c5,74006528,0.08193,round_robin_flat,20260801,352,completed,ux-ef0ba76c8cc2d18d,30.0,0.146717,"uniform on {1,...,K-1} over an exact-size uniform support sample"
4,1,"QASM2 -> TKET DecomposeBoxes/PauliSimp -> {cx,rz,h}",1296,dense_unitary_diagnostic,passed,"[0,pi/4); no 2pi target wraparound",tket_paulisimp,external Pauli-network/global semantic,2,1/16,0.25,0.25,9,0,0,False,33,162,494,4,2147483648,5,494,3952,2,round_robin_flat,75e93cd51bda75582dfb53f75aa2bfa461ab1b5217c0851346379e1d8dad39c5,124026880,0.26084,round_robin_flat,20260801,352,completed,ux-ef0ba76c8cc2d18d,30.0,0.346874,"uniform on {1,...,K-1} over an exact-size uniform support sample"
4,1,"QASM2 -> exact parity/phase table -> {cx,rz} lowering",744,exact_cnot_rz,passed,"[0,pi/4); no 2pi target wraparound",phase_polynomial_reference,instrumented global phase table,2,1/16,0.25,0.25,3,0,0,True,3,93,93,4,2147483648,5,93,744,2,semantic_aggregate,f057513c5dbbd1cc0117b826cbde92023e9573b5ce92ac615f4cf492e5f5d857,74088448,0.081506,semantic_aggregate,20260801,296,completed,ux-ef0ba76c8cc2d18d,30.0,0.14568,"uniform on {1,...,K-1} over an exact-size uniform support sample"
4,1,"QASM2 -> ZX graph/full_reduce/extract_circuit -> {cx,rz,h}",744,dense_unitary_diagnostic,passed,"[0,pi/4); no 2pi target wraparound",pyzx_full_reduce,external ZX/global-IR semantic,2,1/16,0.25,0.25,11,0,0,False,13,93,174,4,2147483648,5,174,1392,2,semantic_aggregate,f057513c5dbbd1cc0117b826cbde92023e9573b5ce92ac615f4cf492e5f5d857,110067712,0.198713,semantic_aggregate,20260801,296,completed,ux-ef0ba76c8cc2d18d,30.0,0.276466,"uniform on {1,...,K-1} over an exact-size uniform support sample"
4,1,"QASM2 -> qiskit transpile opt3 -> {cx,rz,h}",744,exact_cnot_rz,passed,"[0,pi/4); no 2pi target wraparound",qiskit_opt3,configured local/preset diagnostic,2,1/16,0.25,0.25,3,0,0,True,3,93,93,4,2147483648,5,93,744,2,semantic_aggregate,f057513c5dbbd1cc0117b826cbde92023e9573b5ce92ac615f4cf492e5f5d857,74563584,0.092525,semantic_aggregate,20260801,296,completed,ux-ef0ba76c8cc2d18d,30.0,0.145382,"uniform on {1,...,K-1} over an exact-size uniform support sample"
4,1,"decode codec -> exact support table -> {cx,rz} lowering",744,exact_cnot_rz,passed,"[0,pi/4); no 2pi target wraparound",semantic_reference,instrumented semantic reference,2,1/16,0.25,0.25,3,0,0,True,3,93,93,4,2147483648,5,93,744,2,semantic_aggregate,f057513c5dbbd1cc0117b826cbde92023e9573b5ce92ac615f4cf492e5f5d857,74055680,0.083154,semantic_aggregate,20260801,296,completed,ux-ef0ba76c8cc2d18d,30.0,0.147941,"uniform on {1,...,K-1} over an exact-size uniform support sample"
4,1,"QASM2 -> TKET DecomposeBoxes/PauliSimp -> {cx,rz,h}",744,dense_unitary_diagnostic,passed,"[0,pi/4); no 2pi target wraparound",tket_paulisimp,external Pauli-network/global semantic,2,1/16,0.25,0.25,9,0,0,False,33,93,494,4,2147483648,5,494,3952,2,semantic_aggregate,f057513c5dbbd1cc0117b826cbde92023e9573b5ce92ac615f4cf492e5f5d857,124059648,0.262195,semantic_aggregate,20260801,296,completed,ux-ef0ba76c8cc2d18d,30.0,0.345263,"uniform on {1,...,K-1} over an exact-size uniform support sample"
8,4,"QASM2 -> exact parity/phase table -> {cx,rz} lowering",2016,exact_cnot_rz,passed,"[0,pi/4); no 2pi target wraparound",phase_polynomial_reference,instrumented global phase table,8,1/32,0.5,0.5,3,1,0,True,12,252,252,8,2147483648,9,252,2016,4,bridge_qasm2,2517955819c69441c8078b8f6ede2cad2a5bb835fd0909e0adb91884fc33190b,74301440,0.091079,bridge_qasm2,20260802,2016,completed,ux-b710f8dd2f6cb132,30.0,0.151813,"uniform on {1,...,K-1} over an exact-size uniform support sample"
8,4,"QASM2 -> ZX graph/full_reduce/extract_circuit -> {cx,rz,h}",2016,pyzx_rewrite_identity_diagnostic,passed,"[0,pi/4); no 2pi target wraparound",pyzx_full_reduce,external ZX/global-IR semantic,8,1/32,0.5,0.5,11,1,0,False,52,252,572,8,2147483648,9,572,4576,4,bridge_qasm2,2517955819c69441c8078b8f6ede2cad2a5bb835fd0909e0adb91884fc33190b,109838336,0.203727,bridge_qasm2,20260802,2016,completed,ux-b710f8dd2f6cb132,30.0,0.298941,"uniform on {1,...,K-1} over an exact-size uniform support sample"
8,4,"QASM2 -> qiskit transpile opt3 -> {cx,rz,h}",2016,exact_cnot_rz,passed,"[0,pi/4); no 2pi target wraparound",qiskit_opt3,configured local/preset diagnostic,8,1/32,0.5,0.5,3,1,0,True,12,252,252,8,2147483648,9,252,2016,4,bridge_qasm2,2517955819c69441c8078b8f6ede2cad2a5bb835fd0909e0adb91884fc33190b,74579968,0.096734,bridge_qasm2,20260802,2016,completed,ux-b710f8dd2f6cb132,30.0,0.148619,"uniform on {1,...,K-1} over an exact-size uniform support sample"
8,4,"decode codec -> exact support table -> {cx,rz} lowering",2016,exact_cnot_rz,passed,"[0,pi/4); no 2pi target wraparound",semantic_reference,instrumented semantic reference,8,1/32,0.5,0.5,3,1,0,True,12,252,252,8,2147483648,9,252,2016,4,bridge_qasm2,2517955819c69441c8078b8f6ede2cad2a5bb835fd0909e0adb91884fc33190b,74153984,0.083893,bridge_qasm2,20260802,2016,completed,ux-b710f8dd2f6cb132,30.0,0.148454,"uniform on {1,...,K-1} over an exact-size uniform support sample"
8,4,"QASM2 -> TKET DecomposeBoxes/PauliSimp -> {cx,rz,h}",2016,pyzx_rewrite_identity_diagnostic,passed,"[0,pi/4); no 2pi target wraparound",tket_paulisimp,external Pauli-network/global semantic,8,1/32,0.5,0.5,9,1,0,False,66,252,972,8,2147483648,9,972,7776,4,bridge_qasm2,2517955819c69441c8078b8f6ede2cad2a5bb835fd0909e0adb91884fc33190b,157188096,0.383598,bridge_qasm2,20260802,2016,completed,ux-b710f8dd2f6cb132,30.0,0.506469,"uniform on {1,...,K-1} over an exact-size uniform support sample"
8,4,"QASM2 -> exact parity/phase table -> {cx,rz} lowering",7296,exact_cnot_rz,passed,"[0,pi/4); no 2pi target wraparound",phase_polynomial_reference,instrumented global phase table,8,1/32,0.5,0.5,3,1,0,True,12,912,912,8,2147483648,9,252,2016,4,contiguous_flat,7f2a14397dd488b28d68b865801ad1004124e8cd3e4c0c6956062d3b9c01496b,74137600,0.083063,contiguous_flat,20260802,1416,completed,ux-b710f8dd2f6cb132,30.0,0.149176,"uniform on {1,...,K-1} over an exact-size uniform support sample"
8,4,"QASM2 -> ZX graph/full_reduce/extract_circuit -> {cx,rz,h}",7296,pyzx_rewrite_identity_diagnostic,passed,"[0,pi/4); no 2pi target wraparound",pyzx_full_reduce,external ZX/global-IR semantic,8,1/32,0.5,0.5,11,1,0,False,52,912,912,8,2147483648,9,572,4576,4,contiguous_flat,7f2a14397dd488b28d68b865801ad1004124e8cd3e4c0c6956062d3b9c01496b,109805568,0.20164,contiguous_flat,20260802,1416,completed,ux-b710f8dd2f6cb132,30.0,0.295305,"uniform on {1,...,K-1} over an exact-size uniform support sample"
8,4,"QASM2 -> qiskit transpile opt3 -> {cx,rz,h}",7296,exact_cnot_rz,passed,"[0,pi/4); no 2pi target wraparound",qiskit_opt3,configured local/preset diagnostic,8,1/32,0.5,0.5,3,1,0,True,12,912,912,8,2147483648,9,252,2016,4,contiguous_flat,7f2a14397dd488b28d68b865801ad1004124e8cd3e4c0c6956062d3b9c01496b,76300288,0.094567,contiguous_flat,20260802,1416,completed,ux-b710f8dd2f6cb132,30.0,0.15151,"uniform on {1,...,K-1} over an exact-size uniform support sample"
8,4,"decode codec -> exact support table -> {cx,rz} lowering",7296,exact_cnot_rz,passed,"[0,pi/4); no 2pi target wraparound",semantic_reference,instrumented semantic reference,8,1/32,0.5,0.5,3,1,0,True,12,912,912,8,2147483648,9,252,2016,4,contiguous_flat,7f2a14397dd488b28d68b865801ad1004124e8cd3e4c0c6956062d3b9c01496b,74072064,0.083288,contiguous_flat,20260802,1416,completed,ux-b710f8dd2f6cb132,30.0,0.151732,"uniform on {1,...,K-1} over an exact-size uniform support sample"
8,4,"QASM2 -> TKET DecomposeBoxes/PauliSimp -> {cx,rz,h}",7296,pyzx_rewrite_identity_diagnostic,passed,"[0,pi/4); no 2pi target wraparound",tket_paulisimp,external Pauli-network/global semantic,8,1/32,0.5,0.5,9,1,0,False,66,912,972,8,2147483648,9,972,7776,4,contiguous_flat,7f2a14397dd488b28d68b865801ad1004124e8cd3e4c0c6956062d3b9c01496b,157122560,0.382282,contiguous_flat,20260802,1416,completed,ux-b710f8dd2f6cb132,30.0,0.492358,"uniform on {1,...,K-1} over an exact-size uniform support sample"
8,4,"QASM2 -> exact parity/phase table -> {cx,rz} lowering",3824,exact_cnot_rz,passed,"[0,pi/4); no 2pi target wraparound",phase_polynomial_reference,instrumented global phase table,8,1/32,0.5,0.5,3,1,0,True,12,478,478,8,2147483648,9,252,2016,4,locally_folded,4b4c6d43fe41311cc4067321371a79a7729a3d28c391ccf19c8230dbd0f1cf61,74170368,0.084535,locally_folded,20260802,768,completed,ux-b710f8dd2f6cb132,30.0,0.151613,"uniform on {1,...,K-1} over an exact-size uniform support sample"
8,4,"QASM2 -> ZX graph/full_reduce/extract_circuit -> {cx,rz,h}",3824,pyzx_rewrite_identity_diagnostic,passed,"[0,pi/4); no 2pi target wraparound",pyzx_full_reduce,external ZX/global-IR semantic,8,1/32,0.5,0.5,11,1,0,False,52,478,572,8,2147483648,9,572,4576,4,locally_folded,4b4c6d43fe41311cc4067321371a79a7729a3d28c391ccf19c8230dbd0f1cf61,109871104,0.204651,locally_folded,20260802,768,completed,ux-b710f8dd2f6cb132,30.0,0.295957,"uniform on {1,...,K-1} over an exact-size uniform support sample"
8,4,"QASM2 -> qiskit transpile opt3 -> {cx,rz,h}",3824,exact_cnot_rz,passed,"[0,pi/4); no 2pi target wraparound",qiskit_opt3,configured local/preset diagnostic,8,1/32,0.5,0.5,3,1,0,True,12,478,478,8,2147483648,9,252,2016,4,locally_folded,4b4c6d43fe41311cc4067321371a79a7729a3d28c391ccf19c8230dbd0f1cf61,77561856,0.095408,locally_folded,20260802,768,completed,ux-b710f8dd2f6cb132,30.0,0.165863,"uniform on {1,...,K-1} over an exact-size uniform support sample"
8,4,"decode codec -> exact support table -> {cx,rz} lowering",3824,exact_cnot_rz,passed,"[0,pi/4); no 2pi target wraparound",semantic_reference,instrumented semantic reference,8,1/32,0.5,0.5,3,1,0,True,12,478,478,8,2147483648,9,252,2016,4,locally_folded,4b4c6d43fe41311cc4067321371a79a7729a3d28c391ccf19c8230dbd0f1cf61,73416704,0.083483,locally_folded,20260802,768,completed,ux-b710f8dd2f6cb132,30.0,0.151715,"uniform on {1,...,K-1} over an exact-size uniform support sample"
8,4,"QASM2 -> TKET DecomposeBoxes/PauliSimp -> {cx,rz,h}",3824,pyzx_rewrite_identity_diagnostic,passed,"[0,pi/4); no 2pi target wraparound",tket_paulisimp,external Pauli-network/global semantic,8,1/32,0.5,0.5,9,1,0,False,66,478,972,8,2147483648,9,972,7776,4,locally_folded,4b4c6d43fe41311cc4067321371a79a7729a3d28c391ccf19c8230dbd0f1cf61,157138944,0.400917,locally_folded,20260802,768,completed,ux-b710f8dd2f6cb132,30.0,0.515479,"uniform on {1,...,K-1} over an exact-size uniform support sample"
8,4,"QASM2 -> exact parity/phase table -> {cx,rz} lowering",7168,exact_cnot_rz,passed,"[0,pi/4); no 2pi target wraparound",phase_polynomial_reference,instrumented global phase table,8,1/32,0.5,0.5,3,1,0,True,12,896,896,8,2147483648,9,252,2016,4,masked_share_flat,ae9c6ce199dbb62003114610e2b96c84bc8185ba2818846dba135e73b683f0d8,74203136,0.084109,masked_share_flat,20260802,1368,completed,ux-b710f8dd2f6cb132,30.0,0.14603,"uniform on {1,...,K-1} over an exact-size uniform support sample"
8,4,"QASM2 -> ZX graph/full_reduce/extract_circuit -> {cx,rz,h}",7168,pyzx_rewrite_identity_diagnostic,passed,"[0,pi/4); no 2pi target wraparound",pyzx_full_reduce,external ZX/global-IR semantic,8,1/32,0.5,0.5,11,1,0,False,52,896,896,8,2147483648,9,572,4576,4,masked_share_flat,ae9c6ce199dbb62003114610e2b96c84bc8185ba2818846dba135e73b683f0d8,109920256,0.204314,masked_share_flat,20260802,1368,completed,ux-b710f8dd2f6cb132,30.0,0.301384,"uniform on {1,...,K-1} over an exact-size uniform support sample"
8,4,"QASM2 -> qiskit transpile opt3 -> {cx,rz,h}",7168,exact_cnot_rz,passed,"[0,pi/4); no 2pi target wraparound",qiskit_opt3,configured local/preset diagnostic,8,1/32,0.5,0.5,3,1,0,True,12,896,896,8,2147483648,9,274,2192,4,masked_share_flat,ae9c6ce199dbb62003114610e2b96c84bc8185ba2818846dba135e73b683f0d8,74547200,0.094703,masked_share_flat,20260802,1368,completed,ux-b710f8dd2f6cb132,30.0,0.170525,"uniform on {1,...,K-1} over an exact-size uniform support sample"
8,4,"decode codec -> exact support table -> {cx,rz} lowering",7168,exact_cnot_rz,passed,"[0,pi/4); no 2pi target wraparound",semantic_reference,instrumented semantic reference,8,1/32,0.5,0.5,3,1,0,True,12,896,896,8,2147483648,9,252,2016,4,masked_share_flat,ae9c6ce199dbb62003114610e2b96c84bc8185ba2818846dba135e73b683f0d8,74104832,0.083215,masked_share_flat,20260802,1368,completed,ux-b710f8dd2f6cb132,30.0,0.151644,"uniform on {1,...,K-1} over an exact-size uniform support sample"
8,4,"QASM2 -> TKET DecomposeBoxes/PauliSimp -> {cx,rz,h}",7168,pyzx_rewrite_identity_diagnostic,passed,"[0,pi/4); no 2pi target wraparound",tket_paulisimp,external Pauli-network/global semantic,8,1/32,0.5,0.5,9,1,0,False,66,896,980,8,2147483648,9,980,7840,4,masked_share_flat,ae9c6ce199dbb62003114610e2b96c84bc8185ba2818846dba135e73b683f0d8,157286400,0.382137,masked_share_flat,20260802,1368,completed,ux-b710f8dd2f6cb132,30.0,0.510861,"uniform on {1,...,K-1} over an exact-size uniform support sample"
8,4,"QASM2 -> exact parity/phase table -> {cx,rz} lowering",7296,exact_cnot_rz,passed,"[0,pi/4); no 2pi target wraparound",phase_polynomial_reference,instrumented global phase table,8,1/32,0.5,0.5,3,1,0,True,12,912,912,8,2147483648,9,252,2016,4,random_commuting_order,252c25fd51c9960e856dae24ecfafe7b2c0e248831967eae193938e2f7728c3e,74121216,0.083691,random_commuting_order,20260802,1472,completed,ux-b710f8dd2f6cb132,30.0,0.151643,"uniform on {1,...,K-1} over an exact-size uniform support sample"
8,4,"QASM2 -> ZX graph/full_reduce/extract_circuit -> {cx,rz,h}",7296,pyzx_rewrite_identity_diagnostic,passed,"[0,pi/4); no 2pi target wraparound",pyzx_full_reduce,external ZX/global-IR semantic,8,1/32,0.5,0.5,11,1,0,False,52,912,912,8,2147483648,9,572,4576,4,random_commuting_order,252c25fd51c9960e856dae24ecfafe7b2c0e248831967eae193938e2f7728c3e,109772800,0.203256,random_commuting_order,20260802,1472,completed,ux-b710f8dd2f6cb132,30.0,0.301866,"uniform on {1,...,K-1} over an exact-size uniform support sample"
8,4,"QASM2 -> qiskit transpile opt3 -> {cx,rz,h}",7296,exact_cnot_rz,passed,"[0,pi/4); no 2pi target wraparound",qiskit_opt3,configured local/preset diagnostic,8,1/32,0.5,0.5,3,1,0,True,12,912,912,8,2147483648,9,252,2016,4,random_commuting_order,252c25fd51c9960e856dae24ecfafe7b2c0e248831967eae193938e2f7728c3e,76300288,0.094636,random_commuting_order,20260802,1472,completed,ux-b710f8dd2f6cb132,30.0,0.150549,"uniform on {1,...,K-1} over an exact-size uniform support sample"
8,4,"decode codec -> exact support table -> {cx,rz} lowering",7296,exact_cnot_rz,passed,"[0,pi/4); no 2pi target wraparound",semantic_reference,instrumented semantic reference,8,1/32,0.5,0.5,3,1,0,True,12,912,912,8,2147483648,9,252,2016,4,random_commuting_order,252c25fd51c9960e856dae24ecfafe7b2c0e248831967eae193938e2f7728c3e,74088448,0.083811,random_commuting_order,20260802,1472,completed,ux-b710f8dd2f6cb132,30.0,0.151585,"uniform on {1,...,K-1} over an exact-size uniform support sample"
8,4,"QASM2 -> TKET DecomposeBoxes/PauliSimp -> {cx,rz,h}",7296,pyzx_rewrite_identity_diagnostic,passed,"[0,pi/4); no 2pi target wraparound",tket_paulisimp,external Pauli-network/global semantic,8,1/32,0.5,0.5,9,1,0,False,66,912,972,8,2147483648,9,972,7776,4,random_commuting_order,252c25fd51c9960e856dae24ecfafe7b2c0e248831967eae193938e2f7728c3e,157024256,0.379703,random_commuting_order,20260802,1472,completed,ux-b710f8dd2f6cb132,30.0,0.48809,"uniform on {1,...,K-1} over an exact-size uniform support sample"
8,4,"QASM2 -> exact parity/phase table -> {cx,rz} lowering",7296,exact_cnot_rz,passed,"[0,pi/4); no 2pi target wraparound",phase_polynomial_reference,instrumented global phase table,8,1/32,0.5,0.5,3,1,0,True,12,912,912,8,2147483648,9,252,2016,4,round_robin_flat,398595ae1beadf96f7c163c558f9761ac434fba05a70bb29d818b2fedf7850cc,74055680,0.082667,round_robin_flat,20260802,1424,completed,ux-b710f8dd2f6cb132,30.0,0.143886,"uniform on {1,...,K-1} over an exact-size uniform support sample"
8,4,"QASM2 -> ZX graph/full_reduce/extract_circuit -> {cx,rz,h}",7296,pyzx_rewrite_identity_diagnostic,passed,"[0,pi/4); no 2pi target wraparound",pyzx_full_reduce,external ZX/global-IR semantic,8,1/32,0.5,0.5,11,1,0,False,52,912,912,8,2147483648,9,572,4576,4,round_robin_flat,398595ae1beadf96f7c163c558f9761ac434fba05a70bb29d818b2fedf7850cc,109871104,0.20286,round_robin_flat,20260802,1424,completed,ux-b710f8dd2f6cb132,30.0,0.295169,"uniform on {1,...,K-1} over an exact-size uniform support sample"
8,4,"QASM2 -> qiskit transpile opt3 -> {cx,rz,h}",7296,exact_cnot_rz,passed,"[0,pi/4); no 2pi target wraparound",qiskit_opt3,configured local/preset diagnostic,8,1/32,0.5,0.5,3,1,0,True,12,912,912,8,2147483648,9,252,2016,4,round_robin_flat,398595ae1beadf96f7c163c558f9761ac434fba05a70bb29d818b2fedf7850cc,77479936,0.100972,round_robin_flat,20260802,1424,completed,ux-b710f8dd2f6cb132,30.0,0.168409,"uniform on {1,...,K-1} over an exact-size uniform support sample"
8,4,"decode codec -> exact support table -> {cx,rz} lowering",7296,exact_cnot_rz,passed,"[0,pi/4); no 2pi target wraparound",semantic_reference,instrumented semantic reference,8,1/32,0.5,0.5,3,1,0,True,12,912,912,8,2147483648,9,252,2016,4,round_robin_flat,398595ae1beadf96f7c163c558f9761ac434fba05a70bb29d818b2fedf7850cc,74022912,0.08248,round_robin_flat,20260802,1424,completed,ux-b710f8dd2f6cb132,30.0,0.151379,"uniform on {1,...,K-1} over an exact-size uniform support sample"
8,4,"QASM2 -> TKET DecomposeBoxes/PauliSimp -> {cx,rz,h}",7296,pyzx_rewrite_identity_diagnostic,passed,"[0,pi/4); no 2pi target wraparound",tket_paulisimp,external Pauli-network/global semantic,8,1/32,0.5,0.5,9,1,0,False,66,912,972,8,2147483648,9,972,7776,4,round_robin_flat,398595ae1beadf96f7c163c558f9761ac434fba05a70bb29d818b2fedf7850cc,157040640,0.392259,round_robin_flat,20260802,1424,completed,ux-b710f8dd2f6cb132,30.0,0.497813,"uniform on {1,...,K-1} over an exact-size uniform support sample"
8,4,"QASM2 -> exact parity/phase table -> {cx,rz} lowering",2016,exact_cnot_rz,passed,"[0,pi/4); no 2pi target wraparound",phase_polynomial_reference,instrumented global phase table,8,1/32,0.5,0.5,3,1,0,True,12,252,252,8,2147483648,9,252,2016,4,semantic_aggregate,a2a6a821a8847b3f3135e8e525d101768759f87a096f73f3906ff0459581a070,74121216,0.0823,semantic_aggregate,20260802,512,completed,ux-b710f8dd2f6cb132,30.0,0.148316,"uniform on {1,...,K-1} over an exact-size uniform support sample"
8,4,"QASM2 -> ZX graph/full_reduce/extract_circuit -> {cx,rz,h}",2016,pyzx_rewrite_identity_diagnostic,passed,"[0,pi/4); no 2pi target wraparound",pyzx_full_reduce,external ZX/global-IR semantic,8,1/32,0.5,0.5,11,1,0,False,52,252,572,8,2147483648,9,572,4576,4,semantic_aggregate,a2a6a821a8847b3f3135e8e525d101768759f87a096f73f3906ff0459581a070,109854720,0.199992,semantic_aggregate,20260802,512,completed,ux-b710f8dd2f6cb132,30.0,0.299098,"uniform on {1,...,K-1} over an exact-size uniform support sample"
8,4,"QASM2 -> qiskit transpile opt3 -> {cx,rz,h}",2016,exact_cnot_rz,passed,"[0,pi/4); no 2pi target wraparound",qiskit_opt3,configured local/preset diagnostic,8,1/32,0.5,0.5,3,1,0,True,12,252,252,8,2147483648,9,252,2016,4,semantic_aggregate,a2a6a821a8847b3f3135e8e525d101768759f87a096f73f3906ff0459581a070,74661888,0.094912,semantic_aggregate,20260802,512,completed,ux-b710f8dd2f6cb132,30.0,0.148347,"uniform on {1,...,K-1} over an exact-size uniform support sample"
8,4,"decode codec -> exact support table -> {cx,rz} lowering",2016,exact_cnot_rz,passed,"[0,pi/4); no 2pi target wraparound",semantic_reference,instrumented semantic reference,8,1/32,0.5,0.5,3,1,0,True,12,252,252,8,2147483648,9,252,2016,4,semantic_aggregate,a2a6a821a8847b3f3135e8e525d101768759f87a096f73f3906ff0459581a070,74072064,0.082388,semantic_aggregate,20260802,512,completed,ux-b710f8dd2f6cb132,30.0,0.144583,"uniform on {1,...,K-1} over an exact-size uniform support sample"
8,4,"QASM2 -> TKET DecomposeBoxes/PauliSimp -> {cx,rz,h}",2016,pyzx_rewrite_identity_diagnostic,passed,"[0,pi/4); no 2pi target wraparound",tket_paulisimp,external Pauli-network/global semantic,8,1/32,0.5,0.5,9,1,0,False,66,252,972,8,2147483648,9,972,7776,4,semantic_aggregate,a2a6a821a8847b3f3135e8e525d101768759f87a096f73f3906ff0459581a070,157040640,0.379936,semantic_aggregate,20260802,512,completed,ux-b710f8dd2f6cb132,30.0,0.487588,"uniform on {1,...,K-1} over an exact-size uniform support sample"
16,12,"QASM2 -> exact parity/phase table -> {cx,rz} lowering",5616,exact_cnot_rz,passed,"[0,pi/4); no 2pi target wraparound",phase_polynomial_reference,instrumented global phase table,24,1/64,0.75,0.75,18,2,0,True,36,702,702,16,2147483648,17,702,5616,8,bridge_qasm2,64b6180222b01c2fe74e3b4c381d9bf9d69c96491b0aae25f781aee0f231c017,74268672,0.08424,bridge_qasm2,20260803,5616,completed,ux-bb94df7ee72693a9,30.0,0.149764,"uniform on {1,...,K-1} over an exact-size uniform support sample"
16,12,"QASM2 -> ZX graph/full_reduce/extract_circuit -> {cx,rz,h}",5616,pyzx_rewrite_identity_diagnostic,passed,"[0,pi/4); no 2pi target wraparound",pyzx_full_reduce,external ZX/global-IR semantic,62,1/64,0.75,0.75,91,2,0,False,254,702,2734,16,2147483648,17,2734,21872,8,bridge_qasm2,64b6180222b01c2fe74e3b4c381d9bf9d69c96491b0aae25f781aee0f231c017,110313472,0.218752,bridge_qasm2,20260803,5616,completed,ux-bb94df7ee72693a9,30.0,0.315985,"uniform on {1,...,K-1} over an exact-size uniform support sample"
16,12,"QASM2 -> qiskit transpile opt3 -> {cx,rz,h}",5616,exact_cnot_rz,passed,"[0,pi/4); no 2pi target wraparound",qiskit_opt3,configured local/preset diagnostic,24,1/64,0.75,0.75,18,2,0,True,36,702,702,16,2147483648,17,702,5616,8,bridge_qasm2,64b6180222b01c2fe74e3b4c381d9bf9d69c96491b0aae25f781aee0f231c017,74760192,0.095691,bridge_qasm2,20260803,5616,completed,ux-bb94df7ee72693a9,30.0,0.170954,"uniform on {1,...,K-1} over an exact-size uniform support sample"
16,12,"decode codec -> exact support table -> {cx,rz} lowering",5616,exact_cnot_rz,passed,"[0,pi/4); no 2pi target wraparound",semantic_reference,instrumented semantic reference,24,1/64,0.75,0.75,18,2,0,True,36,702,702,16,2147483648,17,702,5616,8,bridge_qasm2,64b6180222b01c2fe74e3b4c381d9bf9d69c96491b0aae25f781aee0f231c017,74235904,0.084232,bridge_qasm2,20260803,5616,completed,ux-bb94df7ee72693a9,30.0,0.151294,"uniform on {1,...,K-1} over an exact-size uniform support sample"
16,12,"QASM2 -> TKET DecomposeBoxes/PauliSimp -> {cx,rz,h}",5616,pyzx_rewrite_identity_diagnostic,passed,"[0,pi/4); no 2pi target wraparound",tket_paulisimp,external Pauli-network/global semantic,60,1/64,0.75,0.75,54,2,0,False,174,702,2616,16,2147483648,17,2616,20928,8,bridge_qasm2,64b6180222b01c2fe74e3b4c381d9bf9d69c96491b0aae25f781aee0f231c017,157433856,0.399247,bridge_qasm2,20260803,5616,completed,ux-bb94df7ee72693a9,30.0,0.509655,"uniform on {1,...,K-1} over an exact-size uniform support sample"
16,12,"QASM2 -> exact parity/phase table -> {cx,rz} lowering",43464,exact_cnot_rz,passed,"[0,pi/4); no 2pi target wraparound",phase_polynomial_reference,instrumented global phase table,24,1/64,0.75,0.75,18,2,0,True,36,5433,5433,16,2147483648,17,702,5616,8,contiguous_flat,63a5f28f5b482b6461dbba8547e507af600e0cdbea7ea3ed1f5b67dd6901ab36,74317824,0.086387,contiguous_flat,20260803,7816,completed,ux-bb94df7ee72693a9,30.0,0.145321,"uniform on {1,...,K-1} over an exact-size uniform support sample"
16,12,"QASM2 -> ZX graph/full_reduce/extract_circuit -> {cx,rz,h}",43464,pyzx_rewrite_identity_diagnostic,passed,"[0,pi/4); no 2pi target wraparound",pyzx_full_reduce,external ZX/global-IR semantic,62,1/64,0.75,0.75,91,2,0,False,254,5433,5433,16,2147483648,17,2734,21872,8,contiguous_flat,63a5f28f5b482b6461dbba8547e507af600e0cdbea7ea3ed1f5b67dd6901ab36,110247936,0.232038,contiguous_flat,20260803,7816,completed,ux-bb94df7ee72693a9,30.0,0.326246,"uniform on {1,...,K-1} over an exact-size uniform support sample"
16,12,"QASM2 -> qiskit transpile opt3 -> {cx,rz,h}",43464,exact_cnot_rz,passed,"[0,pi/4); no 2pi target wraparound",qiskit_opt3,configured local/preset diagnostic,24,1/64,0.75,0.75,18,2,0,True,36,5433,5433,16,2147483648,17,703,5624,8,contiguous_flat,63a5f28f5b482b6461dbba8547e507af600e0cdbea7ea3ed1f5b67dd6901ab36,74694656,0.0978,contiguous_flat,20260803,7816,completed,ux-bb94df7ee72693a9,30.0,0.174964,"uniform on {1,...,K-1} over an exact-size uniform support sample"
16,12,"decode codec -> exact support table -> {cx,rz} lowering",43464,exact_cnot_rz,passed,"[0,pi/4); no 2pi target wraparound",semantic_reference,instrumented semantic reference,24,1/64,0.75,0.75,18,2,0,True,36,5433,5433,16,2147483648,17,702,5616,8,contiguous_flat,63a5f28f5b482b6461dbba8547e507af600e0cdbea7ea3ed1f5b67dd6901ab36,74072064,0.087211,contiguous_flat,20260803,7816,completed,ux-bb94df7ee72693a9,30.0,0.151333,"uniform on {1,...,K-1} over an exact-size uniform support sample"
16,12,"QASM2 -> TKET DecomposeBoxes/PauliSimp -> {cx,rz,h}",43464,pyzx_rewrite_identity_diagnostic,passed,"[0,pi/4); no 2pi target wraparound",tket_paulisimp,external Pauli-network/global semantic,60,1/64,0.75,0.75,54,2,0,False,174,5433,5433,16,2147483648,17,2616,20928,8,contiguous_flat,63a5f28f5b482b6461dbba8547e507af600e0cdbea7ea3ed1f5b67dd6901ab36,158187520,0.410724,contiguous_flat,20260803,7816,completed,ux-bb94df7ee72693a9,30.0,0.53649,"uniform on {1,...,K-1} over an exact-size uniform support sample"
16,12,"QASM2 -> exact parity/phase table -> {cx,rz} lowering",21832,exact_cnot_rz,passed,"[0,pi/4); no 2pi target wraparound",phase_polynomial_reference,instrumented global phase table,24,1/64,0.75,0.75,18,2,0,True,36,2729,2729,16,2147483648,17,702,5616,8,locally_folded,11baad8458fd38a78fa7937953cf02bb0b6cc2f51ab86cdd06db7e10e722dbd8,74203136,0.084397,locally_folded,20260803,3968,completed,ux-bb94df7ee72693a9,30.0,0.146837,"uniform on {1,...,K-1} over an exact-size uniform support sample"
16,12,"QASM2 -> ZX graph/full_reduce/extract_circuit -> {cx,rz,h}",21832,pyzx_rewrite_identity_diagnostic,passed,"[0,pi/4); no 2pi target wraparound",pyzx_full_reduce,external ZX/global-IR semantic,62,1/64,0.75,0.75,91,2,0,False,254,2729,2734,16,2147483648,17,2734,21872,8,locally_folded,11baad8458fd38a78fa7937953cf02bb0b6cc2f51ab86cdd06db7e10e722dbd8,110264320,0.225003,locally_folded,20260803,3968,completed,ux-bb94df7ee72693a9,30.0,0.321856,"uniform on {1,...,K-1} over an exact-size uniform support sample"
16,12,"QASM2 -> qiskit transpile opt3 -> {cx,rz,h}",21832,exact_cnot_rz,passed,"[0,pi/4); no 2pi target wraparound",qiskit_opt3,configured local/preset diagnostic,24,1/64,0.75,0.75,18,2,0,True,36,2729,2729,16,2147483648,17,702,5616,8,locally_folded,11baad8458fd38a78fa7937953cf02bb0b6cc2f51ab86cdd06db7e10e722dbd8,75366400,0.096232,locally_folded,20260803,3968,completed,ux-bb94df7ee72693a9,30.0,0.151584,"uniform on {1,...,K-1} over an exact-size uniform support sample"
16,12,"decode codec -> exact support table -> {cx,rz} lowering",21832,exact_cnot_rz,passed,"[0,pi/4); no 2pi target wraparound",semantic_reference,instrumented semantic reference,24,1/64,0.75,0.75,18,2,0,True,36,2729,2729,16,2147483648,17,702,5616,8,locally_folded,11baad8458fd38a78fa7937953cf02bb0b6cc2f51ab86cdd06db7e10e722dbd8,74072064,0.084361,locally_folded,20260803,3968,completed,ux-bb94df7ee72693a9,30.0,0.145195,"uniform on {1,...,K-1} over an exact-size uniform support sample"
16,12,"QASM2 -> TKET DecomposeBoxes/PauliSimp -> {cx,rz,h}",21832,pyzx_rewrite_identity_diagnostic,passed,"[0,pi/4); no 2pi target wraparound",tket_paulisimp,external Pauli-network/global semantic,60,1/64,0.75,0.75,54,2,0,False,174,2729,2729,16,2147483648,17,2616,20928,8,locally_folded,11baad8458fd38a78fa7937953cf02bb0b6cc2f51ab86cdd06db7e10e722dbd8,157614080,0.395481,locally_folded,20260803,3968,completed,ux-bb94df7ee72693a9,30.0,0.499622,"uniform on {1,...,K-1} over an exact-size uniform support sample"
16,12,"QASM2 -> exact parity/phase table -> {cx,rz} lowering",43144,exact_cnot_rz,passed,"[0,pi/4); no 2pi target wraparound",phase_polynomial_reference,instrumented global phase table,24,1/64,0.75,0.75,18,2,0,True,36,5393,5393,16,2147483648,17,702,5616,8,masked_share_flat,66e756ddb8907f7ae1a880c9a9437a4787dff64a2b1728a445767e375a875470,74301440,0.086131,masked_share_flat,20260803,7288,completed,ux-bb94df7ee72693a9,30.0,0.148105,"uniform on {1,...,K-1} over an exact-size uniform support sample"
16,12,"QASM2 -> ZX graph/full_reduce/extract_circuit -> {cx,rz,h}",43144,pyzx_rewrite_identity_diagnostic,passed,"[0,pi/4); no 2pi target wraparound",pyzx_full_reduce,external ZX/global-IR semantic,62,1/64,0.75,0.75,91,2,0,False,254,5393,5393,16,2147483648,17,2734,21872,8,masked_share_flat,66e756ddb8907f7ae1a880c9a9437a4787dff64a2b1728a445767e375a875470,110198784,0.255472,masked_share_flat,20260803,7288,completed,ux-bb94df7ee72693a9,30.0,0.349038,"uniform on {1,...,K-1} over an exact-size uniform support sample"
16,12,"QASM2 -> qiskit transpile opt3 -> {cx,rz,h}",43144,pyzx_rewrite_identity_diagnostic,inconclusive,"[0,pi/4); no 2pi target wraparound",qiskit_opt3,configured local/preset diagnostic,176,1/64,0.75,0.75,68,2,0,False,301,5393,5514,16,2147483648,17,5514,44112,8,masked_share_flat,66e756ddb8907f7ae1a880c9a9437a4787dff64a2b1728a445767e375a875470,112181248,0.241617,masked_share_flat,20260803,7288,certificate_unsupported,ux-bb94df7ee72693a9,30.0,0.336524,"uniform on {1,...,K-1} over an exact-size uniform support sample"
16,12,"decode codec -> exact support table -> {cx,rz} lowering",43144,exact_cnot_rz,passed,"[0,pi/4); no 2pi target wraparound",semantic_reference,instrumented semantic reference,24,1/64,0.75,0.75,18,2,0,True,36,5393,5393,16,2147483648,17,702,5616,8,masked_share_flat,66e756ddb8907f7ae1a880c9a9437a4787dff64a2b1728a445767e375a875470,74137600,0.085522,masked_share_flat,20260803,7288,completed,ux-bb94df7ee72693a9,30.0,0.151653,"uniform on {1,...,K-1} over an exact-size uniform support sample"
16,12,"QASM2 -> TKET DecomposeBoxes/PauliSimp -> {cx,rz,h}",43144,pyzx_rewrite_identity_diagnostic,passed,"[0,pi/4); no 2pi target wraparound",tket_paulisimp,external Pauli-network/global semantic,64,1/64,0.75,0.75,57,2,0,False,182,5393,5393,16,2147483648,17,2748,21984,8,masked_share_flat,66e756ddb8907f7ae1a880c9a9437a4787dff64a2b1728a445767e375a875470,158105600,0.405557,masked_share_flat,20260803,7288,completed,ux-bb94df7ee72693a9,30.0,0.532997,"uniform on {1,...,K-1} over an exact-size uniform support sample"
16,12,"QASM2 -> exact parity/phase table -> {cx,rz} lowering",43464,exact_cnot_rz,passed,"[0,pi/4); no 2pi target wraparound",phase_polynomial_reference,instrumented global phase table,24,1/64,0.75,0.75,18,2,0,True,36,5433,5433,16,2147483648,17,702,5616,8,random_commuting_order,31622cbc591ac90eb1685eb550af44d23a322e9f758d5dd19d5429547a36cd17,74301440,0.08578,random_commuting_order,20260803,7872,completed,ux-bb94df7ee72693a9,30.0,0.1516,"uniform on {1,...,K-1} over an exact-size uniform support sample"
16,12,"QASM2 -> ZX graph/full_reduce/extract_circuit -> {cx,rz,h}",43464,pyzx_rewrite_identity_diagnostic,passed,"[0,pi/4); no 2pi target wraparound",pyzx_full_reduce,external ZX/global-IR semantic,62,1/64,0.75,0.75,91,2,0,False,254,5433,5433,16,2147483648,17,2734,21872,8,random_commuting_order,31622cbc591ac90eb1685eb550af44d23a322e9f758d5dd19d5429547a36cd17,110297088,0.240276,random_commuting_order,20260803,7872,completed,ux-bb94df7ee72693a9,30.0,0.319014,"uniform on {1,...,K-1} over an exact-size uniform support sample"
16,12,"QASM2 -> qiskit transpile opt3 -> {cx,rz,h}",43464,exact_cnot_rz,passed,"[0,pi/4); no 2pi target wraparound",qiskit_opt3,configured local/preset diagnostic,124,1/64,0.75,0.75,57,2,0,True,186,5433,5433,16,2147483648,17,3510,28080,8,random_commuting_order,31622cbc591ac90eb1685eb550af44d23a322e9f758d5dd19d5429547a36cd17,77578240,0.097756,random_commuting_order,20260803,7872,completed,ux-bb94df7ee72693a9,30.0,0.174594,"uniform on {1,...,K-1} over an exact-size uniform support sample"
16,12,"decode codec -> exact support table -> {cx,rz} lowering",43464,exact_cnot_rz,passed,"[0,pi/4); no 2pi target wraparound",semantic_reference,instrumented semantic reference,24,1/64,0.75,0.75,18,2,0,True,36,5433,5433,16,2147483648,17,702,5616,8,random_commuting_order,31622cbc591ac90eb1685eb550af44d23a322e9f758d5dd19d5429547a36cd17,74121216,0.084822,random_commuting_order,20260803,7872,completed,ux-bb94df7ee72693a9,30.0,0.148347,"uniform on {1,...,K-1} over an exact-size uniform support sample"
16,12,"QASM2 -> TKET DecomposeBoxes/PauliSimp -> {cx,rz,h}",43464,pyzx_rewrite_identity_diagnostic,passed,"[0,pi/4); no 2pi target wraparound",tket_paulisimp,external Pauli-network/global semantic,60,1/64,0.75,0.75,54,2,0,False,174,5433,5433,16,2147483648,17,2616,20928,8,random_commuting_order,31622cbc591ac90eb1685eb550af44d23a322e9f758d5dd19d5429547a36cd17,157974528,0.403421,random_commuting_order,20260803,7872,completed,ux-bb94df7ee72693a9,30.0,0.529223,"uniform on {1,...,K-1} over an exact-size uniform support sample"
16,12,"QASM2 -> exact parity/phase table -> {cx,rz} lowering",43464,exact_cnot_rz,passed,"[0,pi/4); no 2pi target wraparound",phase_polynomial_reference,instrumented global phase table,24,1/64,0.75,0.75,18,2,0,True,36,5433,5433,16,2147483648,17,702,5616,8,round_robin_flat,8a19aab8726d3b9ae0b4ff1b3f15c7d236552301745e0259664f9e60ec5c7091,74252288,0.086012,round_robin_flat,20260803,7824,completed,ux-bb94df7ee72693a9,30.0,0.151539,"uniform on {1,...,K-1} over an exact-size uniform support sample"
16,12,"QASM2 -> ZX graph/full_reduce/extract_circuit -> {cx,rz,h}",43464,pyzx_rewrite_identity_diagnostic,passed,"[0,pi/4); no 2pi target wraparound",pyzx_full_reduce,external ZX/global-IR semantic,62,1/64,0.75,0.75,91,2,0,False,254,5433,5433,16,2147483648,17,2734,21872,8,round_robin_flat,8a19aab8726d3b9ae0b4ff1b3f15c7d236552301745e0259664f9e60ec5c7091,110264320,0.251505,round_robin_flat,20260803,7824,completed,ux-bb94df7ee72693a9,30.0,0.338029,"uniform on {1,...,K-1} over an exact-size uniform support sample"
16,12,"QASM2 -> qiskit transpile opt3 -> {cx,rz,h}",43464,exact_cnot_rz,passed,"[0,pi/4); no 2pi target wraparound",qiskit_opt3,configured local/preset diagnostic,178,1/64,0.75,0.75,60,2,0,True,267,5433,5433,16,2147483648,17,4999,39992,8,round_robin_flat,8a19aab8726d3b9ae0b4ff1b3f15c7d236552301745e0259664f9e60ec5c7091,77758464,0.098894,round_robin_flat,20260803,7824,completed,ux-bb94df7ee72693a9,30.0,0.171652,"uniform on {1,...,K-1} over an exact-size uniform support sample"
16,12,"decode codec -> exact support table -> {cx,rz} lowering",43464,exact_cnot_rz,passed,"[0,pi/4); no 2pi target wraparound",semantic_reference,instrumented semantic reference,24,1/64,0.75,0.75,18,2,0,True,36,5433,5433,16,2147483648,17,702,5616,8,round_robin_flat,8a19aab8726d3b9ae0b4ff1b3f15c7d236552301745e0259664f9e60ec5c7091,74055680,0.084711,round_robin_flat,20260803,7824,completed,ux-bb94df7ee72693a9,30.0,0.146868,"uniform on {1,...,K-1} over an exact-size uniform support sample"
16,12,"QASM2 -> TKET DecomposeBoxes/PauliSimp -> {cx,rz,h}",43464,pyzx_rewrite_identity_diagnostic,passed,"[0,pi/4); no 2pi target wraparound",tket_paulisimp,external Pauli-network/global semantic,60,1/64,0.75,0.75,54,2,0,False,174,5433,5433,16,2147483648,17,2617,20936,8,round_robin_flat,8a19aab8726d3b9ae0b4ff1b3f15c7d236552301745e0259664f9e60ec5c7091,158105600,0.404546,round_robin_flat,20260803,7824,completed,ux-bb94df7ee72693a9,30.0,0.52785,"uniform on {1,...,K-1} over an exact-size uniform support sample"
16,12,"QASM2 -> exact parity/phase table -> {cx,rz} lowering",5616,exact_cnot_rz,passed,"[0,pi/4); no 2pi target wraparound",phase_polynomial_reference,instrumented global phase table,24,1/64,0.75,0.75,18,2,0,True,36,702,702,16,2147483648,17,702,5616,8,semantic_aggregate,38fa8cd93d8decb44e4d2ef697c2f1ce80cc9c9b505e4b241bf14c8da71fc7ee,74186752,0.084616,semantic_aggregate,20260803,1088,completed,ux-bb94df7ee72693a9,30.0,0.149189,"uniform on {1,...,K-1} over an exact-size uniform support sample"
16,12,"QASM2 -> ZX graph/full_reduce/extract_circuit -> {cx,rz,h}",5616,pyzx_rewrite_identity_diagnostic,passed,"[0,pi/4); no 2pi target wraparound",pyzx_full_reduce,external ZX/global-IR semantic,62,1/64,0.75,0.75,91,2,0,False,254,702,2734,16,2147483648,17,2734,21872,8,semantic_aggregate,38fa8cd93d8decb44e4d2ef697c2f1ce80cc9c9b505e4b241bf14c8da71fc7ee,110362624,0.232713,semantic_aggregate,20260803,1088,completed,ux-bb94df7ee72693a9,30.0,0.337404,"uniform on {1,...,K-1} over an exact-size uniform support sample"
16,12,"QASM2 -> qiskit transpile opt3 -> {cx,rz,h}",5616,exact_cnot_rz,passed,"[0,pi/4); no 2pi target wraparound",qiskit_opt3,configured local/preset diagnostic,24,1/64,0.75,0.75,18,2,0,True,36,702,702,16,2147483648,17,702,5616,8,semantic_aggregate,38fa8cd93d8decb44e4d2ef697c2f1ce80cc9c9b505e4b241bf14c8da71fc7ee,74612736,0.095614,semantic_aggregate,20260803,1088,completed,ux-bb94df7ee72693a9,30.0,0.149167,"uniform on {1,...,K-1} over an exact-size uniform support sample"
16,12,"decode codec -> exact support table -> {cx,rz} lowering",5616,exact_cnot_rz,passed,"[0,pi/4); no 2pi target wraparound",semantic_reference,instrumented semantic reference,24,1/64,0.75,0.75,18,2,0,True,36,702,702,16,2147483648,17,702,5616,8,semantic_aggregate,38fa8cd93d8decb44e4d2ef697c2f1ce80cc9c9b505e4b241bf14c8da71fc7ee,74153984,0.084306,semantic_aggregate,20260803,1088,completed,ux-bb94df7ee72693a9,30.0,0.150535,"uniform on {1,...,K-1} over an exact-size uniform support sample"
16,12,"QASM2 -> TKET DecomposeBoxes/PauliSimp -> {cx,rz,h}",5616,pyzx_rewrite_identity_diagnostic,passed,"[0,pi/4); no 2pi target wraparound",tket_paulisimp,external Pauli-network/global semantic,60,1/64,0.75,0.75,54,2,0,False,174,702,2616,16,2147483648,17,2616,20928,8,semantic_aggregate,38fa8cd93d8decb44e4d2ef697c2f1ce80cc9c9b505e4b241bf14c8da71fc7ee,157827072,0.394766,semantic_aggregate,20260803,1088,completed,ux-bb94df7ee72693a9,30.0,0.528502,"uniform on {1,...,K-1} over an exact-size uniform support sample"
8,32,"QASM2 -> exact parity/phase table -> {cx,rz} lowering",13688,exact_cnot_rz,passed,"[0,pi/4); no 2pi target wraparound",phase_polynomial_reference,instrumented global phase table,64,1/32,1.0,1.0,96,3,0,True,96,1711,1711,32,2147483648,33,1711,13688,2,bridge_qasm2,2f3d2e83b1ffb32547add80d23c9a634af508068b2442a6ef4fb98d03b24880f,74629120,0.122921,bridge_qasm2,20260804,13688,completed,ux-65a754ec18ee2646,30.0,0.196754,"uniform on {1,...,K-1} over an exact-size uniform support sample"
8,32,"QASM2 -> ZX graph/full_reduce/extract_circuit -> {cx,rz,h}",13688,pyzx_rewrite_identity_diagnostic,passed,"[0,pi/4); no 2pi target wraparound",pyzx_full_reduce,external ZX/global-IR semantic,1056,1/32,1.0,1.0,1716,3,0,False,3330,1711,36942,32,2147483648,33,36942,295536,2,bridge_qasm2,2f3d2e83b1ffb32547add80d23c9a634af508068b2442a6ef4fb98d03b24880f,114032640,0.882395,bridge_qasm2,20260804,13688,completed,ux-65a754ec18ee2646,30.0,0.984387,"uniform on {1,...,K-1} over an exact-size uniform support sample"
8,32,"QASM2 -> qiskit transpile opt3 -> {cx,rz,h}",13688,exact_cnot_rz,passed,"[0,pi/4); no 2pi target wraparound",qiskit_opt3,configured local/preset diagnostic,64,1/32,1.0,1.0,96,3,0,True,96,1711,1711,32,2147483648,33,1711,13688,2,bridge_qasm2,2f3d2e83b1ffb32547add80d23c9a634af508068b2442a6ef4fb98d03b24880f,77463552,0.123976,bridge_qasm2,20260804,13688,completed,ux-65a754ec18ee2646,30.0,0.192582,"uniform on {1,...,K-1} over an exact-size uniform support sample"
8,32,"decode codec -> exact support table -> {cx,rz} lowering",13688,exact_cnot_rz,passed,"[0,pi/4); no 2pi target wraparound",semantic_reference,instrumented semantic reference,64,1/32,1.0,1.0,96,3,0,True,96,1711,1711,32,2147483648,33,1711,13688,2,bridge_qasm2,2f3d2e83b1ffb32547add80d23c9a634af508068b2442a6ef4fb98d03b24880f,74661888,0.11934,bridge_qasm2,20260804,13688,completed,ux-65a754ec18ee2646,30.0,0.219967,"uniform on {1,...,K-1} over an exact-size uniform support sample"
8,32,"QASM2 -> TKET DecomposeBoxes/PauliSimp -> {cx,rz,h}",13688,pyzx_rewrite_identity_diagnostic,passed,"[0,pi/4); no 2pi target wraparound",tket_paulisimp,external Pauli-network/global semantic,634,1/32,1.0,1.0,554,3,0,False,864,1711,13244,32,2147483648,33,13244,105952,2,bridge_qasm2,2f3d2e83b1ffb32547add80d23c9a634af508068b2442a6ef4fb98d03b24880f,160759808,0.569068,bridge_qasm2,20260804,13688,completed,ux-65a754ec18ee2646,30.0,0.684461,"uniform on {1,...,K-1} over an exact-size uniform support sample"
8,32,"QASM2 -> exact parity/phase table -> {cx,rz} lowering",28536,exact_cnot_rz,passed,"[0,pi/4); no 2pi target wraparound",phase_polynomial_reference,instrumented global phase table,64,1/32,1.0,1.0,96,3,0,True,96,3567,3567,32,2147483648,33,1711,13688,2,contiguous_flat,882e636a2c4ff8a34bea9964a0e6bbb2b1221b6b242682fed06cc5a44661b786,74235904,0.089221,contiguous_flat,20260804,4808,completed,ux-65a754ec18ee2646,30.0,0.149503,"uniform on {1,...,K-1} over an exact-size uniform support sample"
8,32,"QASM2 -> ZX graph/full_reduce/extract_circuit -> {cx,rz,h}",28536,pyzx_rewrite_identity_diagnostic,passed,"[0,pi/4); no 2pi target wraparound",pyzx_full_reduce,external ZX/global-IR semantic,1056,1/32,1.0,1.0,1716,3,0,False,3330,3567,36942,32,2147483648,33,36942,295536,2,contiguous_flat,882e636a2c4ff8a34bea9964a0e6bbb2b1221b6b242682fed06cc5a44661b786,114032640,0.867166,contiguous_flat,20260804,4808,completed,ux-65a754ec18ee2646,30.0,0.950134,"uniform on {1,...,K-1} over an exact-size uniform support sample"
8,32,"QASM2 -> qiskit transpile opt3 -> {cx,rz,h}",28536,exact_cnot_rz,passed,"[0,pi/4); no 2pi target wraparound",qiskit_opt3,configured local/preset diagnostic,64,1/32,1.0,1.0,96,3,0,True,96,3567,3567,32,2147483648,33,1711,13688,2,contiguous_flat,882e636a2c4ff8a34bea9964a0e6bbb2b1221b6b242682fed06cc5a44661b786,77529088,0.097062,contiguous_flat,20260804,4808,completed,ux-65a754ec18ee2646,30.0,0.172255,"uniform on {1,...,K-1} over an exact-size uniform support sample"
8,32,"decode codec -> exact support table -> {cx,rz} lowering",28536,exact_cnot_rz,passed,"[0,pi/4); no 2pi target wraparound",semantic_reference,instrumented semantic reference,64,1/32,1.0,1.0,96,3,0,True,96,3567,3567,32,2147483648,33,1711,13688,2,contiguous_flat,882e636a2c4ff8a34bea9964a0e6bbb2b1221b6b242682fed06cc5a44661b786,74088448,0.084528,contiguous_flat,20260804,4808,completed,ux-65a754ec18ee2646,30.0,0.140977,"uniform on {1,...,K-1} over an exact-size uniform support sample"
8,32,"QASM2 -> TKET DecomposeBoxes/PauliSimp -> {cx,rz,h}",28536,pyzx_rewrite_identity_diagnostic,passed,"[0,pi/4); no 2pi target wraparound",tket_paulisimp,external Pauli-network/global semantic,634,1/32,1.0,1.0,554,3,0,False,864,3567,13244,32,2147483648,33,13244,105952,2,contiguous_flat,882e636a2c4ff8a34bea9964a0e6bbb2b1221b6b242682fed06cc5a44661b786,160890880,0.571499,contiguous_flat,20260804,4808,completed,ux-65a754ec18ee2646,30.0,0.686223,"uniform on {1,...,K-1} over an exact-size uniform support sample"
8,32,"QASM2 -> exact parity/phase table -> {cx,rz} lowering",13688,exact_cnot_rz,passed,"[0,pi/4); no 2pi target wraparound",phase_polynomial_reference,instrumented global phase table,64,1/32,1.0,1.0,96,3,0,True,96,1711,1711,32,2147483648,33,1711,13688,2,locally_folded,97045b9364dcea502324a898befc5ce56e18b376aedc8bc6ae1527b31b4a14f3,74235904,0.109331,locally_folded,20260804,2496,completed,ux-65a754ec18ee2646,30.0,0.188021,"uniform on {1,...,K-1} over an exact-size uniform support sample"
8,32,"QASM2 -> ZX graph/full_reduce/extract_circuit -> {cx,rz,h}",13688,pyzx_rewrite_identity_diagnostic,passed,"[0,pi/4); no 2pi target wraparound",pyzx_full_reduce,external ZX/global-IR semantic,1056,1/32,1.0,1.0,1716,3,0,False,3330,1711,36942,32,2147483648,33,36942,295536,2,locally_folded,97045b9364dcea502324a898befc5ce56e18b376aedc8bc6ae1527b31b4a14f3,114016256,1.098892,locally_folded,20260804,2496,completed,ux-65a754ec18ee2646,30.0,1.212663,"uniform on {1,...,K-1} over an exact-size uniform support sample"
8,32,"QASM2 -> qiskit transpile opt3 -> {cx,rz,h}",13688,exact_cnot_rz,passed,"[0,pi/4); no 2pi target wraparound",qiskit_opt3,configured local/preset diagnostic,64,1/32,1.0,1.0,96,3,0,True,96,1711,1711,32,2147483648,33,1711,13688,2,locally_folded,97045b9364dcea502324a898befc5ce56e18b376aedc8bc6ae1527b31b4a14f3,77774848,0.108031,locally_folded,20260804,2496,completed,ux-65a754ec18ee2646,30.0,0.196231,"uniform on {1,...,K-1} over an exact-size uniform support sample"
8,32,"decode codec -> exact support table -> {cx,rz} lowering",13688,exact_cnot_rz,passed,"[0,pi/4); no 2pi target wraparound",semantic_reference,instrumented semantic reference,64,1/32,1.0,1.0,96,3,0,True,96,1711,1711,32,2147483648,33,1711,13688,2,locally_folded,97045b9364dcea502324a898befc5ce56e18b376aedc8bc6ae1527b31b4a14f3,74235904,0.110497,locally_folded,20260804,2496,completed,ux-65a754ec18ee2646,30.0,0.190744,"uniform on {1,...,K-1} over an exact-size uniform support sample"
8,32,"QASM2 -> TKET DecomposeBoxes/PauliSimp -> {cx,rz,h}",13688,pyzx_rewrite_identity_diagnostic,passed,"[0,pi/4); no 2pi target wraparound",tket_paulisimp,external Pauli-network/global semantic,634,1/32,1.0,1.0,554,3,0,False,864,1711,13244,32,2147483648,33,13244,105952,2,locally_folded,97045b9364dcea502324a898befc5ce56e18b376aedc8bc6ae1527b31b4a14f3,160677888,0.736726,locally_folded,20260804,2496,completed,ux-65a754ec18ee2646,30.0,0.917338,"uniform on {1,...,K-1} over an exact-size uniform support sample"
8,32,"QASM2 -> exact parity/phase table -> {cx,rz} lowering",28624,exact_cnot_rz,passed,"[0,pi/4); no 2pi target wraparound",phase_polynomial_reference,instrumented global phase table,64,1/32,1.0,1.0,96,3,0,True,96,3578,3578,32,2147483648,33,1711,13688,2,masked_share_flat,85efed5cfe2f7cc50c0705630313f314b97a0b5bdfb0b78f6f26dd8a34a81c21,74301440,0.088215,masked_share_flat,20260804,4824,completed,ux-65a754ec18ee2646,30.0,0.149257,"uniform on {1,...,K-1} over an exact-size uniform support sample"
8,32,"QASM2 -> ZX graph/full_reduce/extract_circuit -> {cx,rz,h}",28624,pyzx_rewrite_identity_diagnostic,passed,"[0,pi/4); no 2pi target wraparound",pyzx_full_reduce,external ZX/global-IR semantic,1056,1/32,1.0,1.0,1716,3,0,False,3330,3578,36942,32,2147483648,33,36942,295536,2,masked_share_flat,85efed5cfe2f7cc50c0705630313f314b97a0b5bdfb0b78f6f26dd8a34a81c21,114114560,1.105228,masked_share_flat,20260804,4824,completed,ux-65a754ec18ee2646,30.0,1.218948,"uniform on {1,...,K-1} over an exact-size uniform support sample"
8,32,"QASM2 -> qiskit transpile opt3 -> {cx,rz,h}",28624,pyzx_rewrite_identity_diagnostic,inconclusive,"[0,pi/4); no 2pi target wraparound",qiskit_opt3,configured local/preset diagnostic,125,1/32,1.0,1.0,110,3,0,False,212,3578,3884,32,2147483648,33,3884,31072,2,masked_share_flat,85efed5cfe2f7cc50c0705630313f314b97a0b5bdfb0b78f6f26dd8a34a81c21,112214016,0.243106,masked_share_flat,20260804,4824,certificate_unsupported,ux-65a754ec18ee2646,30.0,0.33808,"uniform on {1,...,K-1} over an exact-size uniform support sample"
8,32,"decode codec -> exact support table -> {cx,rz} lowering",28624,exact_cnot_rz,passed,"[0,pi/4); no 2pi target wraparound",semantic_reference,instrumented semantic reference,64,1/32,1.0,1.0,96,3,0,True,96,3578,3578,32,2147483648,33,1711,13688,2,masked_share_flat,85efed5cfe2f7cc50c0705630313f314b97a0b5bdfb0b78f6f26dd8a34a81c21,74203136,0.085845,masked_share_flat,20260804,4824,completed,ux-65a754ec18ee2646,30.0,0.148995,"uniform on {1,...,K-1} over an exact-size uniform support sample"
8,32,"QASM2 -> TKET DecomposeBoxes/PauliSimp -> {cx,rz,h}",28624,pyzx_rewrite_identity_diagnostic,passed,"[0,pi/4); no 2pi target wraparound",tket_paulisimp,external Pauli-network/global semantic,636,1/32,1.0,1.0,554,3,0,False,869,3578,13549,32,2147483648,33,13549,108392,2,masked_share_flat,85efed5cfe2f7cc50c0705630313f314b97a0b5bdfb0b78f6f26dd8a34a81c21,160972800,0.566818,masked_share_flat,20260804,4824,completed,ux-65a754ec18ee2646,30.0,0.687892,"uniform on {1,...,K-1} over an exact-size uniform support sample"
8,32,"QASM2 -> exact parity/phase table -> {cx,rz} lowering",28536,exact_cnot_rz,passed,"[0,pi/4); no 2pi target wraparound",phase_polynomial_reference,instrumented global phase table,64,1/32,1.0,1.0,96,3,0,True,96,3567,3567,32,2147483648,33,1711,13688,2,random_commuting_order,64ceb5ad8554b7c41582c2f115b8a46b572eccd85091160d8bdec42e53c3bcdb,74334208,0.088148,random_commuting_order,20260804,4864,completed,ux-65a754ec18ee2646,30.0,0.149056,"uniform on {1,...,K-1} over an exact-size uniform support sample"
8,32,"QASM2 -> ZX graph/full_reduce/extract_circuit -> {cx,rz,h}",28536,pyzx_rewrite_identity_diagnostic,passed,"[0,pi/4); no 2pi target wraparound",pyzx_full_reduce,external ZX/global-IR semantic,1056,1/32,1.0,1.0,1716,3,0,False,3330,3567,36942,32,2147483648,33,36942,295536,2,random_commuting_order,64ceb5ad8554b7c41582c2f115b8a46b572eccd85091160d8bdec42e53c3bcdb,114065408,0.901892,random_commuting_order,20260804,4864,completed,ux-65a754ec18ee2646,30.0,0.990753,"uniform on {1,...,K-1} over an exact-size uniform support sample"
8,32,"QASM2 -> qiskit transpile opt3 -> {cx,rz,h}",28536,exact_cnot_rz,passed,"[0,pi/4); no 2pi target wraparound",qiskit_opt3,configured local/preset diagnostic,110,1/32,1.0,1.0,24,3,0,True,165,3567,3567,32,2147483648,33,3022,24176,2,random_commuting_order,64ceb5ad8554b7c41582c2f115b8a46b572eccd85091160d8bdec42e53c3bcdb,74727424,0.098584,random_commuting_order,20260804,4864,completed,ux-65a754ec18ee2646,30.0,0.151671,"uniform on {1,...,K-1} over an exact-size uniform support sample"
8,32,"decode codec -> exact support table -> {cx,rz} lowering",28536,exact_cnot_rz,passed,"[0,pi/4); no 2pi target wraparound",semantic_reference,instrumented semantic reference,64,1/32,1.0,1.0,96,3,0,True,96,3567,3567,32,2147483648,33,1711,13688,2,random_commuting_order,64ceb5ad8554b7c41582c2f115b8a46b572eccd85091160d8bdec42e53c3bcdb,73302016,0.090023,random_commuting_order,20260804,4864,completed,ux-65a754ec18ee2646,30.0,0.146129,"uniform on {1,...,K-1} over an exact-size uniform support sample"
8,32,"QASM2 -> TKET DecomposeBoxes/PauliSimp -> {cx,rz,h}",28536,pyzx_rewrite_identity_diagnostic,passed,"[0,pi/4); no 2pi target wraparound",tket_paulisimp,external Pauli-network/global semantic,634,1/32,1.0,1.0,554,3,0,False,864,3567,13244,32,2147483648,33,13244,105952,2,random_commuting_order,64ceb5ad8554b7c41582c2f115b8a46b572eccd85091160d8bdec42e53c3bcdb,161054720,0.565441,random_commuting_order,20260804,4864,completed,ux-65a754ec18ee2646,30.0,0.689349,"uniform on {1,...,K-1} over an exact-size uniform support sample"
8,32,"QASM2 -> exact parity/phase table -> {cx,rz} lowering",28536,exact_cnot_rz,passed,"[0,pi/4); no 2pi target wraparound",phase_polynomial_reference,instrumented global phase table,64,1/32,1.0,1.0,96,3,0,True,96,3567,3567,32,2147483648,33,1711,13688,2,round_robin_flat,577a4b729d480ec4b7303f4cbcf2f3a22bffae1d818a3aca0840f63809ab97ce,74203136,0.090466,round_robin_flat,20260804,4816,completed,ux-65a754ec18ee2646,30.0,0.147981,"uniform on {1,...,K-1} over an exact-size uniform support sample"
8,32,"QASM2 -> ZX graph/full_reduce/extract_circuit -> {cx,rz,h}",28536,pyzx_rewrite_identity_diagnostic,passed,"[0,pi/4); no 2pi target wraparound",pyzx_full_reduce,external ZX/global-IR semantic,1056,1/32,1.0,1.0,1716,3,0,False,3330,3567,36942,32,2147483648,33,36942,295536,2,round_robin_flat,577a4b729d480ec4b7303f4cbcf2f3a22bffae1d818a3aca0840f63809ab97ce,114098176,0.90201,round_robin_flat,20260804,4816,completed,ux-65a754ec18ee2646,30.0,0.995503,"uniform on {1,...,K-1} over an exact-size uniform support sample"
8,32,"QASM2 -> qiskit transpile opt3 -> {cx,rz,h}",28536,exact_cnot_rz,passed,"[0,pi/4); no 2pi target wraparound",qiskit_opt3,configured local/preset diagnostic,128,1/32,1.0,1.0,102,3,0,True,192,3567,3567,32,2147483648,33,3567,28536,2,round_robin_flat,577a4b729d480ec4b7303f4cbcf2f3a22bffae1d818a3aca0840f63809ab97ce,74711040,0.097524,round_robin_flat,20260804,4816,completed,ux-65a754ec18ee2646,30.0,0.149762,"uniform on {1,...,K-1} over an exact-size uniform support sample"
8,32,"decode codec -> exact support table -> {cx,rz} lowering",28536,exact_cnot_rz,passed,"[0,pi/4); no 2pi target wraparound",semantic_reference,instrumented semantic reference,64,1/32,1.0,1.0,96,3,0,True,96,3567,3567,32,2147483648,33,1711,13688,2,round_robin_flat,577a4b729d480ec4b7303f4cbcf2f3a22bffae1d818a3aca0840f63809ab97ce,74137600,0.084668,round_robin_flat,20260804,4816,completed,ux-65a754ec18ee2646,30.0,0.151704,"uniform on {1,...,K-1} over an exact-size uniform support sample"
8,32,"QASM2 -> TKET DecomposeBoxes/PauliSimp -> {cx,rz,h}",28536,pyzx_rewrite_identity_diagnostic,passed,"[0,pi/4); no 2pi target wraparound",tket_paulisimp,external Pauli-network/global semantic,634,1/32,1.0,1.0,554,3,0,False,864,3567,13244,32,2147483648,33,13244,105952,2,round_robin_flat,577a4b729d480ec4b7303f4cbcf2f3a22bffae1d818a3aca0840f63809ab97ce,160792576,0.578175,round_robin_flat,20260804,4816,completed,ux-65a754ec18ee2646,30.0,0.702802,"uniform on {1,...,K-1} over an exact-size uniform support sample"
8,32,"QASM2 -> exact parity/phase table -> {cx,rz} lowering",13688,exact_cnot_rz,passed,"[0,pi/4); no 2pi target wraparound",phase_polynomial_reference,instrumented global phase table,64,1/32,1.0,1.0,96,3,0,True,96,1711,1711,32,2147483648,33,1711,13688,2,semantic_aggregate,040f157f788a9e21749a99a75096de6f61d353d268431ec79d14681a94994e01,74088448,0.084647,semantic_aggregate,20260804,2528,completed,ux-65a754ec18ee2646,30.0,0.141442,"uniform on {1,...,K-1} over an exact-size uniform support sample"
8,32,"QASM2 -> ZX graph/full_reduce/extract_circuit -> {cx,rz,h}",13688,pyzx_rewrite_identity_diagnostic,passed,"[0,pi/4); no 2pi target wraparound",pyzx_full_reduce,external ZX/global-IR semantic,1056,1/32,1.0,1.0,1716,3,0,False,3330,1711,36942,32,2147483648,33,36942,295536,2,semantic_aggregate,040f157f788a9e21749a99a75096de6f61d353d268431ec79d14681a94994e01,114032640,0.886475,semantic_aggregate,20260804,2528,completed,ux-65a754ec18ee2646,30.0,0.976197,"uniform on {1,...,K-1} over an exact-size uniform support sample"
8,32,"QASM2 -> qiskit transpile opt3 -> {cx,rz,h}",13688,exact_cnot_rz,passed,"[0,pi/4); no 2pi target wraparound",qiskit_opt3,configured local/preset diagnostic,64,1/32,1.0,1.0,96,3,0,True,96,1711,1711,32,2147483648,33,1711,13688,2,semantic_aggregate,040f157f788a9e21749a99a75096de6f61d353d268431ec79d14681a94994e01,75202560,0.097039,semantic_aggregate,20260804,2528,completed,ux-65a754ec18ee2646,30.0,0.151419,"uniform on {1,...,K-1} over an exact-size uniform support sample"
8,32,"decode codec -> exact support table -> {cx,rz} lowering",13688,exact_cnot_rz,passed,"[0,pi/4); no 2pi target wraparound",semantic_reference,instrumented semantic reference,64,1/32,1.0,1.0,96,3,0,True,96,1711,1711,32,2147483648,33,1711,13688,2,semantic_aggregate,040f157f788a9e21749a99a75096de6f61d353d268431ec79d14681a94994e01,74186752,0.087345,semantic_aggregate,20260804,2528,completed,ux-65a754ec18ee2646,30.0,0.143884,"uniform on {1,...,K-1} over an exact-size uniform support sample"
8,32,"QASM2 -> TKET DecomposeBoxes/PauliSimp -> {cx,rz,h}",13688,pyzx_rewrite_identity_diagnostic,passed,"[0,pi/4); no 2pi target wraparound",tket_paulisimp,external Pauli-network/global semantic,634,1/32,1.0,1.0,554,3,0,False,864,1711,13244,32,2147483648,33,13244,105952,2,semantic_aggregate,040f157f788a9e21749a99a75096de6f61d353d268431ec79d14681a94994e01,160694272,0.558378,semantic_aggregate,20260804,2528,completed,ux-65a754ec18ee2646,30.0,0.665505,"uniform on {1,...,K-1} over an exact-size uniform support sample"
4,32,"QASM2 -> exact parity/phase table -> {cx,rz} lowering",12784,exact_cnot_rz,passed,"[0,pi/4); no 2pi target wraparound",phase_polynomial_reference,instrumented global phase table,64,1/16,0.5,0.5,21,4,0,True,96,1598,1598,64,2147483648,65,1598,12784,4,bridge_qasm2,68630130d77224ee67e6b86e76d35f602a098f7580ded84d84697d035f046d6c,74366976,0.086551,bridge_qasm2,20260805,12784,completed,ux-36b4776f5cf0a52d,30.0,0.143922,"uniform on {1,...,K-1} over an exact-size uniform support sample"
4,32,"QASM2 -> ZX graph/full_reduce/extract_circuit -> {cx,rz,h}",12784,pyzx_rewrite_identity_diagnostic,passed,"[0,pi/4); no 2pi target wraparound",pyzx_full_reduce,external ZX/global-IR semantic,140,1/16,0.5,0.5,116,4,0,False,612,1598,6642,64,2147483648,65,6642,53136,4,bridge_qasm2,68630130d77224ee67e6b86e76d35f602a098f7580ded84d84697d035f046d6c,110854144,0.323044,bridge_qasm2,20260805,12784,completed,ux-36b4776f5cf0a52d,30.0,0.41494,"uniform on {1,...,K-1} over an exact-size uniform support sample"
4,32,"QASM2 -> qiskit transpile opt3 -> {cx,rz,h}",12784,exact_cnot_rz,passed,"[0,pi/4); no 2pi target wraparound",qiskit_opt3,configured local/preset diagnostic,64,1/16,0.5,0.5,21,4,0,True,96,1598,1598,64,2147483648,65,1598,12784,4,bridge_qasm2,68630130d77224ee67e6b86e76d35f602a098f7580ded84d84697d035f046d6c,74776576,0.098156,bridge_qasm2,20260805,12784,completed,ux-36b4776f5cf0a52d,30.0,0.151521,"uniform on {1,...,K-1} over an exact-size uniform support sample"
4,32,"decode codec -> exact support table -> {cx,rz} lowering",12784,exact_cnot_rz,passed,"[0,pi/4); no 2pi target wraparound",semantic_reference,instrumented semantic reference,64,1/16,0.5,0.5,21,4,0,True,96,1598,1598,64,2147483648,65,1598,12784,4,bridge_qasm2,68630130d77224ee67e6b86e76d35f602a098f7580ded84d84697d035f046d6c,74285056,0.085958,bridge_qasm2,20260805,12784,completed,ux-36b4776f5cf0a52d,30.0,0.146777,"uniform on {1,...,K-1} over an exact-size uniform support sample"
4,32,"QASM2 -> TKET DecomposeBoxes/PauliSimp -> {cx,rz,h}",12784,pyzx_rewrite_identity_diagnostic,passed,"[0,pi/4); no 2pi target wraparound",tket_paulisimp,external Pauli-network/global semantic,126,1/16,0.5,0.5,62,4,0,False,548,1598,8092,64,2147483648,65,8092,64736,4,bridge_qasm2,68630130d77224ee67e6b86e76d35f602a098f7580ded84d84697d035f046d6c,159825920,0.452228,bridge_qasm2,20260805,12784,completed,ux-36b4776f5cf0a52d,30.0,0.562371,"uniform on {1,...,K-1} over an exact-size uniform support sample"
4,32,"QASM2 -> exact parity/phase table -> {cx,rz} lowering",53640,exact_cnot_rz,passed,"[0,pi/4); no 2pi target wraparound",phase_polynomial_reference,instrumented global phase table,64,1/16,0.5,0.5,21,4,0,True,96,6705,6705,64,2147483648,65,1598,12784,4,contiguous_flat,3c96ef51b7b5ce72872e95bbaf192a6633c265c12813e06a35a7a5f87b7e468d,74448896,0.087911,contiguous_flat,20260805,9424,completed,ux-36b4776f5cf0a52d,30.0,0.151208,"uniform on {1,...,K-1} over an exact-size uniform support sample"
4,32,"QASM2 -> ZX graph/full_reduce/extract_circuit -> {cx,rz,h}",53640,pyzx_rewrite_identity_diagnostic,passed,"[0,pi/4); no 2pi target wraparound",pyzx_full_reduce,external ZX/global-IR semantic,140,1/16,0.5,0.5,116,4,0,False,612,6705,6705,64,2147483648,65,6642,53136,4,contiguous_flat,3c96ef51b7b5ce72872e95bbaf192a6633c265c12813e06a35a7a5f87b7e468d,110985216,0.344917,contiguous_flat,20260805,9424,completed,ux-36b4776f5cf0a52d,30.0,0.424994,"uniform on {1,...,K-1} over an exact-size uniform support sample"
4,32,"QASM2 -> qiskit transpile opt3 -> {cx,rz,h}",53640,exact_cnot_rz,passed,"[0,pi/4); no 2pi target wraparound",qiskit_opt3,configured local/preset diagnostic,64,1/16,0.5,0.5,21,4,0,True,96,6705,6705,64,2147483648,65,1598,12784,4,contiguous_flat,3c96ef51b7b5ce72872e95bbaf192a6633c265c12813e06a35a7a5f87b7e468d,77889536,0.099273,contiguous_flat,20260805,9424,completed,ux-36b4776f5cf0a52d,30.0,0.168916,"uniform on {1,...,K-1} over an exact-size uniform support sample"
4,32,"decode codec -> exact support table -> {cx,rz} lowering",53640,exact_cnot_rz,passed,"[0,pi/4); no 2pi target wraparound",semantic_reference,instrumented semantic reference,64,1/16,0.5,0.5,21,4,0,True,96,6705,6705,64,2147483648,65,1598,12784,4,contiguous_flat,3c96ef51b7b5ce72872e95bbaf192a6633c265c12813e06a35a7a5f87b7e468d,74219520,0.089475,contiguous_flat,20260805,9424,completed,ux-36b4776f5cf0a52d,30.0,0.150358,"uniform on {1,...,K-1} over an exact-size uniform support sample"
4,32,"QASM2 -> TKET DecomposeBoxes/PauliSimp -> {cx,rz,h}",53640,pyzx_rewrite_identity_diagnostic,passed,"[0,pi/4); no 2pi target wraparound",tket_paulisimp,external Pauli-network/global semantic,126,1/16,0.5,0.5,62,4,0,False,548,6705,8092,64,2147483648,65,8092,64736,4,contiguous_flat,3c96ef51b7b5ce72872e95bbaf192a6633c265c12813e06a35a7a5f87b7e468d,160055296,0.464154,contiguous_flat,20260805,9424,completed,ux-36b4776f5cf0a52d,30.0,0.583513,"uniform on {1,...,K-1} over an exact-size uniform support sample"
4,32,"QASM2 -> exact parity/phase table -> {cx,rz} lowering",26872,exact_cnot_rz,passed,"[0,pi/4); no 2pi target wraparound",phase_polynomial_reference,instrumented global phase table,64,1/16,0.5,0.5,21,4,0,True,96,3359,3359,64,2147483648,65,1598,12784,4,locally_folded,8dfc4a68fde080a7562aab8bde8197d458c7490cb6f418d31994322ecd63a0b1,74366976,0.086596,locally_folded,20260805,4800,completed,ux-36b4776f5cf0a52d,30.0,0.151358,"uniform on {1,...,K-1} over an exact-size uniform support sample"
4,32,"QASM2 -> ZX graph/full_reduce/extract_circuit -> {cx,rz,h}",26872,pyzx_rewrite_identity_diagnostic,passed,"[0,pi/4); no 2pi target wraparound",pyzx_full_reduce,external ZX/global-IR semantic,140,1/16,0.5,0.5,116,4,0,False,612,3359,6642,64,2147483648,65,6642,53136,4,locally_folded,8dfc4a68fde080a7562aab8bde8197d458c7490cb6f418d31994322ecd63a0b1,110854144,0.329296,locally_folded,20260805,4800,completed,ux-36b4776f5cf0a52d,30.0,0.414651,"uniform on {1,...,K-1} over an exact-size uniform support sample"
4,32,"QASM2 -> qiskit transpile opt3 -> {cx,rz,h}",26872,exact_cnot_rz,passed,"[0,pi/4); no 2pi target wraparound",qiskit_opt3,configured local/preset diagnostic,64,1/16,0.5,0.5,21,4,0,True,96,3359,3359,64,2147483648,65,1598,12784,4,locally_folded,8dfc4a68fde080a7562aab8bde8197d458c7490cb6f418d31994322ecd63a0b1,77955072,0.098093,locally_folded,20260805,4800,completed,ux-36b4776f5cf0a52d,30.0,0.17331,"uniform on {1,...,K-1} over an exact-size uniform support sample"
4,32,"decode codec -> exact support table -> {cx,rz} lowering",26872,exact_cnot_rz,passed,"[0,pi/4); no 2pi target wraparound",semantic_reference,instrumented semantic reference,64,1/16,0.5,0.5,21,4,0,True,96,3359,3359,64,2147483648,65,1598,12784,4,locally_folded,8dfc4a68fde080a7562aab8bde8197d458c7490cb6f418d31994322ecd63a0b1,74317824,0.085779,locally_folded,20260805,4800,completed,ux-36b4776f5cf0a52d,30.0,0.146865,"uniform on {1,...,K-1} over an exact-size uniform support sample"
4,32,"QASM2 -> TKET DecomposeBoxes/PauliSimp -> {cx,rz,h}",26872,pyzx_rewrite_identity_diagnostic,passed,"[0,pi/4); no 2pi target wraparound",tket_paulisimp,external Pauli-network/global semantic,126,1/16,0.5,0.5,62,4,0,False,548,3359,8092,64,2147483648,65,8092,64736,4,locally_folded,8dfc4a68fde080a7562aab8bde8197d458c7490cb6f418d31994322ecd63a0b1,159907840,0.457164,locally_folded,20260805,4800,completed,ux-36b4776f5cf0a52d,30.0,0.580697,"uniform on {1,...,K-1} over an exact-size uniform support sample"
4,32,"QASM2 -> exact parity/phase table -> {cx,rz} lowering",53752,exact_cnot_rz,passed,"[0,pi/4); no 2pi target wraparound",phase_polynomial_reference,instrumented global phase table,64,1/16,0.5,0.5,21,4,0,True,96,6719,6719,64,2147483648,65,1598,12784,4,masked_share_flat,2204278eff029231a5001b13504eccc1afecb7f796899fba5e1ef4dd990b0f0d,74399744,0.087801,masked_share_flat,20260805,9440,completed,ux-36b4776f5cf0a52d,30.0,0.151339,"uniform on {1,...,K-1} over an exact-size uniform support sample"
4,32,"QASM2 -> ZX graph/full_reduce/extract_circuit -> {cx,rz,h}",53752,pyzx_rewrite_identity_diagnostic,passed,"[0,pi/4); no 2pi target wraparound",pyzx_full_reduce,external ZX/global-IR semantic,140,1/16,0.5,0.5,116,4,0,False,612,6719,6719,64,2147483648,65,6642,53136,4,masked_share_flat,2204278eff029231a5001b13504eccc1afecb7f796899fba5e1ef4dd990b0f0d,110870528,0.356884,masked_share_flat,20260805,9440,completed,ux-36b4776f5cf0a52d,30.0,0.447104,"uniform on {1,...,K-1} over an exact-size uniform support sample"
4,32,"QASM2 -> qiskit transpile opt3 -> {cx,rz,h}",53752,pyzx_rewrite_identity_diagnostic,inconclusive,"[0,pi/4); no 2pi target wraparound",qiskit_opt3,configured local/preset diagnostic,187,1/16,0.5,0.5,104,4,0,False,665,6719,11675,64,2147483648,65,11675,93400,4,masked_share_flat,2204278eff029231a5001b13504eccc1afecb7f796899fba5e1ef4dd990b0f0d,113000448,0.305751,masked_share_flat,20260805,9440,certificate_unsupported,ux-36b4776f5cf0a52d,30.0,0.396902,"uniform on {1,...,K-1} over an exact-size uniform support sample"
4,32,"decode codec -> exact support table -> {cx,rz} lowering",53752,exact_cnot_rz,passed,"[0,pi/4); no 2pi target wraparound",semantic_reference,instrumented semantic reference,64,1/16,0.5,0.5,21,4,0,True,96,6719,6719,64,2147483648,65,1598,12784,4,masked_share_flat,2204278eff029231a5001b13504eccc1afecb7f796899fba5e1ef4dd990b0f0d,74235904,0.086354,masked_share_flat,20260805,9440,completed,ux-36b4776f5cf0a52d,30.0,0.149591,"uniform on {1,...,K-1} over an exact-size uniform support sample"
4,32,"QASM2 -> TKET DecomposeBoxes/PauliSimp -> {cx,rz,h}",53752,pyzx_rewrite_identity_diagnostic,passed,"[0,pi/4); no 2pi target wraparound",tket_paulisimp,external Pauli-network/global semantic,142,1/16,0.5,0.5,64,4,0,False,582,6719,8766,64,2147483648,65,8766,70128,4,masked_share_flat,2204278eff029231a5001b13504eccc1afecb7f796899fba5e1ef4dd990b0f0d,160464896,0.471642,masked_share_flat,20260805,9440,completed,ux-36b4776f5cf0a52d,30.0,0.590735,"uniform on {1,...,K-1} over an exact-size uniform support sample"
4,32,"QASM2 -> exact parity/phase table -> {cx,rz} lowering",53640,exact_cnot_rz,passed,"[0,pi/4); no 2pi target wraparound",phase_polynomial_reference,instrumented global phase table,64,1/16,0.5,0.5,21,4,0,True,96,6705,6705,64,2147483648,65,1598,12784,4,random_commuting_order,33760072be4f1487e7d91cf2962f1ce8605a85d03fb0e524c494c3c87e53a83a,74137600,0.08831,random_commuting_order,20260805,9480,completed,ux-36b4776f5cf0a52d,30.0,0.143989,"uniform on {1,...,K-1} over an exact-size uniform support sample"
4,32,"QASM2 -> ZX graph/full_reduce/extract_circuit -> {cx,rz,h}",53640,pyzx_rewrite_identity_diagnostic,passed,"[0,pi/4); no 2pi target wraparound",pyzx_full_reduce,external ZX/global-IR semantic,140,1/16,0.5,0.5,116,4,0,False,612,6705,6705,64,2147483648,65,6642,53136,4,random_commuting_order,33760072be4f1487e7d91cf2962f1ce8605a85d03fb0e524c494c3c87e53a83a,110837760,0.35624,random_commuting_order,20260805,9480,completed,ux-36b4776f5cf0a52d,30.0,0.439536,"uniform on {1,...,K-1} over an exact-size uniform support sample"
4,32,"QASM2 -> qiskit transpile opt3 -> {cx,rz,h}",53640,exact_cnot_rz,passed,"[0,pi/4); no 2pi target wraparound",qiskit_opt3,configured local/preset diagnostic,144,1/16,0.5,0.5,30,4,0,True,216,6705,6705,64,2147483648,65,3743,29944,4,random_commuting_order,33760072be4f1487e7d91cf2962f1ce8605a85d03fb0e524c494c3c87e53a83a,77955072,0.099678,random_commuting_order,20260805,9480,completed,ux-36b4776f5cf0a52d,30.0,0.173376,"uniform on {1,...,K-1} over an exact-size uniform support sample"
4,32,"decode codec -> exact support table -> {cx,rz} lowering",53640,exact_cnot_rz,passed,"[0,pi/4); no 2pi target wraparound",semantic_reference,instrumented semantic reference,64,1/16,0.5,0.5,21,4,0,True,96,6705,6705,64,2147483648,65,1598,12784,4,random_commuting_order,33760072be4f1487e7d91cf2962f1ce8605a85d03fb0e524c494c3c87e53a83a,74121216,0.08664,random_commuting_order,20260805,9480,completed,ux-36b4776f5cf0a52d,30.0,0.143384,"uniform on {1,...,K-1} over an exact-size uniform support sample"
4,32,"QASM2 -> TKET DecomposeBoxes/PauliSimp -> {cx,rz,h}",53640,pyzx_rewrite_identity_diagnostic,passed,"[0,pi/4); no 2pi target wraparound",tket_paulisimp,external Pauli-network/global semantic,126,1/16,0.5,0.5,62,4,0,False,548,6705,8092,64,2147483648,65,8092,64736,4,random_commuting_order,33760072be4f1487e7d91cf2962f1ce8605a85d03fb0e524c494c3c87e53a83a,160120832,0.459964,random_commuting_order,20260805,9480,completed,ux-36b4776f5cf0a52d,30.0,0.588227,"uniform on {1,...,K-1} over an exact-size uniform support sample"
4,32,"QASM2 -> exact parity/phase table -> {cx,rz} lowering",53640,exact_cnot_rz,passed,"[0,pi/4); no 2pi target wraparound",phase_polynomial_reference,instrumented global phase table,64,1/16,0.5,0.5,21,4,0,True,96,6705,6705,64,2147483648,65,1598,12784,4,round_robin_flat,c143413e0bf27ae7143000285205629835e7230d5b62fe026e92961845543dbd,74481664,0.087093,round_robin_flat,20260805,9432,completed,ux-36b4776f5cf0a52d,30.0,0.151425,"uniform on {1,...,K-1} over an exact-size uniform support sample"
4,32,"QASM2 -> ZX graph/full_reduce/extract_circuit -> {cx,rz,h}",53640,pyzx_rewrite_identity_diagnostic,passed,"[0,pi/4); no 2pi target wraparound",pyzx_full_reduce,external ZX/global-IR semantic,140,1/16,0.5,0.5,116,4,0,False,612,6705,6705,64,2147483648,65,6642,53136,4,round_robin_flat,c143413e0bf27ae7143000285205629835e7230d5b62fe026e92961845543dbd,110903296,0.358408,round_robin_flat,20260805,9432,completed,ux-36b4776f5cf0a52d,30.0,0.445744,"uniform on {1,...,K-1} over an exact-size uniform support sample"
4,32,"QASM2 -> qiskit transpile opt3 -> {cx,rz,h}",53640,exact_cnot_rz,passed,"[0,pi/4); no 2pi target wraparound",qiskit_opt3,configured local/preset diagnostic,202,1/16,0.5,0.5,39,4,0,True,303,6705,6705,64,2147483648,65,5339,42712,4,round_robin_flat,c143413e0bf27ae7143000285205629835e7230d5b62fe026e92961845543dbd,78036992,0.100664,round_robin_flat,20260805,9432,completed,ux-36b4776f5cf0a52d,30.0,0.175714,"uniform on {1,...,K-1} over an exact-size uniform support sample"
4,32,"decode codec -> exact support table -> {cx,rz} lowering",53640,exact_cnot_rz,passed,"[0,pi/4); no 2pi target wraparound",semantic_reference,instrumented semantic reference,64,1/16,0.5,0.5,21,4,0,True,96,6705,6705,64,2147483648,65,1598,12784,4,round_robin_flat,c143413e0bf27ae7143000285205629835e7230d5b62fe026e92961845543dbd,74334208,0.08671,round_robin_flat,20260805,9432,completed,ux-36b4776f5cf0a52d,30.0,0.151264,"uniform on {1,...,K-1} over an exact-size uniform support sample"
4,32,"QASM2 -> TKET DecomposeBoxes/PauliSimp -> {cx,rz,h}",53640,pyzx_rewrite_identity_diagnostic,passed,"[0,pi/4); no 2pi target wraparound",tket_paulisimp,external Pauli-network/global semantic,126,1/16,0.5,0.5,62,4,0,False,548,6705,8092,64,2147483648,65,8092,64736,4,round_robin_flat,c143413e0bf27ae7143000285205629835e7230d5b62fe026e92961845543dbd,160169984,0.472116,round_robin_flat,20260805,9432,completed,ux-36b4776f5cf0a52d,30.0,0.597508,"uniform on {1,...,K-1} over an exact-size uniform support sample"
4,32,"QASM2 -> exact parity/phase table -> {cx,rz} lowering",12784,exact_cnot_rz,passed,"[0,pi/4); no 2pi target wraparound",phase_polynomial_reference,instrumented global phase table,64,1/16,0.5,0.5,21,4,0,True,96,1598,1598,64,2147483648,65,1598,12784,4,semantic_aggregate,16f9e256bd5ec2c0c35db06be1cf3cfc9e3becd40cc90cfde2d2dea550997f5a,74350592,0.086407,semantic_aggregate,20260805,2528,completed,ux-36b4776f5cf0a52d,30.0,0.146767,"uniform on {1,...,K-1} over an exact-size uniform support sample"
4,32,"QASM2 -> ZX graph/full_reduce/extract_circuit -> {cx,rz,h}",12784,pyzx_rewrite_identity_diagnostic,passed,"[0,pi/4); no 2pi target wraparound",pyzx_full_reduce,external ZX/global-IR semantic,140,1/16,0.5,0.5,116,4,0,False,612,1598,6642,64,2147483648,65,6642,53136,4,semantic_aggregate,16f9e256bd5ec2c0c35db06be1cf3cfc9e3becd40cc90cfde2d2dea550997f5a,110870528,0.331154,semantic_aggregate,20260805,2528,completed,ux-36b4776f5cf0a52d,30.0,0.443095,"uniform on {1,...,K-1} over an exact-size uniform support sample"
4,32,"QASM2 -> qiskit transpile opt3 -> {cx,rz,h}",12784,exact_cnot_rz,passed,"[0,pi/4); no 2pi target wraparound",qiskit_opt3,configured local/preset diagnostic,64,1/16,0.5,0.5,21,4,0,True,96,1598,1598,64,2147483648,65,1598,12784,4,semantic_aggregate,16f9e256bd5ec2c0c35db06be1cf3cfc9e3becd40cc90cfde2d2dea550997f5a,77545472,0.098024,semantic_aggregate,20260805,2528,completed,ux-36b4776f5cf0a52d,30.0,0.171894,"uniform on {1,...,K-1} over an exact-size uniform support sample"
4,32,"decode codec -> exact support table -> {cx,rz} lowering",12784,exact_cnot_rz,passed,"[0,pi/4); no 2pi target wraparound",semantic_reference,instrumented semantic reference,64,1/16,0.5,0.5,21,4,0,True,96,1598,1598,64,2147483648,65,1598,12784,4,semantic_aggregate,16f9e256bd5ec2c0c35db06be1cf3cfc9e3becd40cc90cfde2d2dea550997f5a,74121216,0.085309,semantic_aggregate,20260805,2528,completed,ux-36b4776f5cf0a52d,30.0,0.151701,"uniform on {1,...,K-1} over an exact-size uniform support sample"
4,32,"QASM2 -> TKET DecomposeBoxes/PauliSimp -> {cx,rz,h}",12784,pyzx_rewrite_identity_diagnostic,passed,"[0,pi/4); no 2pi target wraparound",tket_paulisimp,external Pauli-network/global semantic,126,1/16,0.5,0.5,62,4,0,False,548,1598,8092,64,2147483648,65,8092,64736,4,semantic_aggregate,16f9e256bd5ec2c0c35db06be1cf3cfc9e3becd40cc90cfde2d2dea550997f5a,159940608,0.462515,semantic_aggregate,20260805,2528,completed,ux-36b4776f5cf0a52d,30.0,0.586719,"uniform on {1,...,K-1} over an exact-size uniform support sample"
16,2,"QASM2 -> exact parity/phase table -> {cx,rz} lowering",1192,exact_cnot_rz,passed,"[0,pi/4); no 2pi target wraparound",phase_polynomial_reference,instrumented global phase table,4,1/64,0.3333333333333333,0.25,3,5,0,True,6,149,149,6,2147483648,7,149,1192,8,bridge_qasm2,d10d6a2984780ead82e51055287a8ee7dea7d1ce3b531790b3265be4bda4a990,74252288,0.084246,bridge_qasm2,20260801,1192,completed,ux-7827835d71942c50,30.0,0.150678,"uniform on {1,...,K-1} over an exact-size uniform support sample"
16,2,"QASM2 -> ZX graph/full_reduce/extract_circuit -> {cx,rz,h}",1192,dense_unitary_diagnostic,passed,"[0,pi/4); no 2pi target wraparound",pyzx_full_reduce,external ZX/global-IR semantic,4,1/64,0.3333333333333333,0.25,11,5,0,False,26,149,309,6,2147483648,7,309,2472,8,bridge_qasm2,d10d6a2984780ead82e51055287a8ee7dea7d1ce3b531790b3265be4bda4a990,110559232,0.209295,bridge_qasm2,20260801,1192,completed,ux-7827835d71942c50,30.0,0.302067,"uniform on {1,...,K-1} over an exact-size uniform support sample"
16,2,"QASM2 -> qiskit transpile opt3 -> {cx,rz,h}",1192,exact_cnot_rz,passed,"[0,pi/4); no 2pi target wraparound",qiskit_opt3,configured local/preset diagnostic,4,1/64,0.3333333333333333,0.25,3,5,0,True,6,149,149,6,2147483648,7,149,1192,8,bridge_qasm2,d10d6a2984780ead82e51055287a8ee7dea7d1ce3b531790b3265be4bda4a990,77316096,0.095891,bridge_qasm2,20260801,1192,completed,ux-7827835d71942c50,30.0,0.172602,"uniform on {1,...,K-1} over an exact-size uniform support sample"
16,2,"decode codec -> exact support table -> {cx,rz} lowering",1192,exact_cnot_rz,passed,"[0,pi/4); no 2pi target wraparound",semantic_reference,instrumented semantic reference,4,1/64,0.3333333333333333,0.25,3,5,0,True,6,149,149,6,2147483648,7,149,1192,8,bridge_qasm2,d10d6a2984780ead82e51055287a8ee7dea7d1ce3b531790b3265be4bda4a990,74072064,0.084802,bridge_qasm2,20260801,1192,completed,ux-7827835d71942c50,30.0,0.150323,"uniform on {1,...,K-1} over an exact-size uniform support sample"
16,2,"QASM2 -> TKET DecomposeBoxes/PauliSimp -> {cx,rz,h}",1192,dense_unitary_diagnostic,passed,"[0,pi/4); no 2pi target wraparound",tket_paulisimp,external Pauli-network/global semantic,4,1/64,0.3333333333333333,0.25,9,5,0,False,48,149,709,6,2147483648,7,709,5672,8,bridge_qasm2,d10d6a2984780ead82e51055287a8ee7dea7d1ce3b531790b3265be4bda4a990,125042688,0.280417,bridge_qasm2,20260801,1192,completed,ux-7827835d71942c50,30.0,0.37492,"uniform on {1,...,K-1} over an exact-size uniform support sample"
16,2,"QASM2 -> exact parity/phase table -> {cx,rz} lowering",6912,exact_cnot_rz,passed,"[0,pi/4); no 2pi target wraparound",phase_polynomial_reference,instrumented global phase table,4,1/64,0.3333333333333333,0.25,3,5,0,True,6,864,864,6,2147483648,7,149,1192,8,contiguous_flat,654349671c8acdfe125a27f3a21563ad11259566ef85b292903716b27342c660,74088448,0.083798,contiguous_flat,20260801,1480,completed,ux-7827835d71942c50,30.0,0.151645,"uniform on {1,...,K-1} over an exact-size uniform support sample"
16,2,"QASM2 -> ZX graph/full_reduce/extract_circuit -> {cx,rz,h}",6912,dense_unitary_diagnostic,passed,"[0,pi/4); no 2pi target wraparound",pyzx_full_reduce,external ZX/global-IR semantic,4,1/64,0.3333333333333333,0.25,11,5,0,False,26,864,864,6,2147483648,7,309,2472,8,contiguous_flat,654349671c8acdfe125a27f3a21563ad11259566ef85b292903716b27342c660,110641152,0.207496,contiguous_flat,20260801,1480,completed,ux-7827835d71942c50,30.0,0.298278,"uniform on {1,...,K-1} over an exact-size uniform support sample"
16,2,"QASM2 -> qiskit transpile opt3 -> {cx,rz,h}",6912,exact_cnot_rz,passed,"[0,pi/4); no 2pi target wraparound",qiskit_opt3,configured local/preset diagnostic,4,1/64,0.3333333333333333,0.25,3,5,0,True,6,864,864,6,2147483648,7,149,1192,8,contiguous_flat,654349671c8acdfe125a27f3a21563ad11259566ef85b292903716b27342c660,74924032,0.096555,contiguous_flat,20260801,1480,completed,ux-7827835d71942c50,30.0,0.151634,"uniform on {1,...,K-1} over an exact-size uniform support sample"
16,2,"decode codec -> exact support table -> {cx,rz} lowering",6912,exact_cnot_rz,passed,"[0,pi/4); no 2pi target wraparound",semantic_reference,instrumented semantic reference,4,1/64,0.3333333333333333,0.25,3,5,0,True,6,864,864,6,2147483648,7,149,1192,8,contiguous_flat,654349671c8acdfe125a27f3a21563ad11259566ef85b292903716b27342c660,74022912,0.084912,contiguous_flat,20260801,1480,completed,ux-7827835d71942c50,30.0,0.151749,"uniform on {1,...,K-1} over an exact-size uniform support sample"
16,2,"QASM2 -> TKET DecomposeBoxes/PauliSimp -> {cx,rz,h}",6912,dense_unitary_diagnostic,passed,"[0,pi/4); no 2pi target wraparound",tket_paulisimp,external Pauli-network/global semantic,4,1/64,0.3333333333333333,0.25,9,5,0,False,48,864,864,6,2147483648,7,709,5672,8,contiguous_flat,654349671c8acdfe125a27f3a21563ad11259566ef85b292903716b27342c660,125026304,0.27627,contiguous_flat,20260801,1480,completed,ux-7827835d71942c50,30.0,0.37163,"uniform on {1,...,K-1} over an exact-size uniform support sample"
16,2,"QASM2 -> exact parity/phase table -> {cx,rz} lowering",3616,exact_cnot_rz,passed,"[0,pi/4); no 2pi target wraparound",phase_polynomial_reference,instrumented global phase table,4,1/64,0.3333333333333333,0.25,3,5,0,True,6,452,452,6,2147483648,7,149,1192,8,locally_folded,3cabd3d4edfa900da6a22166d560d3b8982571dc4a8ba8778afb776af6a14d71,74137600,0.085071,locally_folded,20260801,800,completed,ux-7827835d71942c50,30.0,0.150839,"uniform on {1,...,K-1} over an exact-size uniform support sample"
16,2,"QASM2 -> ZX graph/full_reduce/extract_circuit -> {cx,rz,h}",3616,dense_unitary_diagnostic,passed,"[0,pi/4); no 2pi target wraparound",pyzx_full_reduce,external ZX/global-IR semantic,4,1/64,0.3333333333333333,0.25,11,5,0,False,26,452,452,6,2147483648,7,309,2472,8,locally_folded,3cabd3d4edfa900da6a22166d560d3b8982571dc4a8ba8778afb776af6a14d71,110690304,0.207592,locally_folded,20260801,800,completed,ux-7827835d71942c50,30.0,0.293537,"uniform on {1,...,K-1} over an exact-size uniform support sample"
16,2,"QASM2 -> qiskit transpile opt3 -> {cx,rz,h}",3616,exact_cnot_rz,passed,"[0,pi/4); no 2pi target wraparound",qiskit_opt3,configured local/preset diagnostic,4,1/64,0.3333333333333333,0.25,3,5,0,True,6,452,452,6,2147483648,7,149,1192,8,locally_folded,3cabd3d4edfa900da6a22166d560d3b8982571dc4a8ba8778afb776af6a14d71,74612736,0.09767,locally_folded,20260801,800,completed,ux-7827835d71942c50,30.0,0.15026,"uniform on {1,...,K-1} over an exact-size uniform support sample"
16,2,"decode codec -> exact support table -> {cx,rz} lowering",3616,exact_cnot_rz,passed,"[0,pi/4); no 2pi target wraparound",semantic_reference,instrumented semantic reference,4,1/64,0.3333333333333333,0.25,3,5,0,True,6,452,452,6,2147483648,7,149,1192,8,locally_folded,3cabd3d4edfa900da6a22166d560d3b8982571dc4a8ba8778afb776af6a14d71,73957376,0.087876,locally_folded,20260801,800,completed,ux-7827835d71942c50,30.0,0.148977,"uniform on {1,...,K-1} over an exact-size uniform support sample"
16,2,"QASM2 -> TKET DecomposeBoxes/PauliSimp -> {cx,rz,h}",3616,dense_unitary_diagnostic,passed,"[0,pi/4); no 2pi target wraparound",tket_paulisimp,external Pauli-network/global semantic,4,1/64,0.3333333333333333,0.25,9,5,0,False,48,452,709,6,2147483648,7,709,5672,8,locally_folded,3cabd3d4edfa900da6a22166d560d3b8982571dc4a8ba8778afb776af6a14d71,125009920,0.272356,locally_folded,20260801,800,completed,ux-7827835d71942c50,30.0,0.368949,"uniform on {1,...,K-1} over an exact-size uniform support sample"
16,2,"QASM2 -> exact parity/phase table -> {cx,rz} lowering",7224,exact_cnot_rz,passed,"[0,pi/4); no 2pi target wraparound",phase_polynomial_reference,instrumented global phase table,4,1/64,0.3333333333333333,0.25,3,5,0,True,6,903,903,6,2147483648,7,149,1192,8,masked_share_flat,3326b6909403e33eed386750ff8dba144f890cb4e3dccfbdf177b3448398acc1,74186752,0.084592,masked_share_flat,20260801,1384,completed,ux-7827835d71942c50,30.0,0.149893,"uniform on {1,...,K-1} over an exact-size uniform support sample"
16,2,"QASM2 -> ZX graph/full_reduce/extract_circuit -> {cx,rz,h}",7224,dense_unitary_diagnostic,passed,"[0,pi/4); no 2pi target wraparound",pyzx_full_reduce,external ZX/global-IR semantic,4,1/64,0.3333333333333333,0.25,11,5,0,False,26,903,903,6,2147483648,7,309,2472,8,masked_share_flat,3326b6909403e33eed386750ff8dba144f890cb4e3dccfbdf177b3448398acc1,110690304,0.2195,masked_share_flat,20260801,1384,completed,ux-7827835d71942c50,30.0,0.315372,"uniform on {1,...,K-1} over an exact-size uniform support sample"
16,2,"QASM2 -> qiskit transpile opt3 -> {cx,rz,h}",7224,exact_cnot_rz,passed,"[0,pi/4); no 2pi target wraparound",qiskit_opt3,configured local/preset diagnostic,4,1/64,0.3333333333333333,0.25,3,5,0,True,6,903,903,6,2147483648,7,161,1288,8,masked_share_flat,3326b6909403e33eed386750ff8dba144f890cb4e3dccfbdf177b3448398acc1,77332480,0.097436,masked_share_flat,20260801,1384,completed,ux-7827835d71942c50,30.0,0.165869,"uniform on {1,...,K-1} over an exact-size uniform support sample"
16,2,"decode codec -> exact support table -> {cx,rz} lowering",7224,exact_cnot_rz,passed,"[0,pi/4); no 2pi target wraparound",semantic_reference,instrumented semantic reference,4,1/64,0.3333333333333333,0.25,3,5,0,True,6,903,903,6,2147483648,7,149,1192,8,masked_share_flat,3326b6909403e33eed386750ff8dba144f890cb4e3dccfbdf177b3448398acc1,74121216,0.08499,masked_share_flat,20260801,1384,completed,ux-7827835d71942c50,30.0,0.148485,"uniform on {1,...,K-1} over an exact-size uniform support sample"
16,2,"QASM2 -> TKET DecomposeBoxes/PauliSimp -> {cx,rz,h}",7224,dense_unitary_diagnostic,passed,"[0,pi/4); no 2pi target wraparound",tket_paulisimp,external Pauli-network/global semantic,4,1/64,0.3333333333333333,0.25,9,5,0,False,48,903,903,6,2147483648,7,708,5664,8,masked_share_flat,3326b6909403e33eed386750ff8dba144f890cb4e3dccfbdf177b3448398acc1,125059072,0.278501,masked_share_flat,20260801,1384,completed,ux-7827835d71942c50,30.0,0.376292,"uniform on {1,...,K-1} over an exact-size uniform support sample"
16,2,"QASM2 -> exact parity/phase table -> {cx,rz} lowering",6912,exact_cnot_rz,passed,"[0,pi/4); no 2pi target wraparound",phase_polynomial_reference,instrumented global phase table,4,1/64,0.3333333333333333,0.25,3,5,0,True,6,864,864,6,2147483648,7,149,1192,8,random_commuting_order,69f71fe593c376d2dd52b6f14cfc4deb77c08870d3518faeb5368c224fafb059,74219520,0.084646,random_commuting_order,20260801,1536,completed,ux-7827835d71942c50,30.0,0.143327,"uniform on {1,...,K-1} over an exact-size uniform support sample"
16,2,"QASM2 -> ZX graph/full_reduce/extract_circuit -> {cx,rz,h}",6912,dense_unitary_diagnostic,passed,"[0,pi/4); no 2pi target wraparound",pyzx_full_reduce,external ZX/global-IR semantic,4,1/64,0.3333333333333333,0.25,11,5,0,False,26,864,864,6,2147483648,7,309,2472,8,random_commuting_order,69f71fe593c376d2dd52b6f14cfc4deb77c08870d3518faeb5368c224fafb059,110657536,0.209049,random_commuting_order,20260801,1536,completed,ux-7827835d71942c50,30.0,0.294132,"uniform on {1,...,K-1} over an exact-size uniform support sample"
16,2,"QASM2 -> qiskit transpile opt3 -> {cx,rz,h}",6912,exact_cnot_rz,passed,"[0,pi/4); no 2pi target wraparound",qiskit_opt3,configured local/preset diagnostic,4,1/64,0.3333333333333333,0.25,3,5,0,True,6,864,864,6,2147483648,7,149,1192,8,random_commuting_order,69f71fe593c376d2dd52b6f14cfc4deb77c08870d3518faeb5368c224fafb059,74563584,0.095831,random_commuting_order,20260801,1536,completed,ux-7827835d71942c50,30.0,0.173744,"uniform on {1,...,K-1} over an exact-size uniform support sample"
16,2,"decode codec -> exact support table -> {cx,rz} lowering",6912,exact_cnot_rz,passed,"[0,pi/4); no 2pi target wraparound",semantic_reference,instrumented semantic reference,4,1/64,0.3333333333333333,0.25,3,5,0,True,6,864,864,6,2147483648,7,149,1192,8,random_commuting_order,69f71fe593c376d2dd52b6f14cfc4deb77c08870d3518faeb5368c224fafb059,74121216,0.084814,random_commuting_order,20260801,1536,completed,ux-7827835d71942c50,30.0,0.1516,"uniform on {1,...,K-1} over an exact-size uniform support sample"
16,2,"QASM2 -> TKET DecomposeBoxes/PauliSimp -> {cx,rz,h}",6912,dense_unitary_diagnostic,passed,"[0,pi/4); no 2pi target wraparound",tket_paulisimp,external Pauli-network/global semantic,4,1/64,0.3333333333333333,0.25,9,5,0,False,48,864,864,6,2147483648,7,709,5672,8,random_commuting_order,69f71fe593c376d2dd52b6f14cfc4deb77c08870d3518faeb5368c224fafb059,124977152,0.282103,random_commuting_order,20260801,1536,completed,ux-7827835d71942c50,30.0,0.368367,"uniform on {1,...,K-1} over an exact-size uniform support sample"
16,2,"QASM2 -> exact parity/phase table -> {cx,rz} lowering",6912,exact_cnot_rz,passed,"[0,pi/4); no 2pi target wraparound",phase_polynomial_reference,instrumented global phase table,4,1/64,0.3333333333333333,0.25,3,5,0,True,6,864,864,6,2147483648,7,149,1192,8,round_robin_flat,5fe6d2657e23be9cb42329ebdbdb95c2a5e08fba348286775908faaec93aa85f,74219520,0.087717,round_robin_flat,20260801,1488,completed,ux-7827835d71942c50,30.0,0.148382,"uniform on {1,...,K-1} over an exact-size uniform support sample"
16,2,"QASM2 -> ZX graph/full_reduce/extract_circuit -> {cx,rz,h}",6912,dense_unitary_diagnostic,passed,"[0,pi/4); no 2pi target wraparound",pyzx_full_reduce,external ZX/global-IR semantic,4,1/64,0.3333333333333333,0.25,11,5,0,False,26,864,864,6,2147483648,7,309,2472,8,round_robin_flat,5fe6d2657e23be9cb42329ebdbdb95c2a5e08fba348286775908faaec93aa85f,110690304,0.207164,round_robin_flat,20260801,1488,completed,ux-7827835d71942c50,30.0,0.295495,"uniform on {1,...,K-1} over an exact-size uniform support sample"
16,2,"QASM2 -> qiskit transpile opt3 -> {cx,rz,h}",6912,exact_cnot_rz,passed,"[0,pi/4); no 2pi target wraparound",qiskit_opt3,configured local/preset diagnostic,4,1/64,0.3333333333333333,0.25,3,5,0,True,6,864,864,6,2147483648,7,149,1192,8,round_robin_flat,5fe6d2657e23be9cb42329ebdbdb95c2a5e08fba348286775908faaec93aa85f,74629120,0.096339,round_robin_flat,20260801,1488,completed,ux-7827835d71942c50,30.0,0.149763,"uniform on {1,...,K-1} over an exact-size uniform support sample"
16,2,"decode codec -> exact support table -> {cx,rz} lowering",6912,exact_cnot_rz,passed,"[0,pi/4); no 2pi target wraparound",semantic_reference,instrumented semantic reference,4,1/64,0.3333333333333333,0.25,3,5,0,True,6,864,864,6,2147483648,7,149,1192,8,round_robin_flat,5fe6d2657e23be9cb42329ebdbdb95c2a5e08fba348286775908faaec93aa85f,73220096,0.085132,round_robin_flat,20260801,1488,completed,ux-7827835d71942c50,30.0,0.141022,"uniform on {1,...,K-1} over an exact-size uniform support sample"
16,2,"QASM2 -> TKET DecomposeBoxes/PauliSimp -> {cx,rz,h}",6912,dense_unitary_diagnostic,passed,"[0,pi/4); no 2pi target wraparound",tket_paulisimp,external Pauli-network/global semantic,4,1/64,0.3333333333333333,0.25,9,5,0,False,48,864,864,6,2147483648,7,709,5672,8,round_robin_flat,5fe6d2657e23be9cb42329ebdbdb95c2a5e08fba348286775908faaec93aa85f,125206528,0.273176,round_robin_flat,20260801,1488,completed,ux-7827835d71942c50,30.0,0.371913,"uniform on {1,...,K-1} over an exact-size uniform support sample"
16,2,"QASM2 -> exact parity/phase table -> {cx,rz} lowering",1192,exact_cnot_rz,passed,"[0,pi/4); no 2pi target wraparound",phase_polynomial_reference,instrumented global phase table,4,1/64,0.3333333333333333,0.25,3,5,0,True,6,149,149,6,2147483648,7,149,1192,8,semantic_aggregate,6a351b86e5721148123dd78d3722da1369a3d0c2d602b22bf9c6fd6b82a7d46f,74104832,0.084757,semantic_aggregate,20260801,368,completed,ux-7827835d71942c50,30.0,0.145788,"uniform on {1,...,K-1} over an exact-size uniform support sample"
16,2,"QASM2 -> ZX graph/full_reduce/extract_circuit -> {cx,rz,h}",1192,dense_unitary_diagnostic,passed,"[0,pi/4); no 2pi target wraparound",pyzx_full_reduce,external ZX/global-IR semantic,4,1/64,0.3333333333333333,0.25,11,5,0,False,26,149,309,6,2147483648,7,309,2472,8,semantic_aggregate,6a351b86e5721148123dd78d3722da1369a3d0c2d602b22bf9c6fd6b82a7d46f,110739456,0.206824,semantic_aggregate,20260801,368,completed,ux-7827835d71942c50,30.0,0.301852,"uniform on {1,...,K-1} over an exact-size uniform support sample"
16,2,"QASM2 -> qiskit transpile opt3 -> {cx,rz,h}",1192,exact_cnot_rz,passed,"[0,pi/4); no 2pi target wraparound",qiskit_opt3,configured local/preset diagnostic,4,1/64,0.3333333333333333,0.25,3,5,0,True,6,149,149,6,2147483648,7,149,1192,8,semantic_aggregate,6a351b86e5721148123dd78d3722da1369a3d0c2d602b22bf9c6fd6b82a7d46f,77266944,0.095967,semantic_aggregate,20260801,368,completed,ux-7827835d71942c50,30.0,0.171891,"uniform on {1,...,K-1} over an exact-size uniform support sample"
16,2,"decode codec -> exact support table -> {cx,rz} lowering",1192,exact_cnot_rz,passed,"[0,pi/4); no 2pi target wraparound",semantic_reference,instrumented semantic reference,4,1/64,0.3333333333333333,0.25,3,5,0,True,6,149,149,6,2147483648,7,149,1192,8,semantic_aggregate,6a351b86e5721148123dd78d3722da1369a3d0c2d602b22bf9c6fd6b82a7d46f,74121216,0.085203,semantic_aggregate,20260801,368,completed,ux-7827835d71942c50,30.0,0.151008,"uniform on {1,...,K-1} over an exact-size uniform support sample"
16,2,"QASM2 -> TKET DecomposeBoxes/PauliSimp -> {cx,rz,h}",1192,dense_unitary_diagnostic,passed,"[0,pi/4); no 2pi target wraparound",tket_paulisimp,external Pauli-network/global semantic,4,1/64,0.3333333333333333,0.25,9,5,0,False,48,149,709,6,2147483648,7,709,5672,8,semantic_aggregate,6a351b86e5721148123dd78d3722da1369a3d0c2d602b22bf9c6fd6b82a7d46f,124895232,0.276459,semantic_aggregate,20260801,368,completed,ux-7827835d71942c50,30.0,0.368933,"uniform on {1,...,K-1} over an exact-size uniform support sample"
4,9,"QASM2 -> exact parity/phase table -> {cx,rz} lowering",3672,exact_cnot_rz,passed,"[0,pi/4); no 2pi target wraparound",phase_polynomial_reference,instrumented global phase table,18,1/16,0.75,0.75,9,6,0,True,27,459,459,12,2147483648,13,459,3672,2,bridge_qasm2,9843839bc7240e467b41ac1567f944edcf2058baeabd8adfd09f04b479f0752b,74252288,0.084751,bridge_qasm2,20260802,3672,completed,ux-39c437e13abbd91c,30.0,0.149766,"uniform on {1,...,K-1} over an exact-size uniform support sample"
4,9,"QASM2 -> ZX graph/full_reduce/extract_circuit -> {cx,rz,h}",3672,pyzx_rewrite_identity_diagnostic,passed,"[0,pi/4); no 2pi target wraparound",pyzx_full_reduce,external ZX/global-IR semantic,32,1/16,0.75,0.75,34,6,0,False,149,459,1563,12,2147483648,13,1563,12504,2,bridge_qasm2,9843839bc7240e467b41ac1567f944edcf2058baeabd8adfd09f04b479f0752b,109953024,0.21123,bridge_qasm2,20260802,3672,completed,ux-39c437e13abbd91c,30.0,0.29579,"uniform on {1,...,K-1} over an exact-size uniform support sample"
4,9,"QASM2 -> qiskit transpile opt3 -> {cx,rz,h}",3672,exact_cnot_rz,passed,"[0,pi/4); no 2pi target wraparound",qiskit_opt3,configured local/preset diagnostic,18,1/16,0.75,0.75,9,6,0,True,27,459,459,12,2147483648,13,459,3672,2,bridge_qasm2,9843839bc7240e467b41ac1567f944edcf2058baeabd8adfd09f04b479f0752b,77398016,0.096282,bridge_qasm2,20260802,3672,completed,ux-39c437e13abbd91c,30.0,0.171901,"uniform on {1,...,K-1} over an exact-size uniform support sample"
4,9,"decode codec -> exact support table -> {cx,rz} lowering",3672,exact_cnot_rz,passed,"[0,pi/4); no 2pi target wraparound",semantic_reference,instrumented semantic reference,18,1/16,0.75,0.75,9,6,0,True,27,459,459,12,2147483648,13,459,3672,2,bridge_qasm2,9843839bc7240e467b41ac1567f944edcf2058baeabd8adfd09f04b479f0752b,74121216,0.085148,bridge_qasm2,20260802,3672,completed,ux-39c437e13abbd91c,30.0,0.148473,"uniform on {1,...,K-1} over an exact-size uniform support sample"
4,9,"QASM2 -> TKET DecomposeBoxes/PauliSimp -> {cx,rz,h}",3672,pyzx_rewrite_identity_diagnostic,passed,"[0,pi/4); no 2pi target wraparound",tket_paulisimp,external Pauli-network/global semantic,26,1/16,0.75,0.75,21,6,0,False,113,459,1628,12,2147483648,13,1628,13024,2,bridge_qasm2,9843839bc7240e467b41ac1567f944edcf2058baeabd8adfd09f04b479f0752b,157270016,0.393209,bridge_qasm2,20260802,3672,completed,ux-39c437e13abbd91c,30.0,0.51923,"uniform on {1,...,K-1} over an exact-size uniform support sample"
4,9,"QASM2 -> exact parity/phase table -> {cx,rz} lowering",7352,exact_cnot_rz,passed,"[0,pi/4); no 2pi target wraparound",phase_polynomial_reference,instrumented global phase table,18,1/16,0.75,0.75,9,6,0,True,27,919,919,12,2147483648,13,459,3672,2,contiguous_flat,8543a2c44d32d05cb12b7a88eb1593cf35ba63644c0cdb03aea723da0112f44c,73973760,0.085212,contiguous_flat,20260802,1496,completed,ux-39c437e13abbd91c,30.0,0.14239,"uniform on {1,...,K-1} over an exact-size uniform support sample"
4,9,"QASM2 -> ZX graph/full_reduce/extract_circuit -> {cx,rz,h}",7352,pyzx_rewrite_identity_diagnostic,passed,"[0,pi/4); no 2pi target wraparound",pyzx_full_reduce,external ZX/global-IR semantic,32,1/16,0.75,0.75,34,6,0,False,149,919,1563,12,2147483648,13,1563,12504,2,contiguous_flat,8543a2c44d32d05cb12b7a88eb1593cf35ba63644c0cdb03aea723da0112f44c,110002176,0.212739,contiguous_flat,20260802,1496,completed,ux-39c437e13abbd91c,30.0,0.295468,"uniform on {1,...,K-1} over an exact-size uniform support sample"
4,9,"QASM2 -> qiskit transpile opt3 -> {cx,rz,h}",7352,exact_cnot_rz,passed,"[0,pi/4); no 2pi target wraparound",qiskit_opt3,configured local/preset diagnostic,18,1/16,0.75,0.75,9,6,0,True,27,919,919,12,2147483648,13,459,3672,2,contiguous_flat,8543a2c44d32d05cb12b7a88eb1593cf35ba63644c0cdb03aea723da0112f44c,74727424,0.096366,contiguous_flat,20260802,1496,completed,ux-39c437e13abbd91c,30.0,0.151633,"uniform on {1,...,K-1} over an exact-size uniform support sample"
4,9,"decode codec -> exact support table -> {cx,rz} lowering",7352,exact_cnot_rz,passed,"[0,pi/4); no 2pi target wraparound",semantic_reference,instrumented semantic reference,18,1/16,0.75,0.75,9,6,0,True,27,919,919,12,2147483648,13,459,3672,2,contiguous_flat,8543a2c44d32d05cb12b7a88eb1593cf35ba63644c0cdb03aea723da0112f44c,74055680,0.084993,contiguous_flat,20260802,1496,completed,ux-39c437e13abbd91c,30.0,0.145256,"uniform on {1,...,K-1} over an exact-size uniform support sample"
4,9,"QASM2 -> TKET DecomposeBoxes/PauliSimp -> {cx,rz,h}",7352,pyzx_rewrite_identity_diagnostic,passed,"[0,pi/4); no 2pi target wraparound",tket_paulisimp,external Pauli-network/global semantic,26,1/16,0.75,0.75,21,6,0,False,113,919,1628,12,2147483648,13,1628,13024,2,contiguous_flat,8543a2c44d32d05cb12b7a88eb1593cf35ba63644c0cdb03aea723da0112f44c,157417472,0.39078,contiguous_flat,20260802,1496,completed,ux-39c437e13abbd91c,30.0,0.495099,"uniform on {1,...,K-1} over an exact-size uniform support sample"
4,9,"QASM2 -> exact parity/phase table -> {cx,rz} lowering",3672,exact_cnot_rz,passed,"[0,pi/4); no 2pi target wraparound",phase_polynomial_reference,instrumented global phase table,18,1/16,0.75,0.75,9,6,0,True,27,459,459,12,2147483648,13,459,3672,2,locally_folded,cb9115de0570d8da6658ac77ab3f2cf15036437ec66c38d4b806eaeb68e07fb4,74186752,0.084525,locally_folded,20260802,840,completed,ux-39c437e13abbd91c,30.0,0.151682,"uniform on {1,...,K-1} over an exact-size uniform support sample"
4,9,"QASM2 -> ZX graph/full_reduce/extract_circuit -> {cx,rz,h}",3672,pyzx_rewrite_identity_diagnostic,passed,"[0,pi/4); no 2pi target wraparound",pyzx_full_reduce,external ZX/global-IR semantic,32,1/16,0.75,0.75,34,6,0,False,149,459,1563,12,2147483648,13,1563,12504,2,locally_folded,cb9115de0570d8da6658ac77ab3f2cf15036437ec66c38d4b806eaeb68e07fb4,109838336,0.213778,locally_folded,20260802,840,completed,ux-39c437e13abbd91c,30.0,0.292207,"uniform on {1,...,K-1} over an exact-size uniform support sample"
4,9,"QASM2 -> qiskit transpile opt3 -> {cx,rz,h}",3672,exact_cnot_rz,passed,"[0,pi/4); no 2pi target wraparound",qiskit_opt3,configured local/preset diagnostic,18,1/16,0.75,0.75,9,6,0,True,27,459,459,12,2147483648,13,459,3672,2,locally_folded,cb9115de0570d8da6658ac77ab3f2cf15036437ec66c38d4b806eaeb68e07fb4,74547200,0.09576,locally_folded,20260802,840,completed,ux-39c437e13abbd91c,30.0,0.147739,"uniform on {1,...,K-1} over an exact-size uniform support sample"
4,9,"decode codec -> exact support table -> {cx,rz} lowering",3672,exact_cnot_rz,passed,"[0,pi/4); no 2pi target wraparound",semantic_reference,instrumented semantic reference,18,1/16,0.75,0.75,9,6,0,True,27,459,459,12,2147483648,13,459,3672,2,locally_folded,cb9115de0570d8da6658ac77ab3f2cf15036437ec66c38d4b806eaeb68e07fb4,74006528,0.085941,locally_folded,20260802,840,completed,ux-39c437e13abbd91c,30.0,0.148472,"uniform on {1,...,K-1} over an exact-size uniform support sample"
4,9,"QASM2 -> TKET DecomposeBoxes/PauliSimp -> {cx,rz,h}",3672,pyzx_rewrite_identity_diagnostic,passed,"[0,pi/4); no 2pi target wraparound",tket_paulisimp,external Pauli-network/global semantic,26,1/16,0.75,0.75,21,6,0,False,113,459,1628,12,2147483648,13,1628,13024,2,locally_folded,cb9115de0570d8da6658ac77ab3f2cf15036437ec66c38d4b806eaeb68e07fb4,157237248,0.389629,locally_folded,20260802,840,completed,ux-39c437e13abbd91c,30.0,0.49716,"uniform on {1,...,K-1} over an exact-size uniform support sample"
4,9,"QASM2 -> exact parity/phase table -> {cx,rz} lowering",7480,exact_cnot_rz,passed,"[0,pi/4); no 2pi target wraparound",phase_polynomial_reference,instrumented global phase table,18,1/16,0.75,0.75,9,6,0,True,27,935,935,12,2147483648,13,459,3672,2,masked_share_flat,82bb30098d6dfa2f54976c0fdcc80586e7e6e52f25f5c5d6af5c9888e8b29acb,74186752,0.085124,masked_share_flat,20260802,1512,completed,ux-39c437e13abbd91c,30.0,0.150982,"uniform on {1,...,K-1} over an exact-size uniform support sample"
4,9,"QASM2 -> ZX graph/full_reduce/extract_circuit -> {cx,rz,h}",7480,pyzx_rewrite_identity_diagnostic,passed,"[0,pi/4); no 2pi target wraparound",pyzx_full_reduce,external ZX/global-IR semantic,32,1/16,0.75,0.75,34,6,0,False,149,935,1563,12,2147483648,13,1563,12504,2,masked_share_flat,82bb30098d6dfa2f54976c0fdcc80586e7e6e52f25f5c5d6af5c9888e8b29acb,109953024,0.21504,masked_share_flat,20260802,1512,completed,ux-39c437e13abbd91c,30.0,0.299891,"uniform on {1,...,K-1} over an exact-size uniform support sample"
4,9,"QASM2 -> qiskit transpile opt3 -> {cx,rz,h}",7480,pyzx_rewrite_identity_diagnostic,inconclusive,"[0,pi/4); no 2pi target wraparound",qiskit_opt3,configured local/preset diagnostic,30,1/16,0.75,0.75,36,6,0,False,132,935,2228,12,2147483648,13,2228,17824,2,masked_share_flat,82bb30098d6dfa2f54976c0fdcc80586e7e6e52f25f5c5d6af5c9888e8b29acb,111755264,0.218102,masked_share_flat,20260802,1512,certificate_unsupported,ux-39c437e13abbd91c,30.0,0.296897,"uniform on {1,...,K-1} over an exact-size uniform support sample"
4,9,"decode codec -> exact support table -> {cx,rz} lowering",7480,exact_cnot_rz,passed,"[0,pi/4); no 2pi target wraparound",semantic_reference,instrumented semantic reference,18,1/16,0.75,0.75,9,6,0,True,27,935,935,12,2147483648,13,459,3672,2,masked_share_flat,82bb30098d6dfa2f54976c0fdcc80586e7e6e52f25f5c5d6af5c9888e8b29acb,74088448,0.084672,masked_share_flat,20260802,1512,completed,ux-39c437e13abbd91c,30.0,0.150095,"uniform on {1,...,K-1} over an exact-size uniform support sample"
4,9,"QASM2 -> TKET DecomposeBoxes/PauliSimp -> {cx,rz,h}",7480,pyzx_rewrite_identity_diagnostic,passed,"[0,pi/4); no 2pi target wraparound",tket_paulisimp,external Pauli-network/global semantic,30,1/16,0.75,0.75,22,6,0,False,125,935,1877,12,2147483648,13,1877,15016,2,masked_share_flat,82bb30098d6dfa2f54976c0fdcc80586e7e6e52f25f5c5d6af5c9888e8b29acb,157384704,0.390319,masked_share_flat,20260802,1512,completed,ux-39c437e13abbd91c,30.0,0.510056,"uniform on {1,...,K-1} over an exact-size uniform support sample"
4,9,"QASM2 -> exact parity/phase table -> {cx,rz} lowering",7352,exact_cnot_rz,passed,"[0,pi/4); no 2pi target wraparound",phase_polynomial_reference,instrumented global phase table,18,1/16,0.75,0.75,9,6,0,True,27,919,919,12,2147483648,13,459,3672,2,random_commuting_order,ceccb47f73064b557fc5382477870008d3c49066cc54b738dd34b7eaac230772,74153984,0.084736,random_commuting_order,20260802,1552,completed,ux-39c437e13abbd91c,30.0,0.150633,"uniform on {1,...,K-1} over an exact-size uniform support sample"
4,9,"QASM2 -> ZX graph/full_reduce/extract_circuit -> {cx,rz,h}",7352,pyzx_rewrite_identity_diagnostic,passed,"[0,pi/4); no 2pi target wraparound",pyzx_full_reduce,external ZX/global-IR semantic,32,1/16,0.75,0.75,34,6,0,False,149,919,1563,12,2147483648,13,1563,12504,2,random_commuting_order,ceccb47f73064b557fc5382477870008d3c49066cc54b738dd34b7eaac230772,109953024,0.213248,random_commuting_order,20260802,1552,completed,ux-39c437e13abbd91c,30.0,0.296894,"uniform on {1,...,K-1} over an exact-size uniform support sample"
4,9,"QASM2 -> qiskit transpile opt3 -> {cx,rz,h}",7352,exact_cnot_rz,passed,"[0,pi/4); no 2pi target wraparound",qiskit_opt3,configured local/preset diagnostic,32,1/16,0.75,0.75,15,6,0,True,48,919,919,12,2147483648,13,825,6600,2,random_commuting_order,ceccb47f73064b557fc5382477870008d3c49066cc54b738dd34b7eaac230772,77479936,0.099273,random_commuting_order,20260802,1552,completed,ux-39c437e13abbd91c,30.0,0.17277,"uniform on {1,...,K-1} over an exact-size uniform support sample"
4,9,"decode codec -> exact support table -> {cx,rz} lowering",7352,exact_cnot_rz,passed,"[0,pi/4); no 2pi target wraparound",semantic_reference,instrumented semantic reference,18,1/16,0.75,0.75,9,6,0,True,27,919,919,12,2147483648,13,459,3672,2,random_commuting_order,ceccb47f73064b557fc5382477870008d3c49066cc54b738dd34b7eaac230772,74153984,0.084593,random_commuting_order,20260802,1552,completed,ux-39c437e13abbd91c,30.0,0.148983,"uniform on {1,...,K-1} over an exact-size uniform support sample"
4,9,"QASM2 -> TKET DecomposeBoxes/PauliSimp -> {cx,rz,h}",7352,pyzx_rewrite_identity_diagnostic,passed,"[0,pi/4); no 2pi target wraparound",tket_paulisimp,external Pauli-network/global semantic,26,1/16,0.75,0.75,21,6,0,False,113,919,1628,12,2147483648,13,1628,13024,2,random_commuting_order,ceccb47f73064b557fc5382477870008d3c49066cc54b738dd34b7eaac230772,157302784,0.394202,random_commuting_order,20260802,1552,completed,ux-39c437e13abbd91c,30.0,0.519467,"uniform on {1,...,K-1} over an exact-size uniform support sample"
4,9,"QASM2 -> exact parity/phase table -> {cx,rz} lowering",7352,exact_cnot_rz,passed,"[0,pi/4); no 2pi target wraparound",phase_polynomial_reference,instrumented global phase table,18,1/16,0.75,0.75,9,6,0,True,27,919,919,12,2147483648,13,459,3672,2,round_robin_flat,3ad2b00a30955e6bec1cd19fbb036f10efe6fb3c6cdb3ac63f8fb5cc9bad6aa0,74219520,0.085436,round_robin_flat,20260802,1504,completed,ux-39c437e13abbd91c,30.0,0.145414,"uniform on {1,...,K-1} over an exact-size uniform support sample"
4,9,"QASM2 -> ZX graph/full_reduce/extract_circuit -> {cx,rz,h}",7352,pyzx_rewrite_identity_diagnostic,passed,"[0,pi/4); no 2pi target wraparound",pyzx_full_reduce,external ZX/global-IR semantic,32,1/16,0.75,0.75,34,6,0,False,149,919,1563,12,2147483648,13,1563,12504,2,round_robin_flat,3ad2b00a30955e6bec1cd19fbb036f10efe6fb3c6cdb3ac63f8fb5cc9bad6aa0,109985792,0.213329,round_robin_flat,20260802,1504,completed,ux-39c437e13abbd91c,30.0,0.292669,"uniform on {1,...,K-1} over an exact-size uniform support sample"
4,9,"QASM2 -> qiskit transpile opt3 -> {cx,rz,h}",7352,exact_cnot_rz,passed,"[0,pi/4); no 2pi target wraparound",qiskit_opt3,configured local/preset diagnostic,34,1/16,0.75,0.75,15,6,0,True,51,919,919,12,2147483648,13,874,6992,2,round_robin_flat,3ad2b00a30955e6bec1cd19fbb036f10efe6fb3c6cdb3ac63f8fb5cc9bad6aa0,77447168,0.09657,round_robin_flat,20260802,1504,completed,ux-39c437e13abbd91c,30.0,0.170418,"uniform on {1,...,K-1} over an exact-size uniform support sample"
4,9,"decode codec -> exact support table -> {cx,rz} lowering",7352,exact_cnot_rz,passed,"[0,pi/4); no 2pi target wraparound",semantic_reference,instrumented semantic reference,18,1/16,0.75,0.75,9,6,0,True,27,919,919,12,2147483648,13,459,3672,2,round_robin_flat,3ad2b00a30955e6bec1cd19fbb036f10efe6fb3c6cdb3ac63f8fb5cc9bad6aa0,74022912,0.085056,round_robin_flat,20260802,1504,completed,ux-39c437e13abbd91c,30.0,0.1483,"uniform on {1,...,K-1} over an exact-size uniform support sample"
4,9,"QASM2 -> TKET DecomposeBoxes/PauliSimp -> {cx,rz,h}",7352,pyzx_rewrite_identity_diagnostic,passed,"[0,pi/4); no 2pi target wraparound",tket_paulisimp,external Pauli-network/global semantic,26,1/16,0.75,0.75,21,6,0,False,113,919,1628,12,2147483648,13,1628,13024,2,round_robin_flat,3ad2b00a30955e6bec1cd19fbb036f10efe6fb3c6cdb3ac63f8fb5cc9bad6aa0,157286400,0.394699,round_robin_flat,20260802,1504,completed,ux-39c437e13abbd91c,30.0,0.511464,"uniform on {1,...,K-1} over an exact-size uniform support sample"
4,9,"QASM2 -> exact parity/phase table -> {cx,rz} lowering",3672,exact_cnot_rz,passed,"[0,pi/4); no 2pi target wraparound",phase_polynomial_reference,instrumented global phase table,18,1/16,0.75,0.75,9,6,0,True,27,459,459,12,2147483648,13,459,3672,2,semantic_aggregate,74275b799ea8dc79e45ba6e96535bbc0146099956031a1464a343d3df4c80605,74219520,0.121422,semantic_aggregate,20260802,872,completed,ux-39c437e13abbd91c,30.0,0.198988,"uniform on {1,...,K-1} over an exact-size uniform support sample"
4,9,"QASM2 -> ZX graph/full_reduce/extract_circuit -> {cx,rz,h}",3672,pyzx_rewrite_identity_diagnostic,passed,"[0,pi/4); no 2pi target wraparound",pyzx_full_reduce,external ZX/global-IR semantic,32,1/16,0.75,0.75,34,6,0,False,149,459,1563,12,2147483648,13,1563,12504,2,semantic_aggregate,74275b799ea8dc79e45ba6e96535bbc0146099956031a1464a343d3df4c80605,109969408,0.211971,semantic_aggregate,20260802,872,completed,ux-39c437e13abbd91c,30.0,0.298107,"uniform on {1,...,K-1} over an exact-size uniform support sample"
4,9,"QASM2 -> qiskit transpile opt3 -> {cx,rz,h}",3672,exact_cnot_rz,passed,"[0,pi/4); no 2pi target wraparound",qiskit_opt3,configured local/preset diagnostic,18,1/16,0.75,0.75,9,6,0,True,27,459,459,12,2147483648,13,459,3672,2,semantic_aggregate,74275b799ea8dc79e45ba6e96535bbc0146099956031a1464a343d3df4c80605,77545472,0.097426,semantic_aggregate,20260802,872,completed,ux-39c437e13abbd91c,30.0,0.173113,"uniform on {1,...,K-1} over an exact-size uniform support sample"
4,9,"decode codec -> exact support table -> {cx,rz} lowering",3672,exact_cnot_rz,passed,"[0,pi/4); no 2pi target wraparound",semantic_reference,instrumented semantic reference,18,1/16,0.75,0.75,9,6,0,True,27,459,459,12,2147483648,13,459,3672,2,semantic_aggregate,74275b799ea8dc79e45ba6e96535bbc0146099956031a1464a343d3df4c80605,73990144,0.084888,semantic_aggregate,20260802,872,completed,ux-39c437e13abbd91c,30.0,0.145102,"uniform on {1,...,K-1} over an exact-size uniform support sample"
4,9,"QASM2 -> TKET DecomposeBoxes/PauliSimp -> {cx,rz,h}",3672,pyzx_rewrite_identity_diagnostic,passed,"[0,pi/4); no 2pi target wraparound",tket_paulisimp,external Pauli-network/global semantic,26,1/16,0.75,0.75,21,6,0,False,113,459,1628,12,2147483648,13,1628,13024,2,semantic_aggregate,74275b799ea8dc79e45ba6e96535bbc0146099956031a1464a343d3df4c80605,157384704,0.39123,semantic_aggregate,20260802,872,completed,ux-39c437e13abbd91c,30.0,0.516776,"uniform on {1,...,K-1} over an exact-size uniform support sample"
8,24,"QASM2 -> exact parity/phase table -> {cx,rz} lowering",11128,exact_cnot_rz,passed,"[0,pi/4); no 2pi target wraparound",phase_polynomial_reference,instrumented global phase table,48,1/32,1.0,1.0,72,7,0,True,72,1391,1391,24,2147483648,25,1391,11128,4,bridge_qasm2,35fb7dd6b9cc1a1a5cb6e0a47af7f1fbfd8cacfeea730a9852c63fa67cab4cbb,74219520,0.086165,bridge_qasm2,20260803,11128,completed,ux-6a0e169553425211,30.0,0.147008,"uniform on {1,...,K-1} over an exact-size uniform support sample"
8,24,"QASM2 -> ZX graph/full_reduce/extract_circuit -> {cx,rz,h}",11128,pyzx_rewrite_identity_diagnostic,passed,"[0,pi/4); no 2pi target wraparound",pyzx_full_reduce,external ZX/global-IR semantic,600,1/32,1.0,1.0,1000,7,0,False,1922,1391,21246,24,2147483648,25,21246,169968,4,bridge_qasm2,35fb7dd6b9cc1a1a5cb6e0a47af7f1fbfd8cacfeea730a9852c63fa67cab4cbb,111919104,0.464259,bridge_qasm2,20260803,11128,completed,ux-6a0e169553425211,30.0,0.559478,"uniform on {1,...,K-1} over an exact-size uniform support sample"
8,24,"QASM2 -> qiskit transpile opt3 -> {cx,rz,h}",11128,exact_cnot_rz,passed,"[0,pi/4); no 2pi target wraparound",qiskit_opt3,configured local/preset diagnostic,48,1/32,1.0,1.0,72,7,0,True,72,1391,1391,24,2147483648,25,1391,11128,4,bridge_qasm2,35fb7dd6b9cc1a1a5cb6e0a47af7f1fbfd8cacfeea730a9852c63fa67cab4cbb,74776576,0.097586,bridge_qasm2,20260803,11128,completed,ux-6a0e169553425211,30.0,0.151141,"uniform on {1,...,K-1} over an exact-size uniform support sample"
8,24,"decode codec -> exact support table -> {cx,rz} lowering",11128,exact_cnot_rz,passed,"[0,pi/4); no 2pi target wraparound",semantic_reference,instrumented semantic reference,48,1/32,1.0,1.0,72,7,0,True,72,1391,1391,24,2147483648,25,1391,11128,4,bridge_qasm2,35fb7dd6b9cc1a1a5cb6e0a47af7f1fbfd8cacfeea730a9852c63fa67cab4cbb,73957376,0.088607,bridge_qasm2,20260803,11128,completed,ux-6a0e169553425211,30.0,0.145983,"uniform on {1,...,K-1} over an exact-size uniform support sample"
8,24,"QASM2 -> TKET DecomposeBoxes/PauliSimp -> {cx,rz,h}",11128,pyzx_rewrite_identity_diagnostic,passed,"[0,pi/4); no 2pi target wraparound",tket_paulisimp,external Pauli-network/global semantic,348,1/32,1.0,1.0,319,7,0,False,522,1391,8016,24,2147483648,25,8016,64128,4,bridge_qasm2,35fb7dd6b9cc1a1a5cb6e0a47af7f1fbfd8cacfeea730a9852c63fa67cab4cbb,159055872,0.461812,bridge_qasm2,20260803,11128,completed,ux-6a0e169553425211,30.0,0.570428,"uniform on {1,...,K-1} over an exact-size uniform support sample"
8,24,"QASM2 -> exact parity/phase table -> {cx,rz} lowering",44712,exact_cnot_rz,passed,"[0,pi/4); no 2pi target wraparound",phase_polynomial_reference,instrumented global phase table,48,1/32,1.0,1.0,72,7,0,True,72,5589,5589,24,2147483648,25,1391,11128,4,contiguous_flat,5fd5d0610dbf236853b27c02103a371c1a1425a3c4710efec71f598a7850cdf4,74235904,0.087486,contiguous_flat,20260803,7688,completed,ux-6a0e169553425211,30.0,0.148808,"uniform on {1,...,K-1} over an exact-size uniform support sample"
8,24,"QASM2 -> ZX graph/full_reduce/extract_circuit -> {cx,rz,h}",44712,pyzx_rewrite_identity_diagnostic,passed,"[0,pi/4); no 2pi target wraparound",pyzx_full_reduce,external ZX/global-IR semantic,600,1/32,1.0,1.0,1000,7,0,False,1922,5589,21246,24,2147483648,25,21246,169968,4,contiguous_flat,5fd5d0610dbf236853b27c02103a371c1a1425a3c4710efec71f598a7850cdf4,111935488,0.483814,contiguous_flat,20260803,7688,completed,ux-6a0e169553425211,30.0,0.567222,"uniform on {1,...,K-1} over an exact-size uniform support sample"
8,24,"QASM2 -> qiskit transpile opt3 -> {cx,rz,h}",44712,exact_cnot_rz,passed,"[0,pi/4); no 2pi target wraparound",qiskit_opt3,configured local/preset diagnostic,48,1/32,1.0,1.0,72,7,0,True,72,5589,5589,24,2147483648,25,1391,11128,4,contiguous_flat,5fd5d0610dbf236853b27c02103a371c1a1425a3c4710efec71f598a7850cdf4,74727424,0.09812,contiguous_flat,20260803,7688,completed,ux-6a0e169553425211,30.0,0.151652,"uniform on {1,...,K-1} over an exact-size uniform support sample"
8,24,"decode codec -> exact support table -> {cx,rz} lowering",44712,exact_cnot_rz,passed,"[0,pi/4); no 2pi target wraparound",semantic_reference,instrumented semantic reference,48,1/32,1.0,1.0,72,7,0,True,72,5589,5589,24,2147483648,25,1391,11128,4,contiguous_flat,5fd5d0610dbf236853b27c02103a371c1a1425a3c4710efec71f598a7850cdf4,74137600,0.087322,contiguous_flat,20260803,7688,completed,ux-6a0e169553425211,30.0,0.149306,"uniform on {1,...,K-1} over an exact-size uniform support sample"
8,24,"QASM2 -> TKET DecomposeBoxes/PauliSimp -> {cx,rz,h}",44712,pyzx_rewrite_identity_diagnostic,passed,"[0,pi/4); no 2pi target wraparound",tket_paulisimp,external Pauli-network/global semantic,348,1/32,1.0,1.0,319,7,0,False,522,5589,8016,24,2147483648,25,8016,64128,4,contiguous_flat,5fd5d0610dbf236853b27c02103a371c1a1425a3c4710efec71f598a7850cdf4,159465472,0.470619,contiguous_flat,20260803,7688,completed,ux-6a0e169553425211,30.0,0.597803,"uniform on {1,...,K-1} over an exact-size uniform support sample"
8,24,"QASM2 -> exact parity/phase table -> {cx,rz} lowering",22472,exact_cnot_rz,passed,"[0,pi/4); no 2pi target wraparound",phase_polynomial_reference,instrumented global phase table,48,1/32,1.0,1.0,72,7,0,True,72,2809,2809,24,2147483648,25,1391,11128,4,locally_folded,811f3477985729331a9c33cf6b49d50dc5262d303e8175a95178d3c35b396514,74285056,0.086015,locally_folded,20260803,3648,completed,ux-6a0e169553425211,30.0,0.150724,"uniform on {1,...,K-1} over an exact-size uniform support sample"
8,24,"QASM2 -> ZX graph/full_reduce/extract_circuit -> {cx,rz,h}",22472,pyzx_rewrite_identity_diagnostic,passed,"[0,pi/4); no 2pi target wraparound",pyzx_full_reduce,external ZX/global-IR semantic,600,1/32,1.0,1.0,1000,7,0,False,1922,2809,21246,24,2147483648,25,21246,169968,4,locally_folded,811f3477985729331a9c33cf6b49d50dc5262d303e8175a95178d3c35b396514,112017408,0.47074,locally_folded,20260803,3648,completed,ux-6a0e169553425211,30.0,0.561032,"uniform on {1,...,K-1} over an exact-size uniform support sample"
8,24,"QASM2 -> qiskit transpile opt3 -> {cx,rz,h}",22472,exact_cnot_rz,passed,"[0,pi/4); no 2pi target wraparound",qiskit_opt3,configured local/preset diagnostic,48,1/32,1.0,1.0,72,7,0,True,72,2809,2809,24,2147483648,25,1391,11128,4,locally_folded,811f3477985729331a9c33cf6b49d50dc5262d303e8175a95178d3c35b396514,77676544,0.097367,locally_folded,20260803,3648,completed,ux-6a0e169553425211,30.0,0.172323,"uniform on {1,...,K-1} over an exact-size uniform support sample"
8,24,"decode codec -> exact support table -> {cx,rz} lowering",22472,exact_cnot_rz,passed,"[0,pi/4); no 2pi target wraparound",semantic_reference,instrumented semantic reference,48,1/32,1.0,1.0,72,7,0,True,72,2809,2809,24,2147483648,25,1391,11128,4,locally_folded,811f3477985729331a9c33cf6b49d50dc5262d303e8175a95178d3c35b396514,74104832,0.084916,locally_folded,20260803,3648,completed,ux-6a0e169553425211,30.0,0.148431,"uniform on {1,...,K-1} over an exact-size uniform support sample"
8,24,"QASM2 -> TKET DecomposeBoxes/PauliSimp -> {cx,rz,h}",22472,pyzx_rewrite_identity_diagnostic,passed,"[0,pi/4); no 2pi target wraparound",tket_paulisimp,external Pauli-network/global semantic,348,1/32,1.0,1.0,319,7,0,False,522,2809,8016,24,2147483648,25,8016,64128,4,locally_folded,811f3477985729331a9c33cf6b49d50dc5262d303e8175a95178d3c35b396514,159399936,0.465309,locally_folded,20260803,3648,completed,ux-6a0e169553425211,30.0,0.57477,"uniform on {1,...,K-1} over an exact-size uniform support sample"
8,24,"QASM2 -> exact parity/phase table -> {cx,rz} lowering",42088,exact_cnot_rz,passed,"[0,pi/4); no 2pi target wraparound",phase_polynomial_reference,instrumented global phase table,48,1/32,1.0,1.0,72,7,0,True,72,5261,5261,24,2147483648,25,1391,11128,4,masked_share_flat,87007659532cb5d01d00404758371cff0fa9dbdc6769968bdb1e1333f0da4024,74219520,0.087072,masked_share_flat,20260803,7128,completed,ux-6a0e169553425211,30.0,0.147257,"uniform on {1,...,K-1} over an exact-size uniform support sample"
8,24,"QASM2 -> ZX graph/full_reduce/extract_circuit -> {cx,rz,h}",42088,pyzx_rewrite_identity_diagnostic,passed,"[0,pi/4); no 2pi target wraparound",pyzx_full_reduce,external ZX/global-IR semantic,600,1/32,1.0,1.0,1000,7,0,False,1922,5261,21246,24,2147483648,25,21246,169968,4,masked_share_flat,87007659532cb5d01d00404758371cff0fa9dbdc6769968bdb1e1333f0da4024,112230400,0.511823,masked_share_flat,20260803,7128,completed,ux-6a0e169553425211,30.0,0.61154,"uniform on {1,...,K-1} over an exact-size uniform support sample"
8,24,"QASM2 -> qiskit transpile opt3 -> {cx,rz,h}",42088,pyzx_rewrite_identity_diagnostic,inconclusive,"[0,pi/4); no 2pi target wraparound",qiskit_opt3,configured local/preset diagnostic,182,1/32,1.0,1.0,122,7,0,False,422,5261,7484,24,2147483648,25,7484,59872,4,masked_share_flat,87007659532cb5d01d00404758371cff0fa9dbdc6769968bdb1e1333f0da4024,112640000,0.275132,masked_share_flat,20260803,7128,certificate_unsupported,ux-6a0e169553425211,30.0,0.363693,"uniform on {1,...,K-1} over an exact-size uniform support sample"
8,24,"decode codec -> exact support table -> {cx,rz} lowering",42088,exact_cnot_rz,passed,"[0,pi/4); no 2pi target wraparound",semantic_reference,instrumented semantic reference,48,1/32,1.0,1.0,72,7,0,True,72,5261,5261,24,2147483648,25,1391,11128,4,masked_share_flat,87007659532cb5d01d00404758371cff0fa9dbdc6769968bdb1e1333f0da4024,74137600,0.086335,masked_share_flat,20260803,7128,completed,ux-6a0e169553425211,30.0,0.151606,"uniform on {1,...,K-1} over an exact-size uniform support sample"
8,24,"QASM2 -> TKET DecomposeBoxes/PauliSimp -> {cx,rz,h}",42088,pyzx_rewrite_identity_diagnostic,passed,"[0,pi/4); no 2pi target wraparound",tket_paulisimp,external Pauli-network/global semantic,358,1/32,1.0,1.0,323,7,0,False,547,5261,8445,24,2147483648,25,8445,67560,4,masked_share_flat,87007659532cb5d01d00404758371cff0fa9dbdc6769968bdb1e1333f0da4024,159449088,0.475716,masked_share_flat,20260803,7128,completed,ux-6a0e169553425211,30.0,0.59037,"uniform on {1,...,K-1} over an exact-size uniform support sample"
8,24,"QASM2 -> exact parity/phase table -> {cx,rz} lowering",44712,exact_cnot_rz,passed,"[0,pi/4); no 2pi target wraparound",phase_polynomial_reference,instrumented global phase table,48,1/32,1.0,1.0,72,7,0,True,72,5589,5589,24,2147483648,25,1391,11128,4,random_commuting_order,723ae7526f817cf3b234c36871d7ebdf4361d839c06e29883b8d29273391f00f,74203136,0.087356,random_commuting_order,20260803,7744,completed,ux-6a0e169553425211,30.0,0.151753,"uniform on {1,...,K-1} over an exact-size uniform support sample"
8,24,"QASM2 -> ZX graph/full_reduce/extract_circuit -> {cx,rz,h}",44712,pyzx_rewrite_identity_diagnostic,passed,"[0,pi/4); no 2pi target wraparound",pyzx_full_reduce,external ZX/global-IR semantic,600,1/32,1.0,1.0,1000,7,0,False,1922,5589,21246,24,2147483648,25,21246,169968,4,random_commuting_order,723ae7526f817cf3b234c36871d7ebdf4361d839c06e29883b8d29273391f00f,112066560,0.499475,random_commuting_order,20260803,7744,completed,ux-6a0e169553425211,30.0,0.580456,"uniform on {1,...,K-1} over an exact-size uniform support sample"
8,24,"QASM2 -> qiskit transpile opt3 -> {cx,rz,h}",44712,exact_cnot_rz,passed,"[0,pi/4); no 2pi target wraparound",qiskit_opt3,configured local/preset diagnostic,146,1/32,1.0,1.0,36,7,0,True,219,5589,5589,24,2147483648,25,4248,33984,4,random_commuting_order,723ae7526f817cf3b234c36871d7ebdf4361d839c06e29883b8d29273391f00f,77496320,0.099777,random_commuting_order,20260803,7744,completed,ux-6a0e169553425211,30.0,0.171299,"uniform on {1,...,K-1} over an exact-size uniform support sample"
8,24,"decode codec -> exact support table -> {cx,rz} lowering",44712,exact_cnot_rz,passed,"[0,pi/4); no 2pi target wraparound",semantic_reference,instrumented semantic reference,48,1/32,1.0,1.0,72,7,0,True,72,5589,5589,24,2147483648,25,1391,11128,4,random_commuting_order,723ae7526f817cf3b234c36871d7ebdf4361d839c06e29883b8d29273391f00f,74153984,0.086686,random_commuting_order,20260803,7744,completed,ux-6a0e169553425211,30.0,0.171961,"uniform on {1,...,K-1} over an exact-size uniform support sample"
8,24,"QASM2 -> TKET DecomposeBoxes/PauliSimp -> {cx,rz,h}",44712,pyzx_rewrite_identity_diagnostic,passed,"[0,pi/4); no 2pi target wraparound",tket_paulisimp,external Pauli-network/global semantic,348,1/32,1.0,1.0,319,7,0,False,522,5589,8016,24,2147483648,25,8016,64128,4,random_commuting_order,723ae7526f817cf3b234c36871d7ebdf4361d839c06e29883b8d29273391f00f,159678464,0.468233,random_commuting_order,20260803,7744,completed,ux-6a0e169553425211,30.0,0.593527,"uniform on {1,...,K-1} over an exact-size uniform support sample"
8,24,"QASM2 -> exact parity/phase table -> {cx,rz} lowering",44712,exact_cnot_rz,passed,"[0,pi/4); no 2pi target wraparound",phase_polynomial_reference,instrumented global phase table,48,1/32,1.0,1.0,72,7,0,True,72,5589,5589,24,2147483648,25,1391,11128,4,round_robin_flat,0722f816b9ea399430e9b7e928a96963d6c64b9019f09e80c316c16ce5d1121e,74235904,0.087334,round_robin_flat,20260803,7696,completed,ux-6a0e169553425211,30.0,0.151053,"uniform on {1,...,K-1} over an exact-size uniform support sample"
8,24,"QASM2 -> ZX graph/full_reduce/extract_circuit -> {cx,rz,h}",44712,pyzx_rewrite_identity_diagnostic,passed,"[0,pi/4); no 2pi target wraparound",pyzx_full_reduce,external ZX/global-IR semantic,600,1/32,1.0,1.0,1000,7,0,False,1922,5589,21246,24,2147483648,25,21246,169968,4,round_robin_flat,0722f816b9ea399430e9b7e928a96963d6c64b9019f09e80c316c16ce5d1121e,112099328,0.555396,round_robin_flat,20260803,7696,completed,ux-6a0e169553425211,30.0,0.645337,"uniform on {1,...,K-1} over an exact-size uniform support sample"
8,24,"QASM2 -> qiskit transpile opt3 -> {cx,rz,h}",44712,exact_cnot_rz,passed,"[0,pi/4); no 2pi target wraparound",qiskit_opt3,configured local/preset diagnostic,192,1/32,1.0,1.0,90,7,0,True,288,5589,5589,24,2147483648,25,5589,44712,4,round_robin_flat,0722f816b9ea399430e9b7e928a96963d6c64b9019f09e80c316c16ce5d1121e,77758464,0.101975,round_robin_flat,20260803,7696,completed,ux-6a0e169553425211,30.0,0.169173,"uniform on {1,...,K-1} over an exact-size uniform support sample"
8,24,"decode codec -> exact support table -> {cx,rz} lowering",44712,exact_cnot_rz,passed,"[0,pi/4); no 2pi target wraparound",semantic_reference,instrumented semantic reference,48,1/32,1.0,1.0,72,7,0,True,72,5589,5589,24,2147483648,25,1391,11128,4,round_robin_flat,0722f816b9ea399430e9b7e928a96963d6c64b9019f09e80c316c16ce5d1121e,74055680,0.086142,round_robin_flat,20260803,7696,completed,ux-6a0e169553425211,30.0,0.145373,"uniform on {1,...,K-1} over an exact-size uniform support sample"
8,24,"QASM2 -> TKET DecomposeBoxes/PauliSimp -> {cx,rz,h}",44712,pyzx_rewrite_identity_diagnostic,passed,"[0,pi/4); no 2pi target wraparound",tket_paulisimp,external Pauli-network/global semantic,348,1/32,1.0,1.0,319,7,0,False,522,5589,8016,24,2147483648,25,8016,64128,4,round_robin_flat,0722f816b9ea399430e9b7e928a96963d6c64b9019f09e80c316c16ce5d1121e,159612928,0.467223,round_robin_flat,20260803,7696,completed,ux-6a0e169553425211,30.0,0.57487,"uniform on {1,...,K-1} over an exact-size uniform support sample"
8,24,"QASM2 -> exact parity/phase table -> {cx,rz} lowering",11128,exact_cnot_rz,passed,"[0,pi/4); no 2pi target wraparound",phase_polynomial_reference,instrumented global phase table,48,1/32,1.0,1.0,72,7,0,True,72,1391,1391,24,2147483648,25,1391,11128,4,semantic_aggregate,d36df12ddf2172c825031645e419c2a547d49a49105fa250ea4dab579e977e3f,74268672,0.08583,semantic_aggregate,20260803,1952,completed,ux-6a0e169553425211,30.0,0.15165,"uniform on {1,...,K-1} over an exact-size uniform support sample"
8,24,"QASM2 -> ZX graph/full_reduce/extract_circuit -> {cx,rz,h}",11128,pyzx_rewrite_identity_diagnostic,passed,"[0,pi/4); no 2pi target wraparound",pyzx_full_reduce,external ZX/global-IR semantic,600,1/32,1.0,1.0,1000,7,0,False,1922,1391,21246,24,2147483648,25,21246,169968,4,semantic_aggregate,d36df12ddf2172c825031645e419c2a547d49a49105fa250ea4dab579e977e3f,111951872,0.470241,semantic_aggregate,20260803,1952,completed,ux-6a0e169553425211,30.0,0.567953,"uniform on {1,...,K-1} over an exact-size uniform support sample"
8,24,"QASM2 -> qiskit transpile opt3 -> {cx,rz,h}",11128,exact_cnot_rz,passed,"[0,pi/4); no 2pi target wraparound",qiskit_opt3,configured local/preset diagnostic,48,1/32,1.0,1.0,72,7,0,True,72,1391,1391,24,2147483648,25,1391,11128,4,semantic_aggregate,d36df12ddf2172c825031645e419c2a547d49a49105fa250ea4dab579e977e3f,75268096,0.096563,semantic_aggregate,20260803,1952,completed,ux-6a0e169553425211,30.0,0.151424,"uniform on {1,...,K-1} over an exact-size uniform support sample"
8,24,"decode codec -> exact support table -> {cx,rz} lowering",11128,exact_cnot_rz,passed,"[0,pi/4); no 2pi target wraparound",semantic_reference,instrumented semantic reference,48,1/32,1.0,1.0,72,7,0,True,72,1391,1391,24,2147483648,25,1391,11128,4,semantic_aggregate,d36df12ddf2172c825031645e419c2a547d49a49105fa250ea4dab579e977e3f,74170368,0.085222,semantic_aggregate,20260803,1952,completed,ux-6a0e169553425211,30.0,0.14859,"uniform on {1,...,K-1} over an exact-size uniform support sample"
8,24,"QASM2 -> TKET DecomposeBoxes/PauliSimp -> {cx,rz,h}",11128,pyzx_rewrite_identity_diagnostic,passed,"[0,pi/4); no 2pi target wraparound",tket_paulisimp,external Pauli-network/global semantic,348,1/32,1.0,1.0,319,7,0,False,522,1391,8016,24,2147483648,25,8016,64128,4,semantic_aggregate,d36df12ddf2172c825031645e419c2a547d49a49105fa250ea4dab579e977e3f,159318016,0.466551,semantic_aggregate,20260803,1952,completed,ux-6a0e169553425211,30.0,0.588083,"uniform on {1,...,K-1} over an exact-size uniform support sample"
16,24,"QASM2 -> exact parity/phase table -> {cx,rz} lowering",11256,exact_cnot_rz,passed,"[0,pi/4); no 2pi target wraparound",phase_polynomial_reference,instrumented global phase table,48,1/64,0.5,0.5,9,8,0,True,72,1407,1407,48,2147483648,49,1407,11256,8,bridge_qasm2,1e75d14337436b10904e62662f5cc85b2f780c7629c76a0e814d0aa1d11ad03b,74334208,0.086003,bridge_qasm2,20260804,11256,completed,ux-d811ab99264bd7fe,30.0,0.146887,"uniform on {1,...,K-1} over an exact-size uniform support sample"
16,24,"QASM2 -> ZX graph/full_reduce/extract_circuit -> {cx,rz,h}",11256,pyzx_rewrite_identity_diagnostic,passed,"[0,pi/4); no 2pi target wraparound",pyzx_full_reduce,external ZX/global-IR semantic,76,1/64,0.5,0.5,34,8,0,False,374,1407,4221,48,2147483648,49,4221,33768,8,bridge_qasm2,1e75d14337436b10904e62662f5cc85b2f780c7629c76a0e814d0aa1d11ad03b,110395392,0.256912,bridge_qasm2,20260804,11256,completed,ux-d811ab99264bd7fe,30.0,0.343952,"uniform on {1,...,K-1} over an exact-size uniform support sample"
16,24,"QASM2 -> qiskit transpile opt3 -> {cx,rz,h}",11256,exact_cnot_rz,passed,"[0,pi/4); no 2pi target wraparound",qiskit_opt3,configured local/preset diagnostic,48,1/64,0.5,0.5,9,8,0,True,72,1407,1407,48,2147483648,49,1407,11256,8,bridge_qasm2,1e75d14337436b10904e62662f5cc85b2f780c7629c76a0e814d0aa1d11ad03b,77463552,0.098001,bridge_qasm2,20260804,11256,completed,ux-d811ab99264bd7fe,30.0,0.167479,"uniform on {1,...,K-1} over an exact-size uniform support sample"
16,24,"decode codec -> exact support table -> {cx,rz} lowering",11256,exact_cnot_rz,passed,"[0,pi/4); no 2pi target wraparound",semantic_reference,instrumented semantic reference,48,1/64,0.5,0.5,9,8,0,True,72,1407,1407,48,2147483648,49,1407,11256,8,bridge_qasm2,1e75d14337436b10904e62662f5cc85b2f780c7629c76a0e814d0aa1d11ad03b,74285056,0.085732,bridge_qasm2,20260804,11256,completed,ux-d811ab99264bd7fe,30.0,0.149929,"uniform on {1,...,K-1} over an exact-size uniform support sample"
16,24,"QASM2 -> TKET DecomposeBoxes/PauliSimp -> {cx,rz,h}",11256,pyzx_rewrite_identity_diagnostic,passed,"[0,pi/4); no 2pi target wraparound",tket_paulisimp,external Pauli-network/global semantic,72,1/64,0.5,0.5,21,8,0,False,390,1407,5925,48,2147483648,49,5925,47400,8,bridge_qasm2,1e75d14337436b10904e62662f5cc85b2f780c7629c76a0e814d0aa1d11ad03b,158990336,0.425911,bridge_qasm2,20260804,11256,completed,ux-d811ab99264bd7fe,30.0,0.538086,"uniform on {1,...,K-1} over an exact-size uniform support sample"
16,24,"QASM2 -> exact parity/phase table -> {cx,rz} lowering",90824,exact_cnot_rz,passed,"[0,pi/4); no 2pi target wraparound",phase_polynomial_reference,instrumented global phase table,48,1/64,0.5,0.5,9,8,0,True,72,11353,11353,48,2147483648,49,1407,11256,8,contiguous_flat,88f88c4cd521c8d4b8093a3d283fc463cb7a115db9e13dbbe2b89216c68d2598,74416128,0.089649,contiguous_flat,20260804,15376,completed,ux-d811ab99264bd7fe,30.0,0.164554,"uniform on {1,...,K-1} over an exact-size uniform support sample"
16,24,"QASM2 -> ZX graph/full_reduce/extract_circuit -> {cx,rz,h}",90824,pyzx_rewrite_identity_diagnostic,passed,"[0,pi/4); no 2pi target wraparound",pyzx_full_reduce,external ZX/global-IR semantic,76,1/64,0.5,0.5,34,8,0,False,374,11353,11353,48,2147483648,49,4221,33768,8,contiguous_flat,88f88c4cd521c8d4b8093a3d283fc463cb7a115db9e13dbbe2b89216c68d2598,110493696,0.289895,contiguous_flat,20260804,15376,completed,ux-d811ab99264bd7fe,30.0,0.370371,"uniform on {1,...,K-1} over an exact-size uniform support sample"
16,24,"QASM2 -> qiskit transpile opt3 -> {cx,rz,h}",90824,exact_cnot_rz,passed,"[0,pi/4); no 2pi target wraparound",qiskit_opt3,configured local/preset diagnostic,48,1/64,0.5,0.5,9,8,0,True,72,11353,11353,48,2147483648,49,1411,11288,8,contiguous_flat,88f88c4cd521c8d4b8093a3d283fc463cb7a115db9e13dbbe2b89216c68d2598,77922304,0.10133,contiguous_flat,20260804,15376,completed,ux-d811ab99264bd7fe,30.0,0.171874,"uniform on {1,...,K-1} over an exact-size uniform support sample"
16,24,"decode codec -> exact support table -> {cx,rz} lowering",90824,exact_cnot_rz,passed,"[0,pi/4); no 2pi target wraparound",semantic_reference,instrumented semantic reference,48,1/64,0.5,0.5,9,8,0,True,72,11353,11353,48,2147483648,49,1407,11256,8,contiguous_flat,88f88c4cd521c8d4b8093a3d283fc463cb7a115db9e13dbbe2b89216c68d2598,74170368,0.087386,contiguous_flat,20260804,15376,completed,ux-d811ab99264bd7fe,30.0,0.146068,"uniform on {1,...,K-1} over an exact-size uniform support sample"
16,24,"QASM2 -> TKET DecomposeBoxes/PauliSimp -> {cx,rz,h}",90824,pyzx_rewrite_identity_diagnostic,passed,"[0,pi/4); no 2pi target wraparound",tket_paulisimp,external Pauli-network/global semantic,72,1/64,0.5,0.5,21,8,0,False,390,11353,11353,48,2147483648,49,5925,47400,8,contiguous_flat,88f88c4cd521c8d4b8093a3d283fc463cb7a115db9e13dbbe2b89216c68d2598,159711232,0.441272,contiguous_flat,20260804,15376,completed,ux-d811ab99264bd7fe,30.0,0.564527,"uniform on {1,...,K-1} over an exact-size uniform support sample"
16,24,"QASM2 -> exact parity/phase table -> {cx,rz} lowering",45320,exact_cnot_rz,passed,"[0,pi/4); no 2pi target wraparound",phase_polynomial_reference,instrumented global phase table,48,1/64,0.5,0.5,9,8,0,True,72,5665,5665,48,2147483648,49,1407,11256,8,locally_folded,214043d86d3aadfd7aa7c6730a6d3267b708aa9a47a98c16ae0b72191aaa5ddf,74285056,0.088731,locally_folded,20260804,7680,completed,ux-d811ab99264bd7fe,30.0,0.150011,"uniform on {1,...,K-1} over an exact-size uniform support sample"
16,24,"QASM2 -> ZX graph/full_reduce/extract_circuit -> {cx,rz,h}",45320,pyzx_rewrite_identity_diagnostic,passed,"[0,pi/4); no 2pi target wraparound",pyzx_full_reduce,external ZX/global-IR semantic,76,1/64,0.5,0.5,34,8,0,False,374,5665,5665,48,2147483648,49,4221,33768,8,locally_folded,214043d86d3aadfd7aa7c6730a6d3267b708aa9a47a98c16ae0b72191aaa5ddf,110542848,0.263685,locally_folded,20260804,7680,completed,ux-d811ab99264bd7fe,30.0,0.343816,"uniform on {1,...,K-1} over an exact-size uniform support sample"
16,24,"QASM2 -> qiskit transpile opt3 -> {cx,rz,h}",45320,exact_cnot_rz,passed,"[0,pi/4); no 2pi target wraparound",qiskit_opt3,configured local/preset diagnostic,48,1/64,0.5,0.5,9,8,0,True,72,5665,5665,48,2147483648,49,1407,11256,8,locally_folded,214043d86d3aadfd7aa7c6730a6d3267b708aa9a47a98c16ae0b72191aaa5ddf,77578240,0.099151,locally_folded,20260804,7680,completed,ux-d811ab99264bd7fe,30.0,0.16969,"uniform on {1,...,K-1} over an exact-size uniform support sample"
16,24,"decode codec -> exact support table -> {cx,rz} lowering",45320,exact_cnot_rz,passed,"[0,pi/4); no 2pi target wraparound",semantic_reference,instrumented semantic reference,48,1/64,0.5,0.5,9,8,0,True,72,5665,5665,48,2147483648,49,1407,11256,8,locally_folded,214043d86d3aadfd7aa7c6730a6d3267b708aa9a47a98c16ae0b72191aaa5ddf,74088448,0.087351,locally_folded,20260804,7680,completed,ux-d811ab99264bd7fe,30.0,0.148889,"uniform on {1,...,K-1} over an exact-size uniform support sample"
16,24,"QASM2 -> TKET DecomposeBoxes/PauliSimp -> {cx,rz,h}",45320,pyzx_rewrite_identity_diagnostic,passed,"[0,pi/4); no 2pi target wraparound",tket_paulisimp,external Pauli-network/global semantic,72,1/64,0.5,0.5,21,8,0,False,390,5665,5925,48,2147483648,49,5925,47400,8,locally_folded,214043d86d3aadfd7aa7c6730a6d3267b708aa9a47a98c16ae0b72191aaa5ddf,159137792,0.431542,locally_folded,20260804,7680,completed,ux-d811ab99264bd7fe,30.0,0.557266,"uniform on {1,...,K-1} over an exact-size uniform support sample"
16,24,"QASM2 -> exact parity/phase table -> {cx,rz} lowering",88632,exact_cnot_rz,passed,"[0,pi/4); no 2pi target wraparound",phase_polynomial_reference,instrumented global phase table,48,1/64,0.5,0.5,9,8,0,True,72,11079,11079,48,2147483648,49,1407,11256,8,masked_share_flat,e59b6ba5f08466a6b06353c214b9f2e750cb09f7a5b7d99f0b91a99a42618673,74268672,0.089724,masked_share_flat,20260804,14416,completed,ux-d811ab99264bd7fe,30.0,0.146882,"uniform on {1,...,K-1} over an exact-size uniform support sample"
16,24,"QASM2 -> ZX graph/full_reduce/extract_circuit -> {cx,rz,h}",88632,pyzx_rewrite_identity_diagnostic,passed,"[0,pi/4); no 2pi target wraparound",pyzx_full_reduce,external ZX/global-IR semantic,76,1/64,0.5,0.5,34,8,0,False,374,11079,11079,48,2147483648,49,4221,33768,8,masked_share_flat,e59b6ba5f08466a6b06353c214b9f2e750cb09f7a5b7d99f0b91a99a42618673,110460928,0.315055,masked_share_flat,20260804,14416,completed,ux-d811ab99264bd7fe,30.0,0.396716,"uniform on {1,...,K-1} over an exact-size uniform support sample"
16,24,"QASM2 -> qiskit transpile opt3 -> {cx,rz,h}",88632,pyzx_rewrite_identity_diagnostic,inconclusive,"[0,pi/4); no 2pi target wraparound",qiskit_opt3,configured local/preset diagnostic,305,1/64,0.5,0.5,72,8,0,False,593,11079,11133,48,2147483648,49,11133,89064,8,masked_share_flat,e59b6ba5f08466a6b06353c214b9f2e750cb09f7a5b7d99f0b91a99a42618673,112951296,0.295027,masked_share_flat,20260804,14416,certificate_unsupported,ux-d811ab99264bd7fe,30.0,0.373294,"uniform on {1,...,K-1} over an exact-size uniform support sample"
16,24,"decode codec -> exact support table -> {cx,rz} lowering",88632,exact_cnot_rz,passed,"[0,pi/4); no 2pi target wraparound",semantic_reference,instrumented semantic reference,48,1/64,0.5,0.5,9,8,0,True,72,11079,11079,48,2147483648,49,1407,11256,8,masked_share_flat,e59b6ba5f08466a6b06353c214b9f2e750cb09f7a5b7d99f0b91a99a42618673,74170368,0.087304,masked_share_flat,20260804,14416,completed,ux-d811ab99264bd7fe,30.0,0.151655,"uniform on {1,...,K-1} over an exact-size uniform support sample"
16,24,"QASM2 -> TKET DecomposeBoxes/PauliSimp -> {cx,rz,h}",88632,pyzx_rewrite_identity_diagnostic,passed,"[0,pi/4); no 2pi target wraparound",tket_paulisimp,external Pauli-network/global semantic,78,1/64,0.5,0.5,22,8,0,False,405,11079,11079,48,2147483648,49,6193,49544,8,masked_share_flat,e59b6ba5f08466a6b06353c214b9f2e750cb09f7a5b7d99f0b91a99a42618673,159973376,0.443917,masked_share_flat,20260804,14416,completed,ux-d811ab99264bd7fe,30.0,0.558684,"uniform on {1,...,K-1} over an exact-size uniform support sample"
16,24,"QASM2 -> exact parity/phase table -> {cx,rz} lowering",90824,exact_cnot_rz,passed,"[0,pi/4); no 2pi target wraparound",phase_polynomial_reference,instrumented global phase table,48,1/64,0.5,0.5,9,8,0,True,72,11353,11353,48,2147483648,49,1407,11256,8,random_commuting_order,0c98b5f4a7606d65db08f139cc90ab08d22e424ea2768f39074abcd014059453,74416128,0.089342,random_commuting_order,20260804,15432,completed,ux-d811ab99264bd7fe,30.0,0.147972,"uniform on {1,...,K-1} over an exact-size uniform support sample"
16,24,"QASM2 -> ZX graph/full_reduce/extract_circuit -> {cx,rz,h}",90824,pyzx_rewrite_identity_diagnostic,passed,"[0,pi/4); no 2pi target wraparound",pyzx_full_reduce,external ZX/global-IR semantic,76,1/64,0.5,0.5,34,8,0,False,374,11353,11353,48,2147483648,49,4221,33768,8,random_commuting_order,0c98b5f4a7606d65db08f139cc90ab08d22e424ea2768f39074abcd014059453,110477312,0.299561,random_commuting_order,20260804,15432,completed,ux-d811ab99264bd7fe,30.0,0.38087,"uniform on {1,...,K-1} over an exact-size uniform support sample"
16,24,"QASM2 -> qiskit transpile opt3 -> {cx,rz,h}",90824,exact_cnot_rz,passed,"[0,pi/4); no 2pi target wraparound",qiskit_opt3,configured local/preset diagnostic,190,1/64,0.5,0.5,39,8,0,True,285,11353,11353,48,2147483648,49,5723,45784,8,random_commuting_order,0c98b5f4a7606d65db08f139cc90ab08d22e424ea2768f39074abcd014059453,78217216,0.101973,random_commuting_order,20260804,15432,completed,ux-d811ab99264bd7fe,30.0,0.171817,"uniform on {1,...,K-1} over an exact-size uniform support sample"
16,24,"decode codec -> exact support table -> {cx,rz} lowering",90824,exact_cnot_rz,passed,"[0,pi/4); no 2pi target wraparound",semantic_reference,instrumented semantic reference,48,1/64,0.5,0.5,9,8,0,True,72,11353,11353,48,2147483648,49,1407,11256,8,random_commuting_order,0c98b5f4a7606d65db08f139cc90ab08d22e424ea2768f39074abcd014059453,74170368,0.087496,random_commuting_order,20260804,15432,completed,ux-d811ab99264bd7fe,30.0,0.151663,"uniform on {1,...,K-1} over an exact-size uniform support sample"
16,24,"QASM2 -> TKET DecomposeBoxes/PauliSimp -> {cx,rz,h}",90824,pyzx_rewrite_identity_diagnostic,passed,"[0,pi/4); no 2pi target wraparound",tket_paulisimp,external Pauli-network/global semantic,72,1/64,0.5,0.5,21,8,0,False,390,11353,11353,48,2147483648,49,5925,47400,8,random_commuting_order,0c98b5f4a7606d65db08f139cc90ab08d22e424ea2768f39074abcd014059453,159875072,0.43938,random_commuting_order,20260804,15432,completed,ux-d811ab99264bd7fe,30.0,0.55092,"uniform on {1,...,K-1} over an exact-size uniform support sample"
16,24,"QASM2 -> exact parity/phase table -> {cx,rz} lowering",90824,exact_cnot_rz,passed,"[0,pi/4); no 2pi target wraparound",phase_polynomial_reference,instrumented global phase table,48,1/64,0.5,0.5,9,8,0,True,72,11353,11353,48,2147483648,49,1407,11256,8,round_robin_flat,09923d535827b6a70cb1ee0d424265237132f35f70f2a7b8d2ced6191135e135,74301440,0.08959,round_robin_flat,20260804,15384,completed,ux-d811ab99264bd7fe,30.0,0.151782,"uniform on {1,...,K-1} over an exact-size uniform support sample"
16,24,"QASM2 -> ZX graph/full_reduce/extract_circuit -> {cx,rz,h}",90824,pyzx_rewrite_identity_diagnostic,passed,"[0,pi/4); no 2pi target wraparound",pyzx_full_reduce,external ZX/global-IR semantic,76,1/64,0.5,0.5,34,8,0,False,374,11353,11353,48,2147483648,49,4221,33768,8,round_robin_flat,09923d535827b6a70cb1ee0d424265237132f35f70f2a7b8d2ced6191135e135,110510080,0.316627,round_robin_flat,20260804,15384,completed,ux-d811ab99264bd7fe,30.0,0.414547,"uniform on {1,...,K-1} over an exact-size uniform support sample"
16,24,"QASM2 -> qiskit transpile opt3 -> {cx,rz,h}",90824,exact_cnot_rz,passed,"[0,pi/4); no 2pi target wraparound",qiskit_opt3,configured local/preset diagnostic,314,1/64,0.5,0.5,51,8,0,True,471,11353,11353,48,2147483648,49,9423,75384,8,round_robin_flat,09923d535827b6a70cb1ee0d424265237132f35f70f2a7b8d2ced6191135e135,78036992,0.103444,round_robin_flat,20260804,15384,completed,ux-d811ab99264bd7fe,30.0,0.17581,"uniform on {1,...,K-1} over an exact-size uniform support sample"
16,24,"decode codec -> exact support table -> {cx,rz} lowering",90824,exact_cnot_rz,passed,"[0,pi/4); no 2pi target wraparound",semantic_reference,instrumented semantic reference,48,1/64,0.5,0.5,9,8,0,True,72,11353,11353,48,2147483648,49,1407,11256,8,round_robin_flat,09923d535827b6a70cb1ee0d424265237132f35f70f2a7b8d2ced6191135e135,74170368,0.087281,round_robin_flat,20260804,15384,completed,ux-d811ab99264bd7fe,30.0,0.14985,"uniform on {1,...,K-1} over an exact-size uniform support sample"
16,24,"QASM2 -> TKET DecomposeBoxes/PauliSimp -> {cx,rz,h}",90824,pyzx_rewrite_identity_diagnostic,passed,"[0,pi/4); no 2pi target wraparound",tket_paulisimp,external Pauli-network/global semantic,72,1/64,0.5,0.5,21,8,0,False,390,11353,11353,48,2147483648,49,5928,47424,8,round_robin_flat,09923d535827b6a70cb1ee0d424265237132f35f70f2a7b8d2ced6191135e135,160022528,0.443125,round_robin_flat,20260804,15384,completed,ux-d811ab99264bd7fe,30.0,0.561567,"uniform on {1,...,K-1} over an exact-size uniform support sample"
16,24,"QASM2 -> exact parity/phase table -> {cx,rz} lowering",11256,exact_cnot_rz,passed,"[0,pi/4); no 2pi target wraparound",phase_polynomial_reference,instrumented global phase table,48,1/64,0.5,0.5,9,8,0,True,72,1407,1407,48,2147483648,49,1407,11256,8,semantic_aggregate,03f4ee90019802addecf4d425da947cd8d15bb5c079e11ab7ecf32e61c5be14a,74186752,0.085807,semantic_aggregate,20260804,1952,completed,ux-d811ab99264bd7fe,30.0,0.146992,"uniform on {1,...,K-1} over an exact-size uniform support sample"
16,24,"QASM2 -> ZX graph/full_reduce/extract_circuit -> {cx,rz,h}",11256,pyzx_rewrite_identity_diagnostic,passed,"[0,pi/4); no 2pi target wraparound",pyzx_full_reduce,external ZX/global-IR semantic,76,1/64,0.5,0.5,34,8,0,False,374,1407,4221,48,2147483648,49,4221,33768,8,semantic_aggregate,03f4ee90019802addecf4d425da947cd8d15bb5c079e11ab7ecf32e61c5be14a,110542848,0.248434,semantic_aggregate,20260804,1952,completed,ux-d811ab99264bd7fe,30.0,0.344163,"uniform on {1,...,K-1} over an exact-size uniform support sample"
16,24,"QASM2 -> qiskit transpile opt3 -> {cx,rz,h}",11256,exact_cnot_rz,passed,"[0,pi/4); no 2pi target wraparound",qiskit_opt3,configured local/preset diagnostic,48,1/64,0.5,0.5,9,8,0,True,72,1407,1407,48,2147483648,49,1407,11256,8,semantic_aggregate,03f4ee90019802addecf4d425da947cd8d15bb5c079e11ab7ecf32e61c5be14a,77529088,0.09722,semantic_aggregate,20260804,1952,completed,ux-d811ab99264bd7fe,30.0,0.163006,"uniform on {1,...,K-1} over an exact-size uniform support sample"
16,24,"decode codec -> exact support table -> {cx,rz} lowering",11256,exact_cnot_rz,passed,"[0,pi/4); no 2pi target wraparound",semantic_reference,instrumented semantic reference,48,1/64,0.5,0.5,9,8,0,True,72,1407,1407,48,2147483648,49,1407,11256,8,semantic_aggregate,03f4ee90019802addecf4d425da947cd8d15bb5c079e11ab7ecf32e61c5be14a,74170368,0.08563,semantic_aggregate,20260804,1952,completed,ux-d811ab99264bd7fe,30.0,0.151779,"uniform on {1,...,K-1} over an exact-size uniform support sample"
16,24,"QASM2 -> TKET DecomposeBoxes/PauliSimp -> {cx,rz,h}",11256,pyzx_rewrite_identity_diagnostic,passed,"[0,pi/4); no 2pi target wraparound",tket_paulisimp,external Pauli-network/global semantic,72,1/64,0.5,0.5,21,8,0,False,390,1407,5925,48,2147483648,49,5925,47400,8,semantic_aggregate,03f4ee90019802addecf4d425da947cd8d15bb5c079e11ab7ecf32e61c5be14a,159105024,0.426841,semantic_aggregate,20260804,1952,completed,ux-d811ab99264bd7fe,30.0,0.529891,"uniform on {1,...,K-1} over an exact-size uniform support sample"
8,4,"QASM2 -> exact parity/phase table -> {cx,rz} lowering",1784,exact_cnot_rz,passed,"[0,pi/4); no 2pi target wraparound",phase_polynomial_reference,instrumented global phase table,8,1/32,0.8,0.75,9,9,0,True,12,223,223,5,2147483648,6,223,1784,4,bridge_qasm2,c3b7c83d9d368515c42053553c11f8a584bb82a5d67e9805d495c012d2b86f7f,74285056,0.0851,bridge_qasm2,20260805,1784,completed,ux-9aad4262778f248a,30.0,0.158644,"uniform on {1,...,K-1} over an exact-size uniform support sample"
8,4,"QASM2 -> ZX graph/full_reduce/extract_circuit -> {cx,rz,h}",1784,dense_unitary_diagnostic,passed,"[0,pi/4); no 2pi target wraparound",pyzx_full_reduce,external ZX/global-IR semantic,14,1/32,0.8,0.75,34,9,0,False,66,223,691,5,2147483648,6,691,5528,4,bridge_qasm2,c3b7c83d9d368515c42053553c11f8a584bb82a5d67e9805d495c012d2b86f7f,110002176,0.206118,bridge_qasm2,20260805,1784,completed,ux-9aad4262778f248a,30.0,0.293927,"uniform on {1,...,K-1} over an exact-size uniform support sample"
8,4,"QASM2 -> qiskit transpile opt3 -> {cx,rz,h}",1784,exact_cnot_rz,passed,"[0,pi/4); no 2pi target wraparound",qiskit_opt3,configured local/preset diagnostic,8,1/32,0.8,0.75,9,9,0,True,12,223,223,5,2147483648,6,223,1784,4,bridge_qasm2,c3b7c83d9d368515c42053553c11f8a584bb82a5d67e9805d495c012d2b86f7f,74858496,0.096023,bridge_qasm2,20260805,1784,completed,ux-9aad4262778f248a,30.0,0.151629,"uniform on {1,...,K-1} over an exact-size uniform support sample"
8,4,"decode codec -> exact support table -> {cx,rz} lowering",1784,exact_cnot_rz,passed,"[0,pi/4); no 2pi target wraparound",semantic_reference,instrumented semantic reference,8,1/32,0.8,0.75,9,9,0,True,12,223,223,5,2147483648,6,223,1784,4,bridge_qasm2,c3b7c83d9d368515c42053553c11f8a584bb82a5d67e9805d495c012d2b86f7f,74104832,0.087125,bridge_qasm2,20260805,1784,completed,ux-9aad4262778f248a,30.0,0.148286,"uniform on {1,...,K-1} over an exact-size uniform support sample"
8,4,"QASM2 -> TKET DecomposeBoxes/PauliSimp -> {cx,rz,h}",1784,dense_unitary_diagnostic,passed,"[0,pi/4); no 2pi target wraparound",tket_paulisimp,external Pauli-network/global semantic,8,1/32,0.8,0.75,13,9,0,False,48,223,703,5,2147483648,6,703,5624,4,bridge_qasm2,c3b7c83d9d368515c42053553c11f8a584bb82a5d67e9805d495c012d2b86f7f,124190720,0.274692,bridge_qasm2,20260805,1784,completed,ux-9aad4262778f248a,30.0,0.35842,"uniform on {1,...,K-1} over an exact-size uniform support sample"
8,4,"QASM2 -> exact parity/phase table -> {cx,rz} lowering",6048,exact_cnot_rz,passed,"[0,pi/4); no 2pi target wraparound",phase_polynomial_reference,instrumented global phase table,8,1/32,0.8,0.75,9,9,0,True,12,756,756,5,2147483648,6,223,1784,4,contiguous_flat,5c487bd0ec1f0f5473228e22e3a066e32e06f520e1456ef68a07b051bbdff30e,74088448,0.084372,contiguous_flat,20260805,1384,completed,ux-9aad4262778f248a,30.0,0.140849,"uniform on {1,...,K-1} over an exact-size uniform support sample"
8,4,"QASM2 -> ZX graph/full_reduce/extract_circuit -> {cx,rz,h}",6048,dense_unitary_diagnostic,passed,"[0,pi/4); no 2pi target wraparound",pyzx_full_reduce,external ZX/global-IR semantic,14,1/32,0.8,0.75,34,9,0,False,66,756,756,5,2147483648,6,691,5528,4,contiguous_flat,5c487bd0ec1f0f5473228e22e3a066e32e06f520e1456ef68a07b051bbdff30e,110051328,0.214547,contiguous_flat,20260805,1384,completed,ux-9aad4262778f248a,30.0,0.31265,"uniform on {1,...,K-1} over an exact-size uniform support sample"
8,4,"QASM2 -> qiskit transpile opt3 -> {cx,rz,h}",6048,exact_cnot_rz,passed,"[0,pi/4); no 2pi target wraparound",qiskit_opt3,configured local/preset diagnostic,8,1/32,0.8,0.75,9,9,0,True,12,756,756,5,2147483648,6,223,1784,4,contiguous_flat,5c487bd0ec1f0f5473228e22e3a066e32e06f520e1456ef68a07b051bbdff30e,77529088,0.09604,contiguous_flat,20260805,1384,completed,ux-9aad4262778f248a,30.0,0.168616,"uniform on {1,...,K-1} over an exact-size uniform support sample"
8,4,"decode codec -> exact support table -> {cx,rz} lowering",6048,exact_cnot_rz,passed,"[0,pi/4); no 2pi target wraparound",semantic_reference,instrumented semantic reference,8,1/32,0.8,0.75,9,9,0,True,12,756,756,5,2147483648,6,223,1784,4,contiguous_flat,5c487bd0ec1f0f5473228e22e3a066e32e06f520e1456ef68a07b051bbdff30e,74006528,0.088332,contiguous_flat,20260805,1384,completed,ux-9aad4262778f248a,30.0,0.151689,"uniform on {1,...,K-1} over an exact-size uniform support sample"
8,4,"QASM2 -> TKET DecomposeBoxes/PauliSimp -> {cx,rz,h}",6048,dense_unitary_diagnostic,passed,"[0,pi/4); no 2pi target wraparound",tket_paulisimp,external Pauli-network/global semantic,8,1/32,0.8,0.75,13,9,0,False,48,756,756,5,2147483648,6,703,5624,4,contiguous_flat,5c487bd0ec1f0f5473228e22e3a066e32e06f520e1456ef68a07b051bbdff30e,124321792,0.27192,contiguous_flat,20260805,1384,completed,ux-9aad4262778f248a,30.0,0.367568,"uniform on {1,...,K-1} over an exact-size uniform support sample"
8,4,"QASM2 -> exact parity/phase table -> {cx,rz} lowering",3200,exact_cnot_rz,passed,"[0,pi/4); no 2pi target wraparound",phase_polynomial_reference,instrumented global phase table,8,1/32,0.8,0.75,9,9,0,True,12,400,400,5,2147483648,6,223,1784,4,locally_folded,9bb45d644513df6b551f59983f8d3d2e0bdcd3324758d709ceadddaff9a5ce40,74153984,0.084726,locally_folded,20260805,768,completed,ux-9aad4262778f248a,30.0,0.145634,"uniform on {1,...,K-1} over an exact-size uniform support sample"
8,4,"QASM2 -> ZX graph/full_reduce/extract_circuit -> {cx,rz,h}",3200,dense_unitary_diagnostic,passed,"[0,pi/4); no 2pi target wraparound",pyzx_full_reduce,external ZX/global-IR semantic,14,1/32,0.8,0.75,34,9,0,False,66,400,691,5,2147483648,6,691,5528,4,locally_folded,9bb45d644513df6b551f59983f8d3d2e0bdcd3324758d709ceadddaff9a5ce40,110002176,0.20633,locally_folded,20260805,768,completed,ux-9aad4262778f248a,30.0,0.296918,"uniform on {1,...,K-1} over an exact-size uniform support sample"
8,4,"QASM2 -> qiskit transpile opt3 -> {cx,rz,h}",3200,exact_cnot_rz,passed,"[0,pi/4); no 2pi target wraparound",qiskit_opt3,configured local/preset diagnostic,8,1/32,0.8,0.75,9,9,0,True,12,400,400,5,2147483648,6,223,1784,4,locally_folded,9bb45d644513df6b551f59983f8d3d2e0bdcd3324758d709ceadddaff9a5ce40,74661888,0.096205,locally_folded,20260805,768,completed,ux-9aad4262778f248a,30.0,0.148285,"uniform on {1,...,K-1} over an exact-size uniform support sample"
8,4,"decode codec -> exact support table -> {cx,rz} lowering",3200,exact_cnot_rz,passed,"[0,pi/4); no 2pi target wraparound",semantic_reference,instrumented semantic reference,8,1/32,0.8,0.75,9,9,0,True,12,400,400,5,2147483648,6,223,1784,4,locally_folded,9bb45d644513df6b551f59983f8d3d2e0bdcd3324758d709ceadddaff9a5ce40,74121216,0.08491,locally_folded,20260805,768,completed,ux-9aad4262778f248a,30.0,0.15168,"uniform on {1,...,K-1} over an exact-size uniform support sample"
8,4,"QASM2 -> TKET DecomposeBoxes/PauliSimp -> {cx,rz,h}",3200,dense_unitary_diagnostic,passed,"[0,pi/4); no 2pi target wraparound",tket_paulisimp,external Pauli-network/global semantic,8,1/32,0.8,0.75,13,9,0,False,48,400,703,5,2147483648,6,703,5624,4,locally_folded,9bb45d644513df6b551f59983f8d3d2e0bdcd3324758d709ceadddaff9a5ce40,124239872,0.268158,locally_folded,20260805,768,completed,ux-9aad4262778f248a,30.0,0.369024,"uniform on {1,...,K-1} over an exact-size uniform support sample"
8,4,"QASM2 -> exact parity/phase table -> {cx,rz} lowering",6880,exact_cnot_rz,passed,"[0,pi/4); no 2pi target wraparound",phase_polynomial_reference,instrumented global phase table,8,1/32,0.8,0.75,9,9,0,True,12,860,860,5,2147483648,6,223,1784,4,masked_share_flat,c438ec63e3b7d0028dd64894908511579b47f421ff43b4ba7fc1d9c47ab17863,74203136,0.084983,masked_share_flat,20260805,1368,completed,ux-9aad4262778f248a,30.0,0.143992,"uniform on {1,...,K-1} over an exact-size uniform support sample"
8,4,"QASM2 -> ZX graph/full_reduce/extract_circuit -> {cx,rz,h}",6880,dense_unitary_diagnostic,passed,"[0,pi/4); no 2pi target wraparound",pyzx_full_reduce,external ZX/global-IR semantic,14,1/32,0.8,0.75,34,9,0,False,66,860,860,5,2147483648,6,691,5528,4,masked_share_flat,c438ec63e3b7d0028dd64894908511579b47f421ff43b4ba7fc1d9c47ab17863,109985792,0.207845,masked_share_flat,20260805,1368,completed,ux-9aad4262778f248a,30.0,0.28604,"uniform on {1,...,K-1} over an exact-size uniform support sample"
8,4,"QASM2 -> qiskit transpile opt3 -> {cx,rz,h}",6880,dense_unitary_diagnostic,passed,"[0,pi/4); no 2pi target wraparound",qiskit_opt3,configured local/preset diagnostic,25,1/32,0.8,0.75,35,9,0,False,56,860,986,5,2147483648,6,986,7888,4,masked_share_flat,c438ec63e3b7d0028dd64894908511579b47f421ff43b4ba7fc1d9c47ab17863,75202560,0.099234,masked_share_flat,20260805,1368,completed,ux-9aad4262778f248a,30.0,0.17687,"uniform on {1,...,K-1} over an exact-size uniform support sample"
8,4,"decode codec -> exact support table -> {cx,rz} lowering",6880,exact_cnot_rz,passed,"[0,pi/4); no 2pi target wraparound",semantic_reference,instrumented semantic reference,8,1/32,0.8,0.75,9,9,0,True,12,860,860,5,2147483648,6,223,1784,4,masked_share_flat,c438ec63e3b7d0028dd64894908511579b47f421ff43b4ba7fc1d9c47ab17863,74121216,0.08537,masked_share_flat,20260805,1368,completed,ux-9aad4262778f248a,30.0,0.14686,"uniform on {1,...,K-1} over an exact-size uniform support sample"
8,4,"QASM2 -> TKET DecomposeBoxes/PauliSimp -> {cx,rz,h}",6880,dense_unitary_diagnostic,passed,"[0,pi/4); no 2pi target wraparound",tket_paulisimp,external Pauli-network/global semantic,8,1/32,0.8,0.75,13,9,0,False,48,860,860,5,2147483648,6,703,5624,4,masked_share_flat,c438ec63e3b7d0028dd64894908511579b47f421ff43b4ba7fc1d9c47ab17863,124305408,0.270255,masked_share_flat,20260805,1368,completed,ux-9aad4262778f248a,30.0,0.366805,"uniform on {1,...,K-1} over an exact-size uniform support sample"
8,4,"QASM2 -> exact parity/phase table -> {cx,rz} lowering",6048,exact_cnot_rz,passed,"[0,pi/4); no 2pi target wraparound",phase_polynomial_reference,instrumented global phase table,8,1/32,0.8,0.75,9,9,0,True,12,756,756,5,2147483648,6,223,1784,4,random_commuting_order,62a07c3505c7af2a86d1e7b6188dddacafb9fb6bd3c074531662c711087c8edb,74153984,0.084823,random_commuting_order,20260805,1440,completed,ux-9aad4262778f248a,30.0,0.147798,"uniform on {1,...,K-1} over an exact-size uniform support sample"
8,4,"QASM2 -> ZX graph/full_reduce/extract_circuit -> {cx,rz,h}",6048,dense_unitary_diagnostic,passed,"[0,pi/4); no 2pi target wraparound",pyzx_full_reduce,external ZX/global-IR semantic,14,1/32,0.8,0.75,34,9,0,False,66,756,756,5,2147483648,6,691,5528,4,random_commuting_order,62a07c3505c7af2a86d1e7b6188dddacafb9fb6bd3c074531662c711087c8edb,110067712,0.207827,random_commuting_order,20260805,1440,completed,ux-9aad4262778f248a,30.0,0.295993,"uniform on {1,...,K-1} over an exact-size uniform support sample"
8,4,"QASM2 -> qiskit transpile opt3 -> {cx,rz,h}",6048,exact_cnot_rz,passed,"[0,pi/4); no 2pi target wraparound",qiskit_opt3,configured local/preset diagnostic,16,1/32,0.8,0.75,18,9,0,True,24,756,756,5,2147483648,6,414,3312,4,random_commuting_order,62a07c3505c7af2a86d1e7b6188dddacafb9fb6bd3c074531662c711087c8edb,77381632,0.096412,random_commuting_order,20260805,1440,completed,ux-9aad4262778f248a,30.0,0.168762,"uniform on {1,...,K-1} over an exact-size uniform support sample"
8,4,"decode codec -> exact support table -> {cx,rz} lowering",6048,exact_cnot_rz,passed,"[0,pi/4); no 2pi target wraparound",semantic_reference,instrumented semantic reference,8,1/32,0.8,0.75,9,9,0,True,12,756,756,5,2147483648,6,223,1784,4,random_commuting_order,62a07c3505c7af2a86d1e7b6188dddacafb9fb6bd3c074531662c711087c8edb,74088448,0.08478,random_commuting_order,20260805,1440,completed,ux-9aad4262778f248a,30.0,0.151739,"uniform on {1,...,K-1} over an exact-size uniform support sample"
8,4,"QASM2 -> TKET DecomposeBoxes/PauliSimp -> {cx,rz,h}",6048,dense_unitary_diagnostic,passed,"[0,pi/4); no 2pi target wraparound",tket_paulisimp,external Pauli-network/global semantic,8,1/32,0.8,0.75,13,9,0,False,48,756,756,5,2147483648,6,703,5624,4,random_commuting_order,62a07c3505c7af2a86d1e7b6188dddacafb9fb6bd3c074531662c711087c8edb,124272640,0.270434,random_commuting_order,20260805,1440,completed,ux-9aad4262778f248a,30.0,0.350879,"uniform on {1,...,K-1} over an exact-size uniform support sample"
8,4,"QASM2 -> exact parity/phase table -> {cx,rz} lowering",6048,exact_cnot_rz,passed,"[0,pi/4); no 2pi target wraparound",phase_polynomial_reference,instrumented global phase table,8,1/32,0.8,0.75,9,9,0,True,12,756,756,5,2147483648,6,223,1784,4,round_robin_flat,12095a813d5eed26828004e89e82fdff6652d43361988eaed560deb4987e1923,74170368,0.084441,round_robin_flat,20260805,1392,completed,ux-9aad4262778f248a,30.0,0.149217,"uniform on {1,...,K-1} over an exact-size uniform support sample"
8,4,"QASM2 -> ZX graph/full_reduce/extract_circuit -> {cx,rz,h}",6048,dense_unitary_diagnostic,passed,"[0,pi/4); no 2pi target wraparound",pyzx_full_reduce,external ZX/global-IR semantic,14,1/32,0.8,0.75,34,9,0,False,66,756,756,5,2147483648,6,691,5528,4,round_robin_flat,12095a813d5eed26828004e89e82fdff6652d43361988eaed560deb4987e1923,109985792,0.208378,round_robin_flat,20260805,1392,completed,ux-9aad4262778f248a,30.0,0.295628,"uniform on {1,...,K-1} over an exact-size uniform support sample"
8,4,"QASM2 -> qiskit transpile opt3 -> {cx,rz,h}",6048,exact_cnot_rz,passed,"[0,pi/4); no 2pi target wraparound",qiskit_opt3,configured local/preset diagnostic,26,1/32,0.8,0.75,27,9,0,True,39,756,756,5,2147483648,6,620,4960,4,round_robin_flat,12095a813d5eed26828004e89e82fdff6652d43361988eaed560deb4987e1923,74661888,0.095856,round_robin_flat,20260805,1392,completed,ux-9aad4262778f248a,30.0,0.172167,"uniform on {1,...,K-1} over an exact-size uniform support sample"
8,4,"decode codec -> exact support table -> {cx,rz} lowering",6048,exact_cnot_rz,passed,"[0,pi/4); no 2pi target wraparound",semantic_reference,instrumented semantic reference,8,1/32,0.8,0.75,9,9,0,True,12,756,756,5,2147483648,6,223,1784,4,round_robin_flat,12095a813d5eed26828004e89e82fdff6652d43361988eaed560deb4987e1923,74137600,0.084538,round_robin_flat,20260805,1392,completed,ux-9aad4262778f248a,30.0,0.147692,"uniform on {1,...,K-1} over an exact-size uniform support sample"
8,4,"QASM2 -> TKET DecomposeBoxes/PauliSimp -> {cx,rz,h}",6048,dense_unitary_diagnostic,passed,"[0,pi/4); no 2pi target wraparound",tket_paulisimp,external Pauli-network/global semantic,8,1/32,0.8,0.75,13,9,0,False,48,756,756,5,2147483648,6,703,5624,4,round_robin_flat,12095a813d5eed26828004e89e82fdff6652d43361988eaed560deb4987e1923,124354560,0.268807,round_robin_flat,20260805,1392,completed,ux-9aad4262778f248a,30.0,0.367231,"uniform on {1,...,K-1} over an exact-size uniform support sample"
8,4,"QASM2 -> exact parity/phase table -> {cx,rz} lowering",1784,exact_cnot_rz,passed,"[0,pi/4); no 2pi target wraparound",phase_polynomial_reference,instrumented global phase table,8,1/32,0.8,0.75,9,9,0,True,12,223,223,5,2147483648,6,223,1784,4,semantic_aggregate,37ff632cb839017bad09c4d1527c1afab84d885ec371d3278fff2664850aba27,74104832,0.084485,semantic_aggregate,20260805,512,completed,ux-9aad4262778f248a,30.0,0.151664,"uniform on {1,...,K-1} over an exact-size uniform support sample"
8,4,"QASM2 -> ZX graph/full_reduce/extract_circuit -> {cx,rz,h}",1784,dense_unitary_diagnostic,passed,"[0,pi/4); no 2pi target wraparound",pyzx_full_reduce,external ZX/global-IR semantic,14,1/32,0.8,0.75,34,9,0,False,66,223,691,5,2147483648,6,691,5528,4,semantic_aggregate,37ff632cb839017bad09c4d1527c1afab84d885ec371d3278fff2664850aba27,109969408,0.205888,semantic_aggregate,20260805,512,completed,ux-9aad4262778f248a,30.0,0.295298,"uniform on {1,...,K-1} over an exact-size uniform support sample"
8,4,"QASM2 -> qiskit transpile opt3 -> {cx,rz,h}",1784,exact_cnot_rz,passed,"[0,pi/4); no 2pi target wraparound",qiskit_opt3,configured local/preset diagnostic,8,1/32,0.8,0.75,9,9,0,True,12,223,223,5,2147483648,6,223,1784,4,semantic_aggregate,37ff632cb839017bad09c4d1527c1afab84d885ec371d3278fff2664850aba27,75726848,0.095373,semantic_aggregate,20260805,512,completed,ux-9aad4262778f248a,30.0,0.151627,"uniform on {1,...,K-1} over an exact-size uniform support sample"
8,4,"decode codec -> exact support table -> {cx,rz} lowering",1784,exact_cnot_rz,passed,"[0,pi/4); no 2pi target wraparound",semantic_reference,instrumented semantic reference,8,1/32,0.8,0.75,9,9,0,True,12,223,223,5,2147483648,6,223,1784,4,semantic_aggregate,37ff632cb839017bad09c4d1527c1afab84d885ec371d3278fff2664850aba27,74137600,0.084726,semantic_aggregate,20260805,512,completed,ux-9aad4262778f248a,30.0,0.146749,"uniform on {1,...,K-1} over an exact-size uniform support sample"
8,4,"QASM2 -> TKET DecomposeBoxes/PauliSimp -> {cx,rz,h}",1784,dense_unitary_diagnostic,passed,"[0,pi/4); no 2pi target wraparound",tket_paulisimp,external Pauli-network/global semantic,8,1/32,0.8,0.75,13,9,0,False,48,223,703,5,2147483648,6,703,5624,4,semantic_aggregate,37ff632cb839017bad09c4d1527c1afab84d885ec371d3278fff2664850aba27,124174336,0.269641,semantic_aggregate,20260805,512,completed,ux-9aad4262778f248a,30.0,0.372791,"uniform on {1,...,K-1} over an exact-size uniform support sample"
4,10,"QASM2 -> exact parity/phase table -> {cx,rz} lowering",4032,exact_cnot_rz,passed,"[0,pi/4); no 2pi target wraparound",phase_polynomial_reference,instrumented global phase table,20,1/16,1.0,1.0,30,10,0,True,30,504,504,10,2147483648,11,504,4032,8,bridge_qasm2,96a01ebe36ab2cf11d995abf345df4305952f7ef6a000b56fbb1f1c004792df3,74203136,0.087222,bridge_qasm2,20260801,4032,completed,ux-3de645061529fd0b,30.0,0.147407,"uniform on {1,...,K-1} over an exact-size uniform support sample"
4,10,"QASM2 -> ZX graph/full_reduce/extract_circuit -> {cx,rz,h}",4032,pyzx_rewrite_identity_diagnostic,passed,"[0,pi/4); no 2pi target wraparound",pyzx_full_reduce,external ZX/global-IR semantic,110,1/16,1.0,1.0,209,10,0,False,382,504,3922,10,2147483648,11,3922,31376,8,bridge_qasm2,96a01ebe36ab2cf11d995abf345df4305952f7ef6a000b56fbb1f1c004792df3,110362624,0.228855,bridge_qasm2,20260801,4032,completed,ux-3de645061529fd0b,30.0,0.326833,"uniform on {1,...,K-1} over an exact-size uniform support sample"
4,10,"QASM2 -> qiskit transpile opt3 -> {cx,rz,h}",4032,exact_cnot_rz,passed,"[0,pi/4); no 2pi target wraparound",qiskit_opt3,configured local/preset diagnostic,20,1/16,1.0,1.0,30,10,0,True,30,504,504,10,2147483648,11,504,4032,8,bridge_qasm2,96a01ebe36ab2cf11d995abf345df4305952f7ef6a000b56fbb1f1c004792df3,75071488,0.096365,bridge_qasm2,20260801,4032,completed,ux-3de645061529fd0b,30.0,0.151651,"uniform on {1,...,K-1} over an exact-size uniform support sample"
4,10,"decode codec -> exact support table -> {cx,rz} lowering",4032,exact_cnot_rz,passed,"[0,pi/4); no 2pi target wraparound",semantic_reference,instrumented semantic reference,20,1/16,1.0,1.0,30,10,0,True,30,504,504,10,2147483648,11,504,4032,8,bridge_qasm2,96a01ebe36ab2cf11d995abf345df4305952f7ef6a000b56fbb1f1c004792df3,74203136,0.084621,bridge_qasm2,20260801,4032,completed,ux-3de645061529fd0b,30.0,0.151808,"uniform on {1,...,K-1} over an exact-size uniform support sample"
4,10,"QASM2 -> TKET DecomposeBoxes/PauliSimp -> {cx,rz,h}",4032,pyzx_rewrite_identity_diagnostic,passed,"[0,pi/4); no 2pi target wraparound",tket_paulisimp,external Pauli-network/global semantic,64,1/16,1.0,1.0,74,10,0,False,140,504,2005,10,2147483648,11,2005,16040,8,bridge_qasm2,96a01ebe36ab2cf11d995abf345df4305952f7ef6a000b56fbb1f1c004792df3,157302784,0.395441,bridge_qasm2,20260801,4032,completed,ux-3de645061529fd0b,30.0,0.517526,"uniform on {1,...,K-1} over an exact-size uniform support sample"
4,10,"QASM2 -> exact parity/phase table -> {cx,rz} lowering",34376,exact_cnot_rz,passed,"[0,pi/4); no 2pi target wraparound",phase_polynomial_reference,instrumented global phase table,20,1/16,1.0,1.0,30,10,0,True,30,4297,4297,10,2147483648,11,504,4032,8,contiguous_flat,73e3cc4dcbf70fd2750b896cee7745d6ecb6659c153bc62431f894a3a365e814,74285056,0.086436,contiguous_flat,20260801,6600,completed,ux-3de645061529fd0b,30.0,0.151534,"uniform on {1,...,K-1} over an exact-size uniform support sample"
4,10,"QASM2 -> ZX graph/full_reduce/extract_circuit -> {cx,rz,h}",34376,pyzx_rewrite_identity_diagnostic,passed,"[0,pi/4); no 2pi target wraparound",pyzx_full_reduce,external ZX/global-IR semantic,110,1/16,1.0,1.0,209,10,0,False,382,4297,4297,10,2147483648,11,3922,31376,8,contiguous_flat,73e3cc4dcbf70fd2750b896cee7745d6ecb6659c153bc62431f894a3a365e814,110510080,0.236016,contiguous_flat,20260801,6600,completed,ux-3de645061529fd0b,30.0,0.337299,"uniform on {1,...,K-1} over an exact-size uniform support sample"
4,10,"QASM2 -> qiskit transpile opt3 -> {cx,rz,h}",34376,exact_cnot_rz,passed,"[0,pi/4); no 2pi target wraparound",qiskit_opt3,configured local/preset diagnostic,20,1/16,1.0,1.0,30,10,0,True,30,4297,4297,10,2147483648,11,504,4032,8,contiguous_flat,73e3cc4dcbf70fd2750b896cee7745d6ecb6659c153bc62431f894a3a365e814,77529088,0.097956,contiguous_flat,20260801,6600,completed,ux-3de645061529fd0b,30.0,0.173165,"uniform on {1,...,K-1} over an exact-size uniform support sample"
4,10,"decode codec -> exact support table -> {cx,rz} lowering",34376,exact_cnot_rz,passed,"[0,pi/4); no 2pi target wraparound",semantic_reference,instrumented semantic reference,20,1/16,1.0,1.0,30,10,0,True,30,4297,4297,10,2147483648,11,504,4032,8,contiguous_flat,73e3cc4dcbf70fd2750b896cee7745d6ecb6659c153bc62431f894a3a365e814,74137600,0.085917,contiguous_flat,20260801,6600,completed,ux-3de645061529fd0b,30.0,0.151247,"uniform on {1,...,K-1} over an exact-size uniform support sample"
4,10,"QASM2 -> TKET DecomposeBoxes/PauliSimp -> {cx,rz,h}",34376,pyzx_rewrite_identity_diagnostic,passed,"[0,pi/4); no 2pi target wraparound",tket_paulisimp,external Pauli-network/global semantic,64,1/16,1.0,1.0,74,10,0,False,140,4297,4297,10,2147483648,11,2005,16040,8,contiguous_flat,73e3cc4dcbf70fd2750b896cee7745d6ecb6659c153bc62431f894a3a365e814,157892608,0.401985,contiguous_flat,20260801,6600,completed,ux-3de645061529fd0b,30.0,0.514499,"uniform on {1,...,K-1} over an exact-size uniform support sample"
4,10,"QASM2 -> exact parity/phase table -> {cx,rz} lowering",17256,exact_cnot_rz,passed,"[0,pi/4); no 2pi target wraparound",phase_polynomial_reference,instrumented global phase table,20,1/16,1.0,1.0,30,10,0,True,30,2157,2157,10,2147483648,11,504,4032,8,locally_folded,2259ff0aeff901f63c8dc54f01c7cf7cb5a0e48651317d7c5a225fbf038da7e1,74235904,0.085137,locally_folded,20260801,3072,completed,ux-3de645061529fd0b,30.0,0.150656,"uniform on {1,...,K-1} over an exact-size uniform support sample"
4,10,"QASM2 -> ZX graph/full_reduce/extract_circuit -> {cx,rz,h}",17256,pyzx_rewrite_identity_diagnostic,passed,"[0,pi/4); no 2pi target wraparound",pyzx_full_reduce,external ZX/global-IR semantic,110,1/16,1.0,1.0,209,10,0,False,382,2157,3922,10,2147483648,11,3922,31376,8,locally_folded,2259ff0aeff901f63c8dc54f01c7cf7cb5a0e48651317d7c5a225fbf038da7e1,110280704,0.231272,locally_folded,20260801,3072,completed,ux-3de645061529fd0b,30.0,0.317482,"uniform on {1,...,K-1} over an exact-size uniform support sample"
4,10,"QASM2 -> qiskit transpile opt3 -> {cx,rz,h}",17256,exact_cnot_rz,passed,"[0,pi/4); no 2pi target wraparound",qiskit_opt3,configured local/preset diagnostic,20,1/16,1.0,1.0,30,10,0,True,30,2157,2157,10,2147483648,11,504,4032,8,locally_folded,2259ff0aeff901f63c8dc54f01c7cf7cb5a0e48651317d7c5a225fbf038da7e1,77348864,0.096008,locally_folded,20260801,3072,completed,ux-3de645061529fd0b,30.0,0.166645,"uniform on {1,...,K-1} over an exact-size uniform support sample"
4,10,"decode codec -> exact support table -> {cx,rz} lowering",17256,exact_cnot_rz,passed,"[0,pi/4); no 2pi target wraparound",semantic_reference,instrumented semantic reference,20,1/16,1.0,1.0,30,10,0,True,30,2157,2157,10,2147483648,11,504,4032,8,locally_folded,2259ff0aeff901f63c8dc54f01c7cf7cb5a0e48651317d7c5a225fbf038da7e1,72122368,0.085114,locally_folded,20260801,3072,completed,ux-3de645061529fd0b,30.0,0.174758,"uniform on {1,...,K-1} over an exact-size uniform support sample"
4,10,"QASM2 -> TKET DecomposeBoxes/PauliSimp -> {cx,rz,h}",17256,pyzx_rewrite_identity_diagnostic,passed,"[0,pi/4); no 2pi target wraparound",tket_paulisimp,external Pauli-network/global semantic,64,1/16,1.0,1.0,74,10,0,False,140,2157,2157,10,2147483648,11,2005,16040,8,locally_folded,2259ff0aeff901f63c8dc54f01c7cf7cb5a0e48651317d7c5a225fbf038da7e1,157646848,0.398985,locally_folded,20260801,3072,completed,ux-3de645061529fd0b,30.0,0.517504,"uniform on {1,...,K-1} over an exact-size uniform support sample"
4,10,"QASM2 -> exact parity/phase table -> {cx,rz} lowering",30880,exact_cnot_rz,passed,"[0,pi/4); no 2pi target wraparound",phase_polynomial_reference,instrumented global phase table,20,1/16,1.0,1.0,30,10,0,True,30,3860,3860,10,2147483648,11,504,4032,8,masked_share_flat,4597eb9d185eba6b334d371fae407d2355b299027d2c407ea032a2dea02f52ce,73056256,0.086988,masked_share_flat,20260801,5976,completed,ux-3de645061529fd0b,30.0,0.14842,"uniform on {1,...,K-1} over an exact-size uniform support sample"
4,10,"QASM2 -> ZX graph/full_reduce/extract_circuit -> {cx,rz,h}",30880,pyzx_rewrite_identity_diagnostic,passed,"[0,pi/4); no 2pi target wraparound",pyzx_full_reduce,external ZX/global-IR semantic,110,1/16,1.0,1.0,209,10,0,False,382,3860,3922,10,2147483648,11,3922,31376,8,masked_share_flat,4597eb9d185eba6b334d371fae407d2355b299027d2c407ea032a2dea02f52ce,110673920,0.259247,masked_share_flat,20260801,5976,completed,ux-3de645061529fd0b,30.0,0.348386,"uniform on {1,...,K-1} over an exact-size uniform support sample"
4,10,"QASM2 -> qiskit transpile opt3 -> {cx,rz,h}",30880,pyzx_rewrite_identity_diagnostic,inconclusive,"[0,pi/4); no 2pi target wraparound",qiskit_opt3,configured local/preset diagnostic,147,1/16,1.0,1.0,92,10,0,False,291,3860,4711,10,2147483648,11,4711,37688,8,masked_share_flat,4597eb9d185eba6b334d371fae407d2355b299027d2c407ea032a2dea02f52ce,112410624,0.250274,masked_share_flat,20260801,5976,certificate_unsupported,ux-3de645061529fd0b,30.0,0.346954,"uniform on {1,...,K-1} over an exact-size uniform support sample"
4,10,"decode codec -> exact support table -> {cx,rz} lowering",30880,exact_cnot_rz,passed,"[0,pi/4); no 2pi target wraparound",semantic_reference,instrumented semantic reference,20,1/16,1.0,1.0,30,10,0,True,30,3860,3860,10,2147483648,11,504,4032,8,masked_share_flat,4597eb9d185eba6b334d371fae407d2355b299027d2c407ea032a2dea02f52ce,74088448,0.087175,masked_share_flat,20260801,5976,completed,ux-3de645061529fd0b,30.0,0.148182,"uniform on {1,...,K-1} over an exact-size uniform support sample"
4,10,"QASM2 -> TKET DecomposeBoxes/PauliSimp -> {cx,rz,h}",30880,pyzx_rewrite_identity_diagnostic,passed,"[0,pi/4); no 2pi target wraparound",tket_paulisimp,external Pauli-network/global semantic,74,1/16,1.0,1.0,80,10,0,False,159,3860,3860,10,2147483648,11,2341,18728,8,masked_share_flat,4597eb9d185eba6b334d371fae407d2355b299027d2c407ea032a2dea02f52ce,157843456,0.404755,masked_share_flat,20260801,5976,completed,ux-3de645061529fd0b,30.0,0.517355,"uniform on {1,...,K-1} over an exact-size uniform support sample"
4,10,"QASM2 -> exact parity/phase table -> {cx,rz} lowering",34376,exact_cnot_rz,passed,"[0,pi/4); no 2pi target wraparound",phase_polynomial_reference,instrumented global phase table,20,1/16,1.0,1.0,30,10,0,True,30,4297,4297,10,2147483648,11,504,4032,8,random_commuting_order,c3e08e0a2a473985eb72f37343cc40e3905049c1cbdf684ca29b1c7d90c6a87b,74203136,0.086944,random_commuting_order,20260801,6656,completed,ux-3de645061529fd0b,30.0,0.142468,"uniform on {1,...,K-1} over an exact-size uniform support sample"
4,10,"QASM2 -> ZX graph/full_reduce/extract_circuit -> {cx,rz,h}",34376,pyzx_rewrite_identity_diagnostic,passed,"[0,pi/4); no 2pi target wraparound",pyzx_full_reduce,external ZX/global-IR semantic,110,1/16,1.0,1.0,209,10,0,False,382,4297,4297,10,2147483648,11,3922,31376,8,random_commuting_order,c3e08e0a2a473985eb72f37343cc40e3905049c1cbdf684ca29b1c7d90c6a87b,110460928,0.249441,random_commuting_order,20260801,6656,completed,ux-3de645061529fd0b,30.0,0.342458,"uniform on {1,...,K-1} over an exact-size uniform support sample"
4,10,"QASM2 -> qiskit transpile opt3 -> {cx,rz,h}",34376,exact_cnot_rz,passed,"[0,pi/4); no 2pi target wraparound",qiskit_opt3,configured local/preset diagnostic,110,1/16,1.0,1.0,66,10,0,True,165,4297,4297,10,2147483648,11,3083,24664,8,random_commuting_order,c3e08e0a2a473985eb72f37343cc40e3905049c1cbdf684ca29b1c7d90c6a87b,77463552,0.099098,random_commuting_order,20260801,6656,completed,ux-3de645061529fd0b,30.0,0.173483,"uniform on {1,...,K-1} over an exact-size uniform support sample"
4,10,"decode codec -> exact support table -> {cx,rz} lowering",34376,exact_cnot_rz,passed,"[0,pi/4); no 2pi target wraparound",semantic_reference,instrumented semantic reference,20,1/16,1.0,1.0,30,10,0,True,30,4297,4297,10,2147483648,11,504,4032,8,random_commuting_order,c3e08e0a2a473985eb72f37343cc40e3905049c1cbdf684ca29b1c7d90c6a87b,74104832,0.085303,random_commuting_order,20260801,6656,completed,ux-3de645061529fd0b,30.0,0.151612,"uniform on {1,...,K-1} over an exact-size uniform support sample"
4,10,"QASM2 -> TKET DecomposeBoxes/PauliSimp -> {cx,rz,h}",34376,pyzx_rewrite_identity_diagnostic,passed,"[0,pi/4); no 2pi target wraparound",tket_paulisimp,external Pauli-network/global semantic,64,1/16,1.0,1.0,74,10,0,False,140,4297,4297,10,2147483648,11,2005,16040,8,random_commuting_order,c3e08e0a2a473985eb72f37343cc40e3905049c1cbdf684ca29b1c7d90c6a87b,157712384,0.400447,random_commuting_order,20260801,6656,completed,ux-3de645061529fd0b,30.0,0.511615,"uniform on {1,...,K-1} over an exact-size uniform support sample"
4,10,"QASM2 -> exact parity/phase table -> {cx,rz} lowering",34376,exact_cnot_rz,passed,"[0,pi/4); no 2pi target wraparound",phase_polynomial_reference,instrumented global phase table,20,1/16,1.0,1.0,30,10,0,True,30,4297,4297,10,2147483648,11,504,4032,8,round_robin_flat,73fb7b7b20e688c769478cb627fa1acc90383377acf3ffcc8519c67a173278d3,74170368,0.086353,round_robin_flat,20260801,6608,completed,ux-3de645061529fd0b,30.0,0.146856,"uniform on {1,...,K-1} over an exact-size uniform support sample"
4,10,"QASM2 -> ZX graph/full_reduce/extract_circuit -> {cx,rz,h}",34376,pyzx_rewrite_identity_diagnostic,passed,"[0,pi/4); no 2pi target wraparound",pyzx_full_reduce,external ZX/global-IR semantic,110,1/16,1.0,1.0,209,10,0,False,382,4297,4297,10,2147483648,11,3922,31376,8,round_robin_flat,73fb7b7b20e688c769478cb627fa1acc90383377acf3ffcc8519c67a173278d3,110460928,0.267646,round_robin_flat,20260801,6608,completed,ux-3de645061529fd0b,30.0,0.36122,"uniform on {1,...,K-1} over an exact-size uniform support sample"
4,10,"QASM2 -> qiskit transpile opt3 -> {cx,rz,h}",34376,exact_cnot_rz,passed,"[0,pi/4); no 2pi target wraparound",qiskit_opt3,configured local/preset diagnostic,160,1/16,1.0,1.0,72,10,0,True,240,4297,4297,10,2147483648,11,4297,34376,8,round_robin_flat,73fb7b7b20e688c769478cb627fa1acc90383377acf3ffcc8519c67a173278d3,74612736,0.098651,round_robin_flat,20260801,6608,completed,ux-3de645061529fd0b,30.0,0.151568,"uniform on {1,...,K-1} over an exact-size uniform support sample"
4,10,"decode codec -> exact support table -> {cx,rz} lowering",34376,exact_cnot_rz,passed,"[0,pi/4); no 2pi target wraparound",semantic_reference,instrumented semantic reference,20,1/16,1.0,1.0,30,10,0,True,30,4297,4297,10,2147483648,11,504,4032,8,round_robin_flat,73fb7b7b20e688c769478cb627fa1acc90383377acf3ffcc8519c67a173278d3,74121216,0.086575,round_robin_flat,20260801,6608,completed,ux-3de645061529fd0b,30.0,0.150612,"uniform on {1,...,K-1} over an exact-size uniform support sample"
4,10,"QASM2 -> TKET DecomposeBoxes/PauliSimp -> {cx,rz,h}",34376,pyzx_rewrite_identity_diagnostic,passed,"[0,pi/4); no 2pi target wraparound",tket_paulisimp,external Pauli-network/global semantic,64,1/16,1.0,1.0,74,10,0,False,140,4297,4297,10,2147483648,11,2005,16040,8,round_robin_flat,73fb7b7b20e688c769478cb627fa1acc90383377acf3ffcc8519c67a173278d3,157777920,0.399661,round_robin_flat,20260801,6608,completed,ux-3de645061529fd0b,30.0,0.509785,"uniform on {1,...,K-1} over an exact-size uniform support sample"
4,10,"QASM2 -> exact parity/phase table -> {cx,rz} lowering",4032,exact_cnot_rz,passed,"[0,pi/4); no 2pi target wraparound",phase_polynomial_reference,instrumented global phase table,20,1/16,1.0,1.0,30,10,0,True,30,504,504,10,2147483648,11,504,4032,8,semantic_aggregate,bec0b1678515a02dde0e2a02343ae4319168fec259671fdf9a3d90f05bf50663,74219520,0.0847,semantic_aggregate,20260801,944,completed,ux-3de645061529fd0b,30.0,0.146957,"uniform on {1,...,K-1} over an exact-size uniform support sample"
4,10,"QASM2 -> ZX graph/full_reduce/extract_circuit -> {cx,rz,h}",4032,pyzx_rewrite_identity_diagnostic,passed,"[0,pi/4); no 2pi target wraparound",pyzx_full_reduce,external ZX/global-IR semantic,110,1/16,1.0,1.0,209,10,0,False,382,504,3922,10,2147483648,11,3922,31376,8,semantic_aggregate,bec0b1678515a02dde0e2a02343ae4319168fec259671fdf9a3d90f05bf50663,110395392,0.227485,semantic_aggregate,20260801,944,completed,ux-3de645061529fd0b,30.0,0.318827,"uniform on {1,...,K-1} over an exact-size uniform support sample"
4,10,"QASM2 -> qiskit transpile opt3 -> {cx,rz,h}",4032,exact_cnot_rz,passed,"[0,pi/4); no 2pi target wraparound",qiskit_opt3,configured local/preset diagnostic,20,1/16,1.0,1.0,30,10,0,True,30,504,504,10,2147483648,11,504,4032,8,semantic_aggregate,bec0b1678515a02dde0e2a02343ae4319168fec259671fdf9a3d90f05bf50663,74645504,0.095816,semantic_aggregate,20260801,944,completed,ux-3de645061529fd0b,30.0,0.149827,"uniform on {1,...,K-1} over an exact-size uniform support sample"
4,10,"decode codec -> exact support table -> {cx,rz} lowering",4032,exact_cnot_rz,passed,"[0,pi/4); no 2pi target wraparound",semantic_reference,instrumented semantic reference,20,1/16,1.0,1.0,30,10,0,True,30,504,504,10,2147483648,11,504,4032,8,semantic_aggregate,bec0b1678515a02dde0e2a02343ae4319168fec259671fdf9a3d90f05bf50663,74104832,0.084411,semantic_aggregate,20260801,944,completed,ux-3de645061529fd0b,30.0,0.148238,"uniform on {1,...,K-1} over an exact-size uniform support sample"
4,10,"QASM2 -> TKET DecomposeBoxes/PauliSimp -> {cx,rz,h}",4032,pyzx_rewrite_identity_diagnostic,passed,"[0,pi/4); no 2pi target wraparound",tket_paulisimp,external Pauli-network/global semantic,64,1/16,1.0,1.0,74,10,0,False,140,504,2005,10,2147483648,11,2005,16040,8,semantic_aggregate,bec0b1678515a02dde0e2a02343ae4319168fec259671fdf9a3d90f05bf50663,157220864,0.397987,semantic_aggregate,20260801,944,completed,ux-3de645061529fd0b,30.0,0.51613,"uniform on {1,...,K-1} over an exact-size uniform support sample"
16,10,"QASM2 -> exact parity/phase table -> {cx,rz} lowering",4736,exact_cnot_rz,passed,"[0,pi/4); no 2pi target wraparound",phase_polynomial_reference,instrumented global phase table,20,1/64,0.5,0.5,18,11,0,True,30,592,592,20,2147483648,21,592,4736,2,bridge_qasm2,471533d187c4bf5521ec2ad16a0634f0ff1efb1f92184ec1dd881e442247d336,74268672,0.085028,bridge_qasm2,20260802,4736,completed,ux-cf1bb2da9fc17277,30.0,0.14902,"uniform on {1,...,K-1} over an exact-size uniform support sample"
16,10,"QASM2 -> ZX graph/full_reduce/extract_circuit -> {cx,rz,h}",4736,pyzx_rewrite_identity_diagnostic,passed,"[0,pi/4); no 2pi target wraparound",pyzx_full_reduce,external ZX/global-IR semantic,50,1/64,0.5,0.5,91,11,0,False,210,592,2392,20,2147483648,21,2392,19136,2,bridge_qasm2,471533d187c4bf5521ec2ad16a0634f0ff1efb1f92184ec1dd881e442247d336,110280704,0.218087,bridge_qasm2,20260802,4736,completed,ux-cf1bb2da9fc17277,30.0,0.31446,"uniform on {1,...,K-1} over an exact-size uniform support sample"
16,10,"QASM2 -> qiskit transpile opt3 -> {cx,rz,h}",4736,exact_cnot_rz,passed,"[0,pi/4); no 2pi target wraparound",qiskit_opt3,configured local/preset diagnostic,20,1/64,0.5,0.5,18,11,0,True,30,592,592,20,2147483648,21,592,4736,2,bridge_qasm2,471533d187c4bf5521ec2ad16a0634f0ff1efb1f92184ec1dd881e442247d336,74907648,0.096459,bridge_qasm2,20260802,4736,completed,ux-cf1bb2da9fc17277,30.0,0.151649,"uniform on {1,...,K-1} over an exact-size uniform support sample"
16,10,"decode codec -> exact support table -> {cx,rz} lowering",4736,exact_cnot_rz,passed,"[0,pi/4); no 2pi target wraparound",semantic_reference,instrumented semantic reference,20,1/64,0.5,0.5,18,11,0,True,30,592,592,20,2147483648,21,592,4736,2,bridge_qasm2,471533d187c4bf5521ec2ad16a0634f0ff1efb1f92184ec1dd881e442247d336,73777152,0.085523,bridge_qasm2,20260802,4736,completed,ux-cf1bb2da9fc17277,30.0,0.143076,"uniform on {1,...,K-1} over an exact-size uniform support sample"
16,10,"QASM2 -> TKET DecomposeBoxes/PauliSimp -> {cx,rz,h}",4736,pyzx_rewrite_identity_diagnostic,passed,"[0,pi/4); no 2pi target wraparound",tket_paulisimp,external Pauli-network/global semantic,42,1/64,0.5,0.5,41,11,0,False,178,592,2690,20,2147483648,21,2690,21520,2,bridge_qasm2,471533d187c4bf5521ec2ad16a0634f0ff1efb1f92184ec1dd881e442247d336,157581312,0.39821,bridge_qasm2,20260802,4736,completed,ux-cf1bb2da9fc17277,30.0,0.514348,"uniform on {1,...,K-1} over an exact-size uniform support sample"
16,10,"QASM2 -> exact parity/phase table -> {cx,rz} lowering",9496,exact_cnot_rz,passed,"[0,pi/4); no 2pi target wraparound",phase_polynomial_reference,instrumented global phase table,20,1/64,0.5,0.5,18,11,0,True,30,1187,1187,20,2147483648,21,592,4736,2,contiguous_flat,0781f36ae1ae2df3697ce5facadbeea838cada0951e3c22f5b6d02d9c5e70e81,74219520,0.085018,contiguous_flat,20260802,1672,completed,ux-cf1bb2da9fc17277,30.0,0.146766,"uniform on {1,...,K-1} over an exact-size uniform support sample"
16,10,"QASM2 -> ZX graph/full_reduce/extract_circuit -> {cx,rz,h}",9496,pyzx_rewrite_identity_diagnostic,passed,"[0,pi/4); no 2pi target wraparound",pyzx_full_reduce,external ZX/global-IR semantic,50,1/64,0.5,0.5,91,11,0,False,210,1187,2392,20,2147483648,21,2392,19136,2,contiguous_flat,0781f36ae1ae2df3697ce5facadbeea838cada0951e3c22f5b6d02d9c5e70e81,110198784,0.220362,contiguous_flat,20260802,1672,completed,ux-cf1bb2da9fc17277,30.0,0.315964,"uniform on {1,...,K-1} over an exact-size uniform support sample"
16,10,"QASM2 -> qiskit transpile opt3 -> {cx,rz,h}",9496,exact_cnot_rz,passed,"[0,pi/4); no 2pi target wraparound",qiskit_opt3,configured local/preset diagnostic,20,1/64,0.5,0.5,18,11,0,True,30,1187,1187,20,2147483648,21,592,4736,2,contiguous_flat,0781f36ae1ae2df3697ce5facadbeea838cada0951e3c22f5b6d02d9c5e70e81,74776576,0.096241,contiguous_flat,20260802,1672,completed,ux-cf1bb2da9fc17277,30.0,0.174376,"uniform on {1,...,K-1} over an exact-size uniform support sample"
16,10,"decode codec -> exact support table -> {cx,rz} lowering",9496,exact_cnot_rz,passed,"[0,pi/4); no 2pi target wraparound",semantic_reference,instrumented semantic reference,20,1/64,0.5,0.5,18,11,0,True,30,1187,1187,20,2147483648,21,592,4736,2,contiguous_flat,0781f36ae1ae2df3697ce5facadbeea838cada0951e3c22f5b6d02d9c5e70e81,74055680,0.084352,contiguous_flat,20260802,1672,completed,ux-cf1bb2da9fc17277,30.0,0.148437,"uniform on {1,...,K-1} over an exact-size uniform support sample"
16,10,"QASM2 -> TKET DecomposeBoxes/PauliSimp -> {cx,rz,h}",9496,pyzx_rewrite_identity_diagnostic,passed,"[0,pi/4); no 2pi target wraparound",tket_paulisimp,external Pauli-network/global semantic,42,1/64,0.5,0.5,41,11,0,False,178,1187,2690,20,2147483648,21,2690,21520,2,contiguous_flat,0781f36ae1ae2df3697ce5facadbeea838cada0951e3c22f5b6d02d9c5e70e81,157646848,0.397871,contiguous_flat,20260802,1672,completed,ux-cf1bb2da9fc17277,30.0,0.515009,"uniform on {1,...,K-1} over an exact-size uniform support sample"
16,10,"QASM2 -> exact parity/phase table -> {cx,rz} lowering",4736,exact_cnot_rz,passed,"[0,pi/4); no 2pi target wraparound",phase_polynomial_reference,instrumented global phase table,20,1/64,0.5,0.5,18,11,0,True,30,592,592,20,2147483648,21,592,4736,2,locally_folded,9d1b5ae0657021a0a78b43f8d6f17a4e4c1cf80ba913a72eb4a1da9824a807c3,74121216,0.084438,locally_folded,20260802,912,completed,ux-cf1bb2da9fc17277,30.0,0.146907,"uniform on {1,...,K-1} over an exact-size uniform support sample"
16,10,"QASM2 -> ZX graph/full_reduce/extract_circuit -> {cx,rz,h}",4736,pyzx_rewrite_identity_diagnostic,passed,"[0,pi/4); no 2pi target wraparound",pyzx_full_reduce,external ZX/global-IR semantic,50,1/64,0.5,0.5,91,11,0,False,210,592,2392,20,2147483648,21,2392,19136,2,locally_folded,9d1b5ae0657021a0a78b43f8d6f17a4e4c1cf80ba913a72eb4a1da9824a807c3,110100480,0.219635,locally_folded,20260802,912,completed,ux-cf1bb2da9fc17277,30.0,0.324963,"uniform on {1,...,K-1} over an exact-size uniform support sample"
16,10,"QASM2 -> qiskit transpile opt3 -> {cx,rz,h}",4736,exact_cnot_rz,passed,"[0,pi/4); no 2pi target wraparound",qiskit_opt3,configured local/preset diagnostic,20,1/64,0.5,0.5,18,11,0,True,30,592,592,20,2147483648,21,592,4736,2,locally_folded,9d1b5ae0657021a0a78b43f8d6f17a4e4c1cf80ba913a72eb4a1da9824a807c3,77529088,0.096527,locally_folded,20260802,912,completed,ux-cf1bb2da9fc17277,30.0,0.171835,"uniform on {1,...,K-1} over an exact-size uniform support sample"
16,10,"decode codec -> exact support table -> {cx,rz} lowering",4736,exact_cnot_rz,passed,"[0,pi/4); no 2pi target wraparound",semantic_reference,instrumented semantic reference,20,1/64,0.5,0.5,18,11,0,True,30,592,592,20,2147483648,21,592,4736,2,locally_folded,9d1b5ae0657021a0a78b43f8d6f17a4e4c1cf80ba913a72eb4a1da9824a807c3,74039296,0.084921,locally_folded,20260802,912,completed,ux-cf1bb2da9fc17277,30.0,0.141044,"uniform on {1,...,K-1} over an exact-size uniform support sample"
16,10,"QASM2 -> TKET DecomposeBoxes/PauliSimp -> {cx,rz,h}",4736,pyzx_rewrite_identity_diagnostic,passed,"[0,pi/4); no 2pi target wraparound",tket_paulisimp,external Pauli-network/global semantic,42,1/64,0.5,0.5,41,11,0,False,178,592,2690,20,2147483648,21,2690,21520,2,locally_folded,9d1b5ae0657021a0a78b43f8d6f17a4e4c1cf80ba913a72eb4a1da9824a807c3,157663232,0.412671,locally_folded,20260802,912,completed,ux-cf1bb2da9fc17277,30.0,0.533655,"uniform on {1,...,K-1} over an exact-size uniform support sample"
16,10,"QASM2 -> exact parity/phase table -> {cx,rz} lowering",9848,exact_cnot_rz,passed,"[0,pi/4); no 2pi target wraparound",phase_polynomial_reference,instrumented global phase table,20,1/64,0.5,0.5,18,11,0,True,30,1231,1231,20,2147483648,21,592,4736,2,masked_share_flat,8ec368d23612414b1a8b59f08b25dcf4e204675ddfff9a1beaa35a3c521aa67f,74186752,0.085523,masked_share_flat,20260802,1696,completed,ux-cf1bb2da9fc17277,30.0,0.146745,"uniform on {1,...,K-1} over an exact-size uniform support sample"
16,10,"QASM2 -> ZX graph/full_reduce/extract_circuit -> {cx,rz,h}",9848,pyzx_rewrite_identity_diagnostic,passed,"[0,pi/4); no 2pi target wraparound",pyzx_full_reduce,external ZX/global-IR semantic,50,1/64,0.5,0.5,91,11,0,False,210,1231,2392,20,2147483648,21,2392,19136,2,masked_share_flat,8ec368d23612414b1a8b59f08b25dcf4e204675ddfff9a1beaa35a3c521aa67f,110084096,0.223204,masked_share_flat,20260802,1696,completed,ux-cf1bb2da9fc17277,30.0,0.320254,"uniform on {1,...,K-1} over an exact-size uniform support sample"
16,10,"QASM2 -> qiskit transpile opt3 -> {cx,rz,h}",9848,exact_cnot_rz,passed,"[0,pi/4); no 2pi target wraparound",qiskit_opt3,configured local/preset diagnostic,32,1/64,0.5,0.5,24,11,0,True,48,1231,1231,20,2147483648,21,1000,8000,2,masked_share_flat,8ec368d23612414b1a8b59f08b25dcf4e204675ddfff9a1beaa35a3c521aa67f,77611008,0.096151,masked_share_flat,20260802,1696,completed,ux-cf1bb2da9fc17277,30.0,0.171903,"uniform on {1,...,K-1} over an exact-size uniform support sample"
16,10,"decode codec -> exact support table -> {cx,rz} lowering",9848,exact_cnot_rz,passed,"[0,pi/4); no 2pi target wraparound",semantic_reference,instrumented semantic reference,20,1/64,0.5,0.5,18,11,0,True,30,1231,1231,20,2147483648,21,592,4736,2,masked_share_flat,8ec368d23612414b1a8b59f08b25dcf4e204675ddfff9a1beaa35a3c521aa67f,73973760,0.084869,masked_share_flat,20260802,1696,completed,ux-cf1bb2da9fc17277,30.0,0.142428,"uniform on {1,...,K-1} over an exact-size uniform support sample"
16,10,"QASM2 -> TKET DecomposeBoxes/PauliSimp -> {cx,rz,h}",9848,pyzx_rewrite_identity_diagnostic,passed,"[0,pi/4); no 2pi target wraparound",tket_paulisimp,external Pauli-network/global semantic,42,1/64,0.5,0.5,41,11,0,False,178,1231,2742,20,2147483648,21,2742,21936,2,masked_share_flat,8ec368d23612414b1a8b59f08b25dcf4e204675ddfff9a1beaa35a3c521aa67f,157548544,0.399734,masked_share_flat,20260802,1696,completed,ux-cf1bb2da9fc17277,30.0,0.517484,"uniform on {1,...,K-1} over an exact-size uniform support sample"
16,10,"QASM2 -> exact parity/phase table -> {cx,rz} lowering",9496,exact_cnot_rz,passed,"[0,pi/4); no 2pi target wraparound",phase_polynomial_reference,instrumented global phase table,20,1/64,0.5,0.5,18,11,0,True,30,1187,1187,20,2147483648,21,592,4736,2,random_commuting_order,f834b0b2308c9bb61070c9cb752d6f31023cb754cad99954cdd75bc9b549546a,74137600,0.088652,random_commuting_order,20260802,1728,completed,ux-cf1bb2da9fc17277,30.0,0.144645,"uniform on {1,...,K-1} over an exact-size uniform support sample"
16,10,"QASM2 -> ZX graph/full_reduce/extract_circuit -> {cx,rz,h}",9496,pyzx_rewrite_identity_diagnostic,passed,"[0,pi/4); no 2pi target wraparound",pyzx_full_reduce,external ZX/global-IR semantic,50,1/64,0.5,0.5,91,11,0,False,210,1187,2392,20,2147483648,21,2392,19136,2,random_commuting_order,f834b0b2308c9bb61070c9cb752d6f31023cb754cad99954cdd75bc9b549546a,110297088,0.220739,random_commuting_order,20260802,1728,completed,ux-cf1bb2da9fc17277,30.0,0.322924,"uniform on {1,...,K-1} over an exact-size uniform support sample"
16,10,"QASM2 -> qiskit transpile opt3 -> {cx,rz,h}",9496,exact_cnot_rz,passed,"[0,pi/4); no 2pi target wraparound",qiskit_opt3,configured local/preset diagnostic,32,1/64,0.5,0.5,15,11,0,True,48,1187,1187,20,2147483648,21,980,7840,2,random_commuting_order,f834b0b2308c9bb61070c9cb752d6f31023cb754cad99954cdd75bc9b549546a,77676544,0.098011,random_commuting_order,20260802,1728,completed,ux-cf1bb2da9fc17277,30.0,0.174064,"uniform on {1,...,K-1} over an exact-size uniform support sample"
16,10,"decode codec -> exact support table -> {cx,rz} lowering",9496,exact_cnot_rz,passed,"[0,pi/4); no 2pi target wraparound",semantic_reference,instrumented semantic reference,20,1/64,0.5,0.5,18,11,0,True,30,1187,1187,20,2147483648,21,592,4736,2,random_commuting_order,f834b0b2308c9bb61070c9cb752d6f31023cb754cad99954cdd75bc9b549546a,74039296,0.08631,random_commuting_order,20260802,1728,completed,ux-cf1bb2da9fc17277,30.0,0.151316,"uniform on {1,...,K-1} over an exact-size uniform support sample"
16,10,"QASM2 -> TKET DecomposeBoxes/PauliSimp -> {cx,rz,h}",9496,pyzx_rewrite_identity_diagnostic,passed,"[0,pi/4); no 2pi target wraparound",tket_paulisimp,external Pauli-network/global semantic,42,1/64,0.5,0.5,41,11,0,False,178,1187,2690,20,2147483648,21,2690,21520,2,random_commuting_order,f834b0b2308c9bb61070c9cb752d6f31023cb754cad99954cdd75bc9b549546a,157597696,0.401279,random_commuting_order,20260802,1728,completed,ux-cf1bb2da9fc17277,30.0,0.518122,"uniform on {1,...,K-1} over an exact-size uniform support sample"
16,10,"QASM2 -> exact parity/phase table -> {cx,rz} lowering",9496,exact_cnot_rz,passed,"[0,pi/4); no 2pi target wraparound",phase_polynomial_reference,instrumented global phase table,20,1/64,0.5,0.5,18,11,0,True,30,1187,1187,20,2147483648,21,592,4736,2,round_robin_flat,498faadefffce2d884b1b652d2918d31b324f9d7896d66831d657605b2c38744,74268672,0.091067,round_robin_flat,20260802,1680,completed,ux-cf1bb2da9fc17277,30.0,0.16158,"uniform on {1,...,K-1} over an exact-size uniform support sample"
16,10,"QASM2 -> ZX graph/full_reduce/extract_circuit -> {cx,rz,h}",9496,pyzx_rewrite_identity_diagnostic,passed,"[0,pi/4); no 2pi target wraparound",pyzx_full_reduce,external ZX/global-IR semantic,50,1/64,0.5,0.5,91,11,0,False,210,1187,2392,20,2147483648,21,2392,19136,2,round_robin_flat,498faadefffce2d884b1b652d2918d31b324f9d7896d66831d657605b2c38744,110149632,0.221895,round_robin_flat,20260802,1680,completed,ux-cf1bb2da9fc17277,30.0,0.308576,"uniform on {1,...,K-1} over an exact-size uniform support sample"
16,10,"QASM2 -> qiskit transpile opt3 -> {cx,rz,h}",9496,exact_cnot_rz,passed,"[0,pi/4); no 2pi target wraparound",qiskit_opt3,configured local/preset diagnostic,32,1/64,0.5,0.5,24,11,0,True,48,1187,1187,20,2147483648,21,980,7840,2,round_robin_flat,498faadefffce2d884b1b652d2918d31b324f9d7896d66831d657605b2c38744,77332480,0.10529,round_robin_flat,20260802,1680,completed,ux-cf1bb2da9fc17277,30.0,0.169611,"uniform on {1,...,K-1} over an exact-size uniform support sample"
16,10,"decode codec -> exact support table -> {cx,rz} lowering",9496,exact_cnot_rz,passed,"[0,pi/4); no 2pi target wraparound",semantic_reference,instrumented semantic reference,20,1/64,0.5,0.5,18,11,0,True,30,1187,1187,20,2147483648,21,592,4736,2,round_robin_flat,498faadefffce2d884b1b652d2918d31b324f9d7896d66831d657605b2c38744,74121216,0.085271,round_robin_flat,20260802,1680,completed,ux-cf1bb2da9fc17277,30.0,0.148302,"uniform on {1,...,K-1} over an exact-size uniform support sample"
16,10,"QASM2 -> TKET DecomposeBoxes/PauliSimp -> {cx,rz,h}",9496,pyzx_rewrite_identity_diagnostic,passed,"[0,pi/4); no 2pi target wraparound",tket_paulisimp,external Pauli-network/global semantic,42,1/64,0.5,0.5,41,11,0,False,178,1187,2690,20,2147483648,21,2690,21520,2,round_robin_flat,498faadefffce2d884b1b652d2918d31b324f9d7896d66831d657605b2c38744,157515776,0.401554,round_robin_flat,20260802,1680,completed,ux-cf1bb2da9fc17277,30.0,0.521258,"uniform on {1,...,K-1} over an exact-size uniform support sample"
16,10,"QASM2 -> exact parity/phase table -> {cx,rz} lowering",4736,exact_cnot_rz,passed,"[0,pi/4); no 2pi target wraparound",phase_polynomial_reference,instrumented global phase table,20,1/64,0.5,0.5,18,11,0,True,30,592,592,20,2147483648,21,592,4736,2,semantic_aggregate,0e58c52e26101c291b8ab7b0b868ed911ddf31a1b08da369facce59f8500a0c8,74104832,0.084652,semantic_aggregate,20260802,944,completed,ux-cf1bb2da9fc17277,30.0,0.150361,"uniform on {1,...,K-1} over an exact-size uniform support sample"
16,10,"QASM2 -> ZX graph/full_reduce/extract_circuit -> {cx,rz,h}",4736,pyzx_rewrite_identity_diagnostic,passed,"[0,pi/4); no 2pi target wraparound",pyzx_full_reduce,external ZX/global-IR semantic,50,1/64,0.5,0.5,91,11,0,False,210,592,2392,20,2147483648,21,2392,19136,2,semantic_aggregate,0e58c52e26101c291b8ab7b0b868ed911ddf31a1b08da369facce59f8500a0c8,110149632,0.220334,semantic_aggregate,20260802,944,completed,ux-cf1bb2da9fc17277,30.0,0.301235,"uniform on {1,...,K-1} over an exact-size uniform support sample"
16,10,"QASM2 -> qiskit transpile opt3 -> {cx,rz,h}",4736,exact_cnot_rz,passed,"[0,pi/4); no 2pi target wraparound",qiskit_opt3,configured local/preset diagnostic,20,1/64,0.5,0.5,18,11,0,True,30,592,592,20,2147483648,21,592,4736,2,semantic_aggregate,0e58c52e26101c291b8ab7b0b868ed911ddf31a1b08da369facce59f8500a0c8,77332480,0.096407,semantic_aggregate,20260802,944,completed,ux-cf1bb2da9fc17277,30.0,0.167274,"uniform on {1,...,K-1} over an exact-size uniform support sample"
16,10,"decode codec -> exact support table -> {cx,rz} lowering",4736,exact_cnot_rz,passed,"[0,pi/4); no 2pi target wraparound",semantic_reference,instrumented semantic reference,20,1/64,0.5,0.5,18,11,0,True,30,592,592,20,2147483648,21,592,4736,2,semantic_aggregate,0e58c52e26101c291b8ab7b0b868ed911ddf31a1b08da369facce59f8500a0c8,74121216,0.085145,semantic_aggregate,20260802,944,completed,ux-cf1bb2da9fc17277,30.0,0.151659,"uniform on {1,...,K-1} over an exact-size uniform support sample"
16,10,"QASM2 -> TKET DecomposeBoxes/PauliSimp -> {cx,rz,h}",4736,pyzx_rewrite_identity_diagnostic,passed,"[0,pi/4); no 2pi target wraparound",tket_paulisimp,external Pauli-network/global semantic,42,1/64,0.5,0.5,41,11,0,False,178,592,2690,20,2147483648,21,2690,21520,2,semantic_aggregate,0e58c52e26101c291b8ab7b0b868ed911ddf31a1b08da369facce59f8500a0c8,157564928,0.398926,semantic_aggregate,20260802,944,completed,ux-cf1bb2da9fc17277,30.0,0.507483,"uniform on {1,...,K-1} over an exact-size uniform support sample"
4,10,"QASM2 -> exact parity/phase table -> {cx,rz} lowering",4304,exact_cnot_rz,passed,"[0,pi/4); no 2pi target wraparound",phase_polynomial_reference,instrumented global phase table,20,1/16,0.25,0.25,6,12,0,True,30,538,538,40,2147483648,41,538,4304,4,bridge_qasm2,8f9982f62fd3212502906c77dbcae36f73f32c823ea65e55b466e919faccf731,72990720,0.085205,bridge_qasm2,20260803,4304,completed,ux-e14c3cff5227f743,30.0,0.139834,"uniform on {1,...,K-1} over an exact-size uniform support sample"
4,10,"QASM2 -> ZX graph/full_reduce/extract_circuit -> {cx,rz,h}",4304,pyzx_rewrite_identity_diagnostic,passed,"[0,pi/4); no 2pi target wraparound",pyzx_full_reduce,external ZX/global-IR semantic,22,1/16,0.25,0.25,21,12,0,False,134,538,1468,40,2147483648,41,1468,11744,4,bridge_qasm2,8f9982f62fd3212502906c77dbcae36f73f32c823ea65e55b466e919faccf731,110100480,0.218562,bridge_qasm2,20260803,4304,completed,ux-e14c3cff5227f743,30.0,0.323833,"uniform on {1,...,K-1} over an exact-size uniform support sample"
4,10,"QASM2 -> qiskit transpile opt3 -> {cx,rz,h}",4304,exact_cnot_rz,passed,"[0,pi/4); no 2pi target wraparound",qiskit_opt3,configured local/preset diagnostic,20,1/16,0.25,0.25,6,12,0,True,30,538,538,40,2147483648,41,538,4304,4,bridge_qasm2,8f9982f62fd3212502906c77dbcae36f73f32c823ea65e55b466e919faccf731,75137024,0.096503,bridge_qasm2,20260803,4304,completed,ux-e14c3cff5227f743,30.0,0.151657,"uniform on {1,...,K-1} over an exact-size uniform support sample"
4,10,"decode codec -> exact support table -> {cx,rz} lowering",4304,exact_cnot_rz,passed,"[0,pi/4); no 2pi target wraparound",semantic_reference,instrumented semantic reference,20,1/16,0.25,0.25,6,12,0,True,30,538,538,40,2147483648,41,538,4304,4,bridge_qasm2,8f9982f62fd3212502906c77dbcae36f73f32c823ea65e55b466e919faccf731,73973760,0.084421,bridge_qasm2,20260803,4304,completed,ux-e14c3cff5227f743,30.0,0.142289,"uniform on {1,...,K-1} over an exact-size uniform support sample"
4,10,"QASM2 -> TKET DecomposeBoxes/PauliSimp -> {cx,rz,h}",4304,pyzx_rewrite_identity_diagnostic,passed,"[0,pi/4); no 2pi target wraparound",tket_paulisimp,external Pauli-network/global semantic,22,1/16,0.25,0.25,14,12,0,False,278,538,4036,40,2147483648,41,4036,32288,4,bridge_qasm2,8f9982f62fd3212502906c77dbcae36f73f32c823ea65e55b466e919faccf731,158203904,0.405021,bridge_qasm2,20260803,4304,completed,ux-e14c3cff5227f743,30.0,0.518219,"uniform on {1,...,K-1} over an exact-size uniform support sample"
4,10,"QASM2 -> exact parity/phase table -> {cx,rz} lowering",18440,exact_cnot_rz,passed,"[0,pi/4); no 2pi target wraparound",phase_polynomial_reference,instrumented global phase table,20,1/16,0.25,0.25,6,12,0,True,30,2305,2305,40,2147483648,41,538,4304,4,contiguous_flat,abddf59f1527bd7a3384017c4118e0ddc7372dd08425332d6fbaa59d955e0b1e,74301440,0.085321,contiguous_flat,20260803,3080,completed,ux-e14c3cff5227f743,30.0,0.151832,"uniform on {1,...,K-1} over an exact-size uniform support sample"
4,10,"QASM2 -> ZX graph/full_reduce/extract_circuit -> {cx,rz,h}",18440,pyzx_rewrite_identity_diagnostic,passed,"[0,pi/4); no 2pi target wraparound",pyzx_full_reduce,external ZX/global-IR semantic,22,1/16,0.25,0.25,21,12,0,False,134,2305,2305,40,2147483648,41,1468,11744,4,contiguous_flat,abddf59f1527bd7a3384017c4118e0ddc7372dd08425332d6fbaa59d955e0b1e,110018560,0.222321,contiguous_flat,20260803,3080,completed,ux-e14c3cff5227f743,30.0,0.301739,"uniform on {1,...,K-1} over an exact-size uniform support sample"
4,10,"QASM2 -> qiskit transpile opt3 -> {cx,rz,h}",18440,exact_cnot_rz,passed,"[0,pi/4); no 2pi target wraparound",qiskit_opt3,configured local/preset diagnostic,20,1/16,0.25,0.25,6,12,0,True,30,2305,2305,40,2147483648,41,538,4304,4,contiguous_flat,abddf59f1527bd7a3384017c4118e0ddc7372dd08425332d6fbaa59d955e0b1e,74629120,0.096909,contiguous_flat,20260803,3080,completed,ux-e14c3cff5227f743,30.0,0.173738,"uniform on {1,...,K-1} over an exact-size uniform support sample"
4,10,"decode codec -> exact support table -> {cx,rz} lowering",18440,exact_cnot_rz,passed,"[0,pi/4); no 2pi target wraparound",semantic_reference,instrumented semantic reference,20,1/16,0.25,0.25,6,12,0,True,30,2305,2305,40,2147483648,41,538,4304,4,contiguous_flat,abddf59f1527bd7a3384017c4118e0ddc7372dd08425332d6fbaa59d955e0b1e,74153984,0.084938,contiguous_flat,20260803,3080,completed,ux-e14c3cff5227f743,30.0,0.151683,"uniform on {1,...,K-1} over an exact-size uniform support sample"
4,10,"QASM2 -> TKET DecomposeBoxes/PauliSimp -> {cx,rz,h}",18440,pyzx_rewrite_identity_diagnostic,passed,"[0,pi/4); no 2pi target wraparound",tket_paulisimp,external Pauli-network/global semantic,22,1/16,0.25,0.25,14,12,0,False,278,2305,4036,40,2147483648,41,4036,32288,4,contiguous_flat,abddf59f1527bd7a3384017c4118e0ddc7372dd08425332d6fbaa59d955e0b1e,158220288,0.410405,contiguous_flat,20260803,3080,completed,ux-e14c3cff5227f743,30.0,0.517718,"uniform on {1,...,K-1} over an exact-size uniform support sample"
4,10,"QASM2 -> exact parity/phase table -> {cx,rz} lowering",9320,exact_cnot_rz,passed,"[0,pi/4); no 2pi target wraparound",phase_polynomial_reference,instrumented global phase table,20,1/16,0.25,0.25,6,12,0,True,30,1165,1165,40,2147483648,41,538,4304,4,locally_folded,23afc826a9cbd91cdf4501213fdd946f967391f7e3e385ac1008c66f534623be,74301440,0.085355,locally_folded,20260803,1632,completed,ux-e14c3cff5227f743,30.0,0.151228,"uniform on {1,...,K-1} over an exact-size uniform support sample"
4,10,"QASM2 -> ZX graph/full_reduce/extract_circuit -> {cx,rz,h}",9320,pyzx_rewrite_identity_diagnostic,passed,"[0,pi/4); no 2pi target wraparound",pyzx_full_reduce,external ZX/global-IR semantic,22,1/16,0.25,0.25,21,12,0,False,134,1165,1468,40,2147483648,41,1468,11744,4,locally_folded,23afc826a9cbd91cdf4501213fdd946f967391f7e3e385ac1008c66f534623be,109985792,0.218597,locally_folded,20260803,1632,completed,ux-e14c3cff5227f743,30.0,0.314488,"uniform on {1,...,K-1} over an exact-size uniform support sample"
4,10,"QASM2 -> qiskit transpile opt3 -> {cx,rz,h}",9320,exact_cnot_rz,passed,"[0,pi/4); no 2pi target wraparound",qiskit_opt3,configured local/preset diagnostic,20,1/16,0.25,0.25,6,12,0,True,30,1165,1165,40,2147483648,41,538,4304,4,locally_folded,23afc826a9cbd91cdf4501213fdd946f967391f7e3e385ac1008c66f534623be,74629120,0.097136,locally_folded,20260803,1632,completed,ux-e14c3cff5227f743,30.0,0.151302,"uniform on {1,...,K-1} over an exact-size uniform support sample"
4,10,"decode codec -> exact support table -> {cx,rz} lowering",9320,exact_cnot_rz,passed,"[0,pi/4); no 2pi target wraparound",semantic_reference,instrumented semantic reference,20,1/16,0.25,0.25,6,12,0,True,30,1165,1165,40,2147483648,41,538,4304,4,locally_folded,23afc826a9cbd91cdf4501213fdd946f967391f7e3e385ac1008c66f534623be,74088448,0.085186,locally_folded,20260803,1632,completed,ux-e14c3cff5227f743,30.0,0.149896,"uniform on {1,...,K-1} over an exact-size uniform support sample"
4,10,"QASM2 -> TKET DecomposeBoxes/PauliSimp -> {cx,rz,h}",9320,pyzx_rewrite_identity_diagnostic,passed,"[0,pi/4); no 2pi target wraparound",tket_paulisimp,external Pauli-network/global semantic,22,1/16,0.25,0.25,14,12,0,False,278,1165,4036,40,2147483648,41,4036,32288,4,locally_folded,23afc826a9cbd91cdf4501213fdd946f967391f7e3e385ac1008c66f534623be,158171136,0.405274,locally_folded,20260803,1632,completed,ux-e14c3cff5227f743,30.0,0.520611,"uniform on {1,...,K-1} over an exact-size uniform support sample"
4,10,"QASM2 -> exact parity/phase table -> {cx,rz} lowering",16992,exact_cnot_rz,passed,"[0,pi/4); no 2pi target wraparound",phase_polynomial_reference,instrumented global phase table,20,1/16,0.25,0.25,6,12,0,True,30,2124,2124,40,2147483648,41,538,4304,4,masked_share_flat,c8305e60bbc5af79aca5ad6593aa320f6844f378b387bb80217a1a986ce7f990,74301440,0.085428,masked_share_flat,20260803,3096,completed,ux-e14c3cff5227f743,30.0,0.148219,"uniform on {1,...,K-1} over an exact-size uniform support sample"
4,10,"QASM2 -> ZX graph/full_reduce/extract_circuit -> {cx,rz,h}",16992,pyzx_rewrite_identity_diagnostic,passed,"[0,pi/4); no 2pi target wraparound",pyzx_full_reduce,external ZX/global-IR semantic,22,1/16,0.25,0.25,21,12,0,False,134,2124,2124,40,2147483648,41,1468,11744,4,masked_share_flat,c8305e60bbc5af79aca5ad6593aa320f6844f378b387bb80217a1a986ce7f990,110002176,0.224276,masked_share_flat,20260803,3096,completed,ux-e14c3cff5227f743,30.0,0.317366,"uniform on {1,...,K-1} over an exact-size uniform support sample"
4,10,"QASM2 -> qiskit transpile opt3 -> {cx,rz,h}",16992,pyzx_rewrite_identity_diagnostic,inconclusive,"[0,pi/4); no 2pi target wraparound",qiskit_opt3,configured local/preset diagnostic,31,1/16,0.25,0.25,32,12,0,False,65,2124,2124,40,2147483648,41,1242,9936,4,masked_share_flat,c8305e60bbc5af79aca5ad6593aa320f6844f378b387bb80217a1a986ce7f990,111443968,0.214319,masked_share_flat,20260803,3096,certificate_unsupported,ux-e14c3cff5227f743,30.0,0.291079,"uniform on {1,...,K-1} over an exact-size uniform support sample"
4,10,"decode codec -> exact support table -> {cx,rz} lowering",16992,exact_cnot_rz,passed,"[0,pi/4); no 2pi target wraparound",semantic_reference,instrumented semantic reference,20,1/16,0.25,0.25,6,12,0,True,30,2124,2124,40,2147483648,41,538,4304,4,masked_share_flat,c8305e60bbc5af79aca5ad6593aa320f6844f378b387bb80217a1a986ce7f990,74186752,0.084949,masked_share_flat,20260803,3096,completed,ux-e14c3cff5227f743,30.0,0.147933,"uniform on {1,...,K-1} over an exact-size uniform support sample"
4,10,"QASM2 -> TKET DecomposeBoxes/PauliSimp -> {cx,rz,h}",16992,pyzx_rewrite_identity_diagnostic,passed,"[0,pi/4); no 2pi target wraparound",tket_paulisimp,external Pauli-network/global semantic,26,1/16,0.25,0.25,19,12,0,False,286,2124,4222,40,2147483648,41,4222,33776,4,masked_share_flat,c8305e60bbc5af79aca5ad6593aa320f6844f378b387bb80217a1a986ce7f990,158367744,0.409118,masked_share_flat,20260803,3096,completed,ux-e14c3cff5227f743,30.0,0.52049,"uniform on {1,...,K-1} over an exact-size uniform support sample"
4,10,"QASM2 -> exact parity/phase table -> {cx,rz} lowering",18440,exact_cnot_rz,passed,"[0,pi/4); no 2pi target wraparound",phase_polynomial_reference,instrumented global phase table,20,1/16,0.25,0.25,6,12,0,True,30,2305,2305,40,2147483648,41,538,4304,4,random_commuting_order,78e1f6f663e5514b75450f33b708a0e214a2a7a0db73a5c3acbcba915e0020b5,74317824,0.086665,random_commuting_order,20260803,3136,completed,ux-e14c3cff5227f743,30.0,0.151692,"uniform on {1,...,K-1} over an exact-size uniform support sample"
4,10,"QASM2 -> ZX graph/full_reduce/extract_circuit -> {cx,rz,h}",18440,pyzx_rewrite_identity_diagnostic,passed,"[0,pi/4); no 2pi target wraparound",pyzx_full_reduce,external ZX/global-IR semantic,22,1/16,0.25,0.25,21,12,0,False,134,2305,2305,40,2147483648,41,1468,11744,4,random_commuting_order,78e1f6f663e5514b75450f33b708a0e214a2a7a0db73a5c3acbcba915e0020b5,109985792,0.224942,random_commuting_order,20260803,3136,completed,ux-e14c3cff5227f743,30.0,0.314839,"uniform on {1,...,K-1} over an exact-size uniform support sample"
4,10,"QASM2 -> qiskit transpile opt3 -> {cx,rz,h}",18440,exact_cnot_rz,passed,"[0,pi/4); no 2pi target wraparound",qiskit_opt3,configured local/preset diagnostic,28,1/16,0.25,0.25,18,12,0,True,42,2305,2305,40,2147483648,41,773,6184,4,random_commuting_order,78e1f6f663e5514b75450f33b708a0e214a2a7a0db73a5c3acbcba915e0020b5,74776576,0.096856,random_commuting_order,20260803,3136,completed,ux-e14c3cff5227f743,30.0,0.151744,"uniform on {1,...,K-1} over an exact-size uniform support sample"
4,10,"decode codec -> exact support table -> {cx,rz} lowering",18440,exact_cnot_rz,passed,"[0,pi/4); no 2pi target wraparound",semantic_reference,instrumented semantic reference,20,1/16,0.25,0.25,6,12,0,True,30,2305,2305,40,2147483648,41,538,4304,4,random_commuting_order,78e1f6f663e5514b75450f33b708a0e214a2a7a0db73a5c3acbcba915e0020b5,74186752,0.085373,random_commuting_order,20260803,3136,completed,ux-e14c3cff5227f743,30.0,0.151687,"uniform on {1,...,K-1} over an exact-size uniform support sample"
4,10,"QASM2 -> TKET DecomposeBoxes/PauliSimp -> {cx,rz,h}",18440,pyzx_rewrite_identity_diagnostic,passed,"[0,pi/4); no 2pi target wraparound",tket_paulisimp,external Pauli-network/global semantic,22,1/16,0.25,0.25,14,12,0,False,278,2305,4036,40,2147483648,41,4036,32288,4,random_commuting_order,78e1f6f663e5514b75450f33b708a0e214a2a7a0db73a5c3acbcba915e0020b5,158203904,0.408151,random_commuting_order,20260803,3136,completed,ux-e14c3cff5227f743,30.0,0.51833,"uniform on {1,...,K-1} over an exact-size uniform support sample"
4,10,"QASM2 -> exact parity/phase table -> {cx,rz} lowering",18440,exact_cnot_rz,passed,"[0,pi/4); no 2pi target wraparound",phase_polynomial_reference,instrumented global phase table,20,1/16,0.25,0.25,6,12,0,True,30,2305,2305,40,2147483648,41,538,4304,4,round_robin_flat,269dbb110dbbcdf95523b0d9addb404afdd44a4a4e2a2a60d22b9bd3974f8b23,74252288,0.084937,round_robin_flat,20260803,3088,completed,ux-e14c3cff5227f743,30.0,0.151683,"uniform on {1,...,K-1} over an exact-size uniform support sample"
4,10,"QASM2 -> ZX graph/full_reduce/extract_circuit -> {cx,rz,h}",18440,pyzx_rewrite_identity_diagnostic,passed,"[0,pi/4); no 2pi target wraparound",pyzx_full_reduce,external ZX/global-IR semantic,22,1/16,0.25,0.25,21,12,0,False,134,2305,2305,40,2147483648,41,1468,11744,4,round_robin_flat,269dbb110dbbcdf95523b0d9addb404afdd44a4a4e2a2a60d22b9bd3974f8b23,110018560,0.224372,round_robin_flat,20260803,3088,completed,ux-e14c3cff5227f743,30.0,0.316863,"uniform on {1,...,K-1} over an exact-size uniform support sample"
4,10,"QASM2 -> qiskit transpile opt3 -> {cx,rz,h}",18440,exact_cnot_rz,passed,"[0,pi/4); no 2pi target wraparound",qiskit_opt3,configured local/preset diagnostic,32,1/16,0.25,0.25,24,12,0,True,48,2305,2305,40,2147483648,41,886,7088,4,round_robin_flat,269dbb110dbbcdf95523b0d9addb404afdd44a4a4e2a2a60d22b9bd3974f8b23,74678272,0.09683,round_robin_flat,20260803,3088,completed,ux-e14c3cff5227f743,30.0,0.169913,"uniform on {1,...,K-1} over an exact-size uniform support sample"
4,10,"decode codec -> exact support table -> {cx,rz} lowering",18440,exact_cnot_rz,passed,"[0,pi/4); no 2pi target wraparound",semantic_reference,instrumented semantic reference,20,1/16,0.25,0.25,6,12,0,True,30,2305,2305,40,2147483648,41,538,4304,4,round_robin_flat,269dbb110dbbcdf95523b0d9addb404afdd44a4a4e2a2a60d22b9bd3974f8b23,74039296,0.085057,round_robin_flat,20260803,3088,completed,ux-e14c3cff5227f743,30.0,0.150497,"uniform on {1,...,K-1} over an exact-size uniform support sample"
4,10,"QASM2 -> TKET DecomposeBoxes/PauliSimp -> {cx,rz,h}",18440,pyzx_rewrite_identity_diagnostic,passed,"[0,pi/4); no 2pi target wraparound",tket_paulisimp,external Pauli-network/global semantic,22,1/16,0.25,0.25,14,12,0,False,278,2305,4036,40,2147483648,41,4036,32288,4,round_robin_flat,269dbb110dbbcdf95523b0d9addb404afdd44a4a4e2a2a60d22b9bd3974f8b23,158515200,0.407535,round_robin_flat,20260803,3088,completed,ux-e14c3cff5227f743,30.0,0.514626,"uniform on {1,...,K-1} over an exact-size uniform support sample"
4,10,"QASM2 -> exact parity/phase table -> {cx,rz} lowering",4304,exact_cnot_rz,passed,"[0,pi/4); no 2pi target wraparound",phase_polynomial_reference,instrumented global phase table,20,1/16,0.25,0.25,6,12,0,True,30,538,538,40,2147483648,41,538,4304,4,semantic_aggregate,eed4066d4f6f93841eed64eb9ca7d6eee3c9a1d26a88f458ba4a1e2eb992503d,74121216,0.085119,semantic_aggregate,20260803,944,completed,ux-e14c3cff5227f743,30.0,0.148271,"uniform on {1,...,K-1} over an exact-size uniform support sample"
4,10,"QASM2 -> ZX graph/full_reduce/extract_circuit -> {cx,rz,h}",4304,pyzx_rewrite_identity_diagnostic,passed,"[0,pi/4); no 2pi target wraparound",pyzx_full_reduce,external ZX/global-IR semantic,22,1/16,0.25,0.25,21,12,0,False,134,538,1468,40,2147483648,41,1468,11744,4,semantic_aggregate,eed4066d4f6f93841eed64eb9ca7d6eee3c9a1d26a88f458ba4a1e2eb992503d,109969408,0.217548,semantic_aggregate,20260803,944,completed,ux-e14c3cff5227f743,30.0,0.319045,"uniform on {1,...,K-1} over an exact-size uniform support sample"
4,10,"QASM2 -> qiskit transpile opt3 -> {cx,rz,h}",4304,exact_cnot_rz,passed,"[0,pi/4); no 2pi target wraparound",qiskit_opt3,configured local/preset diagnostic,20,1/16,0.25,0.25,6,12,0,True,30,538,538,40,2147483648,41,538,4304,4,semantic_aggregate,eed4066d4f6f93841eed64eb9ca7d6eee3c9a1d26a88f458ba4a1e2eb992503d,77414400,0.096008,semantic_aggregate,20260803,944,completed,ux-e14c3cff5227f743,30.0,0.171912,"uniform on {1,...,K-1} over an exact-size uniform support sample"
4,10,"decode codec -> exact support table -> {cx,rz} lowering",4304,exact_cnot_rz,passed,"[0,pi/4); no 2pi target wraparound",semantic_reference,instrumented semantic reference,20,1/16,0.25,0.25,6,12,0,True,30,538,538,40,2147483648,41,538,4304,4,semantic_aggregate,eed4066d4f6f93841eed64eb9ca7d6eee3c9a1d26a88f458ba4a1e2eb992503d,74104832,0.085416,semantic_aggregate,20260803,944,completed,ux-e14c3cff5227f743,30.0,0.148348,"uniform on {1,...,K-1} over an exact-size uniform support sample"
4,10,"QASM2 -> TKET DecomposeBoxes/PauliSimp -> {cx,rz,h}",4304,pyzx_rewrite_identity_diagnostic,passed,"[0,pi/4); no 2pi target wraparound",tket_paulisimp,external Pauli-network/global semantic,22,1/16,0.25,0.25,14,12,0,False,278,538,4036,40,2147483648,41,4036,32288,4,semantic_aggregate,eed4066d4f6f93841eed64eb9ca7d6eee3c9a1d26a88f458ba4a1e2eb992503d,158187520,0.406238,semantic_aggregate,20260803,944,completed,ux-e14c3cff5227f743,30.0,0.518974,"uniform on {1,...,K-1} over an exact-size uniform support sample"
8,7,"QASM2 -> exact parity/phase table -> {cx,rz} lowering",3168,exact_cnot_rz,passed,"[0,pi/4); no 2pi target wraparound",phase_polynomial_reference,instrumented global phase table,14,1/32,1.0,1.0,21,13,0,True,21,396,396,7,2147483648,8,396,3168,8,bridge_qasm2,24c5a02980c83d0069eb186e42081912ee04839ed944da33dbb52abd437fe44f,74285056,0.086273,bridge_qasm2,20260804,3168,completed,ux-81c56dec81501b11,30.0,0.167593,"uniform on {1,...,K-1} over an exact-size uniform support sample"
8,7,"QASM2 -> ZX graph/full_reduce/extract_circuit -> {cx,rz,h}",3168,dense_unitary_diagnostic,passed,"[0,pi/4); no 2pi target wraparound",pyzx_full_reduce,external ZX/global-IR semantic,56,1/32,1.0,1.0,116,13,0,False,205,396,2120,7,2147483648,8,2120,16960,8,bridge_qasm2,24c5a02980c83d0069eb186e42081912ee04839ed944da33dbb52abd437fe44f,115474432,0.291911,bridge_qasm2,20260804,3168,completed,ux-81c56dec81501b11,30.0,0.390975,"uniform on {1,...,K-1} over an exact-size uniform support sample"
8,7,"QASM2 -> qiskit transpile opt3 -> {cx,rz,h}",3168,exact_cnot_rz,passed,"[0,pi/4); no 2pi target wraparound",qiskit_opt3,configured local/preset diagnostic,14,1/32,1.0,1.0,21,13,0,True,21,396,396,7,2147483648,8,396,3168,8,bridge_qasm2,24c5a02980c83d0069eb186e42081912ee04839ed944da33dbb52abd437fe44f,74579968,0.096189,bridge_qasm2,20260804,3168,completed,ux-81c56dec81501b11,30.0,0.150799,"uniform on {1,...,K-1} over an exact-size uniform support sample"
8,7,"decode codec -> exact support table -> {cx,rz} lowering",3168,exact_cnot_rz,passed,"[0,pi/4); no 2pi target wraparound",semantic_reference,instrumented semantic reference,14,1/32,1.0,1.0,21,13,0,True,21,396,396,7,2147483648,8,396,3168,8,bridge_qasm2,24c5a02980c83d0069eb186e42081912ee04839ed944da33dbb52abd437fe44f,74186752,0.084868,bridge_qasm2,20260804,3168,completed,ux-81c56dec81501b11,30.0,0.146708,"uniform on {1,...,K-1} over an exact-size uniform support sample"
8,7,"QASM2 -> TKET DecomposeBoxes/PauliSimp -> {cx,rz,h}",3168,dense_unitary_diagnostic,passed,"[0,pi/4); no 2pi target wraparound",tket_paulisimp,external Pauli-network/global semantic,34,1/32,1.0,1.0,45,13,0,False,89,396,1316,7,2147483648,8,1316,10528,8,bridge_qasm2,24c5a02980c83d0069eb186e42081912ee04839ed944da33dbb52abd437fe44f,129433600,0.315371,bridge_qasm2,20260804,3168,completed,ux-81c56dec81501b11,30.0,0.400291,"uniform on {1,...,K-1} over an exact-size uniform support sample"
8,7,"QASM2 -> exact parity/phase table -> {cx,rz} lowering",23808,exact_cnot_rz,passed,"[0,pi/4); no 2pi target wraparound",phase_polynomial_reference,instrumented global phase table,14,1/32,1.0,1.0,21,13,0,True,21,2976,2976,7,2147483648,8,396,3168,8,contiguous_flat,d09bc8a54d65c7992fa82950b5c4516028175fa2f6ccee1dac1f0e6791086f1a,73957376,0.085733,contiguous_flat,20260804,4616,completed,ux-81c56dec81501b11,30.0,0.14351,"uniform on {1,...,K-1} over an exact-size uniform support sample"
8,7,"QASM2 -> ZX graph/full_reduce/extract_circuit -> {cx,rz,h}",23808,dense_unitary_diagnostic,passed,"[0,pi/4); no 2pi target wraparound",pyzx_full_reduce,external ZX/global-IR semantic,56,1/32,1.0,1.0,116,13,0,False,205,2976,2976,7,2147483648,8,2120,16960,8,contiguous_flat,d09bc8a54d65c7992fa82950b5c4516028175fa2f6ccee1dac1f0e6791086f1a,115605504,0.298084,contiguous_flat,20260804,4616,completed,ux-81c56dec81501b11,30.0,0.376962,"uniform on {1,...,K-1} over an exact-size uniform support sample"
8,7,"QASM2 -> qiskit transpile opt3 -> {cx,rz,h}",23808,exact_cnot_rz,passed,"[0,pi/4); no 2pi target wraparound",qiskit_opt3,configured local/preset diagnostic,14,1/32,1.0,1.0,21,13,0,True,21,2976,2976,7,2147483648,8,399,3192,8,contiguous_flat,d09bc8a54d65c7992fa82950b5c4516028175fa2f6ccee1dac1f0e6791086f1a,74629120,0.097224,contiguous_flat,20260804,4616,completed,ux-81c56dec81501b11,30.0,0.149691,"uniform on {1,...,K-1} over an exact-size uniform support sample"
8,7,"decode codec -> exact support table -> {cx,rz} lowering",23808,exact_cnot_rz,passed,"[0,pi/4); no 2pi target wraparound",semantic_reference,instrumented semantic reference,14,1/32,1.0,1.0,21,13,0,True,21,2976,2976,7,2147483648,8,396,3168,8,contiguous_flat,d09bc8a54d65c7992fa82950b5c4516028175fa2f6ccee1dac1f0e6791086f1a,74022912,0.085311,contiguous_flat,20260804,4616,completed,ux-81c56dec81501b11,30.0,0.151676,"uniform on {1,...,K-1} over an exact-size uniform support sample"
8,7,"QASM2 -> TKET DecomposeBoxes/PauliSimp -> {cx,rz,h}",23808,dense_unitary_diagnostic,passed,"[0,pi/4); no 2pi target wraparound",tket_paulisimp,external Pauli-network/global semantic,34,1/32,1.0,1.0,45,13,0,False,89,2976,2976,7,2147483648,8,1316,10528,8,contiguous_flat,d09bc8a54d65c7992fa82950b5c4516028175fa2f6ccee1dac1f0e6791086f1a,129925120,0.319963,contiguous_flat,20260804,4616,completed,ux-81c56dec81501b11,30.0,0.414744,"uniform on {1,...,K-1} over an exact-size uniform support sample"
8,7,"QASM2 -> exact parity/phase table -> {cx,rz} lowering",12032,exact_cnot_rz,passed,"[0,pi/4); no 2pi target wraparound",phase_polynomial_reference,instrumented global phase table,14,1/32,1.0,1.0,21,13,0,True,21,1504,1504,7,2147483648,8,396,3168,8,locally_folded,44d6fa797b45b90b9a2dacadee191c3f680bcdf061cee107886395bcabe3ba22,74137600,0.101161,locally_folded,20260804,2336,completed,ux-81c56dec81501b11,30.0,0.170569,"uniform on {1,...,K-1} over an exact-size uniform support sample"
8,7,"QASM2 -> ZX graph/full_reduce/extract_circuit -> {cx,rz,h}",12032,dense_unitary_diagnostic,passed,"[0,pi/4); no 2pi target wraparound",pyzx_full_reduce,external ZX/global-IR semantic,56,1/32,1.0,1.0,116,13,0,False,205,1504,2120,7,2147483648,8,2120,16960,8,locally_folded,44d6fa797b45b90b9a2dacadee191c3f680bcdf061cee107886395bcabe3ba22,115507200,0.295322,locally_folded,20260804,2336,completed,ux-81c56dec81501b11,30.0,0.392544,"uniform on {1,...,K-1} over an exact-size uniform support sample"
8,7,"QASM2 -> qiskit transpile opt3 -> {cx,rz,h}",12032,exact_cnot_rz,passed,"[0,pi/4); no 2pi target wraparound",qiskit_opt3,configured local/preset diagnostic,14,1/32,1.0,1.0,21,13,0,True,21,1504,1504,7,2147483648,8,396,3168,8,locally_folded,44d6fa797b45b90b9a2dacadee191c3f680bcdf061cee107886395bcabe3ba22,77479936,0.102752,locally_folded,20260804,2336,completed,ux-81c56dec81501b11,30.0,0.17138,"uniform on {1,...,K-1} over an exact-size uniform support sample"
8,7,"decode codec -> exact support table -> {cx,rz} lowering",12032,exact_cnot_rz,passed,"[0,pi/4); no 2pi target wraparound",semantic_reference,instrumented semantic reference,14,1/32,1.0,1.0,21,13,0,True,21,1504,1504,7,2147483648,8,396,3168,8,locally_folded,44d6fa797b45b90b9a2dacadee191c3f680bcdf061cee107886395bcabe3ba22,74022912,0.089853,locally_folded,20260804,2336,completed,ux-81c56dec81501b11,30.0,0.145238,"uniform on {1,...,K-1} over an exact-size uniform support sample"
8,7,"QASM2 -> TKET DecomposeBoxes/PauliSimp -> {cx,rz,h}",12032,dense_unitary_diagnostic,passed,"[0,pi/4); no 2pi target wraparound",tket_paulisimp,external Pauli-network/global semantic,34,1/32,1.0,1.0,45,13,0,False,89,1504,1504,7,2147483648,8,1316,10528,8,locally_folded,44d6fa797b45b90b9a2dacadee191c3f680bcdf061cee107886395bcabe3ba22,129744896,0.319591,locally_folded,20260804,2336,completed,ux-81c56dec81501b11,30.0,0.412004,"uniform on {1,...,K-1} over an exact-size uniform support sample"
8,7,"QASM2 -> exact parity/phase table -> {cx,rz} lowering",23336,exact_cnot_rz,passed,"[0,pi/4); no 2pi target wraparound",phase_polynomial_reference,instrumented global phase table,14,1/32,1.0,1.0,21,13,0,True,21,2917,2917,7,2147483648,8,396,3168,8,masked_share_flat,1eb69b7ef0aa3f78ad641cf19341aabdf96c071897de3036dc38b679d521ed25,74170368,0.086037,masked_share_flat,20260804,4248,completed,ux-81c56dec81501b11,30.0,0.14849,"uniform on {1,...,K-1} over an exact-size uniform support sample"
8,7,"QASM2 -> ZX graph/full_reduce/extract_circuit -> {cx,rz,h}",23336,dense_unitary_diagnostic,passed,"[0,pi/4); no 2pi target wraparound",pyzx_full_reduce,external ZX/global-IR semantic,56,1/32,1.0,1.0,116,13,0,False,205,2917,2917,7,2147483648,8,2120,16960,8,masked_share_flat,1eb69b7ef0aa3f78ad641cf19341aabdf96c071897de3036dc38b679d521ed25,115572736,0.306164,masked_share_flat,20260804,4248,completed,ux-81c56dec81501b11,30.0,0.396934,"uniform on {1,...,K-1} over an exact-size uniform support sample"
8,7,"QASM2 -> qiskit transpile opt3 -> {cx,rz,h}",23336,dense_unitary_diagnostic,passed,"[0,pi/4); no 2pi target wraparound",qiskit_opt3,configured local/preset diagnostic,103,1/32,1.0,1.0,73,13,0,False,199,2917,3344,7,2147483648,8,3344,26752,8,masked_share_flat,1eb69b7ef0aa3f78ad641cf19341aabdf96c071897de3036dc38b679d521ed25,84033536,0.213982,masked_share_flat,20260804,4248,completed,ux-81c56dec81501b11,30.0,0.289606,"uniform on {1,...,K-1} over an exact-size uniform support sample"
8,7,"decode codec -> exact support table -> {cx,rz} lowering",23336,exact_cnot_rz,passed,"[0,pi/4); no 2pi target wraparound",semantic_reference,instrumented semantic reference,14,1/32,1.0,1.0,21,13,0,True,21,2917,2917,7,2147483648,8,396,3168,8,masked_share_flat,1eb69b7ef0aa3f78ad641cf19341aabdf96c071897de3036dc38b679d521ed25,74104832,0.08557,masked_share_flat,20260804,4248,completed,ux-81c56dec81501b11,30.0,0.146858,"uniform on {1,...,K-1} over an exact-size uniform support sample"
8,7,"QASM2 -> TKET DecomposeBoxes/PauliSimp -> {cx,rz,h}",23336,dense_unitary_diagnostic,passed,"[0,pi/4); no 2pi target wraparound",tket_paulisimp,external Pauli-network/global semantic,34,1/32,1.0,1.0,46,13,0,False,93,2917,2917,7,2147483648,8,1399,11192,8,masked_share_flat,1eb69b7ef0aa3f78ad641cf19341aabdf96c071897de3036dc38b679d521ed25,129925120,0.32361,masked_share_flat,20260804,4248,completed,ux-81c56dec81501b11,30.0,0.424678,"uniform on {1,...,K-1} over an exact-size uniform support sample"
8,7,"QASM2 -> exact parity/phase table -> {cx,rz} lowering",23808,exact_cnot_rz,passed,"[0,pi/4); no 2pi target wraparound",phase_polynomial_reference,instrumented global phase table,14,1/32,1.0,1.0,21,13,0,True,21,2976,2976,7,2147483648,8,396,3168,8,random_commuting_order,dcecd04165ea1a0da06cbe2a12ecf0c50a3bbd16895e8a4482ff9972dfb1c233,74104832,0.086139,random_commuting_order,20260804,4672,completed,ux-81c56dec81501b11,30.0,0.151692,"uniform on {1,...,K-1} over an exact-size uniform support sample"
8,7,"QASM2 -> ZX graph/full_reduce/extract_circuit -> {cx,rz,h}",23808,dense_unitary_diagnostic,passed,"[0,pi/4); no 2pi target wraparound",pyzx_full_reduce,external ZX/global-IR semantic,56,1/32,1.0,1.0,116,13,0,False,205,2976,2976,7,2147483648,8,2120,16960,8,random_commuting_order,dcecd04165ea1a0da06cbe2a12ecf0c50a3bbd16895e8a4482ff9972dfb1c233,115621888,0.308973,random_commuting_order,20260804,4672,completed,ux-81c56dec81501b11,30.0,0.391835,"uniform on {1,...,K-1} over an exact-size uniform support sample"
8,7,"QASM2 -> qiskit transpile opt3 -> {cx,rz,h}",23808,exact_cnot_rz,passed,"[0,pi/4); no 2pi target wraparound",qiskit_opt3,configured local/preset diagnostic,70,1/32,1.0,1.0,51,13,0,True,105,2976,2976,7,2147483648,8,1852,14816,8,random_commuting_order,dcecd04165ea1a0da06cbe2a12ecf0c50a3bbd16895e8a4482ff9972dfb1c233,77611008,0.097933,random_commuting_order,20260804,4672,completed,ux-81c56dec81501b11,30.0,0.171417,"uniform on {1,...,K-1} over an exact-size uniform support sample"
8,7,"decode codec -> exact support table -> {cx,rz} lowering",23808,exact_cnot_rz,passed,"[0,pi/4); no 2pi target wraparound",semantic_reference,instrumented semantic reference,14,1/32,1.0,1.0,21,13,0,True,21,2976,2976,7,2147483648,8,396,3168,8,random_commuting_order,dcecd04165ea1a0da06cbe2a12ecf0c50a3bbd16895e8a4482ff9972dfb1c233,73957376,0.085049,random_commuting_order,20260804,4672,completed,ux-81c56dec81501b11,30.0,0.148094,"uniform on {1,...,K-1} over an exact-size uniform support sample"
8,7,"QASM2 -> TKET DecomposeBoxes/PauliSimp -> {cx,rz,h}",23808,dense_unitary_diagnostic,passed,"[0,pi/4); no 2pi target wraparound",tket_paulisimp,external Pauli-network/global semantic,34,1/32,1.0,1.0,45,13,0,False,89,2976,2976,7,2147483648,8,1316,10528,8,random_commuting_order,dcecd04165ea1a0da06cbe2a12ecf0c50a3bbd16895e8a4482ff9972dfb1c233,129990656,0.319511,random_commuting_order,20260804,4672,completed,ux-81c56dec81501b11,30.0,0.419596,"uniform on {1,...,K-1} over an exact-size uniform support sample"
8,7,"QASM2 -> exact parity/phase table -> {cx,rz} lowering",23808,exact_cnot_rz,passed,"[0,pi/4); no 2pi target wraparound",phase_polynomial_reference,instrumented global phase table,14,1/32,1.0,1.0,21,13,0,True,21,2976,2976,7,2147483648,8,396,3168,8,round_robin_flat,322c8d18aeefad355b304fd6c9a241548ca077fa9ab2d3022fa314e6ada91091,74186752,0.086147,round_robin_flat,20260804,4624,completed,ux-81c56dec81501b11,30.0,0.146822,"uniform on {1,...,K-1} over an exact-size uniform support sample"
8,7,"QASM2 -> ZX graph/full_reduce/extract_circuit -> {cx,rz,h}",23808,dense_unitary_diagnostic,passed,"[0,pi/4); no 2pi target wraparound",pyzx_full_reduce,external ZX/global-IR semantic,56,1/32,1.0,1.0,116,13,0,False,205,2976,2976,7,2147483648,8,2120,16960,8,round_robin_flat,322c8d18aeefad355b304fd6c9a241548ca077fa9ab2d3022fa314e6ada91091,115507200,0.305282,round_robin_flat,20260804,4624,completed,ux-81c56dec81501b11,30.0,0.394872,"uniform on {1,...,K-1} over an exact-size uniform support sample"
8,7,"QASM2 -> qiskit transpile opt3 -> {cx,rz,h}",23808,exact_cnot_rz,passed,"[0,pi/4); no 2pi target wraparound",qiskit_opt3,configured local/preset diagnostic,112,1/32,1.0,1.0,63,13,0,True,168,2976,2976,7,2147483648,8,2976,23808,8,round_robin_flat,322c8d18aeefad355b304fd6c9a241548ca077fa9ab2d3022fa314e6ada91091,77529088,0.097898,round_robin_flat,20260804,4624,completed,ux-81c56dec81501b11,30.0,0.167538,"uniform on {1,...,K-1} over an exact-size uniform support sample"
8,7,"decode codec -> exact support table -> {cx,rz} lowering",23808,exact_cnot_rz,passed,"[0,pi/4); no 2pi target wraparound",semantic_reference,instrumented semantic reference,14,1/32,1.0,1.0,21,13,0,True,21,2976,2976,7,2147483648,8,396,3168,8,round_robin_flat,322c8d18aeefad355b304fd6c9a241548ca077fa9ab2d3022fa314e6ada91091,74104832,0.08515,round_robin_flat,20260804,4624,completed,ux-81c56dec81501b11,30.0,0.149015,"uniform on {1,...,K-1} over an exact-size uniform support sample"
8,7,"QASM2 -> TKET DecomposeBoxes/PauliSimp -> {cx,rz,h}",23808,dense_unitary_diagnostic,passed,"[0,pi/4); no 2pi target wraparound",tket_paulisimp,external Pauli-network/global semantic,34,1/32,1.0,1.0,45,13,0,False,89,2976,2976,7,2147483648,8,1318,10544,8,round_robin_flat,322c8d18aeefad355b304fd6c9a241548ca077fa9ab2d3022fa314e6ada91091,129826816,0.318047,round_robin_flat,20260804,4624,completed,ux-81c56dec81501b11,30.0,0.418149,"uniform on {1,...,K-1} over an exact-size uniform support sample"
8,7,"QASM2 -> exact parity/phase table -> {cx,rz} lowering",3168,exact_cnot_rz,passed,"[0,pi/4); no 2pi target wraparound",phase_polynomial_reference,instrumented global phase table,14,1/32,1.0,1.0,21,13,0,True,21,396,396,7,2147483648,8,396,3168,8,semantic_aggregate,7eceebd82f42b9c8c9c9a5f75abd7c00a3a75a2a1dcb8bb13d1da13f2ee02485,73875456,0.085011,semantic_aggregate,20260804,728,completed,ux-81c56dec81501b11,30.0,0.140753,"uniform on {1,...,K-1} over an exact-size uniform support sample"
8,7,"QASM2 -> ZX graph/full_reduce/extract_circuit -> {cx,rz,h}",3168,dense_unitary_diagnostic,passed,"[0,pi/4); no 2pi target wraparound",pyzx_full_reduce,external ZX/global-IR semantic,56,1/32,1.0,1.0,116,13,0,False,205,396,2120,7,2147483648,8,2120,16960,8,semantic_aggregate,7eceebd82f42b9c8c9c9a5f75abd7c00a3a75a2a1dcb8bb13d1da13f2ee02485,115458048,0.291658,semantic_aggregate,20260804,728,completed,ux-81c56dec81501b11,30.0,0.382073,"uniform on {1,...,K-1} over an exact-size uniform support sample"
8,7,"QASM2 -> qiskit transpile opt3 -> {cx,rz,h}",3168,exact_cnot_rz,passed,"[0,pi/4); no 2pi target wraparound",qiskit_opt3,configured local/preset diagnostic,14,1/32,1.0,1.0,21,13,0,True,21,396,396,7,2147483648,8,396,3168,8,semantic_aggregate,7eceebd82f42b9c8c9c9a5f75abd7c00a3a75a2a1dcb8bb13d1da13f2ee02485,75153408,0.095955,semantic_aggregate,20260804,728,completed,ux-81c56dec81501b11,30.0,0.151652,"uniform on {1,...,K-1} over an exact-size uniform support sample"
8,7,"decode codec -> exact support table -> {cx,rz} lowering",3168,exact_cnot_rz,passed,"[0,pi/4); no 2pi target wraparound",semantic_reference,instrumented semantic reference,14,1/32,1.0,1.0,21,13,0,True,21,396,396,7,2147483648,8,396,3168,8,semantic_aggregate,7eceebd82f42b9c8c9c9a5f75abd7c00a3a75a2a1dcb8bb13d1da13f2ee02485,74088448,0.084618,semantic_aggregate,20260804,728,completed,ux-81c56dec81501b11,30.0,0.146642,"uniform on {1,...,K-1} over an exact-size uniform support sample"
8,7,"QASM2 -> TKET DecomposeBoxes/PauliSimp -> {cx,rz,h}",3168,dense_unitary_diagnostic,passed,"[0,pi/4); no 2pi target wraparound",tket_paulisimp,external Pauli-network/global semantic,34,1/32,1.0,1.0,45,13,0,False,89,396,1316,7,2147483648,8,1316,10528,8,semantic_aggregate,7eceebd82f42b9c8c9c9a5f75abd7c00a3a75a2a1dcb8bb13d1da13f2ee02485,129646592,0.318093,semantic_aggregate,20260804,728,completed,ux-81c56dec81501b11,30.0,0.420184,"uniform on {1,...,K-1} over an exact-size uniform support sample"
16,10,"QASM2 -> exact parity/phase table -> {cx,rz} lowering",4792,exact_cnot_rz,passed,"[0,pi/4); no 2pi target wraparound",phase_polynomial_reference,instrumented global phase table,20,1/64,0.7142857142857143,0.75,12,14,0,True,30,599,599,14,2147483648,15,599,4792,2,bridge_qasm2,dfb453d75a0162c9007758a696070164df9a67c9fae74d4697350afccc122b41,74104832,0.08569,bridge_qasm2,20260805,4792,completed,ux-84d0899309906e9c,30.0,0.148857,"uniform on {1,...,K-1} over an exact-size uniform support sample"
16,10,"QASM2 -> ZX graph/full_reduce/extract_circuit -> {cx,rz,h}",4792,pyzx_rewrite_identity_diagnostic,passed,"[0,pi/4); no 2pi target wraparound",pyzx_full_reduce,external ZX/global-IR semantic,40,1/64,0.7142857142857143,0.75,50,14,0,False,178,599,1977,14,2147483648,15,1977,15816,2,bridge_qasm2,dfb453d75a0162c9007758a696070164df9a67c9fae74d4697350afccc122b41,109821952,0.219045,bridge_qasm2,20260805,4792,completed,ux-84d0899309906e9c,30.0,0.299832,"uniform on {1,...,K-1} over an exact-size uniform support sample"
16,10,"QASM2 -> qiskit transpile opt3 -> {cx,rz,h}",4792,exact_cnot_rz,passed,"[0,pi/4); no 2pi target wraparound",qiskit_opt3,configured local/preset diagnostic,20,1/64,0.7142857142857143,0.75,12,14,0,True,30,599,599,14,2147483648,15,599,4792,2,bridge_qasm2,dfb453d75a0162c9007758a696070164df9a67c9fae74d4697350afccc122b41,74760192,0.096427,bridge_qasm2,20260805,4792,completed,ux-84d0899309906e9c,30.0,0.151731,"uniform on {1,...,K-1} over an exact-size uniform support sample"
16,10,"decode codec -> exact support table -> {cx,rz} lowering",4792,exact_cnot_rz,passed,"[0,pi/4); no 2pi target wraparound",semantic_reference,instrumented semantic reference,20,1/64,0.7142857142857143,0.75,12,14,0,True,30,599,599,14,2147483648,15,599,4792,2,bridge_qasm2,dfb453d75a0162c9007758a696070164df9a67c9fae74d4697350afccc122b41,74121216,0.084796,bridge_qasm2,20260805,4792,completed,ux-84d0899309906e9c,30.0,0.149958,"uniform on {1,...,K-1} over an exact-size uniform support sample"
16,10,"QASM2 -> TKET DecomposeBoxes/PauliSimp -> {cx,rz,h}",4792,pyzx_rewrite_identity_diagnostic,passed,"[0,pi/4); no 2pi target wraparound",tket_paulisimp,external Pauli-network/global semantic,30,1/64,0.7142857142857143,0.75,21,14,0,False,130,599,1970,14,2147483648,15,1970,15760,2,bridge_qasm2,dfb453d75a0162c9007758a696070164df9a67c9fae74d4697350afccc122b41,157335552,0.392914,bridge_qasm2,20260805,4792,completed,ux-84d0899309906e9c,30.0,0.517297,"uniform on {1,...,K-1} over an exact-size uniform support sample"
16,10,"QASM2 -> exact parity/phase table -> {cx,rz} lowering",9192,exact_cnot_rz,passed,"[0,pi/4); no 2pi target wraparound",phase_polynomial_reference,instrumented global phase table,20,1/64,0.7142857142857143,0.75,12,14,0,True,30,1149,1149,14,2147483648,15,599,4792,2,contiguous_flat,f0c1982a9007680f9dbf669d330322bb83f6eb9b3f7c5b3acfe2022f2b5b0474,74219520,0.084946,contiguous_flat,20260805,1720,completed,ux-84d0899309906e9c,30.0,0.145372,"uniform on {1,...,K-1} over an exact-size uniform support sample"
16,10,"QASM2 -> ZX graph/full_reduce/extract_circuit -> {cx,rz,h}",9192,pyzx_rewrite_identity_diagnostic,passed,"[0,pi/4); no 2pi target wraparound",pyzx_full_reduce,external ZX/global-IR semantic,40,1/64,0.7142857142857143,0.75,50,14,0,False,178,1149,1977,14,2147483648,15,1977,15816,2,contiguous_flat,f0c1982a9007680f9dbf669d330322bb83f6eb9b3f7c5b3acfe2022f2b5b0474,109887488,0.214675,contiguous_flat,20260805,1720,completed,ux-84d0899309906e9c,30.0,0.293947,"uniform on {1,...,K-1} over an exact-size uniform support sample"
16,10,"QASM2 -> qiskit transpile opt3 -> {cx,rz,h}",9192,exact_cnot_rz,passed,"[0,pi/4); no 2pi target wraparound",qiskit_opt3,configured local/preset diagnostic,20,1/64,0.7142857142857143,0.75,12,14,0,True,30,1149,1149,14,2147483648,15,599,4792,2,contiguous_flat,f0c1982a9007680f9dbf669d330322bb83f6eb9b3f7c5b3acfe2022f2b5b0474,74678272,0.096543,contiguous_flat,20260805,1720,completed,ux-84d0899309906e9c,30.0,0.151604,"uniform on {1,...,K-1} over an exact-size uniform support sample"
16,10,"decode codec -> exact support table -> {cx,rz} lowering",9192,exact_cnot_rz,passed,"[0,pi/4); no 2pi target wraparound",semantic_reference,instrumented semantic reference,20,1/64,0.7142857142857143,0.75,12,14,0,True,30,1149,1149,14,2147483648,15,599,4792,2,contiguous_flat,f0c1982a9007680f9dbf669d330322bb83f6eb9b3f7c5b3acfe2022f2b5b0474,73957376,0.084908,contiguous_flat,20260805,1720,completed,ux-84d0899309906e9c,30.0,0.146871,"uniform on {1,...,K-1} over an exact-size uniform support sample"
16,10,"QASM2 -> TKET DecomposeBoxes/PauliSimp -> {cx,rz,h}",9192,pyzx_rewrite_identity_diagnostic,passed,"[0,pi/4); no 2pi target wraparound",tket_paulisimp,external Pauli-network/global semantic,30,1/64,0.7142857142857143,0.75,21,14,0,False,130,1149,1970,14,2147483648,15,1970,15760,2,contiguous_flat,f0c1982a9007680f9dbf669d330322bb83f6eb9b3f7c5b3acfe2022f2b5b0474,157450240,0.411927,contiguous_flat,20260805,1720,completed,ux-84d0899309906e9c,30.0,0.536296,"uniform on {1,...,K-1} over an exact-size uniform support sample"
16,10,"QASM2 -> exact parity/phase table -> {cx,rz} lowering",4792,exact_cnot_rz,passed,"[0,pi/4); no 2pi target wraparound",phase_polynomial_reference,instrumented global phase table,20,1/64,0.7142857142857143,0.75,12,14,0,True,30,599,599,14,2147483648,15,599,4792,2,locally_folded,40817ac862b84b7ae0f1aaaf09d8f826b7ca39e9a04909081a042104f5ae8aa9,74170368,0.085687,locally_folded,20260805,912,completed,ux-84d0899309906e9c,30.0,0.151712,"uniform on {1,...,K-1} over an exact-size uniform support sample"
16,10,"QASM2 -> ZX graph/full_reduce/extract_circuit -> {cx,rz,h}",4792,pyzx_rewrite_identity_diagnostic,passed,"[0,pi/4); no 2pi target wraparound",pyzx_full_reduce,external ZX/global-IR semantic,40,1/64,0.7142857142857143,0.75,50,14,0,False,178,599,1977,14,2147483648,15,1977,15816,2,locally_folded,40817ac862b84b7ae0f1aaaf09d8f826b7ca39e9a04909081a042104f5ae8aa9,110002176,0.217291,locally_folded,20260805,912,completed,ux-84d0899309906e9c,30.0,0.301974,"uniform on {1,...,K-1} over an exact-size uniform support sample"
16,10,"QASM2 -> qiskit transpile opt3 -> {cx,rz,h}",4792,exact_cnot_rz,passed,"[0,pi/4); no 2pi target wraparound",qiskit_opt3,configured local/preset diagnostic,20,1/64,0.7142857142857143,0.75,12,14,0,True,30,599,599,14,2147483648,15,599,4792,2,locally_folded,40817ac862b84b7ae0f1aaaf09d8f826b7ca39e9a04909081a042104f5ae8aa9,77545472,0.096717,locally_folded,20260805,912,completed,ux-84d0899309906e9c,30.0,0.172,"uniform on {1,...,K-1} over an exact-size uniform support sample"
16,10,"decode codec -> exact support table -> {cx,rz} lowering",4792,exact_cnot_rz,passed,"[0,pi/4); no 2pi target wraparound",semantic_reference,instrumented semantic reference,20,1/64,0.7142857142857143,0.75,12,14,0,True,30,599,599,14,2147483648,15,599,4792,2,locally_folded,40817ac862b84b7ae0f1aaaf09d8f826b7ca39e9a04909081a042104f5ae8aa9,74088448,0.085783,locally_folded,20260805,912,completed,ux-84d0899309906e9c,30.0,0.147855,"uniform on {1,...,K-1} over an exact-size uniform support sample"
16,10,"QASM2 -> TKET DecomposeBoxes/PauliSimp -> {cx,rz,h}",4792,pyzx_rewrite_identity_diagnostic,passed,"[0,pi/4); no 2pi target wraparound",tket_paulisimp,external Pauli-network/global semantic,30,1/64,0.7142857142857143,0.75,21,14,0,False,130,599,1970,14,2147483648,15,1970,15760,2,locally_folded,40817ac862b84b7ae0f1aaaf09d8f826b7ca39e9a04909081a042104f5ae8aa9,157384704,0.394891,locally_folded,20260805,912,completed,ux-84d0899309906e9c,30.0,0.514576,"uniform on {1,...,K-1} over an exact-size uniform support sample"
16,10,"QASM2 -> exact parity/phase table -> {cx,rz} lowering",9000,exact_cnot_rz,passed,"[0,pi/4); no 2pi target wraparound",phase_polynomial_reference,instrumented global phase table,20,1/64,0.7142857142857143,0.75,12,14,0,True,30,1125,1125,14,2147483648,15,599,4792,2,masked_share_flat,1491f4b02db5b42c436470a688724e3e2b0dba8a346da5c6a7ec39456f1d2dc5,74153984,0.085646,masked_share_flat,20260805,1680,completed,ux-84d0899309906e9c,30.0,0.145409,"uniform on {1,...,K-1} over an exact-size uniform support sample"
16,10,"QASM2 -> ZX graph/full_reduce/extract_circuit -> {cx,rz,h}",9000,pyzx_rewrite_identity_diagnostic,passed,"[0,pi/4); no 2pi target wraparound",pyzx_full_reduce,external ZX/global-IR semantic,40,1/64,0.7142857142857143,0.75,50,14,0,False,178,1125,1977,14,2147483648,15,1977,15816,2,masked_share_flat,1491f4b02db5b42c436470a688724e3e2b0dba8a346da5c6a7ec39456f1d2dc5,110002176,0.217767,masked_share_flat,20260805,1680,completed,ux-84d0899309906e9c,30.0,0.31593,"uniform on {1,...,K-1} over an exact-size uniform support sample"
16,10,"QASM2 -> qiskit transpile opt3 -> {cx,rz,h}",9000,pyzx_rewrite_identity_diagnostic,inconclusive,"[0,pi/4); no 2pi target wraparound",qiskit_opt3,configured local/preset diagnostic,34,1/64,0.7142857142857143,0.75,60,14,0,False,190,1125,3317,14,2147483648,15,3317,26536,2,masked_share_flat,1491f4b02db5b42c436470a688724e3e2b0dba8a346da5c6a7ec39456f1d2dc5,111853568,0.22011,masked_share_flat,20260805,1680,certificate_unsupported,ux-84d0899309906e9c,30.0,0.298384,"uniform on {1,...,K-1} over an exact-size uniform support sample"
16,10,"decode codec -> exact support table -> {cx,rz} lowering",9000,exact_cnot_rz,passed,"[0,pi/4); no 2pi target wraparound",semantic_reference,instrumented semantic reference,20,1/64,0.7142857142857143,0.75,12,14,0,True,30,1125,1125,14,2147483648,15,599,4792,2,masked_share_flat,1491f4b02db5b42c436470a688724e3e2b0dba8a346da5c6a7ec39456f1d2dc5,74006528,0.084844,masked_share_flat,20260805,1680,completed,ux-84d0899309906e9c,30.0,0.142454,"uniform on {1,...,K-1} over an exact-size uniform support sample"
16,10,"QASM2 -> TKET DecomposeBoxes/PauliSimp -> {cx,rz,h}",9000,pyzx_rewrite_identity_diagnostic,passed,"[0,pi/4); no 2pi target wraparound",tket_paulisimp,external Pauli-network/global semantic,38,1/64,0.7142857142857143,0.75,24,14,0,False,148,1125,2253,14,2147483648,15,2253,18024,2,masked_share_flat,1491f4b02db5b42c436470a688724e3e2b0dba8a346da5c6a7ec39456f1d2dc5,157401088,0.398395,masked_share_flat,20260805,1680,completed,ux-84d0899309906e9c,30.0,0.520439,"uniform on {1,...,K-1} over an exact-size uniform support sample"
16,10,"QASM2 -> exact parity/phase table -> {cx,rz} lowering",9192,exact_cnot_rz,passed,"[0,pi/4); no 2pi target wraparound",phase_polynomial_reference,instrumented global phase table,20,1/64,0.7142857142857143,0.75,12,14,0,True,30,1149,1149,14,2147483648,15,599,4792,2,random_commuting_order,5693ac669d4dfd9ae698a968f25440320601e401388e47775a822efcaba221d1,74104832,0.085132,random_commuting_order,20260805,1776,completed,ux-84d0899309906e9c,30.0,0.148178,"uniform on {1,...,K-1} over an exact-size uniform support sample"
16,10,"QASM2 -> ZX graph/full_reduce/extract_circuit -> {cx,rz,h}",9192,pyzx_rewrite_identity_diagnostic,passed,"[0,pi/4); no 2pi target wraparound",pyzx_full_reduce,external ZX/global-IR semantic,40,1/64,0.7142857142857143,0.75,50,14,0,False,178,1149,1977,14,2147483648,15,1977,15816,2,random_commuting_order,5693ac669d4dfd9ae698a968f25440320601e401388e47775a822efcaba221d1,110018560,0.215944,random_commuting_order,20260805,1776,completed,ux-84d0899309906e9c,30.0,0.298274,"uniform on {1,...,K-1} over an exact-size uniform support sample"
16,10,"QASM2 -> qiskit transpile opt3 -> {cx,rz,h}",9192,exact_cnot_rz,passed,"[0,pi/4); no 2pi target wraparound",qiskit_opt3,configured local/preset diagnostic,36,1/64,0.7142857142857143,0.75,18,14,0,True,54,1149,1149,14,2147483648,15,1048,8384,2,random_commuting_order,5693ac669d4dfd9ae698a968f25440320601e401388e47775a822efcaba221d1,77496320,0.096213,random_commuting_order,20260805,1776,completed,ux-84d0899309906e9c,30.0,0.167086,"uniform on {1,...,K-1} over an exact-size uniform support sample"
16,10,"decode codec -> exact support table -> {cx,rz} lowering",9192,exact_cnot_rz,passed,"[0,pi/4); no 2pi target wraparound",semantic_reference,instrumented semantic reference,20,1/64,0.7142857142857143,0.75,12,14,0,True,30,1149,1149,14,2147483648,15,599,4792,2,random_commuting_order,5693ac669d4dfd9ae698a968f25440320601e401388e47775a822efcaba221d1,74121216,0.085734,random_commuting_order,20260805,1776,completed,ux-84d0899309906e9c,30.0,0.149215,"uniform on {1,...,K-1} over an exact-size uniform support sample"
16,10,"QASM2 -> TKET DecomposeBoxes/PauliSimp -> {cx,rz,h}",9192,pyzx_rewrite_identity_diagnostic,passed,"[0,pi/4); no 2pi target wraparound",tket_paulisimp,external Pauli-network/global semantic,30,1/64,0.7142857142857143,0.75,21,14,0,False,130,1149,1970,14,2147483648,15,1970,15760,2,random_commuting_order,5693ac669d4dfd9ae698a968f25440320601e401388e47775a822efcaba221d1,157433856,0.395772,random_commuting_order,20260805,1776,completed,ux-84d0899309906e9c,30.0,0.519337,"uniform on {1,...,K-1} over an exact-size uniform support sample"
16,10,"QASM2 -> exact parity/phase table -> {cx,rz} lowering",9192,exact_cnot_rz,passed,"[0,pi/4); no 2pi target wraparound",phase_polynomial_reference,instrumented global phase table,20,1/64,0.7142857142857143,0.75,12,14,0,True,30,1149,1149,14,2147483648,15,599,4792,2,round_robin_flat,6c945d3085d9cef9966af751e74a5f25ad5a1c35552ccb95c37c9bc69e68c8d2,73826304,0.08674,round_robin_flat,20260805,1728,completed,ux-84d0899309906e9c,30.0,0.144914,"uniform on {1,...,K-1} over an exact-size uniform support sample"
16,10,"QASM2 -> ZX graph/full_reduce/extract_circuit -> {cx,rz,h}",9192,pyzx_rewrite_identity_diagnostic,passed,"[0,pi/4); no 2pi target wraparound",pyzx_full_reduce,external ZX/global-IR semantic,40,1/64,0.7142857142857143,0.75,50,14,0,False,178,1149,1977,14,2147483648,15,1977,15816,2,round_robin_flat,6c945d3085d9cef9966af751e74a5f25ad5a1c35552ccb95c37c9bc69e68c8d2,109936640,0.217277,round_robin_flat,20260805,1728,completed,ux-84d0899309906e9c,30.0,0.301868,"uniform on {1,...,K-1} over an exact-size uniform support sample"
16,10,"QASM2 -> qiskit transpile opt3 -> {cx,rz,h}",9192,exact_cnot_rz,passed,"[0,pi/4); no 2pi target wraparound",qiskit_opt3,configured local/preset diagnostic,38,1/64,0.7142857142857143,0.75,18,14,0,True,57,1149,1149,14,2147483648,15,1092,8736,2,round_robin_flat,6c945d3085d9cef9966af751e74a5f25ad5a1c35552ccb95c37c9bc69e68c8d2,74645504,0.096528,round_robin_flat,20260805,1728,completed,ux-84d0899309906e9c,30.0,0.149888,"uniform on {1,...,K-1} over an exact-size uniform support sample"
16,10,"decode codec -> exact support table -> {cx,rz} lowering",9192,exact_cnot_rz,passed,"[0,pi/4); no 2pi target wraparound",semantic_reference,instrumented semantic reference,20,1/64,0.7142857142857143,0.75,12,14,0,True,30,1149,1149,14,2147483648,15,599,4792,2,round_robin_flat,6c945d3085d9cef9966af751e74a5f25ad5a1c35552ccb95c37c9bc69e68c8d2,73990144,0.085325,round_robin_flat,20260805,1728,completed,ux-84d0899309906e9c,30.0,0.142878,"uniform on {1,...,K-1} over an exact-size uniform support sample"
16,10,"QASM2 -> TKET DecomposeBoxes/PauliSimp -> {cx,rz,h}",9192,pyzx_rewrite_identity_diagnostic,passed,"[0,pi/4); no 2pi target wraparound",tket_paulisimp,external Pauli-network/global semantic,30,1/64,0.7142857142857143,0.75,21,14,0,False,130,1149,1970,14,2147483648,15,1970,15760,2,round_robin_flat,6c945d3085d9cef9966af751e74a5f25ad5a1c35552ccb95c37c9bc69e68c8d2,157532160,0.393313,round_robin_flat,20260805,1728,completed,ux-84d0899309906e9c,30.0,0.498447,"uniform on {1,...,K-1} over an exact-size uniform support sample"
16,10,"QASM2 -> exact parity/phase table -> {cx,rz} lowering",4792,exact_cnot_rz,passed,"[0,pi/4); no 2pi target wraparound",phase_polynomial_reference,instrumented global phase table,20,1/64,0.7142857142857143,0.75,12,14,0,True,30,599,599,14,2147483648,15,599,4792,2,semantic_aggregate,8aed3ed3ed4b91cb1c5d845e77d2979db6f581dcbdf47a743aa443133a6cffc9,74235904,0.085188,semantic_aggregate,20260805,944,completed,ux-84d0899309906e9c,30.0,0.147959,"uniform on {1,...,K-1} over an exact-size uniform support sample"
16,10,"QASM2 -> ZX graph/full_reduce/extract_circuit -> {cx,rz,h}",4792,pyzx_rewrite_identity_diagnostic,passed,"[0,pi/4); no 2pi target wraparound",pyzx_full_reduce,external ZX/global-IR semantic,40,1/64,0.7142857142857143,0.75,50,14,0,False,178,599,1977,14,2147483648,15,1977,15816,2,semantic_aggregate,8aed3ed3ed4b91cb1c5d845e77d2979db6f581dcbdf47a743aa443133a6cffc9,109854720,0.214726,semantic_aggregate,20260805,944,completed,ux-84d0899309906e9c,30.0,0.296819,"uniform on {1,...,K-1} over an exact-size uniform support sample"
16,10,"QASM2 -> qiskit transpile opt3 -> {cx,rz,h}",4792,exact_cnot_rz,passed,"[0,pi/4); no 2pi target wraparound",qiskit_opt3,configured local/preset diagnostic,20,1/64,0.7142857142857143,0.75,12,14,0,True,30,599,599,14,2147483648,15,599,4792,2,semantic_aggregate,8aed3ed3ed4b91cb1c5d845e77d2979db6f581dcbdf47a743aa443133a6cffc9,74645504,0.09623,semantic_aggregate,20260805,944,completed,ux-84d0899309906e9c,30.0,0.17335,"uniform on {1,...,K-1} over an exact-size uniform support sample"
16,10,"decode codec -> exact support table -> {cx,rz} lowering",4792,exact_cnot_rz,passed,"[0,pi/4); no 2pi target wraparound",semantic_reference,instrumented semantic reference,20,1/64,0.7142857142857143,0.75,12,14,0,True,30,599,599,14,2147483648,15,599,4792,2,semantic_aggregate,8aed3ed3ed4b91cb1c5d845e77d2979db6f581dcbdf47a743aa443133a6cffc9,74088448,0.08457,semantic_aggregate,20260805,944,completed,ux-84d0899309906e9c,30.0,0.151764,"uniform on {1,...,K-1} over an exact-size uniform support sample"
16,10,"QASM2 -> TKET DecomposeBoxes/PauliSimp -> {cx,rz,h}",4792,pyzx_rewrite_identity_diagnostic,passed,"[0,pi/4); no 2pi target wraparound",tket_paulisimp,external Pauli-network/global semantic,30,1/64,0.7142857142857143,0.75,21,14,0,False,130,599,1970,14,2147483648,15,1970,15760,2,semantic_aggregate,8aed3ed3ed4b91cb1c5d845e77d2979db6f581dcbdf47a743aa443133a6cffc9,157351936,0.395597,semantic_aggregate,20260805,944,completed,ux-84d0899309906e9c,30.0,0.510079,"uniform on {1,...,K-1} over an exact-size uniform support sample"
