cache,cache_hits,cache_misses,cell_id,certificate_kind,certificate_passed,cx,depth,formal_theorem_evidence,gates,ir_nodes_input,ir_nodes_selected,memory_cap_bytes,output_serialized_bits,preset,preset_contract,projected_selection,rss_bytes,runtime_s,seed,selected_candidate,selector,semantic_lift,status,timeout_s,workload,workload_class
0,0,4,NF25-a132d4dd77381268,exact_region_phase_tables_and_boundary_sequence,True,832,552,False,1248,416,416,2147483648,153496,0,not used,0,79560704,0.001728000002913177,20260801,flat,0,0,completed,5.0,diagonal_hamiltonian,positive_semantic
0,0,4,NF25-84f2ba68e61b922e,exact_region_phase_tables_and_boundary_sequence,True,832,552,False,1248,416,416,2147483648,153496,0,not used,1,79724544,0.0017860829830169678,20260801,flat,0,0,completed,5.0,diagonal_hamiltonian,positive_semantic
0,0,4,NF25-8cdc738254c8ca5e,exact_region_phase_tables_and_boundary_sequence,True,104,69,False,156,416,416,2147483648,18608,1,qiskit transformation contract,0,80461824,0.0037501659244298935,20260801,flat,0,0,completed,5.0,diagonal_hamiltonian,positive_semantic
0,0,4,NF25-2ffdc3cee06231d7,exact_region_phase_tables_and_boundary_sequence,True,104,69,False,156,416,416,2147483648,18608,1,qiskit transformation contract,1,80625664,0.003899291972629726,20260801,flat,0,0,completed,5.0,diagonal_hamiltonian,positive_semantic
1,3,1,NF25-5f8543dae22c84ea,exact_region_phase_tables_and_boundary_sequence,True,832,552,False,1248,416,416,2147483648,153496,0,not used,0,80625664,0.0005817919736728072,20260801,flat,0,0,completed,5.0,diagonal_hamiltonian,positive_semantic
1,3,1,NF25-54ee7a7edeee36de,exact_region_phase_tables_and_boundary_sequence,True,832,552,False,1248,416,416,2147483648,153496,0,not used,1,80658432,0.0006116250297054648,20260801,flat,0,0,completed,5.0,diagonal_hamiltonian,positive_semantic
1,3,1,NF25-56c2f424c1fe0940,exact_region_phase_tables_and_boundary_sequence,True,104,69,False,156,416,416,2147483648,18608,1,qiskit transformation contract,0,80773120,0.002562292036600411,20260801,flat,0,0,completed,5.0,diagonal_hamiltonian,positive_semantic
1,3,1,NF25-eaae48c67c1c4710,exact_region_phase_tables_and_boundary_sequence,True,104,69,False,156,416,416,2147483648,18608,1,qiskit transformation contract,1,80855040,0.0025445420760661364,20260801,flat,0,0,completed,5.0,diagonal_hamiltonian,positive_semantic
0,0,4,NF25-4a56a3cc2be273cb,exact_region_phase_tables_and_boundary_sequence,True,832,552,False,1248,416,416,2147483648,153496,0,not used,0,80871424,0.00180004199501127,20260801,flat,1,0,completed,5.0,diagonal_hamiltonian,positive_semantic
0,0,4,NF25-2c9c83f83e31114f,exact_region_phase_tables_and_boundary_sequence,True,832,552,False,1248,416,416,2147483648,153496,0,not used,1,80887808,0.0017499580280855298,20260801,flat,1,0,completed,5.0,diagonal_hamiltonian,positive_semantic
0,0,4,NF25-21a9d9b9c2ab3f3f,exact_region_phase_tables_and_boundary_sequence,True,104,69,False,156,416,416,2147483648,18608,1,qiskit transformation contract,0,81084416,0.0035962910624220967,20260801,flat,1,0,completed,5.0,diagonal_hamiltonian,positive_semantic
0,0,4,NF25-590458057e7f1f3e,exact_region_phase_tables_and_boundary_sequence,True,104,69,False,156,416,416,2147483648,18608,1,qiskit transformation contract,1,81215488,0.0036743340315297246,20260801,flat,1,0,completed,5.0,diagonal_hamiltonian,positive_semantic
1,3,1,NF25-3df19e789f746868,exact_region_phase_tables_and_boundary_sequence,True,832,552,False,1248,416,416,2147483648,153496,0,not used,0,81297408,0.0006117089651525021,20260801,flat,1,0,completed,5.0,diagonal_hamiltonian,positive_semantic
1,3,1,NF25-bea6313240c1a501,exact_region_phase_tables_and_boundary_sequence,True,832,552,False,1248,416,416,2147483648,153496,0,not used,1,81362944,0.0006064999615773559,20260801,flat,1,0,completed,5.0,diagonal_hamiltonian,positive_semantic
1,3,1,NF25-3992801d94ddb745,exact_region_phase_tables_and_boundary_sequence,True,104,69,False,156,416,416,2147483648,18608,1,qiskit transformation contract,0,81412096,0.002677874988876283,20260801,flat,1,0,completed,5.0,diagonal_hamiltonian,positive_semantic
1,3,1,NF25-64e2c537780ee1ab,exact_region_phase_tables_and_boundary_sequence,True,104,69,False,156,416,416,2147483648,18608,1,qiskit transformation contract,1,81412096,0.002460832940414548,20260801,flat,1,0,completed,5.0,diagonal_hamiltonian,positive_semantic
0,0,4,NF25-b0ce7ce564f28845,exact_region_phase_tables_and_boundary_sequence,True,104,84,False,156,416,52,2147483648,18608,0,not used,0,81412096,0.0002889579627662897,20260801,semantic,0,1,completed,5.0,diagonal_hamiltonian,positive_semantic
0,0,4,NF25-a11948b714803c86,exact_region_phase_tables_and_boundary_sequence,True,104,84,False,156,416,52,2147483648,18608,0,not used,1,81444864,0.00030645797960460186,20260801,semantic,0,1,completed,5.0,diagonal_hamiltonian,positive_semantic
0,0,4,NF25-a1a0f8a30c2d8fa3,exact_region_phase_tables_and_boundary_sequence,True,104,84,False,156,416,52,2147483648,18608,1,qiskit transformation contract,0,81461248,0.0019910000264644623,20260801,semantic,0,1,completed,5.0,diagonal_hamiltonian,positive_semantic
0,0,4,NF25-93dfb9c49b0c3d41,exact_region_phase_tables_and_boundary_sequence,True,104,84,False,156,416,52,2147483648,18608,1,qiskit transformation contract,1,81494016,0.0019679591059684753,20260801,semantic,0,1,completed,5.0,diagonal_hamiltonian,positive_semantic
1,3,1,NF25-505dc3cd49d0e3ea,exact_region_phase_tables_and_boundary_sequence,True,104,84,False,156,416,52,2147483648,18608,0,not used,0,81510400,0.00013004208449274302,20260801,semantic,0,1,completed,5.0,diagonal_hamiltonian,positive_semantic
1,3,1,NF25-a12c90ea4ce175e2,exact_region_phase_tables_and_boundary_sequence,True,104,84,False,156,416,52,2147483648,18608,0,not used,1,81526784,0.00012387498281896114,20260801,semantic,0,1,completed,5.0,diagonal_hamiltonian,positive_semantic
1,3,1,NF25-c8ce8fb295d59629,exact_region_phase_tables_and_boundary_sequence,True,104,84,False,156,416,52,2147483648,18608,1,qiskit transformation contract,0,81526784,0.0017887500580400229,20260801,semantic,0,1,completed,5.0,diagonal_hamiltonian,positive_semantic
1,3,1,NF25-04f4b3333b935720,exact_region_phase_tables_and_boundary_sequence,True,104,84,False,156,416,52,2147483648,18608,1,qiskit transformation contract,1,81559552,0.0017532919300720096,20260801,semantic,0,1,completed,5.0,diagonal_hamiltonian,positive_semantic
0,0,8,NF25-f23a67d5d258f31c,exact_region_phase_tables_and_boundary_sequence,True,104,84,False,156,416,52,2147483648,18608,0,not used,0,81625088,0.0034674579510465264,20260801,semantic,1,1,completed,5.0,diagonal_hamiltonian,positive_semantic
0,0,8,NF25-2b0d41f8118f16f4,exact_region_phase_tables_and_boundary_sequence,True,104,84,False,156,416,52,2147483648,18608,0,not used,1,81641472,0.002196792047470808,20260801,semantic,1,1,completed,5.0,diagonal_hamiltonian,positive_semantic
0,0,8,NF25-6bc09213155d4399,exact_region_phase_tables_and_boundary_sequence,True,104,84,False,156,416,52,2147483648,18608,1,qiskit transformation contract,0,81674240,0.0053530000150203705,20260801,semantic,1,1,completed,5.0,diagonal_hamiltonian,positive_semantic
0,0,8,NF25-ab4024cfeefcdea0,exact_region_phase_tables_and_boundary_sequence,True,104,84,False,156,416,52,2147483648,18608,1,qiskit transformation contract,1,81674240,0.0038278750143945217,20260801,semantic,1,1,completed,5.0,diagonal_hamiltonian,positive_semantic
1,6,2,NF25-c0d0b39437382072,exact_region_phase_tables_and_boundary_sequence,True,104,84,False,156,416,52,2147483648,18608,0,not used,0,81674240,0.002013707999140024,20260801,semantic,1,1,completed,5.0,diagonal_hamiltonian,positive_semantic
1,6,2,NF25-f763b5976ed6e444,exact_region_phase_tables_and_boundary_sequence,True,104,84,False,156,416,52,2147483648,18608,0,not used,1,81674240,0.0007610409520566463,20260801,semantic,1,1,completed,5.0,diagonal_hamiltonian,positive_semantic
1,6,2,NF25-3bc640a1e0d2a0be,exact_region_phase_tables_and_boundary_sequence,True,104,84,False,156,416,52,2147483648,18608,1,qiskit transformation contract,0,81674240,0.0037319170078262687,20260801,semantic,1,1,completed,5.0,diagonal_hamiltonian,positive_semantic
1,6,2,NF25-8bcf43e4babb06ef,exact_region_phase_tables_and_boundary_sequence,True,104,84,False,156,416,52,2147483648,18608,1,qiskit transformation contract,1,81674240,0.0024248328991234303,20260801,semantic,1,1,completed,5.0,diagonal_hamiltonian,positive_semantic
0,0,4,NF25-1199b08c91250bf9,exact_region_phase_tables_and_boundary_sequence,True,832,552,False,1248,416,416,2147483648,153496,0,not used,0,81739776,0.0019218330271542072,20260802,flat,0,0,completed,5.0,diagonal_hamiltonian,positive_semantic
0,0,4,NF25-db8e8826e3d0b69d,exact_region_phase_tables_and_boundary_sequence,True,832,552,False,1248,416,416,2147483648,153496,0,not used,1,81739776,0.0019237499218434095,20260802,flat,0,0,completed,5.0,diagonal_hamiltonian,positive_semantic
0,0,4,NF25-c9e1be03b30d76f5,exact_region_phase_tables_and_boundary_sequence,True,104,69,False,156,416,416,2147483648,18608,1,qiskit transformation contract,0,81870848,0.0037824169266968966,20260802,flat,0,0,completed,5.0,diagonal_hamiltonian,positive_semantic
0,0,4,NF25-a4b663b6d3ad7f8b,exact_region_phase_tables_and_boundary_sequence,True,104,69,False,156,416,416,2147483648,18608,1,qiskit transformation contract,1,81920000,0.003957791952416301,20260802,flat,0,0,completed,5.0,diagonal_hamiltonian,positive_semantic
1,3,1,NF25-641075600469b4c2,exact_region_phase_tables_and_boundary_sequence,True,832,552,False,1248,416,416,2147483648,153496,0,not used,0,81920000,0.0006614589365199208,20260802,flat,0,0,completed,5.0,diagonal_hamiltonian,positive_semantic
1,3,1,NF25-94920d6c1340fc90,exact_region_phase_tables_and_boundary_sequence,True,832,552,False,1248,416,416,2147483648,153496,0,not used,1,81920000,0.0006403339793905616,20260802,flat,0,0,completed,5.0,diagonal_hamiltonian,positive_semantic
1,3,1,NF25-102a3a746143505b,exact_region_phase_tables_and_boundary_sequence,True,104,69,False,156,416,416,2147483648,18608,1,qiskit transformation contract,0,81920000,0.0025802089367061853,20260802,flat,0,0,completed,5.0,diagonal_hamiltonian,positive_semantic
1,3,1,NF25-202b54a530ff8fc4,exact_region_phase_tables_and_boundary_sequence,True,104,69,False,156,416,416,2147483648,18608,1,qiskit transformation contract,1,81920000,0.0025226660072803497,20260802,flat,0,0,completed,5.0,diagonal_hamiltonian,positive_semantic
0,0,4,NF25-1f3ea71a48e261ab,exact_region_phase_tables_and_boundary_sequence,True,832,552,False,1248,416,416,2147483648,153496,0,not used,0,81936384,0.0019372910028323531,20260802,flat,1,0,completed,5.0,diagonal_hamiltonian,positive_semantic
0,0,4,NF25-f6a4c79497ae0df7,exact_region_phase_tables_and_boundary_sequence,True,832,552,False,1248,416,416,2147483648,153496,0,not used,1,81936384,0.0018850000342354178,20260802,flat,1,0,completed,5.0,diagonal_hamiltonian,positive_semantic
0,0,4,NF25-d8eaec783518ed99,exact_region_phase_tables_and_boundary_sequence,True,104,69,False,156,416,416,2147483648,18608,1,qiskit transformation contract,0,81936384,0.003857207950204611,20260802,flat,1,0,completed,5.0,diagonal_hamiltonian,positive_semantic
0,0,4,NF25-c8fce02a2a594645,exact_region_phase_tables_and_boundary_sequence,True,104,69,False,156,416,416,2147483648,18608,1,qiskit transformation contract,1,82018304,0.003823624923825264,20260802,flat,1,0,completed,5.0,diagonal_hamiltonian,positive_semantic
1,3,1,NF25-3f10d7a14e4b9bbf,exact_region_phase_tables_and_boundary_sequence,True,832,552,False,1248,416,416,2147483648,153496,0,not used,0,82067456,0.0006433330709114671,20260802,flat,1,0,completed,5.0,diagonal_hamiltonian,positive_semantic
1,3,1,NF25-7820183782cadb16,exact_region_phase_tables_and_boundary_sequence,True,832,552,False,1248,416,416,2147483648,153496,0,not used,1,82083840,0.0006475410191342235,20260802,flat,1,0,completed,5.0,diagonal_hamiltonian,positive_semantic
1,3,1,NF25-275368968e4e81e1,exact_region_phase_tables_and_boundary_sequence,True,104,69,False,156,416,416,2147483648,18608,1,qiskit transformation contract,0,82116608,0.002734582987613976,20260802,flat,1,0,completed,5.0,diagonal_hamiltonian,positive_semantic
1,3,1,NF25-f3c502270df56797,exact_region_phase_tables_and_boundary_sequence,True,104,69,False,156,416,416,2147483648,18608,1,qiskit transformation contract,1,82116608,0.0024747909046709538,20260802,flat,1,0,completed,5.0,diagonal_hamiltonian,positive_semantic
0,0,4,NF25-bf21b7bfc31cdde3,exact_region_phase_tables_and_boundary_sequence,True,104,84,False,156,416,52,2147483648,18608,0,not used,0,82116608,0.0002998750424012542,20260802,semantic,0,1,completed,5.0,diagonal_hamiltonian,positive_semantic
0,0,4,NF25-52e113b363e77759,exact_region_phase_tables_and_boundary_sequence,True,104,84,False,156,416,52,2147483648,18608,0,not used,1,82116608,0.00029608304612338543,20260802,semantic,0,1,completed,5.0,diagonal_hamiltonian,positive_semantic
0,0,4,NF25-a67e6d4a6343c586,exact_region_phase_tables_and_boundary_sequence,True,104,84,False,156,416,52,2147483648,18608,1,qiskit transformation contract,0,82116608,0.001977834035642445,20260802,semantic,0,1,completed,5.0,diagonal_hamiltonian,positive_semantic
0,0,4,NF25-d4a1d5e6aa8ef018,exact_region_phase_tables_and_boundary_sequence,True,104,84,False,156,416,52,2147483648,18608,1,qiskit transformation contract,1,82116608,0.0019787079654634,20260802,semantic,0,1,completed,5.0,diagonal_hamiltonian,positive_semantic
1,3,1,NF25-a37247ea9f44222a,exact_region_phase_tables_and_boundary_sequence,True,104,84,False,156,416,52,2147483648,18608,0,not used,0,82116608,0.00013170891907066107,20260802,semantic,0,1,completed,5.0,diagonal_hamiltonian,positive_semantic
1,3,1,NF25-381c333b7e55970f,exact_region_phase_tables_and_boundary_sequence,True,104,84,False,156,416,52,2147483648,18608,0,not used,1,82116608,0.00012141698971390724,20260802,semantic,0,1,completed,5.0,diagonal_hamiltonian,positive_semantic
1,3,1,NF25-c47e35ccc6b4a96e,exact_region_phase_tables_and_boundary_sequence,True,104,84,False,156,416,52,2147483648,18608,1,qiskit transformation contract,0,82116608,0.001779083046130836,20260802,semantic,0,1,completed,5.0,diagonal_hamiltonian,positive_semantic
1,3,1,NF25-b8c248b3e0c010c9,exact_region_phase_tables_and_boundary_sequence,True,104,84,False,156,416,52,2147483648,18608,1,qiskit transformation contract,1,82116608,0.0018279170617461205,20260802,semantic,0,1,completed,5.0,diagonal_hamiltonian,positive_semantic
0,0,8,NF25-8c72d18ab61bacf2,exact_region_phase_tables_and_boundary_sequence,True,104,84,False,156,416,52,2147483648,18608,0,not used,0,82116608,0.00345204200129956,20260802,semantic,1,1,completed,5.0,diagonal_hamiltonian,positive_semantic
0,0,8,NF25-b732c5af18a27f6f,exact_region_phase_tables_and_boundary_sequence,True,104,84,False,156,416,52,2147483648,18608,0,not used,1,82116608,0.0022236249642446637,20260802,semantic,1,1,completed,5.0,diagonal_hamiltonian,positive_semantic
0,0,8,NF25-5f3d6bf9e1edcd8a,exact_region_phase_tables_and_boundary_sequence,True,104,84,False,156,416,52,2147483648,18608,1,qiskit transformation contract,0,82132992,0.005216249963268638,20260802,semantic,1,1,completed,5.0,diagonal_hamiltonian,positive_semantic
0,0,8,NF25-2d7ea9262d17381b,exact_region_phase_tables_and_boundary_sequence,True,104,84,False,156,416,52,2147483648,18608,1,qiskit transformation contract,1,82132992,0.0038767079822719097,20260802,semantic,1,1,completed,5.0,diagonal_hamiltonian,positive_semantic
1,6,2,NF25-ff17b60af88fddf6,exact_region_phase_tables_and_boundary_sequence,True,104,84,False,156,416,52,2147483648,18608,0,not used,0,82132992,0.0020194579847157,20260802,semantic,1,1,completed,5.0,diagonal_hamiltonian,positive_semantic
1,6,2,NF25-9e72e73606b76421,exact_region_phase_tables_and_boundary_sequence,True,104,84,False,156,416,52,2147483648,18608,0,not used,1,82132992,0.0007572920294478536,20260802,semantic,1,1,completed,5.0,diagonal_hamiltonian,positive_semantic
1,6,2,NF25-1d888bd0990b3b19,exact_region_phase_tables_and_boundary_sequence,True,104,84,False,156,416,52,2147483648,18608,1,qiskit transformation contract,0,82132992,0.003661917056888342,20260802,semantic,1,1,completed,5.0,diagonal_hamiltonian,positive_semantic
1,6,2,NF25-3c41f2319e9e8d52,exact_region_phase_tables_and_boundary_sequence,True,104,84,False,156,416,52,2147483648,18608,1,qiskit transformation contract,1,82165760,0.002370291971601546,20260802,semantic,1,1,completed,5.0,diagonal_hamiltonian,positive_semantic
0,0,4,NF25-da89f3c115e125a1,exact_region_phase_tables_and_boundary_sequence,True,832,552,False,1248,416,416,2147483648,153496,0,not used,0,82198528,0.0019116660114377737,20260803,flat,0,0,completed,5.0,diagonal_hamiltonian,positive_semantic
0,0,4,NF25-bc6cfff3e4cf2af2,exact_region_phase_tables_and_boundary_sequence,True,832,552,False,1248,416,416,2147483648,153496,0,not used,1,82198528,0.0018441659631207585,20260803,flat,0,0,completed,5.0,diagonal_hamiltonian,positive_semantic
0,0,4,NF25-333f726690a01f29,exact_region_phase_tables_and_boundary_sequence,True,104,69,False,156,416,416,2147483648,18608,1,qiskit transformation contract,0,82329600,0.003845290979370475,20260803,flat,0,0,completed,5.0,diagonal_hamiltonian,positive_semantic
0,0,4,NF25-22c9aa4b8d97c891,exact_region_phase_tables_and_boundary_sequence,True,104,69,False,156,416,416,2147483648,18608,1,qiskit transformation contract,1,82378752,0.004042542073875666,20260803,flat,0,0,completed,5.0,diagonal_hamiltonian,positive_semantic
1,3,1,NF25-7c3d5b5b07e80a55,exact_region_phase_tables_and_boundary_sequence,True,832,552,False,1248,416,416,2147483648,153496,0,not used,0,82395136,0.0006449160864576697,20260803,flat,0,0,completed,5.0,diagonal_hamiltonian,positive_semantic
1,3,1,NF25-fa7be0e3d28e72a5,exact_region_phase_tables_and_boundary_sequence,True,832,552,False,1248,416,416,2147483648,153496,0,not used,1,82395136,0.0006210419815033674,20260803,flat,0,0,completed,5.0,diagonal_hamiltonian,positive_semantic
1,3,1,NF25-ee80c2fa78f30be3,exact_region_phase_tables_and_boundary_sequence,True,104,69,False,156,416,416,2147483648,18608,1,qiskit transformation contract,0,82395136,0.0025683750864118338,20260803,flat,0,0,completed,5.0,diagonal_hamiltonian,positive_semantic
1,3,1,NF25-1678ff492a38ba25,exact_region_phase_tables_and_boundary_sequence,True,104,69,False,156,416,416,2147483648,18608,1,qiskit transformation contract,1,82395136,0.00251129106618464,20260803,flat,0,0,completed,5.0,diagonal_hamiltonian,positive_semantic
0,0,4,NF25-10122b88aa760e28,exact_region_phase_tables_and_boundary_sequence,True,832,552,False,1248,416,416,2147483648,153496,0,not used,0,82427904,0.001907958067022264,20260803,flat,1,0,completed,5.0,diagonal_hamiltonian,positive_semantic
0,0,4,NF25-2ba657a5d6ea718f,exact_region_phase_tables_and_boundary_sequence,True,832,552,False,1248,416,416,2147483648,153496,0,not used,1,82509824,0.0019316659308969975,20260803,flat,1,0,completed,5.0,diagonal_hamiltonian,positive_semantic
0,0,4,NF25-d3f7bc4ee732d53f,exact_region_phase_tables_and_boundary_sequence,True,104,69,False,156,416,416,2147483648,18608,1,qiskit transformation contract,0,82526208,0.0038230420323088765,20260803,flat,1,0,completed,5.0,diagonal_hamiltonian,positive_semantic
0,0,4,NF25-0d0fcf267d7e3de5,exact_region_phase_tables_and_boundary_sequence,True,104,69,False,156,416,416,2147483648,18608,1,qiskit transformation contract,1,82591744,0.0037302080309018493,20260803,flat,1,0,completed,5.0,diagonal_hamiltonian,positive_semantic
1,3,1,NF25-cab04871b0e3b113,exact_region_phase_tables_and_boundary_sequence,True,832,552,False,1248,416,416,2147483648,153496,0,not used,0,82624512,0.000638082972727716,20260803,flat,1,0,completed,5.0,diagonal_hamiltonian,positive_semantic
1,3,1,NF25-a4ca27489ae505e7,exact_region_phase_tables_and_boundary_sequence,True,832,552,False,1248,416,416,2147483648,153496,0,not used,1,82657280,0.0006455000257119536,20260803,flat,1,0,completed,5.0,diagonal_hamiltonian,positive_semantic
1,3,1,NF25-9578746d91762819,exact_region_phase_tables_and_boundary_sequence,True,104,69,False,156,416,416,2147483648,18608,1,qiskit transformation contract,0,82690048,0.002731874934397638,20260803,flat,1,0,completed,5.0,diagonal_hamiltonian,positive_semantic
1,3,1,NF25-dada6f7436b0e3d5,exact_region_phase_tables_and_boundary_sequence,True,104,69,False,156,416,416,2147483648,18608,1,qiskit transformation contract,1,82690048,0.0025475829606875777,20260803,flat,1,0,completed,5.0,diagonal_hamiltonian,positive_semantic
0,0,4,NF25-aefcc983212e20a6,exact_region_phase_tables_and_boundary_sequence,True,104,84,False,156,416,52,2147483648,18608,0,not used,0,82690048,0.00029662507586181164,20260803,semantic,0,1,completed,5.0,diagonal_hamiltonian,positive_semantic
0,0,4,NF25-a53f974455f65619,exact_region_phase_tables_and_boundary_sequence,True,104,84,False,156,416,52,2147483648,18608,0,not used,1,82690048,0.00029504101257771254,20260803,semantic,0,1,completed,5.0,diagonal_hamiltonian,positive_semantic
0,0,4,NF25-16dd9cf5396debbf,exact_region_phase_tables_and_boundary_sequence,True,104,84,False,156,416,52,2147483648,18608,1,qiskit transformation contract,0,82690048,0.001969749922864139,20260803,semantic,0,1,completed,5.0,diagonal_hamiltonian,positive_semantic
0,0,4,NF25-6aab49e0870e8bf6,exact_region_phase_tables_and_boundary_sequence,True,104,84,False,156,416,52,2147483648,18608,1,qiskit transformation contract,1,82690048,0.00198320799972862,20260803,semantic,0,1,completed,5.0,diagonal_hamiltonian,positive_semantic
1,3,1,NF25-33318f682ede0d29,exact_region_phase_tables_and_boundary_sequence,True,104,84,False,156,416,52,2147483648,18608,0,not used,0,82706432,0.00011974992230534554,20260803,semantic,0,1,completed,5.0,diagonal_hamiltonian,positive_semantic
1,3,1,NF25-81ef4c2a1236b732,exact_region_phase_tables_and_boundary_sequence,True,104,84,False,156,416,52,2147483648,18608,0,not used,1,82706432,0.00012216693721711636,20260803,semantic,0,1,completed,5.0,diagonal_hamiltonian,positive_semantic
1,3,1,NF25-579d9b052168cd76,exact_region_phase_tables_and_boundary_sequence,True,104,84,False,156,416,52,2147483648,18608,1,qiskit transformation contract,0,82706432,0.0017787499818950891,20260803,semantic,0,1,completed,5.0,diagonal_hamiltonian,positive_semantic
1,3,1,NF25-062faee2b6fc11af,exact_region_phase_tables_and_boundary_sequence,True,104,84,False,156,416,52,2147483648,18608,1,qiskit transformation contract,1,82706432,0.001799333025701344,20260803,semantic,0,1,completed,5.0,diagonal_hamiltonian,positive_semantic
0,0,8,NF25-6cd5246fdbc691b7,exact_region_phase_tables_and_boundary_sequence,True,104,84,False,156,416,52,2147483648,18608,0,not used,0,82706432,0.003465582965873182,20260803,semantic,1,1,completed,5.0,diagonal_hamiltonian,positive_semantic
0,0,8,NF25-aee40f0c82147db7,exact_region_phase_tables_and_boundary_sequence,True,104,84,False,156,416,52,2147483648,18608,0,not used,1,82706432,0.0022103340597823262,20260803,semantic,1,1,completed,5.0,diagonal_hamiltonian,positive_semantic
0,0,8,NF25-a99f0d9cb6076ec4,exact_region_phase_tables_and_boundary_sequence,True,104,84,False,156,416,52,2147483648,18608,1,qiskit transformation contract,0,82706432,0.00534083298407495,20260803,semantic,1,1,completed,5.0,diagonal_hamiltonian,positive_semantic
0,0,8,NF25-f0fd230816fd9a73,exact_region_phase_tables_and_boundary_sequence,True,104,84,False,156,416,52,2147483648,18608,1,qiskit transformation contract,1,82706432,0.003866916988044977,20260803,semantic,1,1,completed,5.0,diagonal_hamiltonian,positive_semantic
1,6,2,NF25-d453dc18fc806b0b,exact_region_phase_tables_and_boundary_sequence,True,104,84,False,156,416,52,2147483648,18608,0,not used,0,82706432,0.0020112500060349703,20260803,semantic,1,1,completed,5.0,diagonal_hamiltonian,positive_semantic
1,6,2,NF25-6280f487aa37f120,exact_region_phase_tables_and_boundary_sequence,True,104,84,False,156,416,52,2147483648,18608,0,not used,1,82706432,0.0007540419464930892,20260803,semantic,1,1,completed,5.0,diagonal_hamiltonian,positive_semantic
1,6,2,NF25-b679a555327816fc,exact_region_phase_tables_and_boundary_sequence,True,104,84,False,156,416,52,2147483648,18608,1,qiskit transformation contract,0,82706432,0.003651333972811699,20260803,semantic,1,1,completed,5.0,diagonal_hamiltonian,positive_semantic
1,6,2,NF25-4808600ebc3e3aba,exact_region_phase_tables_and_boundary_sequence,True,104,84,False,156,416,52,2147483648,18608,1,qiskit transformation contract,1,82706432,0.002389917033724487,20260803,semantic,1,1,completed,5.0,diagonal_hamiltonian,positive_semantic
0,0,4,NF25-5a52a8a88060f8bf,exact_region_phase_tables_and_boundary_sequence,True,832,552,False,1248,416,416,2147483648,153496,0,not used,0,82739200,0.001892333966679871,20260804,flat,0,0,completed,5.0,diagonal_hamiltonian,positive_semantic
0,0,4,NF25-4a9f32bc971fd6e4,exact_region_phase_tables_and_boundary_sequence,True,832,552,False,1248,416,416,2147483648,153496,0,not used,1,82739200,0.0019281660206615925,20260804,flat,0,0,completed,5.0,diagonal_hamiltonian,positive_semantic
0,0,4,NF25-4fe829d5b9f2940b,exact_region_phase_tables_and_boundary_sequence,True,104,69,False,156,416,416,2147483648,18608,1,qiskit transformation contract,0,82739200,0.003841458004899323,20260804,flat,0,0,completed,5.0,diagonal_hamiltonian,positive_semantic
0,0,4,NF25-de7eea21cbc85c69,exact_region_phase_tables_and_boundary_sequence,True,104,69,False,156,416,416,2147483648,18608,1,qiskit transformation contract,1,82739200,0.004050374962389469,20260804,flat,0,0,completed,5.0,diagonal_hamiltonian,positive_semantic
1,3,1,NF25-1b28c4e83970872b,exact_region_phase_tables_and_boundary_sequence,True,832,552,False,1248,416,416,2147483648,153496,0,not used,0,82739200,0.0006322500994428992,20260804,flat,0,0,completed,5.0,diagonal_hamiltonian,positive_semantic
1,3,1,NF25-d8b5c8a8338d7ef2,exact_region_phase_tables_and_boundary_sequence,True,832,552,False,1248,416,416,2147483648,153496,0,not used,1,82739200,0.0006437909323722124,20260804,flat,0,0,completed,5.0,diagonal_hamiltonian,positive_semantic
1,3,1,NF25-bf5305bb4b882ca6,exact_region_phase_tables_and_boundary_sequence,True,104,69,False,156,416,416,2147483648,18608,1,qiskit transformation contract,0,82739200,0.00254566699732095,20260804,flat,0,0,completed,5.0,diagonal_hamiltonian,positive_semantic
1,3,1,NF25-8b0ec9821c2145bf,exact_region_phase_tables_and_boundary_sequence,True,104,69,False,156,416,416,2147483648,18608,1,qiskit transformation contract,1,82739200,0.002535458072088659,20260804,flat,0,0,completed,5.0,diagonal_hamiltonian,positive_semantic
0,0,4,NF25-de6dd859e1ff025d,exact_region_phase_tables_and_boundary_sequence,True,832,552,False,1248,416,416,2147483648,153496,0,not used,0,82739200,0.0019396250136196613,20260804,flat,1,0,completed,5.0,diagonal_hamiltonian,positive_semantic
0,0,4,NF25-28714bbc684056aa,exact_region_phase_tables_and_boundary_sequence,True,832,552,False,1248,416,416,2147483648,153496,0,not used,1,82739200,0.0019010420655831695,20260804,flat,1,0,completed,5.0,diagonal_hamiltonian,positive_semantic
0,0,4,NF25-cbc4ccf4d919bc2b,exact_region_phase_tables_and_boundary_sequence,True,104,69,False,156,416,416,2147483648,18608,1,qiskit transformation contract,0,82739200,0.003829958033747971,20260804,flat,1,0,completed,5.0,diagonal_hamiltonian,positive_semantic
0,0,4,NF25-f60b14afad100d02,exact_region_phase_tables_and_boundary_sequence,True,104,69,False,156,416,416,2147483648,18608,1,qiskit transformation contract,1,82755584,0.0038312500109896064,20260804,flat,1,0,completed,5.0,diagonal_hamiltonian,positive_semantic
1,3,1,NF25-005680e4cf395c84,exact_region_phase_tables_and_boundary_sequence,True,832,552,False,1248,416,416,2147483648,153496,0,not used,0,82788352,0.0006335409125313163,20260804,flat,1,0,completed,5.0,diagonal_hamiltonian,positive_semantic
1,3,1,NF25-69bd24a54045b863,exact_region_phase_tables_and_boundary_sequence,True,832,552,False,1248,416,416,2147483648,153496,0,not used,1,82788352,0.000655125011689961,20260804,flat,1,0,completed,5.0,diagonal_hamiltonian,positive_semantic
1,3,1,NF25-ab403585edf7f5b8,exact_region_phase_tables_and_boundary_sequence,True,104,69,False,156,416,416,2147483648,18608,1,qiskit transformation contract,0,82788352,0.0026152919745072722,20260804,flat,1,0,completed,5.0,diagonal_hamiltonian,positive_semantic
1,3,1,NF25-26582f13a82de666,exact_region_phase_tables_and_boundary_sequence,True,104,69,False,156,416,416,2147483648,18608,1,qiskit transformation contract,1,82804736,0.002564458060078323,20260804,flat,1,0,completed,5.0,diagonal_hamiltonian,positive_semantic
0,0,4,NF25-bcd1f53219aede76,exact_region_phase_tables_and_boundary_sequence,True,104,84,False,156,416,52,2147483648,18608,0,not used,0,82804736,0.00031745899468660355,20260804,semantic,0,1,completed,5.0,diagonal_hamiltonian,positive_semantic
0,0,4,NF25-a460d98bcf833281,exact_region_phase_tables_and_boundary_sequence,True,104,84,False,156,416,52,2147483648,18608,0,not used,1,82804736,0.00030341697856783867,20260804,semantic,0,1,completed,5.0,diagonal_hamiltonian,positive_semantic
0,0,4,NF25-9a2f2e84f8e5be0b,exact_region_phase_tables_and_boundary_sequence,True,104,84,False,156,416,52,2147483648,18608,1,qiskit transformation contract,0,82804736,0.002116583986207843,20260804,semantic,0,1,completed,5.0,diagonal_hamiltonian,positive_semantic
0,0,4,NF25-3170f43350c683e7,exact_region_phase_tables_and_boundary_sequence,True,104,84,False,156,416,52,2147483648,18608,1,qiskit transformation contract,1,82804736,0.0019277089741081,20260804,semantic,0,1,completed,5.0,diagonal_hamiltonian,positive_semantic
1,3,1,NF25-b8c5c37dde264428,exact_region_phase_tables_and_boundary_sequence,True,104,84,False,156,416,52,2147483648,18608,0,not used,0,82804736,0.00012312503531575203,20260804,semantic,0,1,completed,5.0,diagonal_hamiltonian,positive_semantic
1,3,1,NF25-8a92a2d36a11c19a,exact_region_phase_tables_and_boundary_sequence,True,104,84,False,156,416,52,2147483648,18608,0,not used,1,82804736,0.00011849997099488974,20260804,semantic,0,1,completed,5.0,diagonal_hamiltonian,positive_semantic
1,3,1,NF25-2a4b4a9f046aeb54,exact_region_phase_tables_and_boundary_sequence,True,104,84,False,156,416,52,2147483648,18608,1,qiskit transformation contract,0,82804736,0.001793834031559527,20260804,semantic,0,1,completed,5.0,diagonal_hamiltonian,positive_semantic
1,3,1,NF25-2083f77ad1aabadc,exact_region_phase_tables_and_boundary_sequence,True,104,84,False,156,416,52,2147483648,18608,1,qiskit transformation contract,1,82804736,0.0017814580351114273,20260804,semantic,0,1,completed,5.0,diagonal_hamiltonian,positive_semantic
0,0,8,NF25-6579f07890ed200e,exact_region_phase_tables_and_boundary_sequence,True,104,84,False,156,416,52,2147483648,18608,0,not used,0,82804736,0.003463999950326979,20260804,semantic,1,1,completed,5.0,diagonal_hamiltonian,positive_semantic
0,0,8,NF25-1431afe267f74a7e,exact_region_phase_tables_and_boundary_sequence,True,104,84,False,156,416,52,2147483648,18608,0,not used,1,82804736,0.0022025840589776635,20260804,semantic,1,1,completed,5.0,diagonal_hamiltonian,positive_semantic
0,0,8,NF25-b3d5b0c87b8e8025,exact_region_phase_tables_and_boundary_sequence,True,104,84,False,156,416,52,2147483648,18608,1,qiskit transformation contract,0,82804736,0.005110083031468093,20260804,semantic,1,1,completed,5.0,diagonal_hamiltonian,positive_semantic
0,0,8,NF25-c0c53b663b55bc8a,exact_region_phase_tables_and_boundary_sequence,True,104,84,False,156,416,52,2147483648,18608,1,qiskit transformation contract,1,82804736,0.0038252080557867885,20260804,semantic,1,1,completed,5.0,diagonal_hamiltonian,positive_semantic
1,6,2,NF25-607e1d73e28d5bbd,exact_region_phase_tables_and_boundary_sequence,True,104,84,False,156,416,52,2147483648,18608,0,not used,0,82821120,0.002011957927607,20260804,semantic,1,1,completed,5.0,diagonal_hamiltonian,positive_semantic
1,6,2,NF25-76719806c6d48f5c,exact_region_phase_tables_and_boundary_sequence,True,104,84,False,156,416,52,2147483648,18608,0,not used,1,82821120,0.0007804590277373791,20260804,semantic,1,1,completed,5.0,diagonal_hamiltonian,positive_semantic
1,6,2,NF25-d3351c82c3832258,exact_region_phase_tables_and_boundary_sequence,True,104,84,False,156,416,52,2147483648,18608,1,qiskit transformation contract,0,82837504,0.00390174996573478,20260804,semantic,1,1,completed,5.0,diagonal_hamiltonian,positive_semantic
1,6,2,NF25-f14f399cfcf88209,exact_region_phase_tables_and_boundary_sequence,True,104,84,False,156,416,52,2147483648,18608,1,qiskit transformation contract,1,82837504,0.002427999977953732,20260804,semantic,1,1,completed,5.0,diagonal_hamiltonian,positive_semantic
0,0,4,NF25-f1bf7f890def08a8,exact_region_phase_tables_and_boundary_sequence,True,832,552,False,1248,416,416,2147483648,153496,0,not used,0,82837504,0.0019213749328628182,20260805,flat,0,0,completed,5.0,diagonal_hamiltonian,positive_semantic
0,0,4,NF25-74384dd127a10045,exact_region_phase_tables_and_boundary_sequence,True,832,552,False,1248,416,416,2147483648,153496,0,not used,1,82837504,0.0019080829806625843,20260805,flat,0,0,completed,5.0,diagonal_hamiltonian,positive_semantic
0,0,4,NF25-68d902eea5d9b494,exact_region_phase_tables_and_boundary_sequence,True,104,69,False,156,416,416,2147483648,18608,1,qiskit transformation contract,0,82837504,0.0038464159006252885,20260805,flat,0,0,completed,5.0,diagonal_hamiltonian,positive_semantic
0,0,4,NF25-fd1029950cee6967,exact_region_phase_tables_and_boundary_sequence,True,104,69,False,156,416,416,2147483648,18608,1,qiskit transformation contract,1,82837504,0.003845500061288476,20260805,flat,0,0,completed,5.0,diagonal_hamiltonian,positive_semantic
1,3,1,NF25-e4e57070d214a53a,exact_region_phase_tables_and_boundary_sequence,True,832,552,False,1248,416,416,2147483648,153496,0,not used,0,82837504,0.0006564169889315963,20260805,flat,0,0,completed,5.0,diagonal_hamiltonian,positive_semantic
1,3,1,NF25-4065474fc45d3591,exact_region_phase_tables_and_boundary_sequence,True,832,552,False,1248,416,416,2147483648,153496,0,not used,1,82837504,0.0006387080065906048,20260805,flat,0,0,completed,5.0,diagonal_hamiltonian,positive_semantic
1,3,1,NF25-4f11fbb5d56f1846,exact_region_phase_tables_and_boundary_sequence,True,104,69,False,156,416,416,2147483648,18608,1,qiskit transformation contract,0,82837504,0.002586458111181855,20260805,flat,0,0,completed,5.0,diagonal_hamiltonian,positive_semantic
1,3,1,NF25-c59173eb3c7b061b,exact_region_phase_tables_and_boundary_sequence,True,104,69,False,156,416,416,2147483648,18608,1,qiskit transformation contract,1,82837504,0.002548834076151252,20260805,flat,0,0,completed,5.0,diagonal_hamiltonian,positive_semantic
0,0,4,NF25-469f7fe3be0e0970,exact_region_phase_tables_and_boundary_sequence,True,832,552,False,1248,416,416,2147483648,153496,0,not used,0,82870272,0.001932790968567133,20260805,flat,1,0,completed,5.0,diagonal_hamiltonian,positive_semantic
0,0,4,NF25-13c298f70700da0a,exact_region_phase_tables_and_boundary_sequence,True,832,552,False,1248,416,416,2147483648,153496,0,not used,1,82870272,0.00191183399874717,20260805,flat,1,0,completed,5.0,diagonal_hamiltonian,positive_semantic
0,0,4,NF25-55930d3548b1bb5e,exact_region_phase_tables_and_boundary_sequence,True,104,69,False,156,416,416,2147483648,18608,1,qiskit transformation contract,0,82968576,0.004079416976310313,20260805,flat,1,0,completed,5.0,diagonal_hamiltonian,positive_semantic
0,0,4,NF25-fc3540ee32f44888,exact_region_phase_tables_and_boundary_sequence,True,104,69,False,156,416,416,2147483648,18608,1,qiskit transformation contract,1,82968576,0.003790292073972523,20260805,flat,1,0,completed,5.0,diagonal_hamiltonian,positive_semantic
1,3,1,NF25-ac5ab9b6ccf9d21f,exact_region_phase_tables_and_boundary_sequence,True,832,552,False,1248,416,416,2147483648,153496,0,not used,0,82968576,0.0006459169089794159,20260805,flat,1,0,completed,5.0,diagonal_hamiltonian,positive_semantic
1,3,1,NF25-fd67a9e612595a4d,exact_region_phase_tables_and_boundary_sequence,True,832,552,False,1248,416,416,2147483648,153496,0,not used,1,82968576,0.0006342079723253846,20260805,flat,1,0,completed,5.0,diagonal_hamiltonian,positive_semantic
1,3,1,NF25-86114904b71898d0,exact_region_phase_tables_and_boundary_sequence,True,104,69,False,156,416,416,2147483648,18608,1,qiskit transformation contract,0,82968576,0.002559458022005856,20260805,flat,1,0,completed,5.0,diagonal_hamiltonian,positive_semantic
1,3,1,NF25-30088f1427a2913f,exact_region_phase_tables_and_boundary_sequence,True,104,69,False,156,416,416,2147483648,18608,1,qiskit transformation contract,1,82968576,0.0025566250551491976,20260805,flat,1,0,completed,5.0,diagonal_hamiltonian,positive_semantic
0,0,4,NF25-83050fe36c853583,exact_region_phase_tables_and_boundary_sequence,True,104,84,False,156,416,52,2147483648,18608,0,not used,0,82968576,0.00031991698779165745,20260805,semantic,0,1,completed,5.0,diagonal_hamiltonian,positive_semantic
0,0,4,NF25-15f116ab8642d748,exact_region_phase_tables_and_boundary_sequence,True,104,84,False,156,416,52,2147483648,18608,0,not used,1,82968576,0.00029812497086822987,20260805,semantic,0,1,completed,5.0,diagonal_hamiltonian,positive_semantic
0,0,4,NF25-5d8c99c4f99c865e,exact_region_phase_tables_and_boundary_sequence,True,104,84,False,156,416,52,2147483648,18608,1,qiskit transformation contract,0,82984960,0.002017166931182146,20260805,semantic,0,1,completed,5.0,diagonal_hamiltonian,positive_semantic
0,0,4,NF25-ea48ec0c9834a257,exact_region_phase_tables_and_boundary_sequence,True,104,84,False,156,416,52,2147483648,18608,1,qiskit transformation contract,1,82984960,0.0019251250196248293,20260805,semantic,0,1,completed,5.0,diagonal_hamiltonian,positive_semantic
1,3,1,NF25-0f9099a3af7801d1,exact_region_phase_tables_and_boundary_sequence,True,104,84,False,156,416,52,2147483648,18608,0,not used,0,82984960,0.00012670806609094143,20260805,semantic,0,1,completed,5.0,diagonal_hamiltonian,positive_semantic
1,3,1,NF25-fc27e37fdad02fc8,exact_region_phase_tables_and_boundary_sequence,True,104,84,False,156,416,52,2147483648,18608,0,not used,1,82984960,0.00011979194823652506,20260805,semantic,0,1,completed,5.0,diagonal_hamiltonian,positive_semantic
1,3,1,NF25-5a1062079036826d,exact_region_phase_tables_and_boundary_sequence,True,104,84,False,156,416,52,2147483648,18608,1,qiskit transformation contract,0,82984960,0.0018017919501289725,20260805,semantic,0,1,completed,5.0,diagonal_hamiltonian,positive_semantic
1,3,1,NF25-d51a11cd9583cb39,exact_region_phase_tables_and_boundary_sequence,True,104,84,False,156,416,52,2147483648,18608,1,qiskit transformation contract,1,82984960,0.0019383749458938837,20260805,semantic,0,1,completed,5.0,diagonal_hamiltonian,positive_semantic
0,0,8,NF25-6e650bdd55bc6743,exact_region_phase_tables_and_boundary_sequence,True,104,84,False,156,416,52,2147483648,18608,0,not used,0,82984960,0.00351908290758729,20260805,semantic,1,1,completed,5.0,diagonal_hamiltonian,positive_semantic
0,0,8,NF25-e7f59e268afc271c,exact_region_phase_tables_and_boundary_sequence,True,104,84,False,156,416,52,2147483648,18608,0,not used,1,82984960,0.0022399580338969827,20260805,semantic,1,1,completed,5.0,diagonal_hamiltonian,positive_semantic
0,0,8,NF25-0afb2d04b0942f41,exact_region_phase_tables_and_boundary_sequence,True,104,84,False,156,416,52,2147483648,18608,1,qiskit transformation contract,0,83001344,0.005056124995462596,20260805,semantic,1,1,completed,5.0,diagonal_hamiltonian,positive_semantic
0,0,8,NF25-6683a431023646d8,exact_region_phase_tables_and_boundary_sequence,True,104,84,False,156,416,52,2147483648,18608,1,qiskit transformation contract,1,83001344,0.003860082942992449,20260805,semantic,1,1,completed,5.0,diagonal_hamiltonian,positive_semantic
1,6,2,NF25-9178408b0fc5f6d1,exact_region_phase_tables_and_boundary_sequence,True,104,84,False,156,416,52,2147483648,18608,0,not used,0,83001344,0.00200308405328542,20260805,semantic,1,1,completed,5.0,diagonal_hamiltonian,positive_semantic
1,6,2,NF25-160bf15c9adde25a,exact_region_phase_tables_and_boundary_sequence,True,104,84,False,156,416,52,2147483648,18608,0,not used,1,83001344,0.0007511669537052512,20260805,semantic,1,1,completed,5.0,diagonal_hamiltonian,positive_semantic
1,6,2,NF25-f98f69894ea8ee32,exact_region_phase_tables_and_boundary_sequence,True,104,84,False,156,416,52,2147483648,18608,1,qiskit transformation contract,0,83001344,0.0036634589778259397,20260805,semantic,1,1,completed,5.0,diagonal_hamiltonian,positive_semantic
1,6,2,NF25-2a84ef79c4bcbbfa,exact_region_phase_tables_and_boundary_sequence,True,104,84,False,156,416,52,2147483648,18608,1,qiskit transformation contract,1,83001344,0.0025586660485714674,20260805,semantic,1,1,completed,5.0,diagonal_hamiltonian,positive_semantic
0,0,4,NF25-4a2be934cfea78ce,exact_region_phase_tables_and_boundary_sequence,True,168,121,False,284,116,116,2147483648,39144,0,not used,0,84541440,0.00047687499318271875,20260801,flat,0,0,completed,5.0,ising_trotter,positive_semantic
0,0,4,NF25-90803596860325a8,exact_region_phase_tables_and_boundary_sequence,True,168,121,False,284,116,116,2147483648,39144,0,not used,1,84557824,0.0004925000248476863,20260801,flat,0,0,completed,5.0,ising_trotter,positive_semantic
0,0,4,NF25-eae73dc662a0911b,exact_region_phase_tables_and_boundary_sequence,True,56,43,False,116,116,116,2147483648,19992,1,qiskit transformation contract,0,84590592,0.0021750410087406635,20260801,flat,0,0,completed,5.0,ising_trotter,positive_semantic
0,0,4,NF25-9ce307a59d070a08,exact_region_phase_tables_and_boundary_sequence,True,56,43,False,116,116,116,2147483648,19992,1,qiskit transformation contract,1,84590592,0.002043417072854936,20260801,flat,0,0,completed,5.0,ising_trotter,positive_semantic
1,0,4,NF25-b3b1fc45486067c9,exact_region_phase_tables_and_boundary_sequence,True,168,121,False,284,116,116,2147483648,39144,0,not used,0,84590592,0.0004974169423803687,20260801,flat,0,0,completed,5.0,ising_trotter,positive_semantic
1,0,4,NF25-bad4fda92dcdf8be,exact_region_phase_tables_and_boundary_sequence,True,168,121,False,284,116,116,2147483648,39144,0,not used,1,84606976,0.0005012500332668424,20260801,flat,0,0,completed,5.0,ising_trotter,positive_semantic
1,0,4,NF25-5d96338b9d205376,exact_region_phase_tables_and_boundary_sequence,True,56,43,False,116,116,116,2147483648,19992,1,qiskit transformation contract,0,84656128,0.0020327079109847546,20260801,flat,0,0,completed,5.0,ising_trotter,positive_semantic
1,0,4,NF25-427ccf73213e85b4,exact_region_phase_tables_and_boundary_sequence,True,56,43,False,116,116,116,2147483648,19992,1,qiskit transformation contract,1,84672512,0.0020109580364078283,20260801,flat,0,0,completed,5.0,ising_trotter,positive_semantic
0,0,4,NF25-a83bdda334845c5c,exact_region_phase_tables_and_boundary_sequence,True,168,121,False,284,116,116,2147483648,39144,0,not used,0,84688896,0.0005066669546067715,20260801,flat,1,0,completed,5.0,ising_trotter,positive_semantic
0,0,4,NF25-b4e3b1a90bd99e2d,exact_region_phase_tables_and_boundary_sequence,True,168,121,False,284,116,116,2147483648,39144,0,not used,1,84688896,0.000475957989692688,20260801,flat,1,0,completed,5.0,ising_trotter,positive_semantic
0,0,4,NF25-80169b5397f55b69,exact_region_phase_tables_and_boundary_sequence,True,56,43,False,116,116,116,2147483648,19992,1,qiskit transformation contract,0,84705280,0.001984249916858971,20260801,flat,1,0,completed,5.0,ising_trotter,positive_semantic
0,0,4,NF25-b748e39ebdff5a50,exact_region_phase_tables_and_boundary_sequence,True,56,43,False,116,116,116,2147483648,19992,1,qiskit transformation contract,1,84738048,0.002011124975979328,20260801,flat,1,0,completed,5.0,ising_trotter,positive_semantic
1,0,4,NF25-9f5a2e565940f39b,exact_region_phase_tables_and_boundary_sequence,True,168,121,False,284,116,116,2147483648,39144,0,not used,0,84770816,0.0005008339649066329,20260801,flat,1,0,completed,5.0,ising_trotter,positive_semantic
1,0,4,NF25-46313d20619f87da,exact_region_phase_tables_and_boundary_sequence,True,168,121,False,284,116,116,2147483648,39144,0,not used,1,84787200,0.0005270000547170639,20260801,flat,1,0,completed,5.0,ising_trotter,positive_semantic
1,0,4,NF25-172bacc1b995b447,exact_region_phase_tables_and_boundary_sequence,True,56,43,False,116,116,116,2147483648,19992,1,qiskit transformation contract,0,84803584,0.002107582986354828,20260801,flat,1,0,completed,5.0,ising_trotter,positive_semantic
1,0,4,NF25-f77d51790819050d,exact_region_phase_tables_and_boundary_sequence,True,56,43,False,116,116,116,2147483648,19992,1,qiskit transformation contract,1,84803584,0.001988625037483871,20260801,flat,1,0,completed,5.0,ising_trotter,positive_semantic
0,0,4,NF25-53a42f9ddc4fcc68,exact_region_phase_tables_and_boundary_sequence,True,56,43,False,116,116,60,2147483648,19992,0,not used,0,84803584,0.0002443329431116581,20260801,semantic,0,1,completed,5.0,ising_trotter,positive_semantic
0,0,4,NF25-545e7e4144ae1ba1,exact_region_phase_tables_and_boundary_sequence,True,56,43,False,116,116,60,2147483648,19992,0,not used,1,84803584,0.0002376670017838478,20260801,semantic,0,1,completed,5.0,ising_trotter,positive_semantic
0,0,4,NF25-b1e7bbbf673c596c,exact_region_phase_tables_and_boundary_sequence,True,56,43,False,116,116,60,2147483648,19992,1,qiskit transformation contract,0,84803584,0.0017023340333253145,20260801,semantic,0,1,completed,5.0,ising_trotter,positive_semantic
0,0,4,NF25-4f2b27ef4d20634b,exact_region_phase_tables_and_boundary_sequence,True,56,43,False,116,116,60,2147483648,19992,1,qiskit transformation contract,1,84803584,0.0016967090778052807,20260801,semantic,0,1,completed,5.0,ising_trotter,positive_semantic
1,0,4,NF25-2385d98725e34071,exact_region_phase_tables_and_boundary_sequence,True,56,43,False,116,116,60,2147483648,19992,0,not used,0,84803584,0.0002438329393044114,20260801,semantic,0,1,completed,5.0,ising_trotter,positive_semantic
1,0,4,NF25-ad655725b2ea45df,exact_region_phase_tables_and_boundary_sequence,True,56,43,False,116,116,60,2147483648,19992,0,not used,1,84819968,0.00024141604080796242,20260801,semantic,0,1,completed,5.0,ising_trotter,positive_semantic
1,0,4,NF25-4da7d6ce0eecaf7d,exact_region_phase_tables_and_boundary_sequence,True,56,43,False,116,116,60,2147483648,19992,1,qiskit transformation contract,0,84819968,0.0016916670138016343,20260801,semantic,0,1,completed,5.0,ising_trotter,positive_semantic
1,0,4,NF25-f230b6eeb9ba8fcf,exact_region_phase_tables_and_boundary_sequence,True,56,43,False,116,116,60,2147483648,19992,1,qiskit transformation contract,1,84836352,0.0017150830244645476,20260801,semantic,0,1,completed,5.0,ising_trotter,positive_semantic
0,0,8,NF25-f51b82368303d755,exact_region_phase_tables_and_boundary_sequence,True,56,43,False,116,116,60,2147483648,19992,0,not used,0,84836352,0.001101542031392455,20260801,semantic,1,1,completed,5.0,ising_trotter,positive_semantic
0,0,8,NF25-839c730a20f8e5bf,exact_region_phase_tables_and_boundary_sequence,True,56,43,False,116,116,60,2147483648,19992,0,not used,1,84852736,0.0007353329565376043,20260801,semantic,1,1,completed,5.0,ising_trotter,positive_semantic
0,0,8,NF25-715ad88e8ad88b7f,exact_region_phase_tables_and_boundary_sequence,True,56,43,False,116,116,60,2147483648,19992,1,qiskit transformation contract,0,84918272,0.0028247919399291277,20260801,semantic,1,1,completed,5.0,ising_trotter,positive_semantic
0,0,8,NF25-d912a2ec6c1f9ada,exact_region_phase_tables_and_boundary_sequence,True,56,43,False,116,116,60,2147483648,19992,1,qiskit transformation contract,1,84918272,0.0022248749155551195,20260801,semantic,1,1,completed,5.0,ising_trotter,positive_semantic
1,0,8,NF25-a3dcf8c66e4db9e7,exact_region_phase_tables_and_boundary_sequence,True,56,43,False,116,116,60,2147483648,19992,0,not used,0,84918272,0.001107292016968131,20260801,semantic,1,1,completed,5.0,ising_trotter,positive_semantic
1,0,8,NF25-534b913019fbb879,exact_region_phase_tables_and_boundary_sequence,True,56,43,False,116,116,60,2147483648,19992,0,not used,1,84918272,0.0007234170334413648,20260801,semantic,1,1,completed,5.0,ising_trotter,positive_semantic
1,0,8,NF25-5a66d997464fcb9a,exact_region_phase_tables_and_boundary_sequence,True,56,43,False,116,116,60,2147483648,19992,1,qiskit transformation contract,0,84918272,0.002599957981146872,20260801,semantic,1,1,completed,5.0,ising_trotter,positive_semantic
1,0,8,NF25-57e3340888c627a7,exact_region_phase_tables_and_boundary_sequence,True,56,43,False,116,116,60,2147483648,19992,1,qiskit transformation contract,1,84934656,0.00224974995944649,20260801,semantic,1,1,completed,5.0,ising_trotter,positive_semantic
0,0,4,NF25-b236f5e8141bbae8,exact_region_phase_tables_and_boundary_sequence,True,168,121,False,284,116,116,2147483648,39144,0,not used,0,84951040,0.0005117919063195586,20260802,flat,0,0,completed,5.0,ising_trotter,positive_semantic
0,0,4,NF25-d578ab34192cebda,exact_region_phase_tables_and_boundary_sequence,True,168,121,False,284,116,116,2147483648,39144,0,not used,1,84951040,0.00047325005289167166,20260802,flat,0,0,completed,5.0,ising_trotter,positive_semantic
0,0,4,NF25-4e8d0c7d9d6598bb,exact_region_phase_tables_and_boundary_sequence,True,56,43,False,116,116,116,2147483648,19992,1,qiskit transformation contract,0,84983808,0.002122374949976802,20260802,flat,0,0,completed,5.0,ising_trotter,positive_semantic
0,0,4,NF25-cef5f2d416e0bb56,exact_region_phase_tables_and_boundary_sequence,True,56,43,False,116,116,116,2147483648,19992,1,qiskit transformation contract,1,84983808,0.0019787090132012963,20260802,flat,0,0,completed,5.0,ising_trotter,positive_semantic
1,0,4,NF25-69c63d01f8692d9a,exact_region_phase_tables_and_boundary_sequence,True,168,121,False,284,116,116,2147483648,39144,0,not used,0,84983808,0.000492708059027791,20260802,flat,0,0,completed,5.0,ising_trotter,positive_semantic
1,0,4,NF25-4ddc13fb8330937b,exact_region_phase_tables_and_boundary_sequence,True,168,121,False,284,116,116,2147483648,39144,0,not used,1,84983808,0.0004936670884490013,20260802,flat,0,0,completed,5.0,ising_trotter,positive_semantic
1,0,4,NF25-67da25a923fb4a55,exact_region_phase_tables_and_boundary_sequence,True,56,43,False,116,116,116,2147483648,19992,1,qiskit transformation contract,0,84983808,0.001982333022169769,20260802,flat,0,0,completed,5.0,ising_trotter,positive_semantic
1,0,4,NF25-319712d3aedc4f6a,exact_region_phase_tables_and_boundary_sequence,True,56,43,False,116,116,116,2147483648,19992,1,qiskit transformation contract,1,84983808,0.0020288750529289246,20260802,flat,0,0,completed,5.0,ising_trotter,positive_semantic
0,0,4,NF25-22f07a4b2920ddb6,exact_region_phase_tables_and_boundary_sequence,True,168,121,False,284,116,116,2147483648,39144,0,not used,0,84983808,0.0004889160627499223,20260802,flat,1,0,completed,5.0,ising_trotter,positive_semantic
0,0,4,NF25-345435882491a5fb,exact_region_phase_tables_and_boundary_sequence,True,168,121,False,284,116,116,2147483648,39144,0,not used,1,84983808,0.0004907919792458415,20260802,flat,1,0,completed,5.0,ising_trotter,positive_semantic
0,0,4,NF25-ced6eebd19b6a77b,exact_region_phase_tables_and_boundary_sequence,True,56,43,False,116,116,116,2147483648,19992,1,qiskit transformation contract,0,84983808,0.002011750009842217,20260802,flat,1,0,completed,5.0,ising_trotter,positive_semantic
0,0,4,NF25-0e9f63c50cf3c1a2,exact_region_phase_tables_and_boundary_sequence,True,56,43,False,116,116,116,2147483648,19992,1,qiskit transformation contract,1,84983808,0.0019782090093940496,20260802,flat,1,0,completed,5.0,ising_trotter,positive_semantic
1,0,4,NF25-fefd4138cffcd107,exact_region_phase_tables_and_boundary_sequence,True,168,121,False,284,116,116,2147483648,39144,0,not used,0,84983808,0.0004946250701323152,20260802,flat,1,0,completed,5.0,ising_trotter,positive_semantic
1,0,4,NF25-1e1071ce5245054a,exact_region_phase_tables_and_boundary_sequence,True,168,121,False,284,116,116,2147483648,39144,0,not used,1,85000192,0.0005039999959990382,20260802,flat,1,0,completed,5.0,ising_trotter,positive_semantic
1,0,4,NF25-34f2cdc9e1b32d8c,exact_region_phase_tables_and_boundary_sequence,True,56,43,False,116,116,116,2147483648,19992,1,qiskit transformation contract,0,85016576,0.0021710420260205865,20260802,flat,1,0,completed,5.0,ising_trotter,positive_semantic
1,0,4,NF25-3401b0e3cc7971e3,exact_region_phase_tables_and_boundary_sequence,True,56,43,False,116,116,116,2147483648,19992,1,qiskit transformation contract,1,85016576,0.002035625046119094,20260802,flat,1,0,completed,5.0,ising_trotter,positive_semantic
0,0,4,NF25-2bef82462eb41bb7,exact_region_phase_tables_and_boundary_sequence,True,56,43,False,116,116,60,2147483648,19992,0,not used,0,85016576,0.00024449999909847975,20260802,semantic,0,1,completed,5.0,ising_trotter,positive_semantic
0,0,4,NF25-d48024bc9d7590e8,exact_region_phase_tables_and_boundary_sequence,True,56,43,False,116,116,60,2147483648,19992,0,not used,1,85016576,0.00024191697593778372,20260802,semantic,0,1,completed,5.0,ising_trotter,positive_semantic
0,0,4,NF25-feb144097f71a56d,exact_region_phase_tables_and_boundary_sequence,True,56,43,False,116,116,60,2147483648,19992,1,qiskit transformation contract,0,85016576,0.0017313340213149786,20260802,semantic,0,1,completed,5.0,ising_trotter,positive_semantic
0,0,4,NF25-ffff2c00cace2ffa,exact_region_phase_tables_and_boundary_sequence,True,56,43,False,116,116,60,2147483648,19992,1,qiskit transformation contract,1,85016576,0.0017481250688433647,20260802,semantic,0,1,completed,5.0,ising_trotter,positive_semantic
1,0,4,NF25-1c56495b91054f0a,exact_region_phase_tables_and_boundary_sequence,True,56,43,False,116,116,60,2147483648,19992,0,not used,0,85016576,0.0002335000317543745,20260802,semantic,0,1,completed,5.0,ising_trotter,positive_semantic
1,0,4,NF25-11745ca6d89aadcb,exact_region_phase_tables_and_boundary_sequence,True,56,43,False,116,116,60,2147483648,19992,0,not used,1,85016576,0.00022487505339086056,20260802,semantic,0,1,completed,5.0,ising_trotter,positive_semantic
1,0,4,NF25-0406f8f36dc09412,exact_region_phase_tables_and_boundary_sequence,True,56,43,False,116,116,60,2147483648,19992,1,qiskit transformation contract,0,85016576,0.0016598340589553118,20260802,semantic,0,1,completed,5.0,ising_trotter,positive_semantic
1,0,4,NF25-2a3e8641486c61c8,exact_region_phase_tables_and_boundary_sequence,True,56,43,False,116,116,60,2147483648,19992,1,qiskit transformation contract,1,85032960,0.001677249907515943,20260802,semantic,0,1,completed,5.0,ising_trotter,positive_semantic
0,0,8,NF25-d5e6b3eab3388f0c,exact_region_phase_tables_and_boundary_sequence,True,56,43,False,116,116,60,2147483648,19992,0,not used,0,85032960,0.0011039170203730464,20260802,semantic,1,1,completed,5.0,ising_trotter,positive_semantic
0,0,8,NF25-a56fa844de27356e,exact_region_phase_tables_and_boundary_sequence,True,56,43,False,116,116,60,2147483648,19992,0,not used,1,85049344,0.0007241250714287162,20260802,semantic,1,1,completed,5.0,ising_trotter,positive_semantic
0,0,8,NF25-e6d0a834e36df8c2,exact_region_phase_tables_and_boundary_sequence,True,56,43,False,116,116,60,2147483648,19992,1,qiskit transformation contract,0,85049344,0.002749459003098309,20260802,semantic,1,1,completed,5.0,ising_trotter,positive_semantic
0,0,8,NF25-480b8b1b46e36bb1,exact_region_phase_tables_and_boundary_sequence,True,56,43,False,116,116,60,2147483648,19992,1,qiskit transformation contract,1,85049344,0.002174791065044701,20260802,semantic,1,1,completed,5.0,ising_trotter,positive_semantic
1,0,8,NF25-3417712003164bbb,exact_region_phase_tables_and_boundary_sequence,True,56,43,False,116,116,60,2147483648,19992,0,not used,0,85049344,0.0011060420656576753,20260802,semantic,1,1,completed,5.0,ising_trotter,positive_semantic
1,0,8,NF25-ccc08b68c2551540,exact_region_phase_tables_and_boundary_sequence,True,56,43,False,116,116,60,2147483648,19992,0,not used,1,85049344,0.0007202909328043461,20260802,semantic,1,1,completed,5.0,ising_trotter,positive_semantic
1,0,8,NF25-5b91515d501e6064,exact_region_phase_tables_and_boundary_sequence,True,56,43,False,116,116,60,2147483648,19992,1,qiskit transformation contract,0,85049344,0.0025492910062894225,20260802,semantic,1,1,completed,5.0,ising_trotter,positive_semantic
1,0,8,NF25-b329c3e5c036cf67,exact_region_phase_tables_and_boundary_sequence,True,56,43,False,116,116,60,2147483648,19992,1,qiskit transformation contract,1,85065728,0.002217583009041846,20260802,semantic,1,1,completed,5.0,ising_trotter,positive_semantic
0,0,4,NF25-284b585ac361f27b,exact_region_phase_tables_and_boundary_sequence,True,168,121,False,284,116,116,2147483648,39144,0,not used,0,85065728,0.0004933750024065375,20260803,flat,0,0,completed,5.0,ising_trotter,positive_semantic
0,0,4,NF25-d9a5bc2c8f0c7fcd,exact_region_phase_tables_and_boundary_sequence,True,168,121,False,284,116,116,2147483648,39144,0,not used,1,85065728,0.0005097499815747142,20260803,flat,0,0,completed,5.0,ising_trotter,positive_semantic
0,0,4,NF25-ad7d59739ec6ec4e,exact_region_phase_tables_and_boundary_sequence,True,56,43,False,116,116,116,2147483648,19992,1,qiskit transformation contract,0,85082112,0.0021912080701440573,20260803,flat,0,0,completed,5.0,ising_trotter,positive_semantic
0,0,4,NF25-88c046e10f4b30ae,exact_region_phase_tables_and_boundary_sequence,True,56,43,False,116,116,116,2147483648,19992,1,qiskit transformation contract,1,85082112,0.0020379999186843634,20260803,flat,0,0,completed,5.0,ising_trotter,positive_semantic
1,0,4,NF25-8788d17939e5f31f,exact_region_phase_tables_and_boundary_sequence,True,168,121,False,284,116,116,2147483648,39144,0,not used,0,85082112,0.0004940839717164636,20260803,flat,0,0,completed,5.0,ising_trotter,positive_semantic
1,0,4,NF25-5f6e2b55a649df2c,exact_region_phase_tables_and_boundary_sequence,True,168,121,False,284,116,116,2147483648,39144,0,not used,1,85082112,0.0004954589530825615,20260803,flat,0,0,completed,5.0,ising_trotter,positive_semantic
1,0,4,NF25-d558aa813a2fe35c,exact_region_phase_tables_and_boundary_sequence,True,56,43,False,116,116,116,2147483648,19992,1,qiskit transformation contract,0,85098496,0.00203820806927979,20260803,flat,0,0,completed,5.0,ising_trotter,positive_semantic
1,0,4,NF25-3277a9bc6879b5d5,exact_region_phase_tables_and_boundary_sequence,True,56,43,False,116,116,116,2147483648,19992,1,qiskit transformation contract,1,85098496,0.001903249998576939,20260803,flat,0,0,completed,5.0,ising_trotter,positive_semantic
0,0,4,NF25-9a925d3d39d5baf4,exact_region_phase_tables_and_boundary_sequence,True,168,121,False,284,116,116,2147483648,39144,0,not used,0,85098496,0.0004856659797951579,20260803,flat,1,0,completed,5.0,ising_trotter,positive_semantic
0,0,4,NF25-1a87542429627e83,exact_region_phase_tables_and_boundary_sequence,True,168,121,False,284,116,116,2147483648,39144,0,not used,1,85098496,0.0004954580217599869,20260803,flat,1,0,completed,5.0,ising_trotter,positive_semantic
0,0,4,NF25-c41c228ddea91ff6,exact_region_phase_tables_and_boundary_sequence,True,56,43,False,116,116,116,2147483648,19992,1,qiskit transformation contract,0,85098496,0.0019897499587386847,20260803,flat,1,0,completed,5.0,ising_trotter,positive_semantic
0,0,4,NF25-1135c75ebc44991a,exact_region_phase_tables_and_boundary_sequence,True,56,43,False,116,116,116,2147483648,19992,1,qiskit transformation contract,1,85114880,0.001982416957616806,20260803,flat,1,0,completed,5.0,ising_trotter,positive_semantic
1,0,4,NF25-a47873faee315dab,exact_region_phase_tables_and_boundary_sequence,True,168,121,False,284,116,116,2147483648,39144,0,not used,0,85114880,0.0005112920189276338,20260803,flat,1,0,completed,5.0,ising_trotter,positive_semantic
1,0,4,NF25-3be7176e54a2d359,exact_region_phase_tables_and_boundary_sequence,True,168,121,False,284,116,116,2147483648,39144,0,not used,1,85114880,0.0005037500523030758,20260803,flat,1,0,completed,5.0,ising_trotter,positive_semantic
1,0,4,NF25-852924816e938f10,exact_region_phase_tables_and_boundary_sequence,True,56,43,False,116,116,116,2147483648,19992,1,qiskit transformation contract,0,85114880,0.0021845409646630287,20260803,flat,1,0,completed,5.0,ising_trotter,positive_semantic
1,0,4,NF25-571f50ce9e90de2a,exact_region_phase_tables_and_boundary_sequence,True,56,43,False,116,116,116,2147483648,19992,1,qiskit transformation contract,1,85114880,0.002019040985032916,20260803,flat,1,0,completed,5.0,ising_trotter,positive_semantic
0,0,4,NF25-3ca2df293651f09a,exact_region_phase_tables_and_boundary_sequence,True,56,43,False,116,116,60,2147483648,19992,0,not used,0,85114880,0.00024491699878126383,20260803,semantic,0,1,completed,5.0,ising_trotter,positive_semantic
0,0,4,NF25-62ad7dff2d09c1d7,exact_region_phase_tables_and_boundary_sequence,True,56,43,False,116,116,60,2147483648,19992,0,not used,1,85114880,0.00024262501392513514,20260803,semantic,0,1,completed,5.0,ising_trotter,positive_semantic
0,0,4,NF25-3d0c8d078001aeb3,exact_region_phase_tables_and_boundary_sequence,True,56,43,False,116,116,60,2147483648,19992,1,qiskit transformation contract,0,85114880,0.0017416670452803373,20260803,semantic,0,1,completed,5.0,ising_trotter,positive_semantic
0,0,4,NF25-913d6410c2b944f3,exact_region_phase_tables_and_boundary_sequence,True,56,43,False,116,116,60,2147483648,19992,1,qiskit transformation contract,1,85114880,0.0017336249584332108,20260803,semantic,0,1,completed,5.0,ising_trotter,positive_semantic
1,0,4,NF25-254a31d3e9a6398a,exact_region_phase_tables_and_boundary_sequence,True,56,43,False,116,116,60,2147483648,19992,0,not used,0,85114880,0.0002453750930726528,20260803,semantic,0,1,completed,5.0,ising_trotter,positive_semantic
1,0,4,NF25-ebf40676c451cf32,exact_region_phase_tables_and_boundary_sequence,True,56,43,False,116,116,60,2147483648,19992,0,not used,1,85114880,0.00024458393454551697,20260803,semantic,0,1,completed,5.0,ising_trotter,positive_semantic
1,0,4,NF25-1c4f8e53ccc1ae10,exact_region_phase_tables_and_boundary_sequence,True,56,43,False,116,116,60,2147483648,19992,1,qiskit transformation contract,0,85131264,0.0017272919649258256,20260803,semantic,0,1,completed,5.0,ising_trotter,positive_semantic
1,0,4,NF25-e8d2adae516613de,exact_region_phase_tables_and_boundary_sequence,True,56,43,False,116,116,60,2147483648,19992,1,qiskit transformation contract,1,85147648,0.0016901249764487147,20260803,semantic,0,1,completed,5.0,ising_trotter,positive_semantic
0,0,8,NF25-f74e2233ce2d92a1,exact_region_phase_tables_and_boundary_sequence,True,56,43,False,116,116,60,2147483648,19992,0,not used,0,85147648,0.0011284169740974903,20260803,semantic,1,1,completed,5.0,ising_trotter,positive_semantic
0,0,8,NF25-13ca87c6bf761ccc,exact_region_phase_tables_and_boundary_sequence,True,56,43,False,116,116,60,2147483648,19992,0,not used,1,85164032,0.0007294579409062862,20260803,semantic,1,1,completed,5.0,ising_trotter,positive_semantic
0,0,8,NF25-c47d0e4bb96384cc,exact_region_phase_tables_and_boundary_sequence,True,56,43,False,116,116,60,2147483648,19992,1,qiskit transformation contract,0,85164032,0.0027829159516841173,20260803,semantic,1,1,completed,5.0,ising_trotter,positive_semantic
0,0,8,NF25-9bf8fbcb9c38a016,exact_region_phase_tables_and_boundary_sequence,True,56,43,False,116,116,60,2147483648,19992,1,qiskit transformation contract,1,85164032,0.0021576249273493886,20260803,semantic,1,1,completed,5.0,ising_trotter,positive_semantic
1,0,8,NF25-37d4c09c3e536241,exact_region_phase_tables_and_boundary_sequence,True,56,43,False,116,116,60,2147483648,19992,0,not used,0,85164032,0.0011051249457523227,20260803,semantic,1,1,completed,5.0,ising_trotter,positive_semantic
1,0,8,NF25-e76fbd558d7d0566,exact_region_phase_tables_and_boundary_sequence,True,56,43,False,116,116,60,2147483648,19992,0,not used,1,85164032,0.0007313340902328491,20260803,semantic,1,1,completed,5.0,ising_trotter,positive_semantic
1,0,8,NF25-e36a7a1e374a9e50,exact_region_phase_tables_and_boundary_sequence,True,56,43,False,116,116,60,2147483648,19992,1,qiskit transformation contract,0,85164032,0.002577457926236093,20260803,semantic,1,1,completed,5.0,ising_trotter,positive_semantic
1,0,8,NF25-73946b34a56b74e0,exact_region_phase_tables_and_boundary_sequence,True,56,43,False,116,116,60,2147483648,19992,1,qiskit transformation contract,1,85180416,0.0021477079717442393,20260803,semantic,1,1,completed,5.0,ising_trotter,positive_semantic
0,0,4,NF25-e89c3a48897b57d2,exact_region_phase_tables_and_boundary_sequence,True,168,121,False,284,116,116,2147483648,39144,0,not used,0,85180416,0.0004924581153318286,20260804,flat,0,0,completed,5.0,ising_trotter,positive_semantic
0,0,4,NF25-d98875b5ca04254b,exact_region_phase_tables_and_boundary_sequence,True,168,121,False,284,116,116,2147483648,39144,0,not used,1,85180416,0.000490417005494237,20260804,flat,0,0,completed,5.0,ising_trotter,positive_semantic
0,0,4,NF25-a6c8591d291ab424,exact_region_phase_tables_and_boundary_sequence,True,56,43,False,116,116,116,2147483648,19992,1,qiskit transformation contract,0,85180416,0.0022052080603316426,20260804,flat,0,0,completed,5.0,ising_trotter,positive_semantic
0,0,4,NF25-61fdb516abead73b,exact_region_phase_tables_and_boundary_sequence,True,56,43,False,116,116,116,2147483648,19992,1,qiskit transformation contract,1,85180416,0.0020190830109640956,20260804,flat,0,0,completed,5.0,ising_trotter,positive_semantic
1,0,4,NF25-d524b68cbb437b32,exact_region_phase_tables_and_boundary_sequence,True,168,121,False,284,116,116,2147483648,39144,0,not used,0,85180416,0.0004972080932930112,20260804,flat,0,0,completed,5.0,ising_trotter,positive_semantic
1,0,4,NF25-c9c3e7681d946569,exact_region_phase_tables_and_boundary_sequence,True,168,121,False,284,116,116,2147483648,39144,0,not used,1,85180416,0.0004983750404790044,20260804,flat,0,0,completed,5.0,ising_trotter,positive_semantic
1,0,4,NF25-4c9a29766c610968,exact_region_phase_tables_and_boundary_sequence,True,56,43,False,116,116,116,2147483648,19992,1,qiskit transformation contract,0,85180416,0.002024417044594884,20260804,flat,0,0,completed,5.0,ising_trotter,positive_semantic
1,0,4,NF25-ee1323500151dc58,exact_region_phase_tables_and_boundary_sequence,True,56,43,False,116,116,116,2147483648,19992,1,qiskit transformation contract,1,85180416,0.0020490000024437904,20260804,flat,0,0,completed,5.0,ising_trotter,positive_semantic
0,0,4,NF25-d1b4d81b21095f91,exact_region_phase_tables_and_boundary_sequence,True,168,121,False,284,116,116,2147483648,39144,0,not used,0,85180416,0.00047670805361121893,20260804,flat,1,0,completed,5.0,ising_trotter,positive_semantic
0,0,4,NF25-22fada1d616a3be5,exact_region_phase_tables_and_boundary_sequence,True,168,121,False,284,116,116,2147483648,39144,0,not used,1,85180416,0.00048349995631724596,20260804,flat,1,0,completed,5.0,ising_trotter,positive_semantic
0,0,4,NF25-550289d96f504811,exact_region_phase_tables_and_boundary_sequence,True,56,43,False,116,116,116,2147483648,19992,1,qiskit transformation contract,0,85180416,0.0020140829728916287,20260804,flat,1,0,completed,5.0,ising_trotter,positive_semantic
0,0,4,NF25-0f88a8ac7537f586,exact_region_phase_tables_and_boundary_sequence,True,56,43,False,116,116,116,2147483648,19992,1,qiskit transformation contract,1,85180416,0.001997290994040668,20260804,flat,1,0,completed,5.0,ising_trotter,positive_semantic
1,0,4,NF25-c452a4a9f6a7da02,exact_region_phase_tables_and_boundary_sequence,True,168,121,False,284,116,116,2147483648,39144,0,not used,0,85196800,0.0005164589965716004,20260804,flat,1,0,completed,5.0,ising_trotter,positive_semantic
1,0,4,NF25-502abd01879d6fb1,exact_region_phase_tables_and_boundary_sequence,True,168,121,False,284,116,116,2147483648,39144,0,not used,1,85229568,0.0004822920309379697,20260804,flat,1,0,completed,5.0,ising_trotter,positive_semantic
1,0,4,NF25-c5f1b9cee3365774,exact_region_phase_tables_and_boundary_sequence,True,56,43,False,116,116,116,2147483648,19992,1,qiskit transformation contract,0,85245952,0.0021416249219328165,20260804,flat,1,0,completed,5.0,ising_trotter,positive_semantic
1,0,4,NF25-c05e27c56e4a8cb2,exact_region_phase_tables_and_boundary_sequence,True,56,43,False,116,116,116,2147483648,19992,1,qiskit transformation contract,1,85245952,0.001981165958568454,20260804,flat,1,0,completed,5.0,ising_trotter,positive_semantic
0,0,4,NF25-8b839829bb35c214,exact_region_phase_tables_and_boundary_sequence,True,56,43,False,116,116,60,2147483648,19992,0,not used,0,85245952,0.0002428340958431363,20260804,semantic,0,1,completed,5.0,ising_trotter,positive_semantic
0,0,4,NF25-961683c09a8b5e8e,exact_region_phase_tables_and_boundary_sequence,True,56,43,False,116,116,60,2147483648,19992,0,not used,1,85245952,0.00024316692724823952,20260804,semantic,0,1,completed,5.0,ising_trotter,positive_semantic
0,0,4,NF25-9b5616a8b5d0697a,exact_region_phase_tables_and_boundary_sequence,True,56,43,False,116,116,60,2147483648,19992,1,qiskit transformation contract,0,85245952,0.0016632910119369626,20260804,semantic,0,1,completed,5.0,ising_trotter,positive_semantic
0,0,4,NF25-717c667c24692af2,exact_region_phase_tables_and_boundary_sequence,True,56,43,False,116,116,60,2147483648,19992,1,qiskit transformation contract,1,85245952,0.0017001250525936484,20260804,semantic,0,1,completed,5.0,ising_trotter,positive_semantic
1,0,4,NF25-8a9432a351216b3f,exact_region_phase_tables_and_boundary_sequence,True,56,43,False,116,116,60,2147483648,19992,0,not used,0,85245952,0.00024037505500018597,20260804,semantic,0,1,completed,5.0,ising_trotter,positive_semantic
1,0,4,NF25-e5294d349fd769b3,exact_region_phase_tables_and_boundary_sequence,True,56,43,False,116,116,60,2147483648,19992,0,not used,1,85245952,0.0002401249948889017,20260804,semantic,0,1,completed,5.0,ising_trotter,positive_semantic
1,0,4,NF25-c73a062131c3b8db,exact_region_phase_tables_and_boundary_sequence,True,56,43,False,116,116,60,2147483648,19992,1,qiskit transformation contract,0,85245952,0.00172149995341897,20260804,semantic,0,1,completed,5.0,ising_trotter,positive_semantic
1,0,4,NF25-ef3ced7c5b13a623,exact_region_phase_tables_and_boundary_sequence,True,56,43,False,116,116,60,2147483648,19992,1,qiskit transformation contract,1,85245952,0.0017429169965907931,20260804,semantic,0,1,completed,5.0,ising_trotter,positive_semantic
0,0,8,NF25-1719bee396b7610f,exact_region_phase_tables_and_boundary_sequence,True,56,43,False,116,116,60,2147483648,19992,0,not used,0,85262336,0.0011317910393700004,20260804,semantic,1,1,completed,5.0,ising_trotter,positive_semantic
0,0,8,NF25-940a47bf9e503094,exact_region_phase_tables_and_boundary_sequence,True,56,43,False,116,116,60,2147483648,19992,0,not used,1,85278720,0.00073441700078547,20260804,semantic,1,1,completed,5.0,ising_trotter,positive_semantic
0,0,8,NF25-e969d897639abb33,exact_region_phase_tables_and_boundary_sequence,True,56,43,False,116,116,60,2147483648,19992,1,qiskit transformation contract,0,85295104,0.00278395798522979,20260804,semantic,1,1,completed,5.0,ising_trotter,positive_semantic
0,0,8,NF25-1e91674e1295eb7b,exact_region_phase_tables_and_boundary_sequence,True,56,43,False,116,116,60,2147483648,19992,1,qiskit transformation contract,1,85295104,0.0022371249506250024,20260804,semantic,1,1,completed,5.0,ising_trotter,positive_semantic
1,0,8,NF25-927d90caf5986da4,exact_region_phase_tables_and_boundary_sequence,True,56,43,False,116,116,60,2147483648,19992,0,not used,0,85295104,0.001081207999959588,20260804,semantic,1,1,completed,5.0,ising_trotter,positive_semantic
1,0,8,NF25-016e59fc409b4af3,exact_region_phase_tables_and_boundary_sequence,True,56,43,False,116,116,60,2147483648,19992,0,not used,1,85295104,0.0007293339585885406,20260804,semantic,1,1,completed,5.0,ising_trotter,positive_semantic
1,0,8,NF25-dbd432542dbd1727,exact_region_phase_tables_and_boundary_sequence,True,56,43,False,116,116,60,2147483648,19992,1,qiskit transformation contract,0,85311488,0.0025635830825194716,20260804,semantic,1,1,completed,5.0,ising_trotter,positive_semantic
1,0,8,NF25-3a0af2cd2fa06917,exact_region_phase_tables_and_boundary_sequence,True,56,43,False,116,116,60,2147483648,19992,1,qiskit transformation contract,1,85344256,0.002230499987490475,20260804,semantic,1,1,completed,5.0,ising_trotter,positive_semantic
0,0,4,NF25-06cd32e87971fc14,exact_region_phase_tables_and_boundary_sequence,True,168,121,False,284,116,116,2147483648,39144,0,not used,0,85344256,0.0004789999220520258,20260805,flat,0,0,completed,5.0,ising_trotter,positive_semantic
0,0,4,NF25-ceb5452c2af4dbfa,exact_region_phase_tables_and_boundary_sequence,True,168,121,False,284,116,116,2147483648,39144,0,not used,1,85360640,0.00048108305782079697,20260805,flat,0,0,completed,5.0,ising_trotter,positive_semantic
0,0,4,NF25-984891371f1a6741,exact_region_phase_tables_and_boundary_sequence,True,56,43,False,116,116,116,2147483648,19992,1,qiskit transformation contract,0,85377024,0.002134833950549364,20260805,flat,0,0,completed,5.0,ising_trotter,positive_semantic
0,0,4,NF25-3d1e910ba6a4116d,exact_region_phase_tables_and_boundary_sequence,True,56,43,False,116,116,116,2147483648,19992,1,qiskit transformation contract,1,85377024,0.00199104193598032,20260805,flat,0,0,completed,5.0,ising_trotter,positive_semantic
1,0,4,NF25-569bbe1938e9206f,exact_region_phase_tables_and_boundary_sequence,True,168,121,False,284,116,116,2147483648,39144,0,not used,0,85377024,0.0004940420622006059,20260805,flat,0,0,completed,5.0,ising_trotter,positive_semantic
1,0,4,NF25-547e34e986158d6e,exact_region_phase_tables_and_boundary_sequence,True,168,121,False,284,116,116,2147483648,39144,0,not used,1,85377024,0.00047383399214595556,20260805,flat,0,0,completed,5.0,ising_trotter,positive_semantic
1,0,4,NF25-95d01996bf111a6c,exact_region_phase_tables_and_boundary_sequence,True,56,43,False,116,116,116,2147483648,19992,1,qiskit transformation contract,0,85377024,0.0019957920303568244,20260805,flat,0,0,completed,5.0,ising_trotter,positive_semantic
1,0,4,NF25-be8771495567aece,exact_region_phase_tables_and_boundary_sequence,True,56,43,False,116,116,116,2147483648,19992,1,qiskit transformation contract,1,85377024,0.0020019999938085675,20260805,flat,0,0,completed,5.0,ising_trotter,positive_semantic
0,0,4,NF25-25aa7a66a8ea72ef,exact_region_phase_tables_and_boundary_sequence,True,168,121,False,284,116,116,2147483648,39144,0,not used,0,85377024,0.0005064168944954872,20260805,flat,1,0,completed,5.0,ising_trotter,positive_semantic
0,0,4,NF25-0380cbe6d2ddc504,exact_region_phase_tables_and_boundary_sequence,True,168,121,False,284,116,116,2147483648,39144,0,not used,1,85377024,0.0004978339420631528,20260805,flat,1,0,completed,5.0,ising_trotter,positive_semantic
0,0,4,NF25-dcb6114a400818bc,exact_region_phase_tables_and_boundary_sequence,True,56,43,False,116,116,116,2147483648,19992,1,qiskit transformation contract,0,85377024,0.002001750050112605,20260805,flat,1,0,completed,5.0,ising_trotter,positive_semantic
0,0,4,NF25-b321e69d27335b22,exact_region_phase_tables_and_boundary_sequence,True,56,43,False,116,116,116,2147483648,19992,1,qiskit transformation contract,1,85377024,0.0020101669942960143,20260805,flat,1,0,completed,5.0,ising_trotter,positive_semantic
1,0,4,NF25-02986c4c6a5d3f37,exact_region_phase_tables_and_boundary_sequence,True,168,121,False,284,116,116,2147483648,39144,0,not used,0,85377024,0.0005022500408813357,20260805,flat,1,0,completed,5.0,ising_trotter,positive_semantic
1,0,4,NF25-dcff5c58d4440bed,exact_region_phase_tables_and_boundary_sequence,True,168,121,False,284,116,116,2147483648,39144,0,not used,1,85377024,0.0004897080361843109,20260805,flat,1,0,completed,5.0,ising_trotter,positive_semantic
1,0,4,NF25-8bd65c68e1594603,exact_region_phase_tables_and_boundary_sequence,True,56,43,False,116,116,116,2147483648,19992,1,qiskit transformation contract,0,85377024,0.0021405830048024654,20260805,flat,1,0,completed,5.0,ising_trotter,positive_semantic
1,0,4,NF25-77b8798c6a0467c0,exact_region_phase_tables_and_boundary_sequence,True,56,43,False,116,116,116,2147483648,19992,1,qiskit transformation contract,1,85377024,0.0020073329797014594,20260805,flat,1,0,completed,5.0,ising_trotter,positive_semantic
0,0,4,NF25-8c2b20d10a7c505f,exact_region_phase_tables_and_boundary_sequence,True,56,43,False,116,116,60,2147483648,19992,0,not used,0,85377024,0.0002460830146446824,20260805,semantic,0,1,completed,5.0,ising_trotter,positive_semantic
0,0,4,NF25-8d130842b49aec83,exact_region_phase_tables_and_boundary_sequence,True,56,43,False,116,116,60,2147483648,19992,0,not used,1,85377024,0.00024220789782702923,20260805,semantic,0,1,completed,5.0,ising_trotter,positive_semantic
0,0,4,NF25-e96262c1aedb4a48,exact_region_phase_tables_and_boundary_sequence,True,56,43,False,116,116,60,2147483648,19992,1,qiskit transformation contract,0,85377024,0.0017208750359714031,20260805,semantic,0,1,completed,5.0,ising_trotter,positive_semantic
0,0,4,NF25-a7c59f924da5a917,exact_region_phase_tables_and_boundary_sequence,True,56,43,False,116,116,60,2147483648,19992,1,qiskit transformation contract,1,85377024,0.001704875030554831,20260805,semantic,0,1,completed,5.0,ising_trotter,positive_semantic
1,0,4,NF25-30901d12db06364f,exact_region_phase_tables_and_boundary_sequence,True,56,43,False,116,116,60,2147483648,19992,0,not used,0,85377024,0.00023087498266249895,20260805,semantic,0,1,completed,5.0,ising_trotter,positive_semantic
1,0,4,NF25-eb532a54f7390d68,exact_region_phase_tables_and_boundary_sequence,True,56,43,False,116,116,60,2147483648,19992,0,not used,1,85393408,0.0002357090124860406,20260805,semantic,0,1,completed,5.0,ising_trotter,positive_semantic
1,0,4,NF25-0c4cf78543eec9aa,exact_region_phase_tables_and_boundary_sequence,True,56,43,False,116,116,60,2147483648,19992,1,qiskit transformation contract,0,85393408,0.001687917043454945,20260805,semantic,0,1,completed,5.0,ising_trotter,positive_semantic
1,0,4,NF25-62eaeb183f6feb65,exact_region_phase_tables_and_boundary_sequence,True,56,43,False,116,116,60,2147483648,19992,1,qiskit transformation contract,1,85393408,0.0016960420180112123,20260805,semantic,0,1,completed,5.0,ising_trotter,positive_semantic
0,0,8,NF25-f01053f8572d0c4c,exact_region_phase_tables_and_boundary_sequence,True,56,43,False,116,116,60,2147483648,19992,0,not used,0,85393408,0.0011130410712212324,20260805,semantic,1,1,completed,5.0,ising_trotter,positive_semantic
0,0,8,NF25-b0cad65a10077548,exact_region_phase_tables_and_boundary_sequence,True,56,43,False,116,116,60,2147483648,19992,0,not used,1,85393408,0.0007062089862301946,20260805,semantic,1,1,completed,5.0,ising_trotter,positive_semantic
0,0,8,NF25-fcd45a69266afad8,exact_region_phase_tables_and_boundary_sequence,True,56,43,False,116,116,60,2147483648,19992,1,qiskit transformation contract,0,85409792,0.0027598339365795255,20260805,semantic,1,1,completed,5.0,ising_trotter,positive_semantic
0,0,8,NF25-a921424168aa817d,exact_region_phase_tables_and_boundary_sequence,True,56,43,False,116,116,60,2147483648,19992,1,qiskit transformation contract,1,85409792,0.002238209010101855,20260805,semantic,1,1,completed,5.0,ising_trotter,positive_semantic
1,0,8,NF25-269ac96556cc366a,exact_region_phase_tables_and_boundary_sequence,True,56,43,False,116,116,60,2147483648,19992,0,not used,0,85426176,0.0011318339966237545,20260805,semantic,1,1,completed,5.0,ising_trotter,positive_semantic
1,0,8,NF25-2e6b3719c53cba35,exact_region_phase_tables_and_boundary_sequence,True,56,43,False,116,116,60,2147483648,19992,0,not used,1,85426176,0.0007257909746840596,20260805,semantic,1,1,completed,5.0,ising_trotter,positive_semantic
1,0,8,NF25-70e24d1d12dae87a,exact_region_phase_tables_and_boundary_sequence,True,56,43,False,116,116,60,2147483648,19992,1,qiskit transformation contract,0,85426176,0.0025889590615406632,20260805,semantic,1,1,completed,5.0,ising_trotter,positive_semantic
1,0,8,NF25-d5e13b020433115d,exact_region_phase_tables_and_boundary_sequence,True,56,43,False,116,116,60,2147483648,19992,1,qiskit transformation contract,1,85442560,0.0022002909099683166,20260805,semantic,1,1,completed,5.0,ising_trotter,positive_semantic
0,0,7,NF25-95c7f1924c96901c,exact_region_phase_tables_and_boundary_sequence,True,14,11,False,28,14,14,2147483648,4000,0,not used,0,85442560,0.0001282090088352561,20260801,flat,0,0,completed,5.0,negative_random_clifford,negative_control
0,0,7,NF25-1b84f9439f0b755d,exact_region_phase_tables_and_boundary_sequence,True,14,11,False,28,14,14,2147483648,4000,0,not used,1,85442560,0.00013233302161097527,20260801,flat,0,0,completed,5.0,negative_random_clifford,negative_control
0,0,7,NF25-7e9ebc66d4d9463a,exact_region_phase_tables_and_boundary_sequence,True,14,11,False,28,14,14,2147483648,4000,1,qiskit transformation contract,0,85442560,0.0014206659980118275,20260801,flat,0,0,completed,5.0,negative_random_clifford,negative_control
0,0,7,NF25-0cecc870af5bf569,exact_region_phase_tables_and_boundary_sequence,True,14,11,False,28,14,14,2147483648,4000,1,qiskit transformation contract,1,85458944,0.0015602080384269357,20260801,flat,0,0,completed,5.0,negative_random_clifford,negative_control
1,0,7,NF25-e133d3d182cf92bd,exact_region_phase_tables_and_boundary_sequence,True,14,11,False,28,14,14,2147483648,4000,0,not used,0,85458944,0.00012183398939669132,20260801,flat,0,0,completed,5.0,negative_random_clifford,negative_control
1,0,7,NF25-6df2e5f5d2485702,exact_region_phase_tables_and_boundary_sequence,True,14,11,False,28,14,14,2147483648,4000,0,not used,1,85458944,0.00011575000826269388,20260801,flat,0,0,completed,5.0,negative_random_clifford,negative_control
1,0,7,NF25-f297f1c2259c9e95,exact_region_phase_tables_and_boundary_sequence,True,14,11,False,28,14,14,2147483648,4000,1,qiskit transformation contract,0,85458944,0.001341833034530282,20260801,flat,0,0,completed,5.0,negative_random_clifford,negative_control
1,0,7,NF25-875b97faf33b5695,exact_region_phase_tables_and_boundary_sequence,True,14,11,False,28,14,14,2147483648,4000,1,qiskit transformation contract,1,85458944,0.0013816660502925515,20260801,flat,0,0,completed,5.0,negative_random_clifford,negative_control
0,0,7,NF25-8eaaa58b7b064009,exact_region_phase_tables_and_boundary_sequence,True,14,11,False,28,14,14,2147483648,4000,0,not used,0,85458944,0.00012224994134157896,20260801,flat,1,0,completed,5.0,negative_random_clifford,negative_control
0,0,7,NF25-238ff1dfbee39ad9,exact_region_phase_tables_and_boundary_sequence,True,14,11,False,28,14,14,2147483648,4000,0,not used,1,85458944,0.00012108299415558577,20260801,flat,1,0,completed,5.0,negative_random_clifford,negative_control
0,0,7,NF25-06ef18b6421fcd32,exact_region_phase_tables_and_boundary_sequence,True,14,11,False,28,14,14,2147483648,4000,1,qiskit transformation contract,0,85458944,0.0013894999865442514,20260801,flat,1,0,completed,5.0,negative_random_clifford,negative_control
0,0,7,NF25-3412e28e06952b72,exact_region_phase_tables_and_boundary_sequence,True,14,11,False,28,14,14,2147483648,4000,1,qiskit transformation contract,1,85458944,0.00138579192571342,20260801,flat,1,0,completed,5.0,negative_random_clifford,negative_control
1,0,7,NF25-1d7cfc23600b2b8d,exact_region_phase_tables_and_boundary_sequence,True,14,11,False,28,14,14,2147483648,4000,0,not used,0,85475328,0.00012824998702853918,20260801,flat,1,0,completed,5.0,negative_random_clifford,negative_control
1,0,7,NF25-b9cdd93adcebd05c,exact_region_phase_tables_and_boundary_sequence,True,14,11,False,28,14,14,2147483648,4000,0,not used,1,85491712,0.00012795894872397184,20260801,flat,1,0,completed,5.0,negative_random_clifford,negative_control
1,0,7,NF25-9d7457bbd9271f38,exact_region_phase_tables_and_boundary_sequence,True,14,11,False,28,14,14,2147483648,4000,1,qiskit transformation contract,0,85491712,0.0015794580103829503,20260801,flat,1,0,completed,5.0,negative_random_clifford,negative_control
1,0,7,NF25-1d9fde4b1a334dcd,exact_region_phase_tables_and_boundary_sequence,True,14,11,False,28,14,14,2147483648,4000,1,qiskit transformation contract,1,85491712,0.001336582936346531,20260801,flat,1,0,completed,5.0,negative_random_clifford,negative_control
0,0,7,NF25-88b405df86a48321,exact_region_phase_tables_and_boundary_sequence,True,14,11,False,28,14,14,2147483648,4000,0,not used,0,85491712,0.0001212080242112279,20260801,semantic,0,1,completed,5.0,negative_random_clifford,negative_control
0,0,7,NF25-3f6746b6bdd978d7,exact_region_phase_tables_and_boundary_sequence,True,14,11,False,28,14,14,2147483648,4000,0,not used,1,85491712,0.00012275006156414747,20260801,semantic,0,1,completed,5.0,negative_random_clifford,negative_control
0,0,7,NF25-fbb86f37aa047fd7,exact_region_phase_tables_and_boundary_sequence,True,14,11,False,28,14,14,2147483648,4000,1,qiskit transformation contract,0,85491712,0.001369584002532065,20260801,semantic,0,1,completed,5.0,negative_random_clifford,negative_control
0,0,7,NF25-390654853b5c7ab2,exact_region_phase_tables_and_boundary_sequence,True,14,11,False,28,14,14,2147483648,4000,1,qiskit transformation contract,1,85491712,0.0013859579339623451,20260801,semantic,0,1,completed,5.0,negative_random_clifford,negative_control
1,0,7,NF25-af6f13938f5e98e8,exact_region_phase_tables_and_boundary_sequence,True,14,11,False,28,14,14,2147483648,4000,0,not used,0,85491712,0.00012787501327693462,20260801,semantic,0,1,completed,5.0,negative_random_clifford,negative_control
1,0,7,NF25-752769a2bf3e9a89,exact_region_phase_tables_and_boundary_sequence,True,14,11,False,28,14,14,2147483648,4000,0,not used,1,85491712,0.0001230830093845725,20260801,semantic,0,1,completed,5.0,negative_random_clifford,negative_control
1,0,7,NF25-3ffb9971a930c2a8,exact_region_phase_tables_and_boundary_sequence,True,14,11,False,28,14,14,2147483648,4000,1,qiskit transformation contract,0,85491712,0.0013776670675724745,20260801,semantic,0,1,completed,5.0,negative_random_clifford,negative_control
1,0,7,NF25-0e53d8f3f7cdcad1,exact_region_phase_tables_and_boundary_sequence,True,14,11,False,28,14,14,2147483648,4000,1,qiskit transformation contract,1,85491712,0.001385499956086278,20260801,semantic,0,1,completed,5.0,negative_random_clifford,negative_control
0,0,14,NF25-dc99d1ee663fecf5,exact_region_phase_tables_and_boundary_sequence,True,14,11,False,28,14,14,2147483648,4000,0,not used,0,85508096,0.00032358395401388407,20260801,semantic,1,1,completed,5.0,negative_random_clifford,negative_control
0,0,14,NF25-27f723e6567ffb2f,exact_region_phase_tables_and_boundary_sequence,True,14,11,False,28,14,14,2147483648,4000,0,not used,1,85508096,0.00025287503376603127,20260801,semantic,1,1,completed,5.0,negative_random_clifford,negative_control
0,0,14,NF25-7fccca45a2cb9d04,exact_region_phase_tables_and_boundary_sequence,True,14,11,False,28,14,14,2147483648,4000,1,qiskit transformation contract,0,85524480,0.0016865419456735253,20260801,semantic,1,1,completed,5.0,negative_random_clifford,negative_control
0,0,14,NF25-80d6a3c2ced4f2dd,exact_region_phase_tables_and_boundary_sequence,True,14,11,False,28,14,14,2147483648,4000,1,qiskit transformation contract,1,85524480,0.0014973749639466405,20260801,semantic,1,1,completed,5.0,negative_random_clifford,negative_control
1,7,7,NF25-fd759430702eeabb,exact_region_phase_tables_and_boundary_sequence,True,14,11,False,28,14,14,2147483648,4000,0,not used,0,85524480,0.0002270829863846302,20260801,semantic,1,1,completed,5.0,negative_random_clifford,negative_control
1,7,7,NF25-7f4ec186a7be3676,exact_region_phase_tables_and_boundary_sequence,True,14,11,False,28,14,14,2147483648,4000,0,not used,1,85524480,0.00016108399722725153,20260801,semantic,1,1,completed,5.0,negative_random_clifford,negative_control
1,7,7,NF25-2227f56fe9ce611e,exact_region_phase_tables_and_boundary_sequence,True,14,11,False,28,14,14,2147483648,4000,1,qiskit transformation contract,0,85524480,0.0015135420253500342,20260801,semantic,1,1,completed,5.0,negative_random_clifford,negative_control
1,7,7,NF25-3fb2319c63d25217,exact_region_phase_tables_and_boundary_sequence,True,14,11,False,28,14,14,2147483648,4000,1,qiskit transformation contract,1,85524480,0.0014587920159101486,20260801,semantic,1,1,completed,5.0,negative_random_clifford,negative_control
0,0,7,NF25-97a913c27c8ffefb,exact_region_phase_tables_and_boundary_sequence,True,14,10,False,28,14,14,2147483648,4000,0,not used,0,85524480,0.00013062497600913048,20260802,flat,0,0,completed,5.0,negative_random_clifford,negative_control
0,0,7,NF25-b07268b924c3dde3,exact_region_phase_tables_and_boundary_sequence,True,14,10,False,28,14,14,2147483648,4000,0,not used,1,85524480,0.00012254202738404274,20260802,flat,0,0,completed,5.0,negative_random_clifford,negative_control
0,0,7,NF25-607cbc910a4a0507,exact_region_phase_tables_and_boundary_sequence,True,14,10,False,28,14,14,2147483648,4000,1,qiskit transformation contract,0,85540864,0.0015595420263707638,20260802,flat,0,0,completed,5.0,negative_random_clifford,negative_control
0,0,7,NF25-1fecfc176faf0403,exact_region_phase_tables_and_boundary_sequence,True,14,10,False,28,14,14,2147483648,4000,1,qiskit transformation contract,1,85540864,0.0014141660649329424,20260802,flat,0,0,completed,5.0,negative_random_clifford,negative_control
1,0,7,NF25-eed3b171964f3cd5,exact_region_phase_tables_and_boundary_sequence,True,14,10,False,28,14,14,2147483648,4000,0,not used,0,85540864,0.0001255410024896264,20260802,flat,0,0,completed,5.0,negative_random_clifford,negative_control
1,0,7,NF25-1923821c823f1e96,exact_region_phase_tables_and_boundary_sequence,True,14,10,False,28,14,14,2147483648,4000,0,not used,1,85540864,0.00012141698971390724,20260802,flat,0,0,completed,5.0,negative_random_clifford,negative_control
1,0,7,NF25-43d732fa177842ff,exact_region_phase_tables_and_boundary_sequence,True,14,10,False,28,14,14,2147483648,4000,1,qiskit transformation contract,0,85540864,0.001409208052791655,20260802,flat,0,0,completed,5.0,negative_random_clifford,negative_control
1,0,7,NF25-74c87b64e179edd9,exact_region_phase_tables_and_boundary_sequence,True,14,10,False,28,14,14,2147483648,4000,1,qiskit transformation contract,1,85540864,0.0014129590708762407,20260802,flat,0,0,completed,5.0,negative_random_clifford,negative_control
0,0,7,NF25-fe05964bb4992ce1,exact_region_phase_tables_and_boundary_sequence,True,14,10,False,28,14,14,2147483648,4000,0,not used,0,85540864,0.00019237492233514786,20260802,flat,1,0,completed,5.0,negative_random_clifford,negative_control
0,0,7,NF25-e27262dab4d02d20,exact_region_phase_tables_and_boundary_sequence,True,14,10,False,28,14,14,2147483648,4000,0,not used,1,85540864,0.00011716701555997133,20260802,flat,1,0,completed,5.0,negative_random_clifford,negative_control
0,0,7,NF25-4d26e8a06a4ca71a,exact_region_phase_tables_and_boundary_sequence,True,14,10,False,28,14,14,2147483648,4000,1,qiskit transformation contract,0,85540864,0.0013521660584956408,20260802,flat,1,0,completed,5.0,negative_random_clifford,negative_control
0,0,7,NF25-4129c40351262c0a,exact_region_phase_tables_and_boundary_sequence,True,14,10,False,28,14,14,2147483648,4000,1,qiskit transformation contract,1,85557248,0.00138562498614192,20260802,flat,1,0,completed,5.0,negative_random_clifford,negative_control
1,0,7,NF25-b610e3a194f7cd50,exact_region_phase_tables_and_boundary_sequence,True,14,10,False,28,14,14,2147483648,4000,0,not used,0,85557248,0.00013012508861720562,20260802,flat,1,0,completed,5.0,negative_random_clifford,negative_control
1,0,7,NF25-5857ea9207751c7f,exact_region_phase_tables_and_boundary_sequence,True,14,10,False,28,14,14,2147483648,4000,0,not used,1,85557248,0.00012025004252791405,20260802,flat,1,0,completed,5.0,negative_random_clifford,negative_control
1,0,7,NF25-14b5f1eab334921d,exact_region_phase_tables_and_boundary_sequence,True,14,10,False,28,14,14,2147483648,4000,1,qiskit transformation contract,0,85557248,0.0016054590232670307,20260802,flat,1,0,completed,5.0,negative_random_clifford,negative_control
1,0,7,NF25-ff8c62726d3c6746,exact_region_phase_tables_and_boundary_sequence,True,14,10,False,28,14,14,2147483648,4000,1,qiskit transformation contract,1,85557248,0.001422917004674673,20260802,flat,1,0,completed,5.0,negative_random_clifford,negative_control
0,0,7,NF25-04cd2d883530fa6c,exact_region_phase_tables_and_boundary_sequence,True,14,10,False,28,14,14,2147483648,4000,0,not used,0,85557248,0.0001287501072511077,20260802,semantic,0,1,completed,5.0,negative_random_clifford,negative_control
0,0,7,NF25-511657f5563dbf6f,exact_region_phase_tables_and_boundary_sequence,True,14,10,False,28,14,14,2147483648,4000,0,not used,1,85557248,0.00011983304284512997,20260802,semantic,0,1,completed,5.0,negative_random_clifford,negative_control
0,0,7,NF25-2a0a5002592508fe,exact_region_phase_tables_and_boundary_sequence,True,14,10,False,28,14,14,2147483648,4000,1,qiskit transformation contract,0,85557248,0.0014205420156940818,20260802,semantic,0,1,completed,5.0,negative_random_clifford,negative_control
0,0,7,NF25-5940a99b1ffa6290,exact_region_phase_tables_and_boundary_sequence,True,14,10,False,28,14,14,2147483648,4000,1,qiskit transformation contract,1,85557248,0.0014514169888570905,20260802,semantic,0,1,completed,5.0,negative_random_clifford,negative_control
1,0,7,NF25-3f40c4feeaa8dc2f,exact_region_phase_tables_and_boundary_sequence,True,14,10,False,28,14,14,2147483648,4000,0,not used,0,85557248,0.00012683297973126173,20260802,semantic,0,1,completed,5.0,negative_random_clifford,negative_control
1,0,7,NF25-c94e0c468e30f740,exact_region_phase_tables_and_boundary_sequence,True,14,10,False,28,14,14,2147483648,4000,0,not used,1,85557248,0.00011804199311882257,20260802,semantic,0,1,completed,5.0,negative_random_clifford,negative_control
1,0,7,NF25-fce4dbce43c2d043,exact_region_phase_tables_and_boundary_sequence,True,14,10,False,28,14,14,2147483648,4000,1,qiskit transformation contract,0,85573632,0.0013770830119028687,20260802,semantic,0,1,completed,5.0,negative_random_clifford,negative_control
1,0,7,NF25-ceeb3300da7376b7,exact_region_phase_tables_and_boundary_sequence,True,14,10,False,28,14,14,2147483648,4000,1,qiskit transformation contract,1,85573632,0.0013956669718027115,20260802,semantic,0,1,completed,5.0,negative_random_clifford,negative_control
0,0,14,NF25-9014a9c9aa4bb1dd,exact_region_phase_tables_and_boundary_sequence,True,14,10,False,28,14,14,2147483648,4000,0,not used,0,85573632,0.00030495901592075825,20260802,semantic,1,1,completed,5.0,negative_random_clifford,negative_control
0,0,14,NF25-e75298e783b6bc1f,exact_region_phase_tables_and_boundary_sequence,True,14,10,False,28,14,14,2147483648,4000,0,not used,1,85573632,0.00023966701701283455,20260802,semantic,1,1,completed,5.0,negative_random_clifford,negative_control
0,0,14,NF25-4ab3085b961ed419,exact_region_phase_tables_and_boundary_sequence,True,14,10,False,28,14,14,2147483648,4000,1,qiskit transformation contract,0,85590016,0.0017281250329688191,20260802,semantic,1,1,completed,5.0,negative_random_clifford,negative_control
0,0,14,NF25-04a2f7fd6350c534,exact_region_phase_tables_and_boundary_sequence,True,14,10,False,28,14,14,2147483648,4000,1,qiskit transformation contract,1,85590016,0.0015104160411283374,20260802,semantic,1,1,completed,5.0,negative_random_clifford,negative_control
1,7,7,NF25-f49bbfb85b3ebce2,exact_region_phase_tables_and_boundary_sequence,True,14,10,False,28,14,14,2147483648,4000,0,not used,0,85590016,0.00022737507242709398,20260802,semantic,1,1,completed,5.0,negative_random_clifford,negative_control
1,7,7,NF25-7e23e5de8d9c3233,exact_region_phase_tables_and_boundary_sequence,True,14,10,False,28,14,14,2147483648,4000,0,not used,1,85590016,0.00017295894213020802,20260802,semantic,1,1,completed,5.0,negative_random_clifford,negative_control
1,7,7,NF25-c8840f9bcc4e4d90,exact_region_phase_tables_and_boundary_sequence,True,14,10,False,28,14,14,2147483648,4000,1,qiskit transformation contract,0,85590016,0.001508333021774888,20260802,semantic,1,1,completed,5.0,negative_random_clifford,negative_control
1,7,7,NF25-14a3bbc4559d2087,exact_region_phase_tables_and_boundary_sequence,True,14,10,False,28,14,14,2147483648,4000,1,qiskit transformation contract,1,85590016,0.0014042920665815473,20260802,semantic,1,1,completed,5.0,negative_random_clifford,negative_control
0,0,7,NF25-b06c53038b7d70a5,exact_region_phase_tables_and_boundary_sequence,True,14,10,False,28,14,14,2147483648,4000,0,not used,0,85590016,0.0001230830093845725,20260803,flat,0,0,completed,5.0,negative_random_clifford,negative_control
0,0,7,NF25-47023f0b4ea7dd63,exact_region_phase_tables_and_boundary_sequence,True,14,10,False,28,14,14,2147483648,4000,0,not used,1,85590016,0.00012258393689990044,20260803,flat,0,0,completed,5.0,negative_random_clifford,negative_control
0,0,7,NF25-96e3d4a6012bb420,exact_region_phase_tables_and_boundary_sequence,True,14,10,False,28,14,14,2147483648,4000,1,qiskit transformation contract,0,85590016,0.0015166669618338346,20260803,flat,0,0,completed,5.0,negative_random_clifford,negative_control
0,0,7,NF25-d74efa670761c310,exact_region_phase_tables_and_boundary_sequence,True,14,10,False,28,14,14,2147483648,4000,1,qiskit transformation contract,1,85590016,0.001378666958771646,20260803,flat,0,0,completed,5.0,negative_random_clifford,negative_control
1,0,7,NF25-813863491524894e,exact_region_phase_tables_and_boundary_sequence,True,14,10,False,28,14,14,2147483648,4000,0,not used,0,85590016,0.00012879190035164356,20260803,flat,0,0,completed,5.0,negative_random_clifford,negative_control
1,0,7,NF25-ebc0124ed91d3752,exact_region_phase_tables_and_boundary_sequence,True,14,10,False,28,14,14,2147483648,4000,0,not used,1,85590016,0.00012379197869449854,20260803,flat,0,0,completed,5.0,negative_random_clifford,negative_control
1,0,7,NF25-37796ca724505832,exact_region_phase_tables_and_boundary_sequence,True,14,10,False,28,14,14,2147483648,4000,1,qiskit transformation contract,0,85590016,0.001382665941491723,20260803,flat,0,0,completed,5.0,negative_random_clifford,negative_control
1,0,7,NF25-77887b11d0f4341b,exact_region_phase_tables_and_boundary_sequence,True,14,10,False,28,14,14,2147483648,4000,1,qiskit transformation contract,1,85590016,0.0013907919637858868,20260803,flat,0,0,completed,5.0,negative_random_clifford,negative_control
0,0,7,NF25-1243ac0c52016461,exact_region_phase_tables_and_boundary_sequence,True,14,10,False,28,14,14,2147483648,4000,0,not used,0,85590016,0.00012545811478048563,20260803,flat,1,0,completed,5.0,negative_random_clifford,negative_control
0,0,7,NF25-97a541bc80d76b59,exact_region_phase_tables_and_boundary_sequence,True,14,10,False,28,14,14,2147483648,4000,0,not used,1,85590016,0.00012270803563296795,20260803,flat,1,0,completed,5.0,negative_random_clifford,negative_control
0,0,7,NF25-9f0a34e7fe664311,exact_region_phase_tables_and_boundary_sequence,True,14,10,False,28,14,14,2147483648,4000,1,qiskit transformation contract,0,85590016,0.0013801659224554896,20260803,flat,1,0,completed,5.0,negative_random_clifford,negative_control
0,0,7,NF25-d32a78b25bee5871,exact_region_phase_tables_and_boundary_sequence,True,14,10,False,28,14,14,2147483648,4000,1,qiskit transformation contract,1,85606400,0.001389959012158215,20260803,flat,1,0,completed,5.0,negative_random_clifford,negative_control
1,0,7,NF25-c065f9a1130b4d18,exact_region_phase_tables_and_boundary_sequence,True,14,10,False,28,14,14,2147483648,4000,0,not used,0,85606400,0.00012866593897342682,20260803,flat,1,0,completed,5.0,negative_random_clifford,negative_control
1,0,7,NF25-e84c149f7dfe492f,exact_region_phase_tables_and_boundary_sequence,True,14,10,False,28,14,14,2147483648,4000,0,not used,1,85606400,0.00012450001668184996,20260803,flat,1,0,completed,5.0,negative_random_clifford,negative_control
1,0,7,NF25-13d7b5897b9dc0fd,exact_region_phase_tables_and_boundary_sequence,True,14,10,False,28,14,14,2147483648,4000,1,qiskit transformation contract,0,85622784,0.0015431250212714076,20260803,flat,1,0,completed,5.0,negative_random_clifford,negative_control
1,0,7,NF25-8d83fb45b1cb7d30,exact_region_phase_tables_and_boundary_sequence,True,14,10,False,28,14,14,2147483648,4000,1,qiskit transformation contract,1,85622784,0.0013832090189680457,20260803,flat,1,0,completed,5.0,negative_random_clifford,negative_control
0,0,7,NF25-c4a04c291d90864f,exact_region_phase_tables_and_boundary_sequence,True,14,10,False,28,14,14,2147483648,4000,0,not used,0,85622784,0.00012579106260091066,20260803,semantic,0,1,completed,5.0,negative_random_clifford,negative_control
0,0,7,NF25-9bab23becf44f390,exact_region_phase_tables_and_boundary_sequence,True,14,10,False,28,14,14,2147483648,4000,0,not used,1,85622784,0.0001252919901162386,20260803,semantic,0,1,completed,5.0,negative_random_clifford,negative_control
0,0,7,NF25-b5e876d33d516683,exact_region_phase_tables_and_boundary_sequence,True,14,10,False,28,14,14,2147483648,4000,1,qiskit transformation contract,0,85622784,0.0014042080147191882,20260803,semantic,0,1,completed,5.0,negative_random_clifford,negative_control
0,0,7,NF25-55863499323282a7,exact_region_phase_tables_and_boundary_sequence,True,14,10,False,28,14,14,2147483648,4000,1,qiskit transformation contract,1,85622784,0.0014799999771639705,20260803,semantic,0,1,completed,5.0,negative_random_clifford,negative_control
1,0,7,NF25-7bddf21fef155b24,exact_region_phase_tables_and_boundary_sequence,True,14,10,False,28,14,14,2147483648,4000,0,not used,0,85622784,0.00012641691137105227,20260803,semantic,0,1,completed,5.0,negative_random_clifford,negative_control
1,0,7,NF25-ea9903c09e7d6f30,exact_region_phase_tables_and_boundary_sequence,True,14,10,False,28,14,14,2147483648,4000,0,not used,1,85622784,0.00012137496378272772,20260803,semantic,0,1,completed,5.0,negative_random_clifford,negative_control
1,0,7,NF25-bfae9e2295f45925,exact_region_phase_tables_and_boundary_sequence,True,14,10,False,28,14,14,2147483648,4000,1,qiskit transformation contract,0,85622784,0.0013603339903056622,20260803,semantic,0,1,completed,5.0,negative_random_clifford,negative_control
1,0,7,NF25-5e510941d7c77a59,exact_region_phase_tables_and_boundary_sequence,True,14,10,False,28,14,14,2147483648,4000,1,qiskit transformation contract,1,85622784,0.0013948329724371433,20260803,semantic,0,1,completed,5.0,negative_random_clifford,negative_control
0,0,14,NF25-2e03f3ba0e1c70b0,exact_region_phase_tables_and_boundary_sequence,True,14,10,False,28,14,14,2147483648,4000,0,not used,0,85622784,0.00029445800464600325,20260803,semantic,1,1,completed,5.0,negative_random_clifford,negative_control
0,0,14,NF25-c5eac4ae45f3b095,exact_region_phase_tables_and_boundary_sequence,True,14,10,False,28,14,14,2147483648,4000,0,not used,1,85639168,0.0002443749690428376,20260803,semantic,1,1,completed,5.0,negative_random_clifford,negative_control
0,0,14,NF25-a92cb106f155d9b3,exact_region_phase_tables_and_boundary_sequence,True,14,10,False,28,14,14,2147483648,4000,1,qiskit transformation contract,0,85704704,0.001724708010442555,20260803,semantic,1,1,completed,5.0,negative_random_clifford,negative_control
0,0,14,NF25-8a0376149f97e615,exact_region_phase_tables_and_boundary_sequence,True,14,10,False,28,14,14,2147483648,4000,1,qiskit transformation contract,1,85704704,0.001494124997407198,20260803,semantic,1,1,completed,5.0,negative_random_clifford,negative_control
1,7,7,NF25-fcc082834cdd6680,exact_region_phase_tables_and_boundary_sequence,True,14,10,False,28,14,14,2147483648,4000,0,not used,0,85704704,0.0002247499069198966,20260803,semantic,1,1,completed,5.0,negative_random_clifford,negative_control
1,7,7,NF25-6db7f0b9f63ac986,exact_region_phase_tables_and_boundary_sequence,True,14,10,False,28,14,14,2147483648,4000,0,not used,1,85704704,0.00016679195687174797,20260803,semantic,1,1,completed,5.0,negative_random_clifford,negative_control
1,7,7,NF25-fae04995c33ba981,exact_region_phase_tables_and_boundary_sequence,True,14,10,False,28,14,14,2147483648,4000,1,qiskit transformation contract,0,85704704,0.0016023330390453339,20260803,semantic,1,1,completed,5.0,negative_random_clifford,negative_control
1,7,7,NF25-5fabb9535f338c32,exact_region_phase_tables_and_boundary_sequence,True,14,10,False,28,14,14,2147483648,4000,1,qiskit transformation contract,1,85704704,0.0014809160493314266,20260803,semantic,1,1,completed,5.0,negative_random_clifford,negative_control
0,0,7,NF25-421138d0026176d0,exact_region_phase_tables_and_boundary_sequence,True,14,7,False,28,14,14,2147483648,4000,0,not used,0,85704704,0.00013100006617605686,20260804,flat,0,0,completed,5.0,negative_random_clifford,negative_control
0,0,7,NF25-af49b98f3bd4bd69,exact_region_phase_tables_and_boundary_sequence,True,14,7,False,28,14,14,2147483648,4000,0,not used,1,85721088,0.0001265419414266944,20260804,flat,0,0,completed,5.0,negative_random_clifford,negative_control
0,0,7,NF25-8796cdedab759ef8,exact_region_phase_tables_and_boundary_sequence,True,14,7,False,28,14,14,2147483648,4000,1,qiskit transformation contract,0,85721088,0.001599416951648891,20260804,flat,0,0,completed,5.0,negative_random_clifford,negative_control
0,0,7,NF25-e0bb2150f5b714bb,exact_region_phase_tables_and_boundary_sequence,True,14,7,False,28,14,14,2147483648,4000,1,qiskit transformation contract,1,85721088,0.001419625012204051,20260804,flat,0,0,completed,5.0,negative_random_clifford,negative_control
1,0,7,NF25-2c8dae6f94ff553c,exact_region_phase_tables_and_boundary_sequence,True,14,7,False,28,14,14,2147483648,4000,0,not used,0,85721088,0.00013041601050645113,20260804,flat,0,0,completed,5.0,negative_random_clifford,negative_control
1,0,7,NF25-3bda853d313d18a6,exact_region_phase_tables_and_boundary_sequence,True,14,7,False,28,14,14,2147483648,4000,0,not used,1,85721088,0.00012362503912299871,20260804,flat,0,0,completed,5.0,negative_random_clifford,negative_control
1,0,7,NF25-7a28a9ce174ee0a6,exact_region_phase_tables_and_boundary_sequence,True,14,7,False,28,14,14,2147483648,4000,1,qiskit transformation contract,0,85721088,0.0014168749330565333,20260804,flat,0,0,completed,5.0,negative_random_clifford,negative_control
1,0,7,NF25-527829e3586bbd8f,exact_region_phase_tables_and_boundary_sequence,True,14,7,False,28,14,14,2147483648,4000,1,qiskit transformation contract,1,85721088,0.0014121669810265303,20260804,flat,0,0,completed,5.0,negative_random_clifford,negative_control
0,0,7,NF25-2a772906a6ef22c5,exact_region_phase_tables_and_boundary_sequence,True,14,7,False,28,14,14,2147483648,4000,0,not used,0,85721088,0.00013099994976073503,20260804,flat,1,0,completed,5.0,negative_random_clifford,negative_control
0,0,7,NF25-937add7e7de5001e,exact_region_phase_tables_and_boundary_sequence,True,14,7,False,28,14,14,2147483648,4000,0,not used,1,85721088,0.00012345798313617706,20260804,flat,1,0,completed,5.0,negative_random_clifford,negative_control
0,0,7,NF25-9f96edc3e24b4b7a,exact_region_phase_tables_and_boundary_sequence,True,14,7,False,28,14,14,2147483648,4000,1,qiskit transformation contract,0,85721088,0.0014169169589877129,20260804,flat,1,0,completed,5.0,negative_random_clifford,negative_control
0,0,7,NF25-c5b9d0cf5350b657,exact_region_phase_tables_and_boundary_sequence,True,14,7,False,28,14,14,2147483648,4000,1,qiskit transformation contract,1,85721088,0.001410875003784895,20260804,flat,1,0,completed,5.0,negative_random_clifford,negative_control
1,0,7,NF25-16f19c15539e2a05,exact_region_phase_tables_and_boundary_sequence,True,14,7,False,28,14,14,2147483648,4000,0,not used,0,85721088,0.00012833299115300179,20260804,flat,1,0,completed,5.0,negative_random_clifford,negative_control
1,0,7,NF25-b32ee68e3d67f861,exact_region_phase_tables_and_boundary_sequence,True,14,7,False,28,14,14,2147483648,4000,0,not used,1,85721088,0.00012554193381220102,20260804,flat,1,0,completed,5.0,negative_random_clifford,negative_control
1,0,7,NF25-754339a07dfc23f2,exact_region_phase_tables_and_boundary_sequence,True,14,7,False,28,14,14,2147483648,4000,1,qiskit transformation contract,0,85721088,0.001581332995556295,20260804,flat,1,0,completed,5.0,negative_random_clifford,negative_control
1,0,7,NF25-40329b262e7cfdbf,exact_region_phase_tables_and_boundary_sequence,True,14,7,False,28,14,14,2147483648,4000,1,qiskit transformation contract,1,85721088,0.0014104170259088278,20260804,flat,1,0,completed,5.0,negative_random_clifford,negative_control
0,0,7,NF25-48ac33f23fcbe25c,exact_region_phase_tables_and_boundary_sequence,True,14,7,False,28,14,14,2147483648,4000,0,not used,0,85721088,0.00012512493412941694,20260804,semantic,0,1,completed,5.0,negative_random_clifford,negative_control
0,0,7,NF25-6c27bc22dc75320b,exact_region_phase_tables_and_boundary_sequence,True,14,7,False,28,14,14,2147483648,4000,0,not used,1,85721088,0.00012058310676366091,20260804,semantic,0,1,completed,5.0,negative_random_clifford,negative_control
0,0,7,NF25-fd5c6d9c238a5b61,exact_region_phase_tables_and_boundary_sequence,True,14,7,False,28,14,14,2147483648,4000,1,qiskit transformation contract,0,85721088,0.001456499914638698,20260804,semantic,0,1,completed,5.0,negative_random_clifford,negative_control
0,0,7,NF25-654f0cc607eab42e,exact_region_phase_tables_and_boundary_sequence,True,14,7,False,28,14,14,2147483648,4000,1,qiskit transformation contract,1,85721088,0.001474292017519474,20260804,semantic,0,1,completed,5.0,negative_random_clifford,negative_control
1,0,7,NF25-fb0b528d6747ffdd,exact_region_phase_tables_and_boundary_sequence,True,14,7,False,28,14,14,2147483648,4000,0,not used,0,85721088,0.00012541702017188072,20260804,semantic,0,1,completed,5.0,negative_random_clifford,negative_control
1,0,7,NF25-bd1099d63e4de64b,exact_region_phase_tables_and_boundary_sequence,True,14,7,False,28,14,14,2147483648,4000,0,not used,1,85721088,0.00011779193300753832,20260804,semantic,0,1,completed,5.0,negative_random_clifford,negative_control
1,0,7,NF25-9076b03145cc3c0d,exact_region_phase_tables_and_boundary_sequence,True,14,7,False,28,14,14,2147483648,4000,1,qiskit transformation contract,0,85737472,0.001446083071641624,20260804,semantic,0,1,completed,5.0,negative_random_clifford,negative_control
1,0,7,NF25-f071492e91d313ee,exact_region_phase_tables_and_boundary_sequence,True,14,7,False,28,14,14,2147483648,4000,1,qiskit transformation contract,1,85737472,0.0014090000186115503,20260804,semantic,0,1,completed,5.0,negative_random_clifford,negative_control
0,0,14,NF25-594891d7ff829b3c,exact_region_phase_tables_and_boundary_sequence,True,14,7,False,28,14,14,2147483648,4000,0,not used,0,85737472,0.00029483309481292963,20260804,semantic,1,1,completed,5.0,negative_random_clifford,negative_control
0,0,14,NF25-15d5eba30a1bf9ac,exact_region_phase_tables_and_boundary_sequence,True,14,7,False,28,14,14,2147483648,4000,0,not used,1,85737472,0.00024345796555280685,20260804,semantic,1,1,completed,5.0,negative_random_clifford,negative_control
0,0,14,NF25-8a8994f7fdd0acd6,exact_region_phase_tables_and_boundary_sequence,True,14,7,False,28,14,14,2147483648,4000,1,qiskit transformation contract,0,85770240,0.0017995830858126283,20260804,semantic,1,1,completed,5.0,negative_random_clifford,negative_control
0,0,14,NF25-c46625a4f6755aa9,exact_region_phase_tables_and_boundary_sequence,True,14,7,False,28,14,14,2147483648,4000,1,qiskit transformation contract,1,85770240,0.0015230410499498248,20260804,semantic,1,1,completed,5.0,negative_random_clifford,negative_control
1,7,7,NF25-bfc2f9d624f99de3,exact_region_phase_tables_and_boundary_sequence,True,14,7,False,28,14,14,2147483648,4000,0,not used,0,85770240,0.00022845808416604996,20260804,semantic,1,1,completed,5.0,negative_random_clifford,negative_control
1,7,7,NF25-1727fa175c4c3b89,exact_region_phase_tables_and_boundary_sequence,True,14,7,False,28,14,14,2147483648,4000,0,not used,1,85770240,0.00016908301040530205,20260804,semantic,1,1,completed,5.0,negative_random_clifford,negative_control
1,7,7,NF25-6984e9e9c6394b87,exact_region_phase_tables_and_boundary_sequence,True,14,7,False,28,14,14,2147483648,4000,1,qiskit transformation contract,0,85770240,0.0015299170045182109,20260804,semantic,1,1,completed,5.0,negative_random_clifford,negative_control
1,7,7,NF25-8057ea3f55d6653d,exact_region_phase_tables_and_boundary_sequence,True,14,7,False,28,14,14,2147483648,4000,1,qiskit transformation contract,1,85770240,0.0014527919702231884,20260804,semantic,1,1,completed,5.0,negative_random_clifford,negative_control
0,0,7,NF25-174e86fee4bc20fd,exact_region_phase_tables_and_boundary_sequence,True,14,8,False,28,14,14,2147483648,4000,0,not used,0,85770240,0.0001299170544371009,20260805,flat,0,0,completed,5.0,negative_random_clifford,negative_control
0,0,7,NF25-a282a6eedfc796ba,exact_region_phase_tables_and_boundary_sequence,True,14,8,False,28,14,14,2147483648,4000,0,not used,1,85770240,0.00012391700875014067,20260805,flat,0,0,completed,5.0,negative_random_clifford,negative_control
0,0,7,NF25-12a62f84fd8ba1b2,exact_region_phase_tables_and_boundary_sequence,True,14,8,False,28,14,14,2147483648,4000,1,qiskit transformation contract,0,85770240,0.0063432089518755674,20260805,flat,0,0,completed,5.0,negative_random_clifford,negative_control
0,0,7,NF25-0c572e7302c96c95,exact_region_phase_tables_and_boundary_sequence,True,14,8,False,28,14,14,2147483648,4000,1,qiskit transformation contract,1,85770240,0.0013568330323323607,20260805,flat,0,0,completed,5.0,negative_random_clifford,negative_control
1,0,7,NF25-30bc5ff0410e5219,exact_region_phase_tables_and_boundary_sequence,True,14,8,False,28,14,14,2147483648,4000,0,not used,0,85770240,0.00013124989345669746,20260805,flat,0,0,completed,5.0,negative_random_clifford,negative_control
1,0,7,NF25-93a90b089c7abab8,exact_region_phase_tables_and_boundary_sequence,True,14,8,False,28,14,14,2147483648,4000,0,not used,1,85770240,0.00011637492571026087,20260805,flat,0,0,completed,5.0,negative_random_clifford,negative_control
1,0,7,NF25-69cd31c6b964eead,exact_region_phase_tables_and_boundary_sequence,True,14,8,False,28,14,14,2147483648,4000,1,qiskit transformation contract,0,85770240,0.0013660830445587635,20260805,flat,0,0,completed,5.0,negative_random_clifford,negative_control
1,0,7,NF25-de14dc101298d776,exact_region_phase_tables_and_boundary_sequence,True,14,8,False,28,14,14,2147483648,4000,1,qiskit transformation contract,1,85770240,0.001411958015523851,20260805,flat,0,0,completed,5.0,negative_random_clifford,negative_control
0,0,7,NF25-6b673574029fda37,exact_region_phase_tables_and_boundary_sequence,True,14,8,False,28,14,14,2147483648,4000,0,not used,0,85770240,0.00012012501247227192,20260805,flat,1,0,completed,5.0,negative_random_clifford,negative_control
0,0,7,NF25-ff0165dbbef7a0cd,exact_region_phase_tables_and_boundary_sequence,True,14,8,False,28,14,14,2147483648,4000,0,not used,1,85770240,0.00012400001287460327,20260805,flat,1,0,completed,5.0,negative_random_clifford,negative_control
0,0,7,NF25-908a38cc0c0b72c1,exact_region_phase_tables_and_boundary_sequence,True,14,8,False,28,14,14,2147483648,4000,1,qiskit transformation contract,0,85786624,0.0015292499447241426,20260805,flat,1,0,completed,5.0,negative_random_clifford,negative_control
0,0,7,NF25-6786431ddcd61e90,exact_region_phase_tables_and_boundary_sequence,True,14,8,False,28,14,14,2147483648,4000,1,qiskit transformation contract,1,85786624,0.0014197919517755508,20260805,flat,1,0,completed,5.0,negative_random_clifford,negative_control
1,0,7,NF25-20878c5a95d31826,exact_region_phase_tables_and_boundary_sequence,True,14,8,False,28,14,14,2147483648,4000,0,not used,0,85786624,0.0001307500060647726,20260805,flat,1,0,completed,5.0,negative_random_clifford,negative_control
1,0,7,NF25-5ce93492e0a74d0d,exact_region_phase_tables_and_boundary_sequence,True,14,8,False,28,14,14,2147483648,4000,0,not used,1,85786624,0.00012120790779590607,20260805,flat,1,0,completed,5.0,negative_random_clifford,negative_control
1,0,7,NF25-e4d8cce5a8d5ef93,exact_region_phase_tables_and_boundary_sequence,True,14,8,False,28,14,14,2147483648,4000,1,qiskit transformation contract,0,85786624,0.0013334589311853051,20260805,flat,1,0,completed,5.0,negative_random_clifford,negative_control
1,0,7,NF25-a2acb66129c82751,exact_region_phase_tables_and_boundary_sequence,True,14,8,False,28,14,14,2147483648,4000,1,qiskit transformation contract,1,85786624,0.0013629589229822159,20260805,flat,1,0,completed,5.0,negative_random_clifford,negative_control
0,0,7,NF25-46124464a48c6af0,exact_region_phase_tables_and_boundary_sequence,True,14,8,False,28,14,14,2147483648,4000,0,not used,0,85786624,0.0001235420349985361,20260805,semantic,0,1,completed,5.0,negative_random_clifford,negative_control
0,0,7,NF25-85d11172b94ee711,exact_region_phase_tables_and_boundary_sequence,True,14,8,False,28,14,14,2147483648,4000,0,not used,1,85786624,0.00012191710993647575,20260805,semantic,0,1,completed,5.0,negative_random_clifford,negative_control
0,0,7,NF25-f413c372ca7b89a5,exact_region_phase_tables_and_boundary_sequence,True,14,8,False,28,14,14,2147483648,4000,1,qiskit transformation contract,0,85786624,0.001480459002777934,20260805,semantic,0,1,completed,5.0,negative_random_clifford,negative_control
0,0,7,NF25-6fceffd426cf2470,exact_region_phase_tables_and_boundary_sequence,True,14,8,False,28,14,14,2147483648,4000,1,qiskit transformation contract,1,85786624,0.0013859160244464874,20260805,semantic,0,1,completed,5.0,negative_random_clifford,negative_control
1,0,7,NF25-57213d25abad491c,exact_region_phase_tables_and_boundary_sequence,True,14,8,False,28,14,14,2147483648,4000,0,not used,0,85786624,0.00012824998702853918,20260805,semantic,0,1,completed,5.0,negative_random_clifford,negative_control
1,0,7,NF25-66b733211bb72242,exact_region_phase_tables_and_boundary_sequence,True,14,8,False,28,14,14,2147483648,4000,0,not used,1,85786624,0.00012425007298588753,20260805,semantic,0,1,completed,5.0,negative_random_clifford,negative_control
1,0,7,NF25-7c0264c1cc4548bb,exact_region_phase_tables_and_boundary_sequence,True,14,8,False,28,14,14,2147483648,4000,1,qiskit transformation contract,0,85786624,0.001397083979099989,20260805,semantic,0,1,completed,5.0,negative_random_clifford,negative_control
1,0,7,NF25-e964d74d9998b217,exact_region_phase_tables_and_boundary_sequence,True,14,8,False,28,14,14,2147483648,4000,1,qiskit transformation contract,1,85786624,0.001376124913804233,20260805,semantic,0,1,completed,5.0,negative_random_clifford,negative_control
0,0,14,NF25-2676ba76df6064e3,exact_region_phase_tables_and_boundary_sequence,True,14,8,False,28,14,14,2147483648,4000,0,not used,0,85786624,0.00029654207173734903,20260805,semantic,1,1,completed,5.0,negative_random_clifford,negative_control
0,0,14,NF25-73907de3156a55ac,exact_region_phase_tables_and_boundary_sequence,True,14,8,False,28,14,14,2147483648,4000,0,not used,1,85786624,0.0002340000355616212,20260805,semantic,1,1,completed,5.0,negative_random_clifford,negative_control
0,0,14,NF25-908a8bf850949f30,exact_region_phase_tables_and_boundary_sequence,True,14,8,False,28,14,14,2147483648,4000,1,qiskit transformation contract,0,85786624,0.0016848749946802855,20260805,semantic,1,1,completed,5.0,negative_random_clifford,negative_control
0,0,14,NF25-30f76cd62afaa001,exact_region_phase_tables_and_boundary_sequence,True,14,8,False,28,14,14,2147483648,4000,1,qiskit transformation contract,1,85786624,0.0015207079704850912,20260805,semantic,1,1,completed,5.0,negative_random_clifford,negative_control
1,7,7,NF25-7aa988ba2c3ec72b,exact_region_phase_tables_and_boundary_sequence,True,14,8,False,28,14,14,2147483648,4000,0,not used,0,85786624,0.00022649997845292091,20260805,semantic,1,1,completed,5.0,negative_random_clifford,negative_control
1,7,7,NF25-8f6d72e5e25d2afe,exact_region_phase_tables_and_boundary_sequence,True,14,8,False,28,14,14,2147483648,4000,0,not used,1,85786624,0.00016670802142471075,20260805,semantic,1,1,completed,5.0,negative_random_clifford,negative_control
1,7,7,NF25-e85a18223c690b40,exact_region_phase_tables_and_boundary_sequence,True,14,8,False,28,14,14,2147483648,4000,1,qiskit transformation contract,0,85786624,0.0014864580007269979,20260805,semantic,1,1,completed,5.0,negative_random_clifford,negative_control
1,7,7,NF25-5c9443b6fb026ac9,exact_region_phase_tables_and_boundary_sequence,True,14,8,False,28,14,14,2147483648,4000,1,qiskit transformation contract,1,85786624,0.001423874986357987,20260805,semantic,1,1,completed,5.0,negative_random_clifford,negative_control
0,0,7,NF25-a21810dc4f71d6ba,exact_region_phase_tables_and_boundary_sequence,True,14,23,False,28,14,14,2147483648,4416,0,not used,0,85803008,0.0001314160181209445,20260801,flat,0,0,completed,5.0,negative_routing,negative_control
0,0,7,NF25-03fc29c0be5892da,exact_region_phase_tables_and_boundary_sequence,True,14,23,False,28,14,14,2147483648,4416,0,not used,1,85803008,0.000128875020891428,20260801,flat,0,0,completed,5.0,negative_routing,negative_control
0,0,7,NF25-27e3b60be5cf8d98,exact_region_phase_tables_and_boundary_sequence,True,33,34,False,56,14,14,2147483648,8528,1,qiskit transformation contract,0,86032384,0.001818499993532896,20260801,flat,0,0,completed,5.0,negative_routing,negative_control
0,0,7,NF25-2664b7d8bdc4ed58,exact_region_phase_tables_and_boundary_sequence,True,33,34,False,56,14,14,2147483648,8528,1,qiskit transformation contract,1,86032384,0.0015327089931815863,20260801,flat,0,0,completed,5.0,negative_routing,negative_control
1,0,7,NF25-8d7d096d3076c1a0,exact_region_phase_tables_and_boundary_sequence,True,14,23,False,28,14,14,2147483648,4416,0,not used,0,86032384,0.0001235830131918192,20260801,flat,0,0,completed,5.0,negative_routing,negative_control
1,0,7,NF25-14c31c809b1069ad,exact_region_phase_tables_and_boundary_sequence,True,14,23,False,28,14,14,2147483648,4416,0,not used,1,86032384,0.00012500002048909664,20260801,flat,0,0,completed,5.0,negative_routing,negative_control
1,0,7,NF25-da61acfebfb6f9b2,exact_region_phase_tables_and_boundary_sequence,True,33,34,False,56,14,14,2147483648,8528,1,qiskit transformation contract,0,86032384,0.001547708990983665,20260801,flat,0,0,completed,5.0,negative_routing,negative_control
1,0,7,NF25-3423b4679f5f5b39,exact_region_phase_tables_and_boundary_sequence,True,33,34,False,56,14,14,2147483648,8528,1,qiskit transformation contract,1,86032384,0.001557040959596634,20260801,flat,0,0,completed,5.0,negative_routing,negative_control
0,0,7,NF25-4ce0b46c3e544c4e,exact_region_phase_tables_and_boundary_sequence,True,14,23,False,28,14,14,2147483648,4416,0,not used,0,86032384,0.0001297079725190997,20260801,flat,1,0,completed,5.0,negative_routing,negative_control
0,0,7,NF25-bac037547d537f72,exact_region_phase_tables_and_boundary_sequence,True,14,23,False,28,14,14,2147483648,4416,0,not used,1,86032384,0.00012266600970178843,20260801,flat,1,0,completed,5.0,negative_routing,negative_control
0,0,7,NF25-dddb96a4fa29e381,exact_region_phase_tables_and_boundary_sequence,True,33,34,False,56,14,14,2147483648,8528,1,qiskit transformation contract,0,86032384,0.0017056659562513232,20260801,flat,1,0,completed,5.0,negative_routing,negative_control
0,0,7,NF25-7e2d4c224001ea74,exact_region_phase_tables_and_boundary_sequence,True,33,34,False,56,14,14,2147483648,8528,1,qiskit transformation contract,1,86032384,0.0015447089681401849,20260801,flat,1,0,completed,5.0,negative_routing,negative_control
1,0,7,NF25-0444d526de077561,exact_region_phase_tables_and_boundary_sequence,True,14,23,False,28,14,14,2147483648,4416,0,not used,0,86032384,0.00012691703159362078,20260801,flat,1,0,completed,5.0,negative_routing,negative_control
1,0,7,NF25-9d11f04dfbe551b6,exact_region_phase_tables_and_boundary_sequence,True,14,23,False,28,14,14,2147483648,4416,0,not used,1,86032384,0.00012191606219857931,20260801,flat,1,0,completed,5.0,negative_routing,negative_control
1,0,7,NF25-f1886ee6183c205a,exact_region_phase_tables_and_boundary_sequence,True,33,34,False,56,14,14,2147483648,8528,1,qiskit transformation contract,0,86032384,0.0015178750036284328,20260801,flat,1,0,completed,5.0,negative_routing,negative_control
1,0,7,NF25-531e96aa7b2fc158,exact_region_phase_tables_and_boundary_sequence,True,33,34,False,56,14,14,2147483648,8528,1,qiskit transformation contract,1,86032384,0.0015334169147536159,20260801,flat,1,0,completed,5.0,negative_routing,negative_control
0,0,7,NF25-a2ac909ebebf065a,exact_region_phase_tables_and_boundary_sequence,True,14,23,False,28,14,14,2147483648,4416,0,not used,0,86032384,0.00013045792002230883,20260801,semantic,0,1,completed,5.0,negative_routing,negative_control
0,0,7,NF25-cf4771d31444d599,exact_region_phase_tables_and_boundary_sequence,True,14,23,False,28,14,14,2147483648,4416,0,not used,1,86032384,0.00012745801359415054,20260801,semantic,0,1,completed,5.0,negative_routing,negative_control
0,0,7,NF25-ec83f7a33048d402,exact_region_phase_tables_and_boundary_sequence,True,33,34,False,56,14,14,2147483648,8528,1,qiskit transformation contract,0,86048768,0.0015566670335829258,20260801,semantic,0,1,completed,5.0,negative_routing,negative_control
0,0,7,NF25-7703222eb5051019,exact_region_phase_tables_and_boundary_sequence,True,33,34,False,56,14,14,2147483648,8528,1,qiskit transformation contract,1,86065152,0.001544457976706326,20260801,semantic,0,1,completed,5.0,negative_routing,negative_control
1,0,7,NF25-7ac1a3e1e6d2ab4b,exact_region_phase_tables_and_boundary_sequence,True,14,23,False,28,14,14,2147483648,4416,0,not used,0,86065152,0.00013166700955480337,20260801,semantic,0,1,completed,5.0,negative_routing,negative_control
1,0,7,NF25-011ade9369cb57e4,exact_region_phase_tables_and_boundary_sequence,True,14,23,False,28,14,14,2147483648,4416,0,not used,1,86065152,0.0001277499832212925,20260801,semantic,0,1,completed,5.0,negative_routing,negative_control
1,0,7,NF25-7049e0e4958371a7,exact_region_phase_tables_and_boundary_sequence,True,33,34,False,56,14,14,2147483648,8528,1,qiskit transformation contract,0,86065152,0.001678291941061616,20260801,semantic,0,1,completed,5.0,negative_routing,negative_control
1,0,7,NF25-f399aec375b6fc2e,exact_region_phase_tables_and_boundary_sequence,True,33,34,False,56,14,14,2147483648,8528,1,qiskit transformation contract,1,86065152,0.0015435829991474748,20260801,semantic,0,1,completed,5.0,negative_routing,negative_control
0,0,14,NF25-bb0ccac62dbf5dfd,exact_region_phase_tables_and_boundary_sequence,True,14,23,False,28,14,14,2147483648,4416,0,not used,0,86065152,0.00030154199339449406,20260801,semantic,1,1,completed,5.0,negative_routing,negative_control
0,0,14,NF25-02925e3a4451cea3,exact_region_phase_tables_and_boundary_sequence,True,14,23,False,28,14,14,2147483648,4416,0,not used,1,86065152,0.00023916596546769142,20260801,semantic,1,1,completed,5.0,negative_routing,negative_control
0,0,14,NF25-d8f44df04fa39844,exact_region_phase_tables_and_boundary_sequence,True,33,34,False,56,14,14,2147483648,8528,1,qiskit transformation contract,0,86065152,0.0017104999860748649,20260801,semantic,1,1,completed,5.0,negative_routing,negative_control
0,0,14,NF25-f0372fcbf64dbb02,exact_region_phase_tables_and_boundary_sequence,True,33,34,False,56,14,14,2147483648,8528,1,qiskit transformation contract,1,86081536,0.0016744580352678895,20260801,semantic,1,1,completed,5.0,negative_routing,negative_control
1,7,7,NF25-58f63017fd001e05,exact_region_phase_tables_and_boundary_sequence,True,14,23,False,28,14,14,2147483648,4416,0,not used,0,86081536,0.00023341691121459007,20260801,semantic,1,1,completed,5.0,negative_routing,negative_control
1,7,7,NF25-1f9ef31f3855d424,exact_region_phase_tables_and_boundary_sequence,True,14,23,False,28,14,14,2147483648,4416,0,not used,1,86081536,0.00018941692542284727,20260801,semantic,1,1,completed,5.0,negative_routing,negative_control
1,7,7,NF25-b26b70488dda2c21,exact_region_phase_tables_and_boundary_sequence,True,33,34,False,56,14,14,2147483648,8528,1,qiskit transformation contract,0,86081536,0.0019352920353412628,20260801,semantic,1,1,completed,5.0,negative_routing,negative_control
1,7,7,NF25-910357125756d21f,exact_region_phase_tables_and_boundary_sequence,True,33,34,False,56,14,14,2147483648,8528,1,qiskit transformation contract,1,86081536,0.001601667026989162,20260801,semantic,1,1,completed,5.0,negative_routing,negative_control
0,0,7,NF25-09ee5cdbe05e1bd5,exact_region_phase_tables_and_boundary_sequence,True,14,23,False,28,14,14,2147483648,4416,0,not used,0,86081536,0.0001240420388057828,20260802,flat,0,0,completed,5.0,negative_routing,negative_control
0,0,7,NF25-907048a51179607c,exact_region_phase_tables_and_boundary_sequence,True,14,23,False,28,14,14,2147483648,4416,0,not used,1,86081536,0.00012491701636463404,20260802,flat,0,0,completed,5.0,negative_routing,negative_control
0,0,7,NF25-f999a1344a3fac08,exact_region_phase_tables_and_boundary_sequence,True,33,34,False,56,14,14,2147483648,8528,1,qiskit transformation contract,0,86081536,0.0015728750731796026,20260802,flat,0,0,completed,5.0,negative_routing,negative_control
0,0,7,NF25-5a749250013d9f34,exact_region_phase_tables_and_boundary_sequence,True,33,34,False,56,14,14,2147483648,8528,1,qiskit transformation contract,1,86081536,0.001549165928736329,20260802,flat,0,0,completed,5.0,negative_routing,negative_control
1,0,7,NF25-d85e326535680895,exact_region_phase_tables_and_boundary_sequence,True,14,23,False,28,14,14,2147483648,4416,0,not used,0,86081536,0.00013095804024487734,20260802,flat,0,0,completed,5.0,negative_routing,negative_control
1,0,7,NF25-3496978627be14cc,exact_region_phase_tables_and_boundary_sequence,True,14,23,False,28,14,14,2147483648,4416,0,not used,1,86081536,0.00012383295688778162,20260802,flat,0,0,completed,5.0,negative_routing,negative_control
1,0,7,NF25-175a4ad6e1ccf443,exact_region_phase_tables_and_boundary_sequence,True,33,34,False,56,14,14,2147483648,8528,1,qiskit transformation contract,0,86081536,0.0015467919874936342,20260802,flat,0,0,completed,5.0,negative_routing,negative_control
1,0,7,NF25-a43c8f1bbdd29126,exact_region_phase_tables_and_boundary_sequence,True,33,34,False,56,14,14,2147483648,8528,1,qiskit transformation contract,1,86081536,0.0016982919769361615,20260802,flat,0,0,completed,5.0,negative_routing,negative_control
0,0,7,NF25-17c56284039cca2e,exact_region_phase_tables_and_boundary_sequence,True,14,23,False,28,14,14,2147483648,4416,0,not used,0,86081536,0.00012854102533310652,20260802,flat,1,0,completed,5.0,negative_routing,negative_control
0,0,7,NF25-a270943e2d694d14,exact_region_phase_tables_and_boundary_sequence,True,14,23,False,28,14,14,2147483648,4416,0,not used,1,86081536,0.00012362503912299871,20260802,flat,1,0,completed,5.0,negative_routing,negative_control
0,0,7,NF25-ed7c9863158f7372,exact_region_phase_tables_and_boundary_sequence,True,33,34,False,56,14,14,2147483648,8528,1,qiskit transformation contract,0,86081536,0.0015397919341921806,20260802,flat,1,0,completed,5.0,negative_routing,negative_control
0,0,7,NF25-5b6cec1b43422480,exact_region_phase_tables_and_boundary_sequence,True,33,34,False,56,14,14,2147483648,8528,1,qiskit transformation contract,1,86097920,0.0015642499784007668,20260802,flat,1,0,completed,5.0,negative_routing,negative_control
1,0,7,NF25-adbb5d25822d718c,exact_region_phase_tables_and_boundary_sequence,True,14,23,False,28,14,14,2147483648,4416,0,not used,0,86097920,0.00014762498904019594,20260802,flat,1,0,completed,5.0,negative_routing,negative_control
1,0,7,NF25-397368e77f5ddc34,exact_region_phase_tables_and_boundary_sequence,True,14,23,False,28,14,14,2147483648,4416,0,not used,1,86097920,0.0001243329606950283,20260802,flat,1,0,completed,5.0,negative_routing,negative_control
1,0,7,NF25-07c6027d40f7e71c,exact_region_phase_tables_and_boundary_sequence,True,33,34,False,56,14,14,2147483648,8528,1,qiskit transformation contract,0,86097920,0.0015404169680550694,20260802,flat,1,0,completed,5.0,negative_routing,negative_control
1,0,7,NF25-65783830025f4515,exact_region_phase_tables_and_boundary_sequence,True,33,34,False,56,14,14,2147483648,8528,1,qiskit transformation contract,1,86097920,0.0015995410503819585,20260802,flat,1,0,completed,5.0,negative_routing,negative_control
0,0,7,NF25-f127d254b4b3c015,exact_region_phase_tables_and_boundary_sequence,True,14,23,False,28,14,14,2147483648,4416,0,not used,0,86097920,0.00012616696767508984,20260802,semantic,0,1,completed,5.0,negative_routing,negative_control
0,0,7,NF25-7752607d007883b7,exact_region_phase_tables_and_boundary_sequence,True,14,23,False,28,14,14,2147483648,4416,0,not used,1,86097920,0.00011699995957314968,20260802,semantic,0,1,completed,5.0,negative_routing,negative_control
0,0,7,NF25-613a94ffdebf0428,exact_region_phase_tables_and_boundary_sequence,True,33,34,False,56,14,14,2147483648,8528,1,qiskit transformation contract,0,86097920,0.0016644999850541353,20260802,semantic,0,1,completed,5.0,negative_routing,negative_control
0,0,7,NF25-ab92dbdc4d265078,exact_region_phase_tables_and_boundary_sequence,True,33,34,False,56,14,14,2147483648,8528,1,qiskit transformation contract,1,86097920,0.001537167001515627,20260802,semantic,0,1,completed,5.0,negative_routing,negative_control
1,0,7,NF25-26ca1fcdc3905e93,exact_region_phase_tables_and_boundary_sequence,True,14,23,False,28,14,14,2147483648,4416,0,not used,0,86097920,0.0001312090316787362,20260802,semantic,0,1,completed,5.0,negative_routing,negative_control
1,0,7,NF25-3546d34f86e70b7d,exact_region_phase_tables_and_boundary_sequence,True,14,23,False,28,14,14,2147483648,4416,0,not used,1,86097920,0.00012229196727275848,20260802,semantic,0,1,completed,5.0,negative_routing,negative_control
1,0,7,NF25-5827872ad44c5611,exact_region_phase_tables_and_boundary_sequence,True,33,34,False,56,14,14,2147483648,8528,1,qiskit transformation contract,0,86097920,0.0015409999759867787,20260802,semantic,0,1,completed,5.0,negative_routing,negative_control
1,0,7,NF25-df3fa348424177f9,exact_region_phase_tables_and_boundary_sequence,True,33,34,False,56,14,14,2147483648,8528,1,qiskit transformation contract,1,86097920,0.001556333969347179,20260802,semantic,0,1,completed,5.0,negative_routing,negative_control
0,0,14,NF25-46f189ce5b436468,exact_region_phase_tables_and_boundary_sequence,True,14,23,False,28,14,14,2147483648,4416,0,not used,0,86097920,0.0003255000337958336,20260802,semantic,1,1,completed,5.0,negative_routing,negative_control
0,0,14,NF25-ab2e835827ecba5f,exact_region_phase_tables_and_boundary_sequence,True,14,23,False,28,14,14,2147483648,4416,0,not used,1,86097920,0.00023633299861103296,20260802,semantic,1,1,completed,5.0,negative_routing,negative_control
0,0,14,NF25-97c5ed9db1d029ad,exact_region_phase_tables_and_boundary_sequence,True,33,34,False,56,14,14,2147483648,8528,1,qiskit transformation contract,0,86097920,0.0017830409342423081,20260802,semantic,1,1,completed,5.0,negative_routing,negative_control
0,0,14,NF25-54113723538c536c,exact_region_phase_tables_and_boundary_sequence,True,33,34,False,56,14,14,2147483648,8528,1,qiskit transformation contract,1,86097920,0.0016616251086816192,20260802,semantic,1,1,completed,5.0,negative_routing,negative_control
1,7,7,NF25-1d8e238d94a20b53,exact_region_phase_tables_and_boundary_sequence,True,14,23,False,28,14,14,2147483648,4416,0,not used,0,86097920,0.00023554207291454077,20260802,semantic,1,1,completed,5.0,negative_routing,negative_control
1,7,7,NF25-2e61c8e536f1ae48,exact_region_phase_tables_and_boundary_sequence,True,14,23,False,28,14,14,2147483648,4416,0,not used,1,86097920,0.00016895798034965992,20260802,semantic,1,1,completed,5.0,negative_routing,negative_control
1,7,7,NF25-4bc07b423be3fa39,exact_region_phase_tables_and_boundary_sequence,True,33,34,False,56,14,14,2147483648,8528,1,qiskit transformation contract,0,86097920,0.001625542063266039,20260802,semantic,1,1,completed,5.0,negative_routing,negative_control
1,7,7,NF25-ea1ff76c607ecd48,exact_region_phase_tables_and_boundary_sequence,True,33,34,False,56,14,14,2147483648,8528,1,qiskit transformation contract,1,86114304,0.0015891669318079948,20260802,semantic,1,1,completed,5.0,negative_routing,negative_control
0,0,7,NF25-a5e40b39b285193d,exact_region_phase_tables_and_boundary_sequence,True,14,23,False,28,14,14,2147483648,4416,0,not used,0,86114304,0.00012812495697289705,20260803,flat,0,0,completed,5.0,negative_routing,negative_control
0,0,7,NF25-3e14bba9d0bd6341,exact_region_phase_tables_and_boundary_sequence,True,14,23,False,28,14,14,2147483648,4416,0,not used,1,86114304,0.00012441689614206553,20260803,flat,0,0,completed,5.0,negative_routing,negative_control
0,0,7,NF25-dac5c3a9007d0b22,exact_region_phase_tables_and_boundary_sequence,True,33,34,False,56,14,14,2147483648,8528,1,qiskit transformation contract,0,86114304,0.0016640409594401717,20260803,flat,0,0,completed,5.0,negative_routing,negative_control
0,0,7,NF25-743d978af13ff9fe,exact_region_phase_tables_and_boundary_sequence,True,33,34,False,56,14,14,2147483648,8528,1,qiskit transformation contract,1,86114304,0.0015217920299619436,20260803,flat,0,0,completed,5.0,negative_routing,negative_control
1,0,7,NF25-6ced287ef77dd77d,exact_region_phase_tables_and_boundary_sequence,True,14,23,False,28,14,14,2147483648,4416,0,not used,0,86114304,0.00012687500566244125,20260803,flat,0,0,completed,5.0,negative_routing,negative_control
1,0,7,NF25-72174d14e688713b,exact_region_phase_tables_and_boundary_sequence,True,14,23,False,28,14,14,2147483648,4416,0,not used,1,86114304,0.00012391700875014067,20260803,flat,0,0,completed,5.0,negative_routing,negative_control
1,0,7,NF25-975caa8d8eae6e5d,exact_region_phase_tables_and_boundary_sequence,True,33,34,False,56,14,14,2147483648,8528,1,qiskit transformation contract,0,86114304,0.0015123330522328615,20260803,flat,0,0,completed,5.0,negative_routing,negative_control
1,0,7,NF25-ce9ff032492822d9,exact_region_phase_tables_and_boundary_sequence,True,33,34,False,56,14,14,2147483648,8528,1,qiskit transformation contract,1,86114304,0.0015188750112429261,20260803,flat,0,0,completed,5.0,negative_routing,negative_control
0,0,7,NF25-f1cc90e2ab799f33,exact_region_phase_tables_and_boundary_sequence,True,14,23,False,28,14,14,2147483648,4416,0,not used,0,86114304,0.00012979202438145876,20260803,flat,1,0,completed,5.0,negative_routing,negative_control
0,0,7,NF25-d960327a21ff2d11,exact_region_phase_tables_and_boundary_sequence,True,14,23,False,28,14,14,2147483648,4416,0,not used,1,86114304,0.00012320897076278925,20260803,flat,1,0,completed,5.0,negative_routing,negative_control
0,0,7,NF25-185059fbe8076069,exact_region_phase_tables_and_boundary_sequence,True,33,34,False,56,14,14,2147483648,8528,1,qiskit transformation contract,0,86114304,0.0015146670630201697,20260803,flat,1,0,completed,5.0,negative_routing,negative_control
0,0,7,NF25-a90d97e27f0421af,exact_region_phase_tables_and_boundary_sequence,True,33,34,False,56,14,14,2147483648,8528,1,qiskit transformation contract,1,86114304,0.001566499937325716,20260803,flat,1,0,completed,5.0,negative_routing,negative_control
1,0,7,NF25-e2955fa429cfbba3,exact_region_phase_tables_and_boundary_sequence,True,14,23,False,28,14,14,2147483648,4416,0,not used,0,86114304,0.00012562505435198545,20260803,flat,1,0,completed,5.0,negative_routing,negative_control
1,0,7,NF25-ef9c2d9d926173d6,exact_region_phase_tables_and_boundary_sequence,True,14,23,False,28,14,14,2147483648,4416,0,not used,1,86114304,0.00011833303142338991,20260803,flat,1,0,completed,5.0,negative_routing,negative_control
1,0,7,NF25-2e65b36dff53d7f0,exact_region_phase_tables_and_boundary_sequence,True,33,34,False,56,14,14,2147483648,8528,1,qiskit transformation contract,0,86114304,0.0017054170602932572,20260803,flat,1,0,completed,5.0,negative_routing,negative_control
1,0,7,NF25-4884a1a72fb4fb3a,exact_region_phase_tables_and_boundary_sequence,True,33,34,False,56,14,14,2147483648,8528,1,qiskit transformation contract,1,86114304,0.00158400007057935,20260803,flat,1,0,completed,5.0,negative_routing,negative_control
0,0,7,NF25-6b16772acef48981,exact_region_phase_tables_and_boundary_sequence,True,14,23,False,28,14,14,2147483648,4416,0,not used,0,86114304,0.00012524996418505907,20260803,semantic,0,1,completed,5.0,negative_routing,negative_control
0,0,7,NF25-5ac08af1c51b07bb,exact_region_phase_tables_and_boundary_sequence,True,14,23,False,28,14,14,2147483648,4416,0,not used,1,86114304,0.0001265830360352993,20260803,semantic,0,1,completed,5.0,negative_routing,negative_control
0,0,7,NF25-8a74eb076b3d466c,exact_region_phase_tables_and_boundary_sequence,True,33,34,False,56,14,14,2147483648,8528,1,qiskit transformation contract,0,86114304,0.0015491669764742255,20260803,semantic,0,1,completed,5.0,negative_routing,negative_control
0,0,7,NF25-72a2e99ad0105fe7,exact_region_phase_tables_and_boundary_sequence,True,33,34,False,56,14,14,2147483648,8528,1,qiskit transformation contract,1,86114304,0.0016327080084010959,20260803,semantic,0,1,completed,5.0,negative_routing,negative_control
1,0,7,NF25-70c4bab08cba6ae4,exact_region_phase_tables_and_boundary_sequence,True,14,23,False,28,14,14,2147483648,4416,0,not used,0,86130688,0.00013195897918194532,20260803,semantic,0,1,completed,5.0,negative_routing,negative_control
1,0,7,NF25-3a048cb16c545557,exact_region_phase_tables_and_boundary_sequence,True,14,23,False,28,14,14,2147483648,4416,0,not used,1,86130688,0.00011737504974007607,20260803,semantic,0,1,completed,5.0,negative_routing,negative_control
1,0,7,NF25-c1e4bb6490088013,exact_region_phase_tables_and_boundary_sequence,True,33,34,False,56,14,14,2147483648,8528,1,qiskit transformation contract,0,86130688,0.0014765419764444232,20260803,semantic,0,1,completed,5.0,negative_routing,negative_control
1,0,7,NF25-b6dfaffb32d67021,exact_region_phase_tables_and_boundary_sequence,True,33,34,False,56,14,14,2147483648,8528,1,qiskit transformation contract,1,86130688,0.0015004170127213001,20260803,semantic,0,1,completed,5.0,negative_routing,negative_control
0,0,14,NF25-a80328ff55378c34,exact_region_phase_tables_and_boundary_sequence,True,14,23,False,28,14,14,2147483648,4416,0,not used,0,86130688,0.0003107500961050391,20260803,semantic,1,1,completed,5.0,negative_routing,negative_control
0,0,14,NF25-f4b26ced08669285,exact_region_phase_tables_and_boundary_sequence,True,14,23,False,28,14,14,2147483648,4416,0,not used,1,86130688,0.000240708002820611,20260803,semantic,1,1,completed,5.0,negative_routing,negative_control
0,0,14,NF25-0ab7d98feeabc4d7,exact_region_phase_tables_and_boundary_sequence,True,33,34,False,56,14,14,2147483648,8528,1,qiskit transformation contract,0,86130688,0.001858915900811553,20260803,semantic,1,1,completed,5.0,negative_routing,negative_control
0,0,14,NF25-0f9bbb27e40c0651,exact_region_phase_tables_and_boundary_sequence,True,33,34,False,56,14,14,2147483648,8528,1,qiskit transformation contract,1,86130688,0.0016522500663995743,20260803,semantic,1,1,completed,5.0,negative_routing,negative_control
1,7,7,NF25-418afbe66b3ab37b,exact_region_phase_tables_and_boundary_sequence,True,14,23,False,28,14,14,2147483648,4416,0,not used,0,86130688,0.00023841694928705692,20260803,semantic,1,1,completed,5.0,negative_routing,negative_control
1,7,7,NF25-40f9fd7dc068659f,exact_region_phase_tables_and_boundary_sequence,True,14,23,False,28,14,14,2147483648,4416,0,not used,1,86130688,0.0001699170097708702,20260803,semantic,1,1,completed,5.0,negative_routing,negative_control
1,7,7,NF25-0b3999a8e1a3d379,exact_region_phase_tables_and_boundary_sequence,True,33,34,False,56,14,14,2147483648,8528,1,qiskit transformation contract,0,86130688,0.001666791969910264,20260803,semantic,1,1,completed,5.0,negative_routing,negative_control
1,7,7,NF25-25db7a6226235a94,exact_region_phase_tables_and_boundary_sequence,True,33,34,False,56,14,14,2147483648,8528,1,qiskit transformation contract,1,86130688,0.0015747920842841268,20260803,semantic,1,1,completed,5.0,negative_routing,negative_control
0,0,7,NF25-3b7ce05cd1250364,exact_region_phase_tables_and_boundary_sequence,True,14,23,False,28,14,14,2147483648,4416,0,not used,0,86130688,0.00012862496078014374,20260804,flat,0,0,completed,5.0,negative_routing,negative_control
0,0,7,NF25-b03f5b3bca5c3093,exact_region_phase_tables_and_boundary_sequence,True,14,23,False,28,14,14,2147483648,4416,0,not used,1,86130688,0.00012329197488725185,20260804,flat,0,0,completed,5.0,negative_routing,negative_control
0,0,7,NF25-c1fc042735b1f28d,exact_region_phase_tables_and_boundary_sequence,True,33,34,False,56,14,14,2147483648,8528,1,qiskit transformation contract,0,86130688,0.0016742079751566052,20260804,flat,0,0,completed,5.0,negative_routing,negative_control
0,0,7,NF25-8c76f8d13c5c180d,exact_region_phase_tables_and_boundary_sequence,True,33,34,False,56,14,14,2147483648,8528,1,qiskit transformation contract,1,86130688,0.0015484999166801572,20260804,flat,0,0,completed,5.0,negative_routing,negative_control
1,0,7,NF25-8d9edfa63b06bd79,exact_region_phase_tables_and_boundary_sequence,True,14,23,False,28,14,14,2147483648,4416,0,not used,0,86130688,0.00012904207687824965,20260804,flat,0,0,completed,5.0,negative_routing,negative_control
1,0,7,NF25-2cd2d36f42b2c245,exact_region_phase_tables_and_boundary_sequence,True,14,23,False,28,14,14,2147483648,4416,0,not used,1,86130688,0.00012220803182572126,20260804,flat,0,0,completed,5.0,negative_routing,negative_control
1,0,7,NF25-5ad157e15c3d1c13,exact_region_phase_tables_and_boundary_sequence,True,33,34,False,56,14,14,2147483648,8528,1,qiskit transformation contract,0,86130688,0.0015232079895213246,20260804,flat,0,0,completed,5.0,negative_routing,negative_control
1,0,7,NF25-c37180efa550cd6a,exact_region_phase_tables_and_boundary_sequence,True,33,34,False,56,14,14,2147483648,8528,1,qiskit transformation contract,1,86130688,0.0016139999497681856,20260804,flat,0,0,completed,5.0,negative_routing,negative_control
0,0,7,NF25-625f8f6a69c3d706,exact_region_phase_tables_and_boundary_sequence,True,14,23,False,28,14,14,2147483648,4416,0,not used,0,86130688,0.00012524996418505907,20260804,flat,1,0,completed,5.0,negative_routing,negative_control
0,0,7,NF25-5e32acd9b5aaaa10,exact_region_phase_tables_and_boundary_sequence,True,14,23,False,28,14,14,2147483648,4416,0,not used,1,86147072,0.00012012501247227192,20260804,flat,1,0,completed,5.0,negative_routing,negative_control
0,0,7,NF25-8a013db237ed9b91,exact_region_phase_tables_and_boundary_sequence,True,33,34,False,56,14,14,2147483648,8528,1,qiskit transformation contract,0,86147072,0.0015076668933033943,20260804,flat,1,0,completed,5.0,negative_routing,negative_control
0,0,7,NF25-6aa6c93c792fcc45,exact_region_phase_tables_and_boundary_sequence,True,33,34,False,56,14,14,2147483648,8528,1,qiskit transformation contract,1,86147072,0.0015330000314861536,20260804,flat,1,0,completed,5.0,negative_routing,negative_control
1,0,7,NF25-d5cbe40fb5223220,exact_region_phase_tables_and_boundary_sequence,True,14,23,False,28,14,14,2147483648,4416,0,not used,0,86147072,0.0001356659922748804,20260804,flat,1,0,completed,5.0,negative_routing,negative_control
1,0,7,NF25-68e01fcc4afbd426,exact_region_phase_tables_and_boundary_sequence,True,14,23,False,28,14,14,2147483648,4416,0,not used,1,86147072,0.00013229099567979574,20260804,flat,1,0,completed,5.0,negative_routing,negative_control
1,0,7,NF25-2c6d544edbc5506a,exact_region_phase_tables_and_boundary_sequence,True,33,34,False,56,14,14,2147483648,8528,1,qiskit transformation contract,0,86147072,0.0017160839634016156,20260804,flat,1,0,completed,5.0,negative_routing,negative_control
1,0,7,NF25-c3b3919ae50a1f81,exact_region_phase_tables_and_boundary_sequence,True,33,34,False,56,14,14,2147483648,8528,1,qiskit transformation contract,1,86147072,0.0015655839815735817,20260804,flat,1,0,completed,5.0,negative_routing,negative_control
0,0,7,NF25-c6343ce6ad2f6e15,exact_region_phase_tables_and_boundary_sequence,True,14,23,False,28,14,14,2147483648,4416,0,not used,0,86147072,0.00012258300557732582,20260804,semantic,0,1,completed,5.0,negative_routing,negative_control
0,0,7,NF25-bf1c11c3bc18747b,exact_region_phase_tables_and_boundary_sequence,True,14,23,False,28,14,14,2147483648,4416,0,not used,1,86147072,0.00012516696006059647,20260804,semantic,0,1,completed,5.0,negative_routing,negative_control
0,0,7,NF25-9236a92f2ab0b93b,exact_region_phase_tables_and_boundary_sequence,True,33,34,False,56,14,14,2147483648,8528,1,qiskit transformation contract,0,86147072,0.001469625043682754,20260804,semantic,0,1,completed,5.0,negative_routing,negative_control
0,0,7,NF25-5596bf1f030017ef,exact_region_phase_tables_and_boundary_sequence,True,33,34,False,56,14,14,2147483648,8528,1,qiskit transformation contract,1,86147072,0.0015383749268949032,20260804,semantic,0,1,completed,5.0,negative_routing,negative_control
1,0,7,NF25-9e5b111a299e8d78,exact_region_phase_tables_and_boundary_sequence,True,14,23,False,28,14,14,2147483648,4416,0,not used,0,86147072,0.0001296249683946371,20260804,semantic,0,1,completed,5.0,negative_routing,negative_control
1,0,7,NF25-4b1ff857840a6777,exact_region_phase_tables_and_boundary_sequence,True,14,23,False,28,14,14,2147483648,4416,0,not used,1,86147072,0.00012337497901171446,20260804,semantic,0,1,completed,5.0,negative_routing,negative_control
1,0,7,NF25-3a354ad1156591b8,exact_region_phase_tables_and_boundary_sequence,True,33,34,False,56,14,14,2147483648,8528,1,qiskit transformation contract,0,86147072,0.0015439590206369758,20260804,semantic,0,1,completed,5.0,negative_routing,negative_control
1,0,7,NF25-b43d81af9a9aa4b7,exact_region_phase_tables_and_boundary_sequence,True,33,34,False,56,14,14,2147483648,8528,1,qiskit transformation contract,1,86147072,0.0015474160900339484,20260804,semantic,0,1,completed,5.0,negative_routing,negative_control
0,0,14,NF25-5aa2ff9caf4dd3c4,exact_region_phase_tables_and_boundary_sequence,True,14,23,False,28,14,14,2147483648,4416,0,not used,0,86147072,0.00030049995984882116,20260804,semantic,1,1,completed,5.0,negative_routing,negative_control
0,0,14,NF25-535d8e7ca4fa177e,exact_region_phase_tables_and_boundary_sequence,True,14,23,False,28,14,14,2147483648,4416,0,not used,1,86147072,0.00024325004778802395,20260804,semantic,1,1,completed,5.0,negative_routing,negative_control
0,0,14,NF25-02e4444324a00be6,exact_region_phase_tables_and_boundary_sequence,True,33,34,False,56,14,14,2147483648,8528,1,qiskit transformation contract,0,86147072,0.0019094999879598618,20260804,semantic,1,1,completed,5.0,negative_routing,negative_control
0,0,14,NF25-4a89830983202682,exact_region_phase_tables_and_boundary_sequence,True,33,34,False,56,14,14,2147483648,8528,1,qiskit transformation contract,1,86147072,0.001664291019551456,20260804,semantic,1,1,completed,5.0,negative_routing,negative_control
1,7,7,NF25-89469fcd369ea8f3,exact_region_phase_tables_and_boundary_sequence,True,14,23,False,28,14,14,2147483648,4416,0,not used,0,86147072,0.00023316696751862764,20260804,semantic,1,1,completed,5.0,negative_routing,negative_control
1,7,7,NF25-fc5f6990842c7085,exact_region_phase_tables_and_boundary_sequence,True,14,23,False,28,14,14,2147483648,4416,0,not used,1,86147072,0.0001717910636216402,20260804,semantic,1,1,completed,5.0,negative_routing,negative_control
1,7,7,NF25-745e97eb74df5153,exact_region_phase_tables_and_boundary_sequence,True,33,34,False,56,14,14,2147483648,8528,1,qiskit transformation contract,0,86147072,0.0016629170859232545,20260804,semantic,1,1,completed,5.0,negative_routing,negative_control
1,7,7,NF25-4be4ce9881786aec,exact_region_phase_tables_and_boundary_sequence,True,33,34,False,56,14,14,2147483648,8528,1,qiskit transformation contract,1,86163456,0.0016000829637050629,20260804,semantic,1,1,completed,5.0,negative_routing,negative_control
0,0,7,NF25-c2dc1308e1da1e86,exact_region_phase_tables_and_boundary_sequence,True,14,23,False,28,14,14,2147483648,4416,0,not used,0,86163456,0.0001305839978158474,20260805,flat,0,0,completed,5.0,negative_routing,negative_control
0,0,7,NF25-8ba5cf77dfe51bd1,exact_region_phase_tables_and_boundary_sequence,True,14,23,False,28,14,14,2147483648,4416,0,not used,1,86163456,0.00012562505435198545,20260805,flat,0,0,completed,5.0,negative_routing,negative_control
0,0,7,NF25-2dd14a09d78ca74f,exact_region_phase_tables_and_boundary_sequence,True,33,34,False,56,14,14,2147483648,8528,1,qiskit transformation contract,0,86163456,0.0017271250253543258,20260805,flat,0,0,completed,5.0,negative_routing,negative_control
0,0,7,NF25-18376323226372bb,exact_region_phase_tables_and_boundary_sequence,True,33,34,False,56,14,14,2147483648,8528,1,qiskit transformation contract,1,86163456,0.001506625092588365,20260805,flat,0,0,completed,5.0,negative_routing,negative_control
1,0,7,NF25-9e5ec2c17c718168,exact_region_phase_tables_and_boundary_sequence,True,14,23,False,28,14,14,2147483648,4416,0,not used,0,86163456,0.00012324994895607233,20260805,flat,0,0,completed,5.0,negative_routing,negative_control
1,0,7,NF25-a476ec2e7daa0553,exact_region_phase_tables_and_boundary_sequence,True,14,23,False,28,14,14,2147483648,4416,0,not used,1,86163456,0.0001248749904334545,20260805,flat,0,0,completed,5.0,negative_routing,negative_control
1,0,7,NF25-1845137ec9c4abbe,exact_region_phase_tables_and_boundary_sequence,True,33,34,False,56,14,14,2147483648,8528,1,qiskit transformation contract,0,86163456,0.0014932500198483467,20260805,flat,0,0,completed,5.0,negative_routing,negative_control
1,0,7,NF25-20c3662961287604,exact_region_phase_tables_and_boundary_sequence,True,33,34,False,56,14,14,2147483648,8528,1,qiskit transformation contract,1,86163456,0.0015105829806998372,20260805,flat,0,0,completed,5.0,negative_routing,negative_control
0,0,7,NF25-cbf823f4bb002ae1,exact_region_phase_tables_and_boundary_sequence,True,14,23,False,28,14,14,2147483648,4416,0,not used,0,86163456,0.0001247080508619547,20260805,flat,1,0,completed,5.0,negative_routing,negative_control
0,0,7,NF25-04f876e543869dd2,exact_region_phase_tables_and_boundary_sequence,True,14,23,False,28,14,14,2147483648,4416,0,not used,1,86163456,0.00012333295308053493,20260805,flat,1,0,completed,5.0,negative_routing,negative_control
0,0,7,NF25-c821e56629e659bd,exact_region_phase_tables_and_boundary_sequence,True,33,34,False,56,14,14,2147483648,8528,1,qiskit transformation contract,0,86163456,0.0015295420307666063,20260805,flat,1,0,completed,5.0,negative_routing,negative_control
0,0,7,NF25-900858bece28d8a2,exact_region_phase_tables_and_boundary_sequence,True,33,34,False,56,14,14,2147483648,8528,1,qiskit transformation contract,1,86163456,0.001520583056844771,20260805,flat,1,0,completed,5.0,negative_routing,negative_control
1,0,7,NF25-5c22f21aa6d172d1,exact_region_phase_tables_and_boundary_sequence,True,14,23,False,28,14,14,2147483648,4416,0,not used,0,86163456,0.00013079110067337751,20260805,flat,1,0,completed,5.0,negative_routing,negative_control
1,0,7,NF25-267aa837592b4c0f,exact_region_phase_tables_and_boundary_sequence,True,14,23,False,28,14,14,2147483648,4416,0,not used,1,86163456,0.0001237079268321395,20260805,flat,1,0,completed,5.0,negative_routing,negative_control
1,0,7,NF25-6602444eb438edb6,exact_region_phase_tables_and_boundary_sequence,True,33,34,False,56,14,14,2147483648,8528,1,qiskit transformation contract,0,86163456,0.001657458022236824,20260805,flat,1,0,completed,5.0,negative_routing,negative_control
1,0,7,NF25-afcc535a19626331,exact_region_phase_tables_and_boundary_sequence,True,33,34,False,56,14,14,2147483648,8528,1,qiskit transformation contract,1,86163456,0.001529750064946711,20260805,flat,1,0,completed,5.0,negative_routing,negative_control
0,0,7,NF25-436909b5e5ae3183,exact_region_phase_tables_and_boundary_sequence,True,14,23,False,28,14,14,2147483648,4416,0,not used,0,86163456,0.0001283750170841813,20260805,semantic,0,1,completed,5.0,negative_routing,negative_control
0,0,7,NF25-940d191aac2bc9bf,exact_region_phase_tables_and_boundary_sequence,True,14,23,False,28,14,14,2147483648,4416,0,not used,1,86163456,0.0001237079268321395,20260805,semantic,0,1,completed,5.0,negative_routing,negative_control
0,0,7,NF25-d832e9cbffea55cc,exact_region_phase_tables_and_boundary_sequence,True,33,34,False,56,14,14,2147483648,8528,1,qiskit transformation contract,0,86163456,0.0014995000092312694,20260805,semantic,0,1,completed,5.0,negative_routing,negative_control
0,0,7,NF25-5475dd3194b6c24e,exact_region_phase_tables_and_boundary_sequence,True,33,34,False,56,14,14,2147483648,8528,1,qiskit transformation contract,1,86179840,0.0015218330081552267,20260805,semantic,0,1,completed,5.0,negative_routing,negative_control
1,0,7,NF25-6d12d1c1bbe8721b,exact_region_phase_tables_and_boundary_sequence,True,14,23,False,28,14,14,2147483648,4416,0,not used,0,86179840,0.00014625000767409801,20260805,semantic,0,1,completed,5.0,negative_routing,negative_control
1,0,7,NF25-29df109910ec5c71,exact_region_phase_tables_and_boundary_sequence,True,14,23,False,28,14,14,2147483648,4416,0,not used,1,86179840,0.0001248749904334545,20260805,semantic,0,1,completed,5.0,negative_routing,negative_control
1,0,7,NF25-8150f04d358289f3,exact_region_phase_tables_and_boundary_sequence,True,33,34,False,56,14,14,2147483648,8528,1,qiskit transformation contract,0,86179840,0.001556500094011426,20260805,semantic,0,1,completed,5.0,negative_routing,negative_control
1,0,7,NF25-99f0a9c3dcdf0e91,exact_region_phase_tables_and_boundary_sequence,True,33,34,False,56,14,14,2147483648,8528,1,qiskit transformation contract,1,86179840,0.0014939169632270932,20260805,semantic,0,1,completed,5.0,negative_routing,negative_control
0,0,14,NF25-4a7ce720186ca9a6,exact_region_phase_tables_and_boundary_sequence,True,14,23,False,28,14,14,2147483648,4416,0,not used,0,86179840,0.00029508303850889206,20260805,semantic,1,1,completed,5.0,negative_routing,negative_control
0,0,14,NF25-4e3bfd8b2c062112,exact_region_phase_tables_and_boundary_sequence,True,14,23,False,28,14,14,2147483648,4416,0,not used,1,86179840,0.00023383309599012136,20260805,semantic,1,1,completed,5.0,negative_routing,negative_control
0,0,14,NF25-c53ec96edde3c98b,exact_region_phase_tables_and_boundary_sequence,True,33,34,False,56,14,14,2147483648,8528,1,qiskit transformation contract,0,86179840,0.0018866250757128,20260805,semantic,1,1,completed,5.0,negative_routing,negative_control
0,0,14,NF25-40c9997b988baa55,exact_region_phase_tables_and_boundary_sequence,True,33,34,False,56,14,14,2147483648,8528,1,qiskit transformation contract,1,86179840,0.0016469579422846437,20260805,semantic,1,1,completed,5.0,negative_routing,negative_control
1,7,7,NF25-7a8cf7f06dbc75ca,exact_region_phase_tables_and_boundary_sequence,True,14,23,False,28,14,14,2147483648,4416,0,not used,0,86179840,0.0002352920128032565,20260805,semantic,1,1,completed,5.0,negative_routing,negative_control
1,7,7,NF25-011f6c3e1b5bd899,exact_region_phase_tables_and_boundary_sequence,True,14,23,False,28,14,14,2147483648,4416,0,not used,1,86179840,0.00017241702880710363,20260805,semantic,1,1,completed,5.0,negative_routing,negative_control
1,7,7,NF25-6c0ffea7bccda2ae,exact_region_phase_tables_and_boundary_sequence,True,33,34,False,56,14,14,2147483648,8528,1,qiskit transformation contract,0,86179840,0.0016450830735266209,20260805,semantic,1,1,completed,5.0,negative_routing,negative_control
1,7,7,NF25-013a5674bb25452c,exact_region_phase_tables_and_boundary_sequence,True,33,34,False,56,14,14,2147483648,8528,1,qiskit transformation contract,1,86179840,0.0015859579434618354,20260805,semantic,1,1,completed,5.0,negative_routing,negative_control
0,0,3,NF25-d238ef858ad988f3,exact_region_phase_tables_and_boundary_sequence,True,192,291,False,312,120,120,2147483648,40656,0,not used,0,73416704,0.0005790001014247537,20260801,flat,0,0,completed,5.0,qaoa_ising,positive_semantic
0,0,3,NF25-48775bf30c9b2e88,exact_region_phase_tables_and_boundary_sequence,True,192,291,False,312,120,120,2147483648,40656,0,not used,1,73564160,0.0005185420159250498,20260801,flat,0,0,completed,5.0,qaoa_ising,positive_semantic
0,0,3,NF25-f23459e67ade72fd,exact_region_phase_tables_and_boundary_sequence,True,48,75,False,96,120,120,2147483648,11792,1,qiskit transformation contract,0,76922880,0.012669292045757174,20260801,flat,0,0,completed,5.0,qaoa_ising,positive_semantic
0,0,3,NF25-98a22cad688acc24,exact_region_phase_tables_and_boundary_sequence,True,48,75,False,96,120,120,2147483648,11792,1,qiskit transformation contract,1,76955648,0.002527542063035071,20260801,flat,0,0,completed,5.0,qaoa_ising,positive_semantic
1,0,3,NF25-ee97ac2033b55b9a,exact_region_phase_tables_and_boundary_sequence,True,192,291,False,312,120,120,2147483648,40656,0,not used,0,76955648,0.0005282089114189148,20260801,flat,0,0,completed,5.0,qaoa_ising,positive_semantic
1,0,3,NF25-b88c32a05e0daf78,exact_region_phase_tables_and_boundary_sequence,True,192,291,False,312,120,120,2147483648,40656,0,not used,1,76972032,0.000522583955898881,20260801,flat,0,0,completed,5.0,qaoa_ising,positive_semantic
1,0,3,NF25-014135d04e44bb6c,exact_region_phase_tables_and_boundary_sequence,True,48,75,False,96,120,120,2147483648,11792,1,qiskit transformation contract,0,77070336,0.00231458293274045,20260801,flat,0,0,completed,5.0,qaoa_ising,positive_semantic
1,0,3,NF25-8ccc4b873832fdf4,exact_region_phase_tables_and_boundary_sequence,True,48,75,False,96,120,120,2147483648,11792,1,qiskit transformation contract,1,77250560,0.002229584031738341,20260801,flat,0,0,completed,5.0,qaoa_ising,positive_semantic
0,0,3,NF25-4b3e45e519f1c0df,exact_region_phase_tables_and_boundary_sequence,True,192,291,False,312,120,120,2147483648,40656,0,not used,0,77348864,0.0005344999954104424,20260801,flat,1,0,completed,5.0,qaoa_ising,positive_semantic
0,0,3,NF25-750c6da792cb034f,exact_region_phase_tables_and_boundary_sequence,True,192,291,False,312,120,120,2147483648,40656,0,not used,1,77414400,0.0005066250450909138,20260801,flat,1,0,completed,5.0,qaoa_ising,positive_semantic
0,0,3,NF25-81d9e3c7068f824e,exact_region_phase_tables_and_boundary_sequence,True,48,75,False,96,120,120,2147483648,11792,1,qiskit transformation contract,0,77561856,0.002469290979206562,20260801,flat,1,0,completed,5.0,qaoa_ising,positive_semantic
0,0,3,NF25-6d80afea8bc50e44,exact_region_phase_tables_and_boundary_sequence,True,48,75,False,96,120,120,2147483648,11792,1,qiskit transformation contract,1,77561856,0.002085624961182475,20260801,flat,1,0,completed,5.0,qaoa_ising,positive_semantic
1,0,3,NF25-7559920a62e14c7c,exact_region_phase_tables_and_boundary_sequence,True,192,291,False,312,120,120,2147483648,40656,0,not used,0,77561856,0.0005094170337542892,20260801,flat,1,0,completed,5.0,qaoa_ising,positive_semantic
1,0,3,NF25-93ec266e56b6553a,exact_region_phase_tables_and_boundary_sequence,True,192,291,False,312,120,120,2147483648,40656,0,not used,1,77578240,0.0004988749278709292,20260801,flat,1,0,completed,5.0,qaoa_ising,positive_semantic
1,0,3,NF25-14d282ce729a8480,exact_region_phase_tables_and_boundary_sequence,True,48,75,False,96,120,120,2147483648,11792,1,qiskit transformation contract,0,77611008,0.0020965830190107226,20260801,flat,1,0,completed,5.0,qaoa_ising,positive_semantic
1,0,3,NF25-68cbbecc258d0681,exact_region_phase_tables_and_boundary_sequence,True,48,75,False,96,120,120,2147483648,11792,1,qiskit transformation contract,1,77660160,0.0022377920104190707,20260801,flat,1,0,completed,5.0,qaoa_ising,positive_semantic
0,0,3,NF25-fd7c6faa2bf1df73,exact_region_phase_tables_and_boundary_sequence,True,48,75,False,96,120,48,2147483648,11792,0,not used,0,77660160,0.000213916995562613,20260801,semantic,0,1,completed,5.0,qaoa_ising,positive_semantic
0,0,3,NF25-290f735d4c41a49b,exact_region_phase_tables_and_boundary_sequence,True,48,75,False,96,120,48,2147483648,11792,0,not used,1,77660160,0.00018795893993228674,20260801,semantic,0,1,completed,5.0,qaoa_ising,positive_semantic
0,0,3,NF25-e5a094d05f278272,exact_region_phase_tables_and_boundary_sequence,True,48,75,False,96,120,48,2147483648,11792,1,qiskit transformation contract,0,77742080,0.0017711250111460686,20260801,semantic,0,1,completed,5.0,qaoa_ising,positive_semantic
0,0,3,NF25-e368050778ff22a2,exact_region_phase_tables_and_boundary_sequence,True,48,75,False,96,120,48,2147483648,11792,1,qiskit transformation contract,1,77791232,0.0017068329034373164,20260801,semantic,0,1,completed,5.0,qaoa_ising,positive_semantic
1,0,3,NF25-788ffb4d8d354e2b,exact_region_phase_tables_and_boundary_sequence,True,48,75,False,96,120,48,2147483648,11792,0,not used,0,77824000,0.00020645803306251764,20260801,semantic,0,1,completed,5.0,qaoa_ising,positive_semantic
1,0,3,NF25-f93db7dabef8c7b1,exact_region_phase_tables_and_boundary_sequence,True,48,75,False,96,120,48,2147483648,11792,0,not used,1,77824000,0.00019545899704098701,20260801,semantic,0,1,completed,5.0,qaoa_ising,positive_semantic
1,0,3,NF25-74fa06dccb4bd1d0,exact_region_phase_tables_and_boundary_sequence,True,48,75,False,96,120,48,2147483648,11792,1,qiskit transformation contract,0,77873152,0.0018456249963492155,20260801,semantic,0,1,completed,5.0,qaoa_ising,positive_semantic
1,0,3,NF25-49cbe61d84d51a18,exact_region_phase_tables_and_boundary_sequence,True,48,75,False,96,120,48,2147483648,11792,1,qiskit transformation contract,1,77873152,0.0017440419178456068,20260801,semantic,0,1,completed,5.0,qaoa_ising,positive_semantic
0,0,6,NF25-7776a3b932a22f03,exact_region_phase_tables_and_boundary_sequence,True,48,75,False,96,120,48,2147483648,11792,0,not used,0,77873152,0.0010873329592868686,20260801,semantic,1,1,completed,5.0,qaoa_ising,positive_semantic
0,0,6,NF25-2fc7e6b07292ebf9,exact_region_phase_tables_and_boundary_sequence,True,48,75,False,96,120,48,2147483648,11792,0,not used,1,77873152,0.000682333018630743,20260801,semantic,1,1,completed,5.0,qaoa_ising,positive_semantic
0,0,6,NF25-14292af2e87fcb6b,exact_region_phase_tables_and_boundary_sequence,True,48,75,False,96,120,48,2147483648,11792,1,qiskit transformation contract,0,77889536,0.0025724590523168445,20260801,semantic,1,1,completed,5.0,qaoa_ising,positive_semantic
0,0,6,NF25-91fb0682264f0567,exact_region_phase_tables_and_boundary_sequence,True,48,75,False,96,120,48,2147483648,11792,1,qiskit transformation contract,1,77889536,0.002350624999962747,20260801,semantic,1,1,completed,5.0,qaoa_ising,positive_semantic
1,0,6,NF25-d61a9b5fcafa55ef,exact_region_phase_tables_and_boundary_sequence,True,48,75,False,96,120,48,2147483648,11792,0,not used,0,77889536,0.001052333042025566,20260801,semantic,1,1,completed,5.0,qaoa_ising,positive_semantic
1,0,6,NF25-b4b0bc91242d1ed4,exact_region_phase_tables_and_boundary_sequence,True,48,75,False,96,120,48,2147483648,11792,0,not used,1,77938688,0.0006785000441595912,20260801,semantic,1,1,completed,5.0,qaoa_ising,positive_semantic
1,0,6,NF25-2c0d75336fbb075b,exact_region_phase_tables_and_boundary_sequence,True,48,75,False,96,120,48,2147483648,11792,1,qiskit transformation contract,0,78020608,0.0027568329824134707,20260801,semantic,1,1,completed,5.0,qaoa_ising,positive_semantic
1,0,6,NF25-03f7f6a6c826adde,exact_region_phase_tables_and_boundary_sequence,True,48,75,False,96,120,48,2147483648,11792,1,qiskit transformation contract,1,78020608,0.0022553750313818455,20260801,semantic,1,1,completed,5.0,qaoa_ising,positive_semantic
0,0,3,NF25-63014990c518cbde,exact_region_phase_tables_and_boundary_sequence,True,192,291,False,312,120,120,2147483648,40656,0,not used,0,78036992,0.0004782920004799962,20260802,flat,0,0,completed,5.0,qaoa_ising,positive_semantic
0,0,3,NF25-a8bbbe0fb1c6f4dd,exact_region_phase_tables_and_boundary_sequence,True,192,291,False,312,120,120,2147483648,40656,0,not used,1,78053376,0.0004776669666171074,20260802,flat,0,0,completed,5.0,qaoa_ising,positive_semantic
0,0,3,NF25-dc4b44e2991bbfb7,exact_region_phase_tables_and_boundary_sequence,True,48,75,False,96,120,120,2147483648,11792,1,qiskit transformation contract,0,78086144,0.0020775829907506704,20260802,flat,0,0,completed,5.0,qaoa_ising,positive_semantic
0,0,3,NF25-3a5380a7db17bb5c,exact_region_phase_tables_and_boundary_sequence,True,48,75,False,96,120,120,2147483648,11792,1,qiskit transformation contract,1,78102528,0.002024542074650526,20260802,flat,0,0,completed,5.0,qaoa_ising,positive_semantic
1,0,3,NF25-08e4eeeba1c67203,exact_region_phase_tables_and_boundary_sequence,True,192,291,False,312,120,120,2147483648,40656,0,not used,0,78151680,0.0004996249917894602,20260802,flat,0,0,completed,5.0,qaoa_ising,positive_semantic
1,0,3,NF25-a1c4f4a71ddc3979,exact_region_phase_tables_and_boundary_sequence,True,192,291,False,312,120,120,2147483648,40656,0,not used,1,78151680,0.0004978750366717577,20260802,flat,0,0,completed,5.0,qaoa_ising,positive_semantic
1,0,3,NF25-03d7926915d0f754,exact_region_phase_tables_and_boundary_sequence,True,48,75,False,96,120,120,2147483648,11792,1,qiskit transformation contract,0,78168064,0.0020221250597387552,20260802,flat,0,0,completed,5.0,qaoa_ising,positive_semantic
1,0,3,NF25-9bc3e9fc923575f8,exact_region_phase_tables_and_boundary_sequence,True,48,75,False,96,120,120,2147483648,11792,1,qiskit transformation contract,1,78168064,0.0020365830278024077,20260802,flat,0,0,completed,5.0,qaoa_ising,positive_semantic
0,0,3,NF25-e6c256846f85bf6b,exact_region_phase_tables_and_boundary_sequence,True,192,291,False,312,120,120,2147483648,40656,0,not used,0,78217216,0.0005110000493004918,20260802,flat,1,0,completed,5.0,qaoa_ising,positive_semantic
0,0,3,NF25-2903e39d809d04e8,exact_region_phase_tables_and_boundary_sequence,True,192,291,False,312,120,120,2147483648,40656,0,not used,1,78282752,0.0005040420219302177,20260802,flat,1,0,completed,5.0,qaoa_ising,positive_semantic
0,0,3,NF25-813053cd46790d98,exact_region_phase_tables_and_boundary_sequence,True,48,75,False,96,120,120,2147483648,11792,1,qiskit transformation contract,0,78315520,0.0021163750207051635,20260802,flat,1,0,completed,5.0,qaoa_ising,positive_semantic
0,0,3,NF25-a6ec8b42442651d7,exact_region_phase_tables_and_boundary_sequence,True,48,75,False,96,120,120,2147483648,11792,1,qiskit transformation contract,1,78315520,0.001998333027586341,20260802,flat,1,0,completed,5.0,qaoa_ising,positive_semantic
1,0,3,NF25-2c7259b64e5ac24b,exact_region_phase_tables_and_boundary_sequence,True,192,291,False,312,120,120,2147483648,40656,0,not used,0,78315520,0.0004943750100210309,20260802,flat,1,0,completed,5.0,qaoa_ising,positive_semantic
1,0,3,NF25-dc21806505ac1c07,exact_region_phase_tables_and_boundary_sequence,True,192,291,False,312,120,120,2147483648,40656,0,not used,1,78331904,0.0004965829430148005,20260802,flat,1,0,completed,5.0,qaoa_ising,positive_semantic
1,0,3,NF25-66c5aaff26fd90ca,exact_region_phase_tables_and_boundary_sequence,True,48,75,False,96,120,120,2147483648,11792,1,qiskit transformation contract,0,78348288,0.002011624979786575,20260802,flat,1,0,completed,5.0,qaoa_ising,positive_semantic
1,0,3,NF25-2324b4fa87438339,exact_region_phase_tables_and_boundary_sequence,True,48,75,False,96,120,120,2147483648,11792,1,qiskit transformation contract,1,78397440,0.0019675829680636525,20260802,flat,1,0,completed,5.0,qaoa_ising,positive_semantic
0,0,3,NF25-3f38ba7772bee303,exact_region_phase_tables_and_boundary_sequence,True,48,75,False,96,120,48,2147483648,11792,0,not used,0,78397440,0.00020637502893805504,20260802,semantic,0,1,completed,5.0,qaoa_ising,positive_semantic
0,0,3,NF25-135577d167e80474,exact_region_phase_tables_and_boundary_sequence,True,48,75,False,96,120,48,2147483648,11792,0,not used,1,78397440,0.00019533303566277027,20260802,semantic,0,1,completed,5.0,qaoa_ising,positive_semantic
0,0,3,NF25-0cb02933caf59b18,exact_region_phase_tables_and_boundary_sequence,True,48,75,False,96,120,48,2147483648,11792,1,qiskit transformation contract,0,78397440,0.001674833009019494,20260802,semantic,0,1,completed,5.0,qaoa_ising,positive_semantic
0,0,3,NF25-111ac6d099ed2e75,exact_region_phase_tables_and_boundary_sequence,True,48,75,False,96,120,48,2147483648,11792,1,qiskit transformation contract,1,78397440,0.0016679579857736826,20260802,semantic,0,1,completed,5.0,qaoa_ising,positive_semantic
1,0,3,NF25-9cbef792b929ff80,exact_region_phase_tables_and_boundary_sequence,True,48,75,False,96,120,48,2147483648,11792,0,not used,0,78413824,0.0002010409953072667,20260802,semantic,0,1,completed,5.0,qaoa_ising,positive_semantic
1,0,3,NF25-7a3339025ac8cd80,exact_region_phase_tables_and_boundary_sequence,True,48,75,False,96,120,48,2147483648,11792,0,not used,1,78413824,0.00020224996842443943,20260802,semantic,0,1,completed,5.0,qaoa_ising,positive_semantic
1,0,3,NF25-785c86992dd7d68f,exact_region_phase_tables_and_boundary_sequence,True,48,75,False,96,120,48,2147483648,11792,1,qiskit transformation contract,0,78430208,0.0018192079151049256,20260802,semantic,0,1,completed,5.0,qaoa_ising,positive_semantic
1,0,3,NF25-ee8c7e21e9361b21,exact_region_phase_tables_and_boundary_sequence,True,48,75,False,96,120,48,2147483648,11792,1,qiskit transformation contract,1,78430208,0.001663625007495284,20260802,semantic,0,1,completed,5.0,qaoa_ising,positive_semantic
0,0,6,NF25-d9887cb516cf9546,exact_region_phase_tables_and_boundary_sequence,True,48,75,False,96,120,48,2147483648,11792,0,not used,0,78430208,0.0010943749221041799,20260802,semantic,1,1,completed,5.0,qaoa_ising,positive_semantic
0,0,6,NF25-5ea0e96b4bd1841e,exact_region_phase_tables_and_boundary_sequence,True,48,75,False,96,120,48,2147483648,11792,0,not used,1,78430208,0.0006776669761165977,20260802,semantic,1,1,completed,5.0,qaoa_ising,positive_semantic
0,0,6,NF25-e612f7e680291f6a,exact_region_phase_tables_and_boundary_sequence,True,48,75,False,96,120,48,2147483648,11792,1,qiskit transformation contract,0,78430208,0.0025993339950218797,20260802,semantic,1,1,completed,5.0,qaoa_ising,positive_semantic
0,0,6,NF25-537e563d0c47e209,exact_region_phase_tables_and_boundary_sequence,True,48,75,False,96,120,48,2147483648,11792,1,qiskit transformation contract,1,78430208,0.0020891670137643814,20260802,semantic,1,1,completed,5.0,qaoa_ising,positive_semantic
1,0,6,NF25-1903affecf5b74db,exact_region_phase_tables_and_boundary_sequence,True,48,75,False,96,120,48,2147483648,11792,0,not used,0,78430208,0.001066249911673367,20260802,semantic,1,1,completed,5.0,qaoa_ising,positive_semantic
1,0,6,NF25-8dc23821e2a18b95,exact_region_phase_tables_and_boundary_sequence,True,48,75,False,96,120,48,2147483648,11792,0,not used,1,78462976,0.000676542054861784,20260802,semantic,1,1,completed,5.0,qaoa_ising,positive_semantic
1,0,6,NF25-c48106bfed8b6b66,exact_region_phase_tables_and_boundary_sequence,True,48,75,False,96,120,48,2147483648,11792,1,qiskit transformation contract,0,78561280,0.002711041015572846,20260802,semantic,1,1,completed,5.0,qaoa_ising,positive_semantic
1,0,6,NF25-857421cf915db90f,exact_region_phase_tables_and_boundary_sequence,True,48,75,False,96,120,48,2147483648,11792,1,qiskit transformation contract,1,78561280,0.0020822499645873904,20260802,semantic,1,1,completed,5.0,qaoa_ising,positive_semantic
0,0,3,NF25-06a31633e2374817,exact_region_phase_tables_and_boundary_sequence,True,192,291,False,312,120,120,2147483648,40656,0,not used,0,78561280,0.00048670906107872725,20260803,flat,0,0,completed,5.0,qaoa_ising,positive_semantic
0,0,3,NF25-a1c19b5ce1275111,exact_region_phase_tables_and_boundary_sequence,True,192,291,False,312,120,120,2147483648,40656,0,not used,1,78561280,0.000489666941575706,20260803,flat,0,0,completed,5.0,qaoa_ising,positive_semantic
0,0,3,NF25-22c82cb8bfe98aa6,exact_region_phase_tables_and_boundary_sequence,True,48,75,False,96,120,120,2147483648,11792,1,qiskit transformation contract,0,78561280,0.002048625028692186,20260803,flat,0,0,completed,5.0,qaoa_ising,positive_semantic
0,0,3,NF25-0d026933bb9578a8,exact_region_phase_tables_and_boundary_sequence,True,48,75,False,96,120,120,2147483648,11792,1,qiskit transformation contract,1,78561280,0.0020276670111343265,20260803,flat,0,0,completed,5.0,qaoa_ising,positive_semantic
1,0,3,NF25-79cb4b177ad65c73,exact_region_phase_tables_and_boundary_sequence,True,192,291,False,312,120,120,2147483648,40656,0,not used,0,78561280,0.0004966669948771596,20260803,flat,0,0,completed,5.0,qaoa_ising,positive_semantic
1,0,3,NF25-af080af867001975,exact_region_phase_tables_and_boundary_sequence,True,192,291,False,312,120,120,2147483648,40656,0,not used,1,78577664,0.00048683304339647293,20260803,flat,0,0,completed,5.0,qaoa_ising,positive_semantic
1,0,3,NF25-4be07141f72bb5c0,exact_region_phase_tables_and_boundary_sequence,True,48,75,False,96,120,120,2147483648,11792,1,qiskit transformation contract,0,78594048,0.0020623330492526293,20260803,flat,0,0,completed,5.0,qaoa_ising,positive_semantic
1,0,3,NF25-8078876d170eb329,exact_region_phase_tables_and_boundary_sequence,True,48,75,False,96,120,120,2147483648,11792,1,qiskit transformation contract,1,78610432,0.0019927499815821648,20260803,flat,0,0,completed,5.0,qaoa_ising,positive_semantic
0,0,3,NF25-cf7607c79334075a,exact_region_phase_tables_and_boundary_sequence,True,192,291,False,312,120,120,2147483648,40656,0,not used,0,78610432,0.00048733397852629423,20260803,flat,1,0,completed,5.0,qaoa_ising,positive_semantic
0,0,3,NF25-08479bb44b1322fd,exact_region_phase_tables_and_boundary_sequence,True,192,291,False,312,120,120,2147483648,40656,0,not used,1,78643200,0.00046795897651463747,20260803,flat,1,0,completed,5.0,qaoa_ising,positive_semantic
0,0,3,NF25-c2725b9c564d9c02,exact_region_phase_tables_and_boundary_sequence,True,48,75,False,96,120,120,2147483648,11792,1,qiskit transformation contract,0,78675968,0.0021697080228477716,20260803,flat,1,0,completed,5.0,qaoa_ising,positive_semantic
0,0,3,NF25-31a59fa933ebd6aa,exact_region_phase_tables_and_boundary_sequence,True,48,75,False,96,120,120,2147483648,11792,1,qiskit transformation contract,1,78675968,0.0020068750018253922,20260803,flat,1,0,completed,5.0,qaoa_ising,positive_semantic
1,0,3,NF25-fb905b6b43c38aaf,exact_region_phase_tables_and_boundary_sequence,True,192,291,False,312,120,120,2147483648,40656,0,not used,0,78675968,0.0004915419267490506,20260803,flat,1,0,completed,5.0,qaoa_ising,positive_semantic
1,0,3,NF25-dfb2f02f98e23cd9,exact_region_phase_tables_and_boundary_sequence,True,192,291,False,312,120,120,2147483648,40656,0,not used,1,78692352,0.0004920000210404396,20260803,flat,1,0,completed,5.0,qaoa_ising,positive_semantic
1,0,3,NF25-0271e3ea4ec4cc3d,exact_region_phase_tables_and_boundary_sequence,True,48,75,False,96,120,120,2147483648,11792,1,qiskit transformation contract,0,78708736,0.0020221250597387552,20260803,flat,1,0,completed,5.0,qaoa_ising,positive_semantic
1,0,3,NF25-ff1a55b0917a100a,exact_region_phase_tables_and_boundary_sequence,True,48,75,False,96,120,120,2147483648,11792,1,qiskit transformation contract,1,78708736,0.002000165986828506,20260803,flat,1,0,completed,5.0,qaoa_ising,positive_semantic
0,0,3,NF25-960ce026c0220de3,exact_region_phase_tables_and_boundary_sequence,True,48,75,False,96,120,48,2147483648,11792,0,not used,0,78708736,0.00019995798356831074,20260803,semantic,0,1,completed,5.0,qaoa_ising,positive_semantic
0,0,3,NF25-374d49bad118eeb4,exact_region_phase_tables_and_boundary_sequence,True,48,75,False,96,120,48,2147483648,11792,0,not used,1,78708736,0.00019533303566277027,20260803,semantic,0,1,completed,5.0,qaoa_ising,positive_semantic
0,0,3,NF25-613d84a10468da2a,exact_region_phase_tables_and_boundary_sequence,True,48,75,False,96,120,48,2147483648,11792,1,qiskit transformation contract,0,78725120,0.0016908749239519238,20260803,semantic,0,1,completed,5.0,qaoa_ising,positive_semantic
0,0,3,NF25-5acc6552265a5390,exact_region_phase_tables_and_boundary_sequence,True,48,75,False,96,120,48,2147483648,11792,1,qiskit transformation contract,1,78725120,0.001583250006660819,20260803,semantic,0,1,completed,5.0,qaoa_ising,positive_semantic
1,0,3,NF25-06f7e7ecd1137946,exact_region_phase_tables_and_boundary_sequence,True,48,75,False,96,120,48,2147483648,11792,0,not used,0,78725120,0.00019287504255771637,20260803,semantic,0,1,completed,5.0,qaoa_ising,positive_semantic
1,0,3,NF25-a275c469f8be05b9,exact_region_phase_tables_and_boundary_sequence,True,48,75,False,96,120,48,2147483648,11792,0,not used,1,78725120,0.00018512504175305367,20260803,semantic,0,1,completed,5.0,qaoa_ising,positive_semantic
1,0,3,NF25-a4eb22f72d5dd1af,exact_region_phase_tables_and_boundary_sequence,True,48,75,False,96,120,48,2147483648,11792,1,qiskit transformation contract,0,78725120,0.0017852499149739742,20260803,semantic,0,1,completed,5.0,qaoa_ising,positive_semantic
1,0,3,NF25-0fc625b83283453c,exact_region_phase_tables_and_boundary_sequence,True,48,75,False,96,120,48,2147483648,11792,1,qiskit transformation contract,1,78725120,0.0016777499113231897,20260803,semantic,0,1,completed,5.0,qaoa_ising,positive_semantic
0,0,6,NF25-51293ff6857ce77a,exact_region_phase_tables_and_boundary_sequence,True,48,75,False,96,120,48,2147483648,11792,0,not used,0,78725120,0.0010673750657588243,20260803,semantic,1,1,completed,5.0,qaoa_ising,positive_semantic
0,0,6,NF25-2316bd710f02ddf8,exact_region_phase_tables_and_boundary_sequence,True,48,75,False,96,120,48,2147483648,11792,0,not used,1,78725120,0.0006853749509900808,20260803,semantic,1,1,completed,5.0,qaoa_ising,positive_semantic
0,0,6,NF25-e847b9dffd4acf50,exact_region_phase_tables_and_boundary_sequence,True,48,75,False,96,120,48,2147483648,11792,1,qiskit transformation contract,0,78741504,0.0025296250823885202,20260803,semantic,1,1,completed,5.0,qaoa_ising,positive_semantic
0,0,6,NF25-faf8e0a4f5e59568,exact_region_phase_tables_and_boundary_sequence,True,48,75,False,96,120,48,2147483648,11792,1,qiskit transformation contract,1,78741504,0.0021294999169185758,20260803,semantic,1,1,completed,5.0,qaoa_ising,positive_semantic
1,0,6,NF25-c68e638db4fb7ab7,exact_region_phase_tables_and_boundary_sequence,True,48,75,False,96,120,48,2147483648,11792,0,not used,0,78741504,0.001058791996911168,20260803,semantic,1,1,completed,5.0,qaoa_ising,positive_semantic
1,0,6,NF25-e0d7f968f0cce6d1,exact_region_phase_tables_and_boundary_sequence,True,48,75,False,96,120,48,2147483648,11792,0,not used,1,78757888,0.0006710420129820704,20260803,semantic,1,1,completed,5.0,qaoa_ising,positive_semantic
1,0,6,NF25-f8c1ba8e273ca889,exact_region_phase_tables_and_boundary_sequence,True,48,75,False,96,120,48,2147483648,11792,1,qiskit transformation contract,0,78872576,0.002642582985572517,20260803,semantic,1,1,completed,5.0,qaoa_ising,positive_semantic
1,0,6,NF25-43dc0276dcb9bfb8,exact_region_phase_tables_and_boundary_sequence,True,48,75,False,96,120,48,2147483648,11792,1,qiskit transformation contract,1,78872576,0.0020870419684797525,20260803,semantic,1,1,completed,5.0,qaoa_ising,positive_semantic
0,0,3,NF25-108b53234a209011,exact_region_phase_tables_and_boundary_sequence,True,192,291,False,312,120,120,2147483648,40656,0,not used,0,78872576,0.0004912089789286256,20260804,flat,0,0,completed,5.0,qaoa_ising,positive_semantic
0,0,3,NF25-9db20d35a4ec3151,exact_region_phase_tables_and_boundary_sequence,True,192,291,False,312,120,120,2147483648,40656,0,not used,1,78872576,0.0005021250108256936,20260804,flat,0,0,completed,5.0,qaoa_ising,positive_semantic
0,0,3,NF25-689992999637c001,exact_region_phase_tables_and_boundary_sequence,True,48,75,False,96,120,120,2147483648,11792,1,qiskit transformation contract,0,78872576,0.0020317500457167625,20260804,flat,0,0,completed,5.0,qaoa_ising,positive_semantic
0,0,3,NF25-a2d9625b3185259b,exact_region_phase_tables_and_boundary_sequence,True,48,75,False,96,120,120,2147483648,11792,1,qiskit transformation contract,1,78888960,0.002022749977186322,20260804,flat,0,0,completed,5.0,qaoa_ising,positive_semantic
1,0,3,NF25-dc3c41d15864393f,exact_region_phase_tables_and_boundary_sequence,True,192,291,False,312,120,120,2147483648,40656,0,not used,0,78888960,0.0004977500066161156,20260804,flat,0,0,completed,5.0,qaoa_ising,positive_semantic
1,0,3,NF25-1bdec91b57cb354d,exact_region_phase_tables_and_boundary_sequence,True,192,291,False,312,120,120,2147483648,40656,0,not used,1,78888960,0.0004944170359522104,20260804,flat,0,0,completed,5.0,qaoa_ising,positive_semantic
1,0,3,NF25-915ed1814fee8d8a,exact_region_phase_tables_and_boundary_sequence,True,48,75,False,96,120,120,2147483648,11792,1,qiskit transformation contract,0,78888960,0.0020052079344168305,20260804,flat,0,0,completed,5.0,qaoa_ising,positive_semantic
1,0,3,NF25-2be0567aa81a9697,exact_region_phase_tables_and_boundary_sequence,True,48,75,False,96,120,120,2147483648,11792,1,qiskit transformation contract,1,78921728,0.001997250015847385,20260804,flat,0,0,completed,5.0,qaoa_ising,positive_semantic
0,0,3,NF25-6e76d0f09f328776,exact_region_phase_tables_and_boundary_sequence,True,192,291,False,312,120,120,2147483648,40656,0,not used,0,78921728,0.0004838749300688505,20260804,flat,1,0,completed,5.0,qaoa_ising,positive_semantic
0,0,3,NF25-830891fac7523c15,exact_region_phase_tables_and_boundary_sequence,True,192,291,False,312,120,120,2147483648,40656,0,not used,1,78938112,0.00048562500160187483,20260804,flat,1,0,completed,5.0,qaoa_ising,positive_semantic
0,0,3,NF25-9fb9272cb82fb897,exact_region_phase_tables_and_boundary_sequence,True,48,75,False,96,120,120,2147483648,11792,1,qiskit transformation contract,0,79020032,0.0021615000441670418,20260804,flat,1,0,completed,5.0,qaoa_ising,positive_semantic
0,0,3,NF25-ac3a78df75afb449,exact_region_phase_tables_and_boundary_sequence,True,48,75,False,96,120,120,2147483648,11792,1,qiskit transformation contract,1,79052800,0.002109499997459352,20260804,flat,1,0,completed,5.0,qaoa_ising,positive_semantic
1,0,3,NF25-ac575f5ca63c56e3,exact_region_phase_tables_and_boundary_sequence,True,192,291,False,312,120,120,2147483648,40656,0,not used,0,79069184,0.00047087506391108036,20260804,flat,1,0,completed,5.0,qaoa_ising,positive_semantic
1,0,3,NF25-b59d058c3d6c5d45,exact_region_phase_tables_and_boundary_sequence,True,192,291,False,312,120,120,2147483648,40656,0,not used,1,79085568,0.0004765000194311142,20260804,flat,1,0,completed,5.0,qaoa_ising,positive_semantic
1,0,3,NF25-ce2af23337a95e9d,exact_region_phase_tables_and_boundary_sequence,True,48,75,False,96,120,120,2147483648,11792,1,qiskit transformation contract,0,79101952,0.0020093340426683426,20260804,flat,1,0,completed,5.0,qaoa_ising,positive_semantic
1,0,3,NF25-e5ad3ab51b6cbd6b,exact_region_phase_tables_and_boundary_sequence,True,48,75,False,96,120,120,2147483648,11792,1,qiskit transformation contract,1,79134720,0.002000375068746507,20260804,flat,1,0,completed,5.0,qaoa_ising,positive_semantic
0,0,3,NF25-573da91d440f4576,exact_region_phase_tables_and_boundary_sequence,True,48,75,False,96,120,48,2147483648,11792,0,not used,0,79134720,0.0002030839677900076,20260804,semantic,0,1,completed,5.0,qaoa_ising,positive_semantic
0,0,3,NF25-a7cb06118317fa89,exact_region_phase_tables_and_boundary_sequence,True,48,75,False,96,120,48,2147483648,11792,0,not used,1,79134720,0.0001949160359799862,20260804,semantic,0,1,completed,5.0,qaoa_ising,positive_semantic
0,0,3,NF25-d9336ee9158864c4,exact_region_phase_tables_and_boundary_sequence,True,48,75,False,96,120,48,2147483648,11792,1,qiskit transformation contract,0,79134720,0.0016430829418823123,20260804,semantic,0,1,completed,5.0,qaoa_ising,positive_semantic
0,0,3,NF25-690621f4d4cd14db,exact_region_phase_tables_and_boundary_sequence,True,48,75,False,96,120,48,2147483648,11792,1,qiskit transformation contract,1,79134720,0.0016841249307617545,20260804,semantic,0,1,completed,5.0,qaoa_ising,positive_semantic
1,0,3,NF25-3d0e0a0e0b3905e4,exact_region_phase_tables_and_boundary_sequence,True,48,75,False,96,120,48,2147483648,11792,0,not used,0,79151104,0.00020399992354214191,20260804,semantic,0,1,completed,5.0,qaoa_ising,positive_semantic
1,0,3,NF25-3ad0dad3416b78d0,exact_region_phase_tables_and_boundary_sequence,True,48,75,False,96,120,48,2147483648,11792,0,not used,1,79151104,0.00019175000488758087,20260804,semantic,0,1,completed,5.0,qaoa_ising,positive_semantic
1,0,3,NF25-32369b344afb7e7c,exact_region_phase_tables_and_boundary_sequence,True,48,75,False,96,120,48,2147483648,11792,1,qiskit transformation contract,0,79167488,0.0016538751078769565,20260804,semantic,0,1,completed,5.0,qaoa_ising,positive_semantic
1,0,3,NF25-5a73cac9d0acbe32,exact_region_phase_tables_and_boundary_sequence,True,48,75,False,96,120,48,2147483648,11792,1,qiskit transformation contract,1,79200256,0.002000125008635223,20260804,semantic,0,1,completed,5.0,qaoa_ising,positive_semantic
0,0,6,NF25-c2087cd3455cab4b,exact_region_phase_tables_and_boundary_sequence,True,48,75,False,96,120,48,2147483648,11792,0,not used,0,79200256,0.0010190830798819661,20260804,semantic,1,1,completed,5.0,qaoa_ising,positive_semantic
0,0,6,NF25-880dfc0a5cf06599,exact_region_phase_tables_and_boundary_sequence,True,48,75,False,96,120,48,2147483648,11792,0,not used,1,79200256,0.0006557910237461329,20260804,semantic,1,1,completed,5.0,qaoa_ising,positive_semantic
0,0,6,NF25-e22fdafbda18e0a7,exact_region_phase_tables_and_boundary_sequence,True,48,75,False,96,120,48,2147483648,11792,1,qiskit transformation contract,0,79200256,0.002493874984793365,20260804,semantic,1,1,completed,5.0,qaoa_ising,positive_semantic
0,0,6,NF25-2dc4fa8c0962b68d,exact_region_phase_tables_and_boundary_sequence,True,48,75,False,96,120,48,2147483648,11792,1,qiskit transformation contract,1,79200256,0.0021258749766275287,20260804,semantic,1,1,completed,5.0,qaoa_ising,positive_semantic
1,0,6,NF25-ed0a61e347a29c59,exact_region_phase_tables_and_boundary_sequence,True,48,75,False,96,120,48,2147483648,11792,0,not used,0,79200256,0.0011036249343305826,20260804,semantic,1,1,completed,5.0,qaoa_ising,positive_semantic
1,0,6,NF25-9e48b52f203d3982,exact_region_phase_tables_and_boundary_sequence,True,48,75,False,96,120,48,2147483648,11792,0,not used,1,79200256,0.0006476660491898656,20260804,semantic,1,1,completed,5.0,qaoa_ising,positive_semantic
1,0,6,NF25-f1535d45fb3efa71,exact_region_phase_tables_and_boundary_sequence,True,48,75,False,96,120,48,2147483648,11792,1,qiskit transformation contract,0,79200256,0.0024994169361889362,20260804,semantic,1,1,completed,5.0,qaoa_ising,positive_semantic
1,0,6,NF25-ac7f325f2ddd1d35,exact_region_phase_tables_and_boundary_sequence,True,48,75,False,96,120,48,2147483648,11792,1,qiskit transformation contract,1,79200256,0.0023019580403342843,20260804,semantic,1,1,completed,5.0,qaoa_ising,positive_semantic
0,0,3,NF25-59bc75350c5596db,exact_region_phase_tables_and_boundary_sequence,True,192,291,False,312,120,120,2147483648,40656,0,not used,0,79200256,0.0004918749909847975,20260805,flat,0,0,completed,5.0,qaoa_ising,positive_semantic
0,0,3,NF25-6c9eceb3acd8a68c,exact_region_phase_tables_and_boundary_sequence,True,192,291,False,312,120,120,2147483648,40656,0,not used,1,79200256,0.0005166670307517052,20260805,flat,0,0,completed,5.0,qaoa_ising,positive_semantic
0,0,3,NF25-26c39c9efbd751cc,exact_region_phase_tables_and_boundary_sequence,True,48,75,False,96,120,120,2147483648,11792,1,qiskit transformation contract,0,79200256,0.0019208330195397139,20260805,flat,0,0,completed,5.0,qaoa_ising,positive_semantic
0,0,3,NF25-542f6e2124e591ee,exact_region_phase_tables_and_boundary_sequence,True,48,75,False,96,120,120,2147483648,11792,1,qiskit transformation contract,1,79200256,0.0019714590162038803,20260805,flat,0,0,completed,5.0,qaoa_ising,positive_semantic
1,0,3,NF25-af4a627203c27269,exact_region_phase_tables_and_boundary_sequence,True,192,291,False,312,120,120,2147483648,40656,0,not used,0,79200256,0.000491917016915977,20260805,flat,0,0,completed,5.0,qaoa_ising,positive_semantic
1,0,3,NF25-7a5cf860370c38b0,exact_region_phase_tables_and_boundary_sequence,True,192,291,False,312,120,120,2147483648,40656,0,not used,1,79200256,0.0004983339458703995,20260805,flat,0,0,completed,5.0,qaoa_ising,positive_semantic
1,0,3,NF25-3ff19015145b79fe,exact_region_phase_tables_and_boundary_sequence,True,48,75,False,96,120,120,2147483648,11792,1,qiskit transformation contract,0,79200256,0.0019991250010207295,20260805,flat,0,0,completed,5.0,qaoa_ising,positive_semantic
1,0,3,NF25-6ebe7d7bd5785c71,exact_region_phase_tables_and_boundary_sequence,True,48,75,False,96,120,120,2147483648,11792,1,qiskit transformation contract,1,79200256,0.001986042014323175,20260805,flat,0,0,completed,5.0,qaoa_ising,positive_semantic
0,0,3,NF25-103ce9169bf53dd2,exact_region_phase_tables_and_boundary_sequence,True,192,291,False,312,120,120,2147483648,40656,0,not used,0,79200256,0.0004939590580761433,20260805,flat,1,0,completed,5.0,qaoa_ising,positive_semantic
0,0,3,NF25-e7a9d36f400a0059,exact_region_phase_tables_and_boundary_sequence,True,192,291,False,312,120,120,2147483648,40656,0,not used,1,79200256,0.0004926669644191861,20260805,flat,1,0,completed,5.0,qaoa_ising,positive_semantic
0,0,3,NF25-5693399aa4142347,exact_region_phase_tables_and_boundary_sequence,True,48,75,False,96,120,120,2147483648,11792,1,qiskit transformation contract,0,79200256,0.00199237500783056,20260805,flat,1,0,completed,5.0,qaoa_ising,positive_semantic
0,0,3,NF25-41f2466757b6e3ea,exact_region_phase_tables_and_boundary_sequence,True,48,75,False,96,120,120,2147483648,11792,1,qiskit transformation contract,1,79216640,0.0019355840049684048,20260805,flat,1,0,completed,5.0,qaoa_ising,positive_semantic
1,0,3,NF25-b643a9e9086dc43c,exact_region_phase_tables_and_boundary_sequence,True,192,291,False,312,120,120,2147483648,40656,0,not used,0,79216640,0.0004848749376833439,20260805,flat,1,0,completed,5.0,qaoa_ising,positive_semantic
1,0,3,NF25-592d1316da3e366f,exact_region_phase_tables_and_boundary_sequence,True,192,291,False,312,120,120,2147483648,40656,0,not used,1,79216640,0.0004808339290320873,20260805,flat,1,0,completed,5.0,qaoa_ising,positive_semantic
1,0,3,NF25-d0a0937d2c26cc69,exact_region_phase_tables_and_boundary_sequence,True,48,75,False,96,120,120,2147483648,11792,1,qiskit transformation contract,0,79233024,0.002151916967704892,20260805,flat,1,0,completed,5.0,qaoa_ising,positive_semantic
1,0,3,NF25-9fd8559984cd0618,exact_region_phase_tables_and_boundary_sequence,True,48,75,False,96,120,120,2147483648,11792,1,qiskit transformation contract,1,79233024,0.0020312920678406954,20260805,flat,1,0,completed,5.0,qaoa_ising,positive_semantic
0,0,3,NF25-59c846dff617e413,exact_region_phase_tables_and_boundary_sequence,True,48,75,False,96,120,48,2147483648,11792,0,not used,0,79233024,0.00019891606643795967,20260805,semantic,0,1,completed,5.0,qaoa_ising,positive_semantic
0,0,3,NF25-cbab89b3c19ec5b4,exact_region_phase_tables_and_boundary_sequence,True,48,75,False,96,120,48,2147483648,11792,0,not used,1,79233024,0.00019345805048942566,20260805,semantic,0,1,completed,5.0,qaoa_ising,positive_semantic
0,0,3,NF25-3b25cfc27cd7edb2,exact_region_phase_tables_and_boundary_sequence,True,48,75,False,96,120,48,2147483648,11792,1,qiskit transformation contract,0,79233024,0.0016426669899374247,20260805,semantic,0,1,completed,5.0,qaoa_ising,positive_semantic
0,0,3,NF25-5519f68e14f21188,exact_region_phase_tables_and_boundary_sequence,True,48,75,False,96,120,48,2147483648,11792,1,qiskit transformation contract,1,79233024,0.0016319580608978868,20260805,semantic,0,1,completed,5.0,qaoa_ising,positive_semantic
1,0,3,NF25-f8e8d06e660a468a,exact_region_phase_tables_and_boundary_sequence,True,48,75,False,96,120,48,2147483648,11792,0,not used,0,79233024,0.0002108750632032752,20260805,semantic,0,1,completed,5.0,qaoa_ising,positive_semantic
1,0,3,NF25-d6a85fcee0764468,exact_region_phase_tables_and_boundary_sequence,True,48,75,False,96,120,48,2147483648,11792,0,not used,1,79233024,0.00019108399283140898,20260805,semantic,0,1,completed,5.0,qaoa_ising,positive_semantic
1,0,3,NF25-735144ee6c90ec4f,exact_region_phase_tables_and_boundary_sequence,True,48,75,False,96,120,48,2147483648,11792,1,qiskit transformation contract,0,79233024,0.0016857919981703162,20260805,semantic,0,1,completed,5.0,qaoa_ising,positive_semantic
1,0,3,NF25-d9d8de8989efc09b,exact_region_phase_tables_and_boundary_sequence,True,48,75,False,96,120,48,2147483648,11792,1,qiskit transformation contract,1,79233024,0.001568417064845562,20260805,semantic,0,1,completed,5.0,qaoa_ising,positive_semantic
0,0,6,NF25-329bbd76dfe6de94,exact_region_phase_tables_and_boundary_sequence,True,48,75,False,96,120,48,2147483648,11792,0,not used,0,79249408,0.0010504999663680792,20260805,semantic,1,1,completed,5.0,qaoa_ising,positive_semantic
0,0,6,NF25-4316f0b448ac8139,exact_region_phase_tables_and_boundary_sequence,True,48,75,False,96,120,48,2147483648,11792,0,not used,1,79265792,0.0006814999505877495,20260805,semantic,1,1,completed,5.0,qaoa_ising,positive_semantic
0,0,6,NF25-29613c8ee748b65e,exact_region_phase_tables_and_boundary_sequence,True,48,75,False,96,120,48,2147483648,11792,1,qiskit transformation contract,0,79298560,0.002650249982252717,20260805,semantic,1,1,completed,5.0,qaoa_ising,positive_semantic
0,0,6,NF25-77e4db0ec05095ec,exact_region_phase_tables_and_boundary_sequence,True,48,75,False,96,120,48,2147483648,11792,1,qiskit transformation contract,1,79298560,0.0021559169981628656,20260805,semantic,1,1,completed,5.0,qaoa_ising,positive_semantic
1,0,6,NF25-20302bbf65d1c82d,exact_region_phase_tables_and_boundary_sequence,True,48,75,False,96,120,48,2147483648,11792,0,not used,0,79298560,0.0010600000387057662,20260805,semantic,1,1,completed,5.0,qaoa_ising,positive_semantic
1,0,6,NF25-1ce55dbb9dbd03c7,exact_region_phase_tables_and_boundary_sequence,True,48,75,False,96,120,48,2147483648,11792,0,not used,1,79298560,0.0006822500145062804,20260805,semantic,1,1,completed,5.0,qaoa_ising,positive_semantic
1,0,6,NF25-1a205e314549e718,exact_region_phase_tables_and_boundary_sequence,True,48,75,False,96,120,48,2147483648,11792,1,qiskit transformation contract,0,79298560,0.0025076669408008456,20260805,semantic,1,1,completed,5.0,qaoa_ising,positive_semantic
1,0,6,NF25-65d68ed03706aa39,exact_region_phase_tables_and_boundary_sequence,True,48,75,False,96,120,48,2147483648,11792,1,qiskit transformation contract,1,79314944,0.0021255830070003867,20260805,semantic,1,1,completed,5.0,qaoa_ising,positive_semantic
0,0,4,NF25-912b4dff10b0ae0c,exact_region_phase_tables_and_boundary_sequence,True,120,127,False,184,64,64,2147483648,21968,0,not used,0,83017728,0.0003427090123295784,20260801,flat,0,0,completed,5.0,qft_arithmetic,positive_semantic
0,0,4,NF25-a4dc67e6cf6c1eff,exact_region_phase_tables_and_boundary_sequence,True,120,127,False,184,64,64,2147483648,21968,0,not used,1,83034112,0.00033679092302918434,20260801,flat,0,0,completed,5.0,qft_arithmetic,positive_semantic
0,0,4,NF25-cc0431d4275c8e2e,exact_region_phase_tables_and_boundary_sequence,True,20,22,False,34,64,64,2147483648,4968,1,qiskit transformation contract,0,83050496,0.001691332901827991,20260801,flat,0,0,completed,5.0,qft_arithmetic,positive_semantic
0,0,4,NF25-931f15e65a4b3b69,exact_region_phase_tables_and_boundary_sequence,True,20,22,False,34,64,64,2147483648,4968,1,qiskit transformation contract,1,83050496,0.001693582977168262,20260801,flat,0,0,completed,5.0,qft_arithmetic,positive_semantic
1,0,4,NF25-fffe4e3cc8954e67,exact_region_phase_tables_and_boundary_sequence,True,120,127,False,184,64,64,2147483648,21968,0,not used,0,83066880,0.0003415830433368683,20260801,flat,0,0,completed,5.0,qft_arithmetic,positive_semantic
1,0,4,NF25-30284e353e4e13b7,exact_region_phase_tables_and_boundary_sequence,True,120,127,False,184,64,64,2147483648,21968,0,not used,1,83083264,0.0003346659941598773,20260801,flat,0,0,completed,5.0,qft_arithmetic,positive_semantic
1,0,4,NF25-08dbeb3ba2dc3be6,exact_region_phase_tables_and_boundary_sequence,True,20,22,False,34,64,64,2147483648,4968,1,qiskit transformation contract,0,83099648,0.0016876249574124813,20260801,flat,0,0,completed,5.0,qft_arithmetic,positive_semantic
1,0,4,NF25-941daae456ea2fa7,exact_region_phase_tables_and_boundary_sequence,True,20,22,False,34,64,64,2147483648,4968,1,qiskit transformation contract,1,83116032,0.0016852091066539288,20260801,flat,0,0,completed,5.0,qft_arithmetic,positive_semantic
0,0,4,NF25-8deb794724a12e93,exact_region_phase_tables_and_boundary_sequence,True,120,127,False,184,64,64,2147483648,21968,0,not used,0,83132416,0.00034479203168302774,20260801,flat,1,0,completed,5.0,qft_arithmetic,positive_semantic
0,0,4,NF25-5cfa33d9740015ad,exact_region_phase_tables_and_boundary_sequence,True,120,127,False,184,64,64,2147483648,21968,0,not used,1,83148800,0.000338749960064888,20260801,flat,1,0,completed,5.0,qft_arithmetic,positive_semantic
0,0,4,NF25-1360bc48ac5836cb,exact_region_phase_tables_and_boundary_sequence,True,20,22,False,34,64,64,2147483648,4968,1,qiskit transformation contract,0,83181568,0.0018350000027567148,20260801,flat,1,0,completed,5.0,qft_arithmetic,positive_semantic
0,0,4,NF25-58204668b6229d91,exact_region_phase_tables_and_boundary_sequence,True,20,22,False,34,64,64,2147483648,4968,1,qiskit transformation contract,1,83197952,0.0016317080007866025,20260801,flat,1,0,completed,5.0,qft_arithmetic,positive_semantic
1,0,4,NF25-84e8e598b445c66f,exact_region_phase_tables_and_boundary_sequence,True,120,127,False,184,64,64,2147483648,21968,0,not used,0,83214336,0.00033825007267296314,20260801,flat,1,0,completed,5.0,qft_arithmetic,positive_semantic
1,0,4,NF25-a4ad6bae444189ae,exact_region_phase_tables_and_boundary_sequence,True,120,127,False,184,64,64,2147483648,21968,0,not used,1,83214336,0.0003316669026389718,20260801,flat,1,0,completed,5.0,qft_arithmetic,positive_semantic
1,0,4,NF25-7dc9bfd30e0fb896,exact_region_phase_tables_and_boundary_sequence,True,20,22,False,34,64,64,2147483648,4968,1,qiskit transformation contract,0,83230720,0.0016804580809548497,20260801,flat,1,0,completed,5.0,qft_arithmetic,positive_semantic
1,0,4,NF25-fc292d71f059bed7,exact_region_phase_tables_and_boundary_sequence,True,20,22,False,34,64,64,2147483648,4968,1,qiskit transformation contract,1,83247104,0.0016997080529108644,20260801,flat,1,0,completed,5.0,qft_arithmetic,positive_semantic
0,0,4,NF25-18bfbf2954f2611f,exact_region_phase_tables_and_boundary_sequence,True,20,22,False,34,64,14,2147483648,4968,0,not used,0,83247104,0.00011562497820705175,20260801,semantic,0,1,completed,5.0,qft_arithmetic,positive_semantic
0,0,4,NF25-e3311c7e33dfefe4,exact_region_phase_tables_and_boundary_sequence,True,20,22,False,34,64,14,2147483648,4968,0,not used,1,83247104,0.00011041597463190556,20260801,semantic,0,1,completed,5.0,qft_arithmetic,positive_semantic
0,0,4,NF25-ddbdcf9eb018ef40,exact_region_phase_tables_and_boundary_sequence,True,20,22,False,34,64,14,2147483648,4968,1,qiskit transformation contract,0,83279872,0.001367917051538825,20260801,semantic,0,1,completed,5.0,qft_arithmetic,positive_semantic
0,0,4,NF25-f34c56e3195c4d46,exact_region_phase_tables_and_boundary_sequence,True,20,22,False,34,64,14,2147483648,4968,1,qiskit transformation contract,1,83312640,0.0014100419357419014,20260801,semantic,0,1,completed,5.0,qft_arithmetic,positive_semantic
1,0,4,NF25-8c791d5b0213ee2e,exact_region_phase_tables_and_boundary_sequence,True,20,22,False,34,64,14,2147483648,4968,0,not used,0,83312640,0.00011066696606576443,20260801,semantic,0,1,completed,5.0,qft_arithmetic,positive_semantic
1,0,4,NF25-c86de26d2e640426,exact_region_phase_tables_and_boundary_sequence,True,20,22,False,34,64,14,2147483648,4968,0,not used,1,83312640,0.00010750000365078449,20260801,semantic,0,1,completed,5.0,qft_arithmetic,positive_semantic
1,0,4,NF25-ed07964ac3c9b505,exact_region_phase_tables_and_boundary_sequence,True,20,22,False,34,64,14,2147483648,4968,1,qiskit transformation contract,0,83345408,0.0015481250593438745,20260801,semantic,0,1,completed,5.0,qft_arithmetic,positive_semantic
1,0,4,NF25-d3c1c9abc64ab80b,exact_region_phase_tables_and_boundary_sequence,True,20,22,False,34,64,14,2147483648,4968,1,qiskit transformation contract,1,83345408,0.0014073749771341681,20260801,semantic,0,1,completed,5.0,qft_arithmetic,positive_semantic
0,0,8,NF25-5fe613da10080ccb,exact_region_phase_tables_and_boundary_sequence,True,20,22,False,34,64,14,2147483648,4968,0,not used,0,83345408,0.00063233298715204,20260801,semantic,1,1,completed,5.0,qft_arithmetic,positive_semantic
0,0,8,NF25-f27222681615f9a9,exact_region_phase_tables_and_boundary_sequence,True,20,22,False,34,64,14,2147483648,4968,0,not used,1,83345408,0.0004452499561011791,20260801,semantic,1,1,completed,5.0,qft_arithmetic,positive_semantic
0,0,8,NF25-85e2bbb14f4da6d0,exact_region_phase_tables_and_boundary_sequence,True,20,22,False,34,64,14,2147483648,4968,1,qiskit transformation contract,0,83345408,0.0019393340917304158,20260801,semantic,1,1,completed,5.0,qft_arithmetic,positive_semantic
0,0,8,NF25-645d34829b179aa7,exact_region_phase_tables_and_boundary_sequence,True,20,22,False,34,64,14,2147483648,4968,1,qiskit transformation contract,1,83345408,0.0017322920029982924,20260801,semantic,1,1,completed,5.0,qft_arithmetic,positive_semantic
1,0,8,NF25-48f280e2ffd43b3e,exact_region_phase_tables_and_boundary_sequence,True,20,22,False,34,64,14,2147483648,4968,0,not used,0,83345408,0.0006316660437732935,20260801,semantic,1,1,completed,5.0,qft_arithmetic,positive_semantic
1,0,8,NF25-98a1c84be10442fb,exact_region_phase_tables_and_boundary_sequence,True,20,22,False,34,64,14,2147483648,4968,0,not used,1,83394560,0.00044724997133016586,20260801,semantic,1,1,completed,5.0,qft_arithmetic,positive_semantic
1,0,8,NF25-cdae2a9f39f51195,exact_region_phase_tables_and_boundary_sequence,True,20,22,False,34,64,14,2147483648,4968,1,qiskit transformation contract,0,83394560,0.002073041978292167,20260801,semantic,1,1,completed,5.0,qft_arithmetic,positive_semantic
1,0,8,NF25-28e8b6dbc426ca03,exact_region_phase_tables_and_boundary_sequence,True,20,22,False,34,64,14,2147483648,4968,1,qiskit transformation contract,1,83394560,0.0017342079663649201,20260801,semantic,1,1,completed,5.0,qft_arithmetic,positive_semantic
0,0,4,NF25-578ea45eba1eb74c,exact_region_phase_tables_and_boundary_sequence,True,120,127,False,184,64,64,2147483648,21968,0,not used,0,83394560,0.0003808330511674285,20260802,flat,0,0,completed,5.0,qft_arithmetic,positive_semantic
0,0,4,NF25-013a810ed993d435,exact_region_phase_tables_and_boundary_sequence,True,120,127,False,184,64,64,2147483648,21968,0,not used,1,83394560,0.00032849994022399187,20260802,flat,0,0,completed,5.0,qft_arithmetic,positive_semantic
0,0,4,NF25-7dc5c2dddb0a8aae,exact_region_phase_tables_and_boundary_sequence,True,20,22,False,34,64,64,2147483648,4968,1,qiskit transformation contract,0,83394560,0.001670417026616633,20260802,flat,0,0,completed,5.0,qft_arithmetic,positive_semantic
0,0,4,NF25-41b38569a911ddf2,exact_region_phase_tables_and_boundary_sequence,True,20,22,False,34,64,64,2147483648,4968,1,qiskit transformation contract,1,83394560,0.0016773330280557275,20260802,flat,0,0,completed,5.0,qft_arithmetic,positive_semantic
1,0,4,NF25-99f30bd87f4b4ebd,exact_region_phase_tables_and_boundary_sequence,True,120,127,False,184,64,64,2147483648,21968,0,not used,0,83394560,0.0003326250007376075,20260802,flat,0,0,completed,5.0,qft_arithmetic,positive_semantic
1,0,4,NF25-7b89fe9904421830,exact_region_phase_tables_and_boundary_sequence,True,120,127,False,184,64,64,2147483648,21968,0,not used,1,83410944,0.00034562498331069946,20260802,flat,0,0,completed,5.0,qft_arithmetic,positive_semantic
1,0,4,NF25-12bf8df661cdf488,exact_region_phase_tables_and_boundary_sequence,True,20,22,False,34,64,64,2147483648,4968,1,qiskit transformation contract,0,83443712,0.0016996250487864017,20260802,flat,0,0,completed,5.0,qft_arithmetic,positive_semantic
1,0,4,NF25-4b5acd892b73f377,exact_region_phase_tables_and_boundary_sequence,True,20,22,False,34,64,64,2147483648,4968,1,qiskit transformation contract,1,83443712,0.0016923340735957026,20260802,flat,0,0,completed,5.0,qft_arithmetic,positive_semantic
0,0,4,NF25-ac5718f31b1b9688,exact_region_phase_tables_and_boundary_sequence,True,120,127,False,184,64,64,2147483648,21968,0,not used,0,83443712,0.0003517919685691595,20260802,flat,1,0,completed,5.0,qft_arithmetic,positive_semantic
0,0,4,NF25-f0271c0faa4b0c0e,exact_region_phase_tables_and_boundary_sequence,True,120,127,False,184,64,64,2147483648,21968,0,not used,1,83443712,0.0003463330212980509,20260802,flat,1,0,completed,5.0,qft_arithmetic,positive_semantic
0,0,4,NF25-b86eb86ba2116d60,exact_region_phase_tables_and_boundary_sequence,True,20,22,False,34,64,64,2147483648,4968,1,qiskit transformation contract,0,83460096,0.001835749950259924,20260802,flat,1,0,completed,5.0,qft_arithmetic,positive_semantic
0,0,4,NF25-48779feb41b5f757,exact_region_phase_tables_and_boundary_sequence,True,20,22,False,34,64,64,2147483648,4968,1,qiskit transformation contract,1,83460096,0.0016802080208435655,20260802,flat,1,0,completed,5.0,qft_arithmetic,positive_semantic
1,0,4,NF25-844c72bafaba44bc,exact_region_phase_tables_and_boundary_sequence,True,120,127,False,184,64,64,2147483648,21968,0,not used,0,83460096,0.00034062506165355444,20260802,flat,1,0,completed,5.0,qft_arithmetic,positive_semantic
1,0,4,NF25-2028736a17da4e4c,exact_region_phase_tables_and_boundary_sequence,True,120,127,False,184,64,64,2147483648,21968,0,not used,1,83460096,0.0003344169817864895,20260802,flat,1,0,completed,5.0,qft_arithmetic,positive_semantic
1,0,4,NF25-24303eebd88310b1,exact_region_phase_tables_and_boundary_sequence,True,20,22,False,34,64,64,2147483648,4968,1,qiskit transformation contract,0,83460096,0.0016962919617071748,20260802,flat,1,0,completed,5.0,qft_arithmetic,positive_semantic
1,0,4,NF25-efe7abadbddfc270,exact_region_phase_tables_and_boundary_sequence,True,20,22,False,34,64,64,2147483648,4968,1,qiskit transformation contract,1,83460096,0.0016099170316010714,20260802,flat,1,0,completed,5.0,qft_arithmetic,positive_semantic
0,0,4,NF25-2aa22109570584bd,exact_region_phase_tables_and_boundary_sequence,True,20,22,False,34,64,14,2147483648,4968,0,not used,0,83460096,0.00010775006376206875,20260802,semantic,0,1,completed,5.0,qft_arithmetic,positive_semantic
0,0,4,NF25-17d80a3aa0f943c4,exact_region_phase_tables_and_boundary_sequence,True,20,22,False,34,64,14,2147483648,4968,0,not used,1,83460096,0.00010012509301304817,20260802,semantic,0,1,completed,5.0,qft_arithmetic,positive_semantic
0,0,4,NF25-f4c4e6843f880ae7,exact_region_phase_tables_and_boundary_sequence,True,20,22,False,34,64,14,2147483648,4968,1,qiskit transformation contract,0,83476480,0.001420291024260223,20260802,semantic,0,1,completed,5.0,qft_arithmetic,positive_semantic
0,0,4,NF25-5d8c01cf6f99579f,exact_region_phase_tables_and_boundary_sequence,True,20,22,False,34,64,14,2147483648,4968,1,qiskit transformation contract,1,83476480,0.001406000112183392,20260802,semantic,0,1,completed,5.0,qft_arithmetic,positive_semantic
1,0,4,NF25-6f9d19d962a9b2ab,exact_region_phase_tables_and_boundary_sequence,True,20,22,False,34,64,14,2147483648,4968,0,not used,0,83476480,0.00011149991769343615,20260802,semantic,0,1,completed,5.0,qft_arithmetic,positive_semantic
1,0,4,NF25-bc269d3e1a6fe694,exact_region_phase_tables_and_boundary_sequence,True,20,22,False,34,64,14,2147483648,4968,0,not used,1,83476480,0.00010658300016075373,20260802,semantic,0,1,completed,5.0,qft_arithmetic,positive_semantic
1,0,4,NF25-7df98374d0d30de9,exact_region_phase_tables_and_boundary_sequence,True,20,22,False,34,64,14,2147483648,4968,1,qiskit transformation contract,0,83509248,0.0015569160459563136,20260802,semantic,0,1,completed,5.0,qft_arithmetic,positive_semantic
1,0,4,NF25-f121a888b76d241f,exact_region_phase_tables_and_boundary_sequence,True,20,22,False,34,64,14,2147483648,4968,1,qiskit transformation contract,1,83509248,0.0014355829916894436,20260802,semantic,0,1,completed,5.0,qft_arithmetic,positive_semantic
0,0,8,NF25-85477ed48212ceb0,exact_region_phase_tables_and_boundary_sequence,True,20,22,False,34,64,14,2147483648,4968,0,not used,0,83509248,0.0006300000241026282,20260802,semantic,1,1,completed,5.0,qft_arithmetic,positive_semantic
0,0,8,NF25-d8e2c932b47f9355,exact_region_phase_tables_and_boundary_sequence,True,20,22,False,34,64,14,2147483648,4968,0,not used,1,83509248,0.0004308749921619892,20260802,semantic,1,1,completed,5.0,qft_arithmetic,positive_semantic
0,0,8,NF25-e8c6c76a07cb0608,exact_region_phase_tables_and_boundary_sequence,True,20,22,False,34,64,14,2147483648,4968,1,qiskit transformation contract,0,83509248,0.0019500419730320573,20260802,semantic,1,1,completed,5.0,qft_arithmetic,positive_semantic
0,0,8,NF25-5cef61a273881026,exact_region_phase_tables_and_boundary_sequence,True,20,22,False,34,64,14,2147483648,4968,1,qiskit transformation contract,1,83509248,0.0017473750049248338,20260802,semantic,1,1,completed,5.0,qft_arithmetic,positive_semantic
1,0,8,NF25-7e7e95f5b20019a7,exact_region_phase_tables_and_boundary_sequence,True,20,22,False,34,64,14,2147483648,4968,0,not used,0,83509248,0.0006300000241026282,20260802,semantic,1,1,completed,5.0,qft_arithmetic,positive_semantic
1,0,8,NF25-aa7e311da9fb4d1a,exact_region_phase_tables_and_boundary_sequence,True,20,22,False,34,64,14,2147483648,4968,0,not used,1,83509248,0.0004307919880375266,20260802,semantic,1,1,completed,5.0,qft_arithmetic,positive_semantic
1,0,8,NF25-8fec68e7aae2c81a,exact_region_phase_tables_and_boundary_sequence,True,20,22,False,34,64,14,2147483648,4968,1,qiskit transformation contract,0,83574784,0.0021676250034943223,20260802,semantic,1,1,completed,5.0,qft_arithmetic,positive_semantic
1,0,8,NF25-5e418c5c7cbe4509,exact_region_phase_tables_and_boundary_sequence,True,20,22,False,34,64,14,2147483648,4968,1,qiskit transformation contract,1,83574784,0.0016888331156224012,20260802,semantic,1,1,completed,5.0,qft_arithmetic,positive_semantic
0,0,4,NF25-b93514ab1c9ae637,exact_region_phase_tables_and_boundary_sequence,True,120,127,False,184,64,64,2147483648,21968,0,not used,0,83574784,0.0003298330120742321,20260803,flat,0,0,completed,5.0,qft_arithmetic,positive_semantic
0,0,4,NF25-3357a359436ba7d9,exact_region_phase_tables_and_boundary_sequence,True,120,127,False,184,64,64,2147483648,21968,0,not used,1,83591168,0.00034899997990578413,20260803,flat,0,0,completed,5.0,qft_arithmetic,positive_semantic
0,0,4,NF25-ebaa54c08bc9f013,exact_region_phase_tables_and_boundary_sequence,True,20,22,False,34,64,64,2147483648,4968,1,qiskit transformation contract,0,83591168,0.001662875059992075,20260803,flat,0,0,completed,5.0,qft_arithmetic,positive_semantic
0,0,4,NF25-a7bcb0310d3c9466,exact_region_phase_tables_and_boundary_sequence,True,20,22,False,34,64,64,2147483648,4968,1,qiskit transformation contract,1,83591168,0.001669708057306707,20260803,flat,0,0,completed,5.0,qft_arithmetic,positive_semantic
1,0,4,NF25-2b4df8f45f76929d,exact_region_phase_tables_and_boundary_sequence,True,120,127,False,184,64,64,2147483648,21968,0,not used,0,83591168,0.0003383329603821039,20260803,flat,0,0,completed,5.0,qft_arithmetic,positive_semantic
1,0,4,NF25-bbb84d481e634393,exact_region_phase_tables_and_boundary_sequence,True,120,127,False,184,64,64,2147483648,21968,0,not used,1,83591168,0.00033570791129022837,20260803,flat,0,0,completed,5.0,qft_arithmetic,positive_semantic
1,0,4,NF25-470490184a79088a,exact_region_phase_tables_and_boundary_sequence,True,20,22,False,34,64,64,2147483648,4968,1,qiskit transformation contract,0,83623936,0.0016904999502003193,20260803,flat,0,0,completed,5.0,qft_arithmetic,positive_semantic
1,0,4,NF25-ed2c54fb45e65247,exact_region_phase_tables_and_boundary_sequence,True,20,22,False,34,64,64,2147483648,4968,1,qiskit transformation contract,1,83623936,0.0016908330144360662,20260803,flat,0,0,completed,5.0,qft_arithmetic,positive_semantic
0,0,4,NF25-287989892219afc8,exact_region_phase_tables_and_boundary_sequence,True,120,127,False,184,64,64,2147483648,21968,0,not used,0,83623936,0.0003375830128788948,20260803,flat,1,0,completed,5.0,qft_arithmetic,positive_semantic
0,0,4,NF25-5d95b84857b00f63,exact_region_phase_tables_and_boundary_sequence,True,120,127,False,184,64,64,2147483648,21968,0,not used,1,83623936,0.0003315829671919346,20260803,flat,1,0,completed,5.0,qft_arithmetic,positive_semantic
0,0,4,NF25-e94afe0d26cb0242,exact_region_phase_tables_and_boundary_sequence,True,20,22,False,34,64,64,2147483648,4968,1,qiskit transformation contract,0,83623936,0.001851708977483213,20260803,flat,1,0,completed,5.0,qft_arithmetic,positive_semantic
0,0,4,NF25-96a9d16440008270,exact_region_phase_tables_and_boundary_sequence,True,20,22,False,34,64,64,2147483648,4968,1,qiskit transformation contract,1,83623936,0.0016676249215379357,20260803,flat,1,0,completed,5.0,qft_arithmetic,positive_semantic
1,0,4,NF25-f3d52865474857fc,exact_region_phase_tables_and_boundary_sequence,True,120,127,False,184,64,64,2147483648,21968,0,not used,0,83623936,0.00033083301968872547,20260803,flat,1,0,completed,5.0,qft_arithmetic,positive_semantic
1,0,4,NF25-5fd0e574f5b68d63,exact_region_phase_tables_and_boundary_sequence,True,120,127,False,184,64,64,2147483648,21968,0,not used,1,83623936,0.00032691704109311104,20260803,flat,1,0,completed,5.0,qft_arithmetic,positive_semantic
1,0,4,NF25-dcc30611be3ba5a0,exact_region_phase_tables_and_boundary_sequence,True,20,22,False,34,64,64,2147483648,4968,1,qiskit transformation contract,0,83623936,0.0016581250820308924,20260803,flat,1,0,completed,5.0,qft_arithmetic,positive_semantic
1,0,4,NF25-3756b42a42aeda30,exact_region_phase_tables_and_boundary_sequence,True,20,22,False,34,64,64,2147483648,4968,1,qiskit transformation contract,1,83623936,0.0016830828972160816,20260803,flat,1,0,completed,5.0,qft_arithmetic,positive_semantic
0,0,4,NF25-339fa0a16211fcda,exact_region_phase_tables_and_boundary_sequence,True,20,22,False,34,64,14,2147483648,4968,0,not used,0,83623936,0.00011179200373589993,20260803,semantic,0,1,completed,5.0,qft_arithmetic,positive_semantic
0,0,4,NF25-4b13c343b41a20fb,exact_region_phase_tables_and_boundary_sequence,True,20,22,False,34,64,14,2147483648,4968,0,not used,1,83623936,0.00010629196185618639,20260803,semantic,0,1,completed,5.0,qft_arithmetic,positive_semantic
0,0,4,NF25-d99e837d8018445e,exact_region_phase_tables_and_boundary_sequence,True,20,22,False,34,64,14,2147483648,4968,1,qiskit transformation contract,0,83623936,0.0014117920072749257,20260803,semantic,0,1,completed,5.0,qft_arithmetic,positive_semantic
0,0,4,NF25-d336a7047fceb865,exact_region_phase_tables_and_boundary_sequence,True,20,22,False,34,64,14,2147483648,4968,1,qiskit transformation contract,1,83640320,0.0014175829710438848,20260803,semantic,0,1,completed,5.0,qft_arithmetic,positive_semantic
1,0,4,NF25-74bb2ee9598261e6,exact_region_phase_tables_and_boundary_sequence,True,20,22,False,34,64,14,2147483648,4968,0,not used,0,83640320,0.0001124159898608923,20260803,semantic,0,1,completed,5.0,qft_arithmetic,positive_semantic
1,0,4,NF25-d33e286be67b9895,exact_region_phase_tables_and_boundary_sequence,True,20,22,False,34,64,14,2147483648,4968,0,not used,1,83640320,0.0001069169957190752,20260803,semantic,0,1,completed,5.0,qft_arithmetic,positive_semantic
1,0,4,NF25-c53e0fe846240ee0,exact_region_phase_tables_and_boundary_sequence,True,20,22,False,34,64,14,2147483648,4968,1,qiskit transformation contract,0,83640320,0.0015451249200850725,20260803,semantic,0,1,completed,5.0,qft_arithmetic,positive_semantic
1,0,4,NF25-8866909e38c26909,exact_region_phase_tables_and_boundary_sequence,True,20,22,False,34,64,14,2147483648,4968,1,qiskit transformation contract,1,83640320,0.0014078749809414148,20260803,semantic,0,1,completed,5.0,qft_arithmetic,positive_semantic
0,0,8,NF25-70e3b4f41b097c72,exact_region_phase_tables_and_boundary_sequence,True,20,22,False,34,64,14,2147483648,4968,0,not used,0,83640320,0.0006469170330092311,20260803,semantic,1,1,completed,5.0,qft_arithmetic,positive_semantic
0,0,8,NF25-496c723376ba8b09,exact_region_phase_tables_and_boundary_sequence,True,20,22,False,34,64,14,2147483648,4968,0,not used,1,83640320,0.0004278329433873296,20260803,semantic,1,1,completed,5.0,qft_arithmetic,positive_semantic
0,0,8,NF25-7121bd275c503fe9,exact_region_phase_tables_and_boundary_sequence,True,20,22,False,34,64,14,2147483648,4968,1,qiskit transformation contract,0,83640320,0.0019940000493079424,20260803,semantic,1,1,completed,5.0,qft_arithmetic,positive_semantic
0,0,8,NF25-8db3532aeb34aeb3,exact_region_phase_tables_and_boundary_sequence,True,20,22,False,34,64,14,2147483648,4968,1,qiskit transformation contract,1,83640320,0.0016894170548766851,20260803,semantic,1,1,completed,5.0,qft_arithmetic,positive_semantic
1,0,8,NF25-c397c2e3be9acf88,exact_region_phase_tables_and_boundary_sequence,True,20,22,False,34,64,14,2147483648,4968,0,not used,0,83656704,0.0006283329566940665,20260803,semantic,1,1,completed,5.0,qft_arithmetic,positive_semantic
1,0,8,NF25-c5b4d3dfc7f2dc58,exact_region_phase_tables_and_boundary_sequence,True,20,22,False,34,64,14,2147483648,4968,0,not used,1,83656704,0.0004277090774849057,20260803,semantic,1,1,completed,5.0,qft_arithmetic,positive_semantic
1,0,8,NF25-0def5dfde812aa22,exact_region_phase_tables_and_boundary_sequence,True,20,22,False,34,64,14,2147483648,4968,1,qiskit transformation contract,0,83656704,0.0020541250705718994,20260803,semantic,1,1,completed,5.0,qft_arithmetic,positive_semantic
1,0,8,NF25-a8da941d3274a0e8,exact_region_phase_tables_and_boundary_sequence,True,20,22,False,34,64,14,2147483648,4968,1,qiskit transformation contract,1,83656704,0.0017552499193698168,20260803,semantic,1,1,completed,5.0,qft_arithmetic,positive_semantic
0,0,4,NF25-f1e1d470dfb94f0b,exact_region_phase_tables_and_boundary_sequence,True,120,127,False,184,64,64,2147483648,21968,0,not used,0,83656704,0.00034012505784630775,20260804,flat,0,0,completed,5.0,qft_arithmetic,positive_semantic
0,0,4,NF25-df148c23ca3dd209,exact_region_phase_tables_and_boundary_sequence,True,120,127,False,184,64,64,2147483648,21968,0,not used,1,83656704,0.0003326250007376075,20260804,flat,0,0,completed,5.0,qft_arithmetic,positive_semantic
0,0,4,NF25-2f51ad1e9496332a,exact_region_phase_tables_and_boundary_sequence,True,20,22,False,34,64,64,2147483648,4968,1,qiskit transformation contract,0,83656704,0.0016863750061020255,20260804,flat,0,0,completed,5.0,qft_arithmetic,positive_semantic
0,0,4,NF25-d656bee1405e78b9,exact_region_phase_tables_and_boundary_sequence,True,20,22,False,34,64,64,2147483648,4968,1,qiskit transformation contract,1,83656704,0.0016817080322653055,20260804,flat,0,0,completed,5.0,qft_arithmetic,positive_semantic
1,0,4,NF25-1ed21d169b03f0a4,exact_region_phase_tables_and_boundary_sequence,True,120,127,False,184,64,64,2147483648,21968,0,not used,0,83656704,0.00033899990376085043,20260804,flat,0,0,completed,5.0,qft_arithmetic,positive_semantic
1,0,4,NF25-2c7567e3c14fa79f,exact_region_phase_tables_and_boundary_sequence,True,120,127,False,184,64,64,2147483648,21968,0,not used,1,83656704,0.0003345829900354147,20260804,flat,0,0,completed,5.0,qft_arithmetic,positive_semantic
1,0,4,NF25-357e1bfecea3b7b6,exact_region_phase_tables_and_boundary_sequence,True,20,22,False,34,64,64,2147483648,4968,1,qiskit transformation contract,0,83673088,0.0016956670442596078,20260804,flat,0,0,completed,5.0,qft_arithmetic,positive_semantic
1,0,4,NF25-ec28b6c3b3dd7d78,exact_region_phase_tables_and_boundary_sequence,True,20,22,False,34,64,64,2147483648,4968,1,qiskit transformation contract,1,83689472,0.0017246250063180923,20260804,flat,0,0,completed,5.0,qft_arithmetic,positive_semantic
0,0,4,NF25-4d33493bc519ee91,exact_region_phase_tables_and_boundary_sequence,True,120,127,False,184,64,64,2147483648,21968,0,not used,0,83689472,0.0003351250197738409,20260804,flat,1,0,completed,5.0,qft_arithmetic,positive_semantic
0,0,4,NF25-4f03626f65e0f6a9,exact_region_phase_tables_and_boundary_sequence,True,120,127,False,184,64,64,2147483648,21968,0,not used,1,83689472,0.00031637493520975113,20260804,flat,1,0,completed,5.0,qft_arithmetic,positive_semantic
0,0,4,NF25-00e27b487bb90b82,exact_region_phase_tables_and_boundary_sequence,True,20,22,False,34,64,64,2147483648,4968,1,qiskit transformation contract,0,83689472,0.0018007500329986215,20260804,flat,1,0,completed,5.0,qft_arithmetic,positive_semantic
0,0,4,NF25-171b3cbfd1192e12,exact_region_phase_tables_and_boundary_sequence,True,20,22,False,34,64,64,2147483648,4968,1,qiskit transformation contract,1,83689472,0.001671166974119842,20260804,flat,1,0,completed,5.0,qft_arithmetic,positive_semantic
1,0,4,NF25-d46aa13873febbbc,exact_region_phase_tables_and_boundary_sequence,True,120,127,False,184,64,64,2147483648,21968,0,not used,0,83689472,0.0003373749786987901,20260804,flat,1,0,completed,5.0,qft_arithmetic,positive_semantic
1,0,4,NF25-926ccf2c6d544d22,exact_region_phase_tables_and_boundary_sequence,True,120,127,False,184,64,64,2147483648,21968,0,not used,1,83689472,0.00033529195934534073,20260804,flat,1,0,completed,5.0,qft_arithmetic,positive_semantic
1,0,4,NF25-d130af2434e1b78c,exact_region_phase_tables_and_boundary_sequence,True,20,22,False,34,64,64,2147483648,4968,1,qiskit transformation contract,0,83689472,0.001687500043772161,20260804,flat,1,0,completed,5.0,qft_arithmetic,positive_semantic
1,0,4,NF25-7ca8094eaa6df7d1,exact_region_phase_tables_and_boundary_sequence,True,20,22,False,34,64,64,2147483648,4968,1,qiskit transformation contract,1,83705856,0.0016047499375417829,20260804,flat,1,0,completed,5.0,qft_arithmetic,positive_semantic
0,0,4,NF25-9113e90b9f9b8e82,exact_region_phase_tables_and_boundary_sequence,True,20,22,False,34,64,14,2147483648,4968,0,not used,0,83705856,0.0001044170930981636,20260804,semantic,0,1,completed,5.0,qft_arithmetic,positive_semantic
0,0,4,NF25-3f0484a99cf5f961,exact_region_phase_tables_and_boundary_sequence,True,20,22,False,34,64,14,2147483648,4968,0,not used,1,83722240,0.00010029191616922617,20260804,semantic,0,1,completed,5.0,qft_arithmetic,positive_semantic
0,0,4,NF25-1637cd04eb4287ab,exact_region_phase_tables_and_boundary_sequence,True,20,22,False,34,64,14,2147483648,4968,1,qiskit transformation contract,0,83722240,0.0013947919942438602,20260804,semantic,0,1,completed,5.0,qft_arithmetic,positive_semantic
0,0,4,NF25-5dc7bb49b6d79b5d,exact_region_phase_tables_and_boundary_sequence,True,20,22,False,34,64,14,2147483648,4968,1,qiskit transformation contract,1,83738624,0.0014215830015018582,20260804,semantic,0,1,completed,5.0,qft_arithmetic,positive_semantic
1,0,4,NF25-fb70a51bc19ac466,exact_region_phase_tables_and_boundary_sequence,True,20,22,False,34,64,14,2147483648,4968,0,not used,0,83738624,0.00011154194362461567,20260804,semantic,0,1,completed,5.0,qft_arithmetic,positive_semantic
1,0,4,NF25-440dc533f7e95728,exact_region_phase_tables_and_boundary_sequence,True,20,22,False,34,64,14,2147483648,4968,0,not used,1,83738624,0.00011654093395918608,20260804,semantic,0,1,completed,5.0,qft_arithmetic,positive_semantic
1,0,4,NF25-fb7a092456971515,exact_region_phase_tables_and_boundary_sequence,True,20,22,False,34,64,14,2147483648,4968,1,qiskit transformation contract,0,83771392,0.0015714169712737203,20260804,semantic,0,1,completed,5.0,qft_arithmetic,positive_semantic
1,0,4,NF25-01de44255e32f2c4,exact_region_phase_tables_and_boundary_sequence,True,20,22,False,34,64,14,2147483648,4968,1,qiskit transformation contract,1,83771392,0.0014291669940575957,20260804,semantic,0,1,completed,5.0,qft_arithmetic,positive_semantic
0,0,8,NF25-e173785e8b32c4cc,exact_region_phase_tables_and_boundary_sequence,True,20,22,False,34,64,14,2147483648,4968,0,not used,0,83771392,0.0006345410365611315,20260804,semantic,1,1,completed,5.0,qft_arithmetic,positive_semantic
0,0,8,NF25-7ca50c10d1f93b2b,exact_region_phase_tables_and_boundary_sequence,True,20,22,False,34,64,14,2147483648,4968,0,not used,1,83771392,0.0004319580039009452,20260804,semantic,1,1,completed,5.0,qft_arithmetic,positive_semantic
0,0,8,NF25-529a27fbd4ae9ddf,exact_region_phase_tables_and_boundary_sequence,True,20,22,False,34,64,14,2147483648,4968,1,qiskit transformation contract,0,83771392,0.0019251250196248293,20260804,semantic,1,1,completed,5.0,qft_arithmetic,positive_semantic
0,0,8,NF25-26078c4fa08207fc,exact_region_phase_tables_and_boundary_sequence,True,20,22,False,34,64,14,2147483648,4968,1,qiskit transformation contract,1,83771392,0.0017604170134291053,20260804,semantic,1,1,completed,5.0,qft_arithmetic,positive_semantic
1,0,8,NF25-2bf1fa3934e7fa8f,exact_region_phase_tables_and_boundary_sequence,True,20,22,False,34,64,14,2147483648,4968,0,not used,0,83771392,0.0006328329909592867,20260804,semantic,1,1,completed,5.0,qft_arithmetic,positive_semantic
1,0,8,NF25-4be403f655e10362,exact_region_phase_tables_and_boundary_sequence,True,20,22,False,34,64,14,2147483648,4968,0,not used,1,83771392,0.00044824997894465923,20260804,semantic,1,1,completed,5.0,qft_arithmetic,positive_semantic
1,0,8,NF25-afde4a2b7a400d6d,exact_region_phase_tables_and_boundary_sequence,True,20,22,False,34,64,14,2147483648,4968,1,qiskit transformation contract,0,83804160,0.0021408339962363243,20260804,semantic,1,1,completed,5.0,qft_arithmetic,positive_semantic
1,0,8,NF25-50b2a1ffd8599be3,exact_region_phase_tables_and_boundary_sequence,True,20,22,False,34,64,14,2147483648,4968,1,qiskit transformation contract,1,83804160,0.0017735420260578394,20260804,semantic,1,1,completed,5.0,qft_arithmetic,positive_semantic
0,0,4,NF25-37096fa05b9c5ff2,exact_region_phase_tables_and_boundary_sequence,True,120,127,False,184,64,64,2147483648,21968,0,not used,0,83804160,0.00033008307218551636,20260805,flat,0,0,completed,5.0,qft_arithmetic,positive_semantic
0,0,4,NF25-babaf0fcd2721ebd,exact_region_phase_tables_and_boundary_sequence,True,120,127,False,184,64,64,2147483648,21968,0,not used,1,83804160,0.00033608300145715475,20260805,flat,0,0,completed,5.0,qft_arithmetic,positive_semantic
0,0,4,NF25-1cacb7f060b3da2d,exact_region_phase_tables_and_boundary_sequence,True,20,22,False,34,64,64,2147483648,4968,1,qiskit transformation contract,0,83804160,0.0016987919807434082,20260805,flat,0,0,completed,5.0,qft_arithmetic,positive_semantic
0,0,4,NF25-30ee3623234b98d0,exact_region_phase_tables_and_boundary_sequence,True,20,22,False,34,64,64,2147483648,4968,1,qiskit transformation contract,1,83804160,0.0016972499433904886,20260805,flat,0,0,completed,5.0,qft_arithmetic,positive_semantic
1,0,4,NF25-b77bacbc154063a8,exact_region_phase_tables_and_boundary_sequence,True,120,127,False,184,64,64,2147483648,21968,0,not used,0,83804160,0.0003373330691829324,20260805,flat,0,0,completed,5.0,qft_arithmetic,positive_semantic
1,0,4,NF25-635adf7e0af12eea,exact_region_phase_tables_and_boundary_sequence,True,120,127,False,184,64,64,2147483648,21968,0,not used,1,83804160,0.00033249997068196535,20260805,flat,0,0,completed,5.0,qft_arithmetic,positive_semantic
1,0,4,NF25-1d3f5678dcb485e6,exact_region_phase_tables_and_boundary_sequence,True,20,22,False,34,64,64,2147483648,4968,1,qiskit transformation contract,0,83836928,0.0016859590541571379,20260805,flat,0,0,completed,5.0,qft_arithmetic,positive_semantic
1,0,4,NF25-40ea72f7ed45024c,exact_region_phase_tables_and_boundary_sequence,True,20,22,False,34,64,64,2147483648,4968,1,qiskit transformation contract,1,83836928,0.0016749589703977108,20260805,flat,0,0,completed,5.0,qft_arithmetic,positive_semantic
0,0,4,NF25-6d47f629d4544027,exact_region_phase_tables_and_boundary_sequence,True,120,127,False,184,64,64,2147483648,21968,0,not used,0,83836928,0.0003359159454703331,20260805,flat,1,0,completed,5.0,qft_arithmetic,positive_semantic
0,0,4,NF25-ce4de2e76a2e3269,exact_region_phase_tables_and_boundary_sequence,True,120,127,False,184,64,64,2147483648,21968,0,not used,1,83836928,0.0003333339700475335,20260805,flat,1,0,completed,5.0,qft_arithmetic,positive_semantic
0,0,4,NF25-db67529b5ca52908,exact_region_phase_tables_and_boundary_sequence,True,20,22,False,34,64,64,2147483648,4968,1,qiskit transformation contract,0,83853312,0.001817041076719761,20260805,flat,1,0,completed,5.0,qft_arithmetic,positive_semantic
0,0,4,NF25-509f4135c69ad2c3,exact_region_phase_tables_and_boundary_sequence,True,20,22,False,34,64,64,2147483648,4968,1,qiskit transformation contract,1,83853312,0.0016738339327275753,20260805,flat,1,0,completed,5.0,qft_arithmetic,positive_semantic
1,0,4,NF25-d4f8c4ee47728936,exact_region_phase_tables_and_boundary_sequence,True,120,127,False,184,64,64,2147483648,21968,0,not used,0,83853312,0.00033829198218882084,20260805,flat,1,0,completed,5.0,qft_arithmetic,positive_semantic
1,0,4,NF25-c7dc0e3aa21f4299,exact_region_phase_tables_and_boundary_sequence,True,120,127,False,184,64,64,2147483648,21968,0,not used,1,83853312,0.0003203329397365451,20260805,flat,1,0,completed,5.0,qft_arithmetic,positive_semantic
1,0,4,NF25-656050fc3261cfa4,exact_region_phase_tables_and_boundary_sequence,True,20,22,False,34,64,64,2147483648,4968,1,qiskit transformation contract,0,83853312,0.001657332992181182,20260805,flat,1,0,completed,5.0,qft_arithmetic,positive_semantic
1,0,4,NF25-17c9d6216796b487,exact_region_phase_tables_and_boundary_sequence,True,20,22,False,34,64,64,2147483648,4968,1,qiskit transformation contract,1,83853312,0.0016758330166339874,20260805,flat,1,0,completed,5.0,qft_arithmetic,positive_semantic
0,0,4,NF25-57c9cf692ab14c59,exact_region_phase_tables_and_boundary_sequence,True,20,22,False,34,64,14,2147483648,4968,0,not used,0,83853312,0.00011091702617704868,20260805,semantic,0,1,completed,5.0,qft_arithmetic,positive_semantic
0,0,4,NF25-259bd0b63b7fa8f0,exact_region_phase_tables_and_boundary_sequence,True,20,22,False,34,64,14,2147483648,4968,0,not used,1,83853312,0.0001052080187946558,20260805,semantic,0,1,completed,5.0,qft_arithmetic,positive_semantic
0,0,4,NF25-156c11ac2298e08f,exact_region_phase_tables_and_boundary_sequence,True,20,22,False,34,64,14,2147483648,4968,1,qiskit transformation contract,0,83853312,0.001409083022736013,20260805,semantic,0,1,completed,5.0,qft_arithmetic,positive_semantic
0,0,4,NF25-f969e9f2cbf1bbc1,exact_region_phase_tables_and_boundary_sequence,True,20,22,False,34,64,14,2147483648,4968,1,qiskit transformation contract,1,83853312,0.001414499944075942,20260805,semantic,0,1,completed,5.0,qft_arithmetic,positive_semantic
1,0,4,NF25-88221f612a7886ee,exact_region_phase_tables_and_boundary_sequence,True,20,22,False,34,64,14,2147483648,4968,0,not used,0,83853312,0.00011237501166760921,20260805,semantic,0,1,completed,5.0,qft_arithmetic,positive_semantic
1,0,4,NF25-bb5eb20cd0a80b88,exact_region_phase_tables_and_boundary_sequence,True,20,22,False,34,64,14,2147483648,4968,0,not used,1,83853312,0.00011558400001376867,20260805,semantic,0,1,completed,5.0,qft_arithmetic,positive_semantic
1,0,4,NF25-9639dc7a171c5d41,exact_region_phase_tables_and_boundary_sequence,True,20,22,False,34,64,14,2147483648,4968,1,qiskit transformation contract,0,83886080,0.0015690000727772713,20260805,semantic,0,1,completed,5.0,qft_arithmetic,positive_semantic
1,0,4,NF25-252329ac26154549,exact_region_phase_tables_and_boundary_sequence,True,20,22,False,34,64,14,2147483648,4968,1,qiskit transformation contract,1,83886080,0.0014125000452622771,20260805,semantic,0,1,completed,5.0,qft_arithmetic,positive_semantic
0,0,8,NF25-01ae01b1009e955f,exact_region_phase_tables_and_boundary_sequence,True,20,22,False,34,64,14,2147483648,4968,0,not used,0,83886080,0.000634416937828064,20260805,semantic,1,1,completed,5.0,qft_arithmetic,positive_semantic
0,0,8,NF25-8650a42d121585a1,exact_region_phase_tables_and_boundary_sequence,True,20,22,False,34,64,14,2147483648,4968,0,not used,1,83886080,0.00042749999556690454,20260805,semantic,1,1,completed,5.0,qft_arithmetic,positive_semantic
0,0,8,NF25-d30788167e2cf66e,exact_region_phase_tables_and_boundary_sequence,True,20,22,False,34,64,14,2147483648,4968,1,qiskit transformation contract,0,83886080,0.0019317909609526396,20260805,semantic,1,1,completed,5.0,qft_arithmetic,positive_semantic
0,0,8,NF25-1c9487706176ab83,exact_region_phase_tables_and_boundary_sequence,True,20,22,False,34,64,14,2147483648,4968,1,qiskit transformation contract,1,83902464,0.0017824169481173158,20260805,semantic,1,1,completed,5.0,qft_arithmetic,positive_semantic
1,0,8,NF25-706bdbe30007ee8f,exact_region_phase_tables_and_boundary_sequence,True,20,22,False,34,64,14,2147483648,4968,0,not used,0,83902464,0.0006313750054687262,20260805,semantic,1,1,completed,5.0,qft_arithmetic,positive_semantic
1,0,8,NF25-fe8494ee3c1a85c2,exact_region_phase_tables_and_boundary_sequence,True,20,22,False,34,64,14,2147483648,4968,0,not used,1,83902464,0.0004057080950587988,20260805,semantic,1,1,completed,5.0,qft_arithmetic,positive_semantic
1,0,8,NF25-d65fbaac17d539f0,exact_region_phase_tables_and_boundary_sequence,True,20,22,False,34,64,14,2147483648,4968,1,qiskit transformation contract,0,83984384,0.002158083952963352,20260805,semantic,1,1,completed,5.0,qft_arithmetic,positive_semantic
1,0,8,NF25-535017d1104ec940,exact_region_phase_tables_and_boundary_sequence,True,20,22,False,34,64,14,2147483648,4968,1,qiskit transformation contract,1,83984384,0.0017863329267129302,20260805,semantic,1,1,completed,5.0,qft_arithmetic,positive_semantic
0,0,4,NF25-fc478f22e718c55e,exact_region_phase_tables_and_boundary_sequence,True,64,97,False,100,36,36,2147483648,12048,0,not used,0,83984384,0.00021479197312146425,20260801,flat,0,0,completed,5.0,qpe_controlled_powers,positive_semantic
0,0,4,NF25-a8e20cd4bbc623e7,exact_region_phase_tables_and_boundary_sequence,True,64,97,False,100,36,36,2147483648,12048,0,not used,1,83984384,0.00020670902449637651,20260801,flat,0,0,completed,5.0,qpe_controlled_powers,positive_semantic
0,0,4,NF25-96e2e5e381b3b3e1,exact_region_phase_tables_and_boundary_sequence,True,8,13,False,16,36,36,2147483648,2040,1,qiskit transformation contract,0,84000768,0.0015257919440045953,20260801,flat,0,0,completed,5.0,qpe_controlled_powers,positive_semantic
0,0,4,NF25-c17fb65e50070bdc,exact_region_phase_tables_and_boundary_sequence,True,8,13,False,16,36,36,2147483648,2040,1,qiskit transformation contract,1,84000768,0.0014724580105394125,20260801,flat,0,0,completed,5.0,qpe_controlled_powers,positive_semantic
1,0,4,NF25-99bbb9b714dfa861,exact_region_phase_tables_and_boundary_sequence,True,64,97,False,100,36,36,2147483648,12048,0,not used,0,84000768,0.00020845804829150438,20260801,flat,0,0,completed,5.0,qpe_controlled_powers,positive_semantic
1,0,4,NF25-f63353097deadb93,exact_region_phase_tables_and_boundary_sequence,True,64,97,False,100,36,36,2147483648,12048,0,not used,1,84000768,0.00020549993496388197,20260801,flat,0,0,completed,5.0,qpe_controlled_powers,positive_semantic
1,0,4,NF25-ea5e3f32cd0997b3,exact_region_phase_tables_and_boundary_sequence,True,8,13,False,16,36,36,2147483648,2040,1,qiskit transformation contract,0,84017152,0.0014700420433655381,20260801,flat,0,0,completed,5.0,qpe_controlled_powers,positive_semantic
1,0,4,NF25-248fbe206b385b1e,exact_region_phase_tables_and_boundary_sequence,True,8,13,False,16,36,36,2147483648,2040,1,qiskit transformation contract,1,84017152,0.0014629579382017255,20260801,flat,0,0,completed,5.0,qpe_controlled_powers,positive_semantic
0,0,4,NF25-e681648e765a076f,exact_region_phase_tables_and_boundary_sequence,True,64,97,False,100,36,36,2147483648,12048,0,not used,0,84017152,0.00020650005899369717,20260801,flat,1,0,completed,5.0,qpe_controlled_powers,positive_semantic
0,0,4,NF25-46b0e7da24449feb,exact_region_phase_tables_and_boundary_sequence,True,64,97,False,100,36,36,2147483648,12048,0,not used,1,84017152,0.00020970799960196018,20260801,flat,1,0,completed,5.0,qpe_controlled_powers,positive_semantic
0,0,4,NF25-cb29a97731238579,exact_region_phase_tables_and_boundary_sequence,True,8,13,False,16,36,36,2147483648,2040,1,qiskit transformation contract,0,84099072,0.001477833022363484,20260801,flat,1,0,completed,5.0,qpe_controlled_powers,positive_semantic
0,0,4,NF25-7c7bf5b1f9623ec1,exact_region_phase_tables_and_boundary_sequence,True,8,13,False,16,36,36,2147483648,2040,1,qiskit transformation contract,1,84131840,0.0016168750589713454,20260801,flat,1,0,completed,5.0,qpe_controlled_powers,positive_semantic
1,0,4,NF25-6e4ebddb72c7595a,exact_region_phase_tables_and_boundary_sequence,True,64,97,False,100,36,36,2147483648,12048,0,not used,0,84131840,0.00023937493097037077,20260801,flat,1,0,completed,5.0,qpe_controlled_powers,positive_semantic
1,0,4,NF25-78fc0b0f7f86125b,exact_region_phase_tables_and_boundary_sequence,True,64,97,False,100,36,36,2147483648,12048,0,not used,1,84131840,0.0002037090016528964,20260801,flat,1,0,completed,5.0,qpe_controlled_powers,positive_semantic
1,0,4,NF25-76ce178388466dd0,exact_region_phase_tables_and_boundary_sequence,True,8,13,False,16,36,36,2147483648,2040,1,qiskit transformation contract,0,84131840,0.0014066670555621386,20260801,flat,1,0,completed,5.0,qpe_controlled_powers,positive_semantic
1,0,4,NF25-f31d47032594f0ed,exact_region_phase_tables_and_boundary_sequence,True,8,13,False,16,36,36,2147483648,2040,1,qiskit transformation contract,1,84131840,0.0014446659479290247,20260801,flat,1,0,completed,5.0,qpe_controlled_powers,positive_semantic
0,0,4,NF25-34222d7ae95adff6,exact_region_phase_tables_and_boundary_sequence,True,8,13,False,16,36,8,2147483648,2040,0,not used,0,84131840,8.187501225620508e-05,20260801,semantic,0,1,completed,5.0,qpe_controlled_powers,positive_semantic
0,0,4,NF25-45f89684dc8a1504,exact_region_phase_tables_and_boundary_sequence,True,8,13,False,16,36,8,2147483648,2040,0,not used,1,84131840,7.175002247095108e-05,20260801,semantic,0,1,completed,5.0,qpe_controlled_powers,positive_semantic
0,0,4,NF25-16ba8ea0363a351a,exact_region_phase_tables_and_boundary_sequence,True,8,13,False,16,36,8,2147483648,2040,1,qiskit transformation contract,0,84148224,0.0013037080643698573,20260801,semantic,0,1,completed,5.0,qpe_controlled_powers,positive_semantic
0,0,4,NF25-dede373df80d7da3,exact_region_phase_tables_and_boundary_sequence,True,8,13,False,16,36,8,2147483648,2040,1,qiskit transformation contract,1,84148224,0.0013180420501157641,20260801,semantic,0,1,completed,5.0,qpe_controlled_powers,positive_semantic
1,0,4,NF25-c70e4bc070fb9e61,exact_region_phase_tables_and_boundary_sequence,True,8,13,False,16,36,8,2147483648,2040,0,not used,0,84148224,8.150003850460052e-05,20260801,semantic,0,1,completed,5.0,qpe_controlled_powers,positive_semantic
1,0,4,NF25-2ed899c014332fba,exact_region_phase_tables_and_boundary_sequence,True,8,13,False,16,36,8,2147483648,2040,0,not used,1,84148224,7.595808710902929e-05,20260801,semantic,0,1,completed,5.0,qpe_controlled_powers,positive_semantic
1,0,4,NF25-e714a9d366cbfbce,exact_region_phase_tables_and_boundary_sequence,True,8,13,False,16,36,8,2147483648,2040,1,qiskit transformation contract,0,84164608,0.0013222909765318036,20260801,semantic,0,1,completed,5.0,qpe_controlled_powers,positive_semantic
1,0,4,NF25-1ce8214ba1437603,exact_region_phase_tables_and_boundary_sequence,True,8,13,False,16,36,8,2147483648,2040,1,qiskit transformation contract,1,84164608,0.0013305420288816094,20260801,semantic,0,1,completed,5.0,qpe_controlled_powers,positive_semantic
0,0,8,NF25-30a373a571672b83,exact_region_phase_tables_and_boundary_sequence,True,8,13,False,16,36,8,2147483648,2040,0,not used,0,84164608,0.0003880829317495227,20260801,semantic,1,1,completed,5.0,qpe_controlled_powers,positive_semantic
0,0,8,NF25-3ff3fd2ba62e8fc9,exact_region_phase_tables_and_boundary_sequence,True,8,13,False,16,36,8,2147483648,2040,0,not used,1,84213760,0.0002851249882951379,20260801,semantic,1,1,completed,5.0,qpe_controlled_powers,positive_semantic
0,0,8,NF25-60aa6b73f9436bd3,exact_region_phase_tables_and_boundary_sequence,True,8,13,False,16,36,8,2147483648,2040,1,qiskit transformation contract,0,84246528,0.001792041934095323,20260801,semantic,1,1,completed,5.0,qpe_controlled_powers,positive_semantic
0,0,8,NF25-4c9f5e4679d74edf,exact_region_phase_tables_and_boundary_sequence,True,8,13,False,16,36,8,2147483648,2040,1,qiskit transformation contract,1,84246528,0.0015157500747591257,20260801,semantic,1,1,completed,5.0,qpe_controlled_powers,positive_semantic
1,0,8,NF25-81718e5f9824b821,exact_region_phase_tables_and_boundary_sequence,True,8,13,False,16,36,8,2147483648,2040,0,not used,0,84246528,0.0003867920022457838,20260801,semantic,1,1,completed,5.0,qpe_controlled_powers,positive_semantic
1,0,8,NF25-f10d2f7472703800,exact_region_phase_tables_and_boundary_sequence,True,8,13,False,16,36,8,2147483648,2040,0,not used,1,84246528,0.00027470802888274193,20260801,semantic,1,1,completed,5.0,qpe_controlled_powers,positive_semantic
1,0,8,NF25-ee6a2ca4fd274dcb,exact_region_phase_tables_and_boundary_sequence,True,8,13,False,16,36,8,2147483648,2040,1,qiskit transformation contract,0,84246528,0.001622666954062879,20260801,semantic,1,1,completed,5.0,qpe_controlled_powers,positive_semantic
1,0,8,NF25-57202a8b05e23c0b,exact_region_phase_tables_and_boundary_sequence,True,8,13,False,16,36,8,2147483648,2040,1,qiskit transformation contract,1,84246528,0.0015192499849945307,20260801,semantic,1,1,completed,5.0,qpe_controlled_powers,positive_semantic
0,0,4,NF25-69135738ca081161,exact_region_phase_tables_and_boundary_sequence,True,64,97,False,100,36,36,2147483648,12048,0,not used,0,84246528,0.0002233750419691205,20260802,flat,0,0,completed,5.0,qpe_controlled_powers,positive_semantic
0,0,4,NF25-8a61271ba587e384,exact_region_phase_tables_and_boundary_sequence,True,64,97,False,100,36,36,2147483648,12048,0,not used,1,84246528,0.0002050410257652402,20260802,flat,0,0,completed,5.0,qpe_controlled_powers,positive_semantic
0,0,4,NF25-26106d498659f851,exact_region_phase_tables_and_boundary_sequence,True,8,13,False,16,36,36,2147483648,2040,1,qiskit transformation contract,0,84246528,0.0014074579812586308,20260802,flat,0,0,completed,5.0,qpe_controlled_powers,positive_semantic
0,0,4,NF25-afa46495742b09a8,exact_region_phase_tables_and_boundary_sequence,True,8,13,False,16,36,36,2147483648,2040,1,qiskit transformation contract,1,84246528,0.0014364999951794744,20260802,flat,0,0,completed,5.0,qpe_controlled_powers,positive_semantic
1,0,4,NF25-f446db2ca18a51c9,exact_region_phase_tables_and_boundary_sequence,True,64,97,False,100,36,36,2147483648,12048,0,not used,0,84246528,0.00020895805209875107,20260802,flat,0,0,completed,5.0,qpe_controlled_powers,positive_semantic
1,0,4,NF25-8c2526ac58cf1f48,exact_region_phase_tables_and_boundary_sequence,True,64,97,False,100,36,36,2147483648,12048,0,not used,1,84262912,0.0002015829086303711,20260802,flat,0,0,completed,5.0,qpe_controlled_powers,positive_semantic
1,0,4,NF25-1bfd3ab647f94165,exact_region_phase_tables_and_boundary_sequence,True,8,13,False,16,36,36,2147483648,2040,1,qiskit transformation contract,0,84262912,0.001661041984334588,20260802,flat,0,0,completed,5.0,qpe_controlled_powers,positive_semantic
1,0,4,NF25-5af628e1099e871e,exact_region_phase_tables_and_boundary_sequence,True,8,13,False,16,36,36,2147483648,2040,1,qiskit transformation contract,1,84262912,0.0014595000538975,20260802,flat,0,0,completed,5.0,qpe_controlled_powers,positive_semantic
0,0,4,NF25-63c667b4554eb893,exact_region_phase_tables_and_boundary_sequence,True,64,97,False,100,36,36,2147483648,12048,0,not used,0,84262912,0.0002127919578924775,20260802,flat,1,0,completed,5.0,qpe_controlled_powers,positive_semantic
0,0,4,NF25-ea262bf22baa0377,exact_region_phase_tables_and_boundary_sequence,True,64,97,False,100,36,36,2147483648,12048,0,not used,1,84262912,0.00020545802544802427,20260802,flat,1,0,completed,5.0,qpe_controlled_powers,positive_semantic
0,0,4,NF25-2060d6ff95afca0c,exact_region_phase_tables_and_boundary_sequence,True,8,13,False,16,36,36,2147483648,2040,1,qiskit transformation contract,0,84262912,0.0014709579991176724,20260802,flat,1,0,completed,5.0,qpe_controlled_powers,positive_semantic
0,0,4,NF25-bdb6f5fd41ede993,exact_region_phase_tables_and_boundary_sequence,True,8,13,False,16,36,36,2147483648,2040,1,qiskit transformation contract,1,84262912,0.001415165956132114,20260802,flat,1,0,completed,5.0,qpe_controlled_powers,positive_semantic
1,0,4,NF25-0a5690b9a529e594,exact_region_phase_tables_and_boundary_sequence,True,64,97,False,100,36,36,2147483648,12048,0,not used,0,84262912,0.00020187499467283487,20260802,flat,1,0,completed,5.0,qpe_controlled_powers,positive_semantic
1,0,4,NF25-adbb86e1bfcdbb4d,exact_region_phase_tables_and_boundary_sequence,True,64,97,False,100,36,36,2147483648,12048,0,not used,1,84262912,0.00020487501751631498,20260802,flat,1,0,completed,5.0,qpe_controlled_powers,positive_semantic
1,0,4,NF25-2a11632ebd0fc162,exact_region_phase_tables_and_boundary_sequence,True,8,13,False,16,36,36,2147483648,2040,1,qiskit transformation contract,0,84262912,0.0014533329522237182,20260802,flat,1,0,completed,5.0,qpe_controlled_powers,positive_semantic
1,0,4,NF25-a1dc49295701bc66,exact_region_phase_tables_and_boundary_sequence,True,8,13,False,16,36,36,2147483648,2040,1,qiskit transformation contract,1,84262912,0.0015097090508788824,20260802,flat,1,0,completed,5.0,qpe_controlled_powers,positive_semantic
0,0,4,NF25-fd2959cfa2d016c4,exact_region_phase_tables_and_boundary_sequence,True,8,13,False,16,36,8,2147483648,2040,0,not used,0,84262912,7.958302740007639e-05,20260802,semantic,0,1,completed,5.0,qpe_controlled_powers,positive_semantic
0,0,4,NF25-d500f7efd708d3f0,exact_region_phase_tables_and_boundary_sequence,True,8,13,False,16,36,8,2147483648,2040,0,not used,1,84262912,7.754203397780657e-05,20260802,semantic,0,1,completed,5.0,qpe_controlled_powers,positive_semantic
0,0,4,NF25-beeac9b4a4dd8b9a,exact_region_phase_tables_and_boundary_sequence,True,8,13,False,16,36,8,2147483648,2040,1,qiskit transformation contract,0,84262912,0.001323250005953014,20260802,semantic,0,1,completed,5.0,qpe_controlled_powers,positive_semantic
0,0,4,NF25-e8f11cc54a3b631b,exact_region_phase_tables_and_boundary_sequence,True,8,13,False,16,36,8,2147483648,2040,1,qiskit transformation contract,1,84262912,0.001332125044427812,20260802,semantic,0,1,completed,5.0,qpe_controlled_powers,positive_semantic
1,0,4,NF25-6d235b8fb84da25f,exact_region_phase_tables_and_boundary_sequence,True,8,13,False,16,36,8,2147483648,2040,0,not used,0,84262912,8.216709829866886e-05,20260802,semantic,0,1,completed,5.0,qpe_controlled_powers,positive_semantic
1,0,4,NF25-8e8c9f3621fad6b9,exact_region_phase_tables_and_boundary_sequence,True,8,13,False,16,36,8,2147483648,2040,0,not used,1,84262912,7.620803080499172e-05,20260802,semantic,0,1,completed,5.0,qpe_controlled_powers,positive_semantic
1,0,4,NF25-f9d84bbd6086b9a9,exact_region_phase_tables_and_boundary_sequence,True,8,13,False,16,36,8,2147483648,2040,1,qiskit transformation contract,0,84262912,0.0014936670195311308,20260802,semantic,0,1,completed,5.0,qpe_controlled_powers,positive_semantic
1,0,4,NF25-4cc106e54673cbd0,exact_region_phase_tables_and_boundary_sequence,True,8,13,False,16,36,8,2147483648,2040,1,qiskit transformation contract,1,84262912,0.0013207499869167805,20260802,semantic,0,1,completed,5.0,qpe_controlled_powers,positive_semantic
0,0,8,NF25-a1d1d071db0307cc,exact_region_phase_tables_and_boundary_sequence,True,8,13,False,16,36,8,2147483648,2040,0,not used,0,84262912,0.00038937502540647984,20260802,semantic,1,1,completed,5.0,qpe_controlled_powers,positive_semantic
0,0,8,NF25-f3626f209bb4995d,exact_region_phase_tables_and_boundary_sequence,True,8,13,False,16,36,8,2147483648,2040,0,not used,1,84262912,0.00027183303609490395,20260802,semantic,1,1,completed,5.0,qpe_controlled_powers,positive_semantic
0,0,8,NF25-fd21da5aa9564112,exact_region_phase_tables_and_boundary_sequence,True,8,13,False,16,36,8,2147483648,2040,1,qiskit transformation contract,0,84262912,0.0016231669578701258,20260802,semantic,1,1,completed,5.0,qpe_controlled_powers,positive_semantic
0,0,8,NF25-a1fa3443b811219b,exact_region_phase_tables_and_boundary_sequence,True,8,13,False,16,36,8,2147483648,2040,1,qiskit transformation contract,1,84279296,0.0015333329793065786,20260802,semantic,1,1,completed,5.0,qpe_controlled_powers,positive_semantic
1,0,8,NF25-c3dd965d35d30b66,exact_region_phase_tables_and_boundary_sequence,True,8,13,False,16,36,8,2147483648,2040,0,not used,0,84295680,0.00038166693411767483,20260802,semantic,1,1,completed,5.0,qpe_controlled_powers,positive_semantic
1,0,8,NF25-ebb013bc66d8a695,exact_region_phase_tables_and_boundary_sequence,True,8,13,False,16,36,8,2147483648,2040,0,not used,1,84295680,0.0002720420015975833,20260802,semantic,1,1,completed,5.0,qpe_controlled_powers,positive_semantic
1,0,8,NF25-69e82d9102a23dd3,exact_region_phase_tables_and_boundary_sequence,True,8,13,False,16,36,8,2147483648,2040,1,qiskit transformation contract,0,84295680,0.0016332089435309172,20260802,semantic,1,1,completed,5.0,qpe_controlled_powers,positive_semantic
1,0,8,NF25-671f04477d174464,exact_region_phase_tables_and_boundary_sequence,True,8,13,False,16,36,8,2147483648,2040,1,qiskit transformation contract,1,84295680,0.0015723330434411764,20260802,semantic,1,1,completed,5.0,qpe_controlled_powers,positive_semantic
0,0,4,NF25-561d78a52618bc34,exact_region_phase_tables_and_boundary_sequence,True,64,97,False,100,36,36,2147483648,12048,0,not used,0,84295680,0.0002146249171346426,20260803,flat,0,0,completed,5.0,qpe_controlled_powers,positive_semantic
0,0,4,NF25-22c9c34ab025410c,exact_region_phase_tables_and_boundary_sequence,True,64,97,False,100,36,36,2147483648,12048,0,not used,1,84295680,0.0002050000475719571,20260803,flat,0,0,completed,5.0,qpe_controlled_powers,positive_semantic
0,0,4,NF25-216e72280adfd3cb,exact_region_phase_tables_and_boundary_sequence,True,8,13,False,16,36,36,2147483648,2040,1,qiskit transformation contract,0,84295680,0.0014516660012304783,20260803,flat,0,0,completed,5.0,qpe_controlled_powers,positive_semantic
0,0,4,NF25-313a07601bab8358,exact_region_phase_tables_and_boundary_sequence,True,8,13,False,16,36,36,2147483648,2040,1,qiskit transformation contract,1,84295680,0.0014496250078082085,20260803,flat,0,0,completed,5.0,qpe_controlled_powers,positive_semantic
1,0,4,NF25-52a3d7ec2e6622e7,exact_region_phase_tables_and_boundary_sequence,True,64,97,False,100,36,36,2147483648,12048,0,not used,0,84295680,0.00020770903211086988,20260803,flat,0,0,completed,5.0,qpe_controlled_powers,positive_semantic
1,0,4,NF25-d0902518a02e8a3d,exact_region_phase_tables_and_boundary_sequence,True,64,97,False,100,36,36,2147483648,12048,0,not used,1,84295680,0.00020462495740503073,20260803,flat,0,0,completed,5.0,qpe_controlled_powers,positive_semantic
1,0,4,NF25-96f5397013a277aa,exact_region_phase_tables_and_boundary_sequence,True,8,13,False,16,36,36,2147483648,2040,1,qiskit transformation contract,0,84295680,0.0014562089927494526,20260803,flat,0,0,completed,5.0,qpe_controlled_powers,positive_semantic
1,0,4,NF25-1e8716569f6a967d,exact_region_phase_tables_and_boundary_sequence,True,8,13,False,16,36,36,2147483648,2040,1,qiskit transformation contract,1,84295680,0.0013973329914733768,20260803,flat,0,0,completed,5.0,qpe_controlled_powers,positive_semantic
0,0,4,NF25-d18d13175253a502,exact_region_phase_tables_and_boundary_sequence,True,64,97,False,100,36,36,2147483648,12048,0,not used,0,84295680,0.0002010409953072667,20260803,flat,1,0,completed,5.0,qpe_controlled_powers,positive_semantic
0,0,4,NF25-fc19c047b2093729,exact_region_phase_tables_and_boundary_sequence,True,64,97,False,100,36,36,2147483648,12048,0,not used,1,84295680,0.00020154204685240984,20260803,flat,1,0,completed,5.0,qpe_controlled_powers,positive_semantic
0,0,4,NF25-10a97a2d9020cc22,exact_region_phase_tables_and_boundary_sequence,True,8,13,False,16,36,36,2147483648,2040,1,qiskit transformation contract,0,84295680,0.0014405000256374478,20260803,flat,1,0,completed,5.0,qpe_controlled_powers,positive_semantic
0,0,4,NF25-1169d98888f43ea5,exact_region_phase_tables_and_boundary_sequence,True,8,13,False,16,36,36,2147483648,2040,1,qiskit transformation contract,1,84312064,0.0014604999450966716,20260803,flat,1,0,completed,5.0,qpe_controlled_powers,positive_semantic
1,0,4,NF25-10bca6e64e19be3c,exact_region_phase_tables_and_boundary_sequence,True,64,97,False,100,36,36,2147483648,12048,0,not used,0,84312064,0.0002115829847753048,20260803,flat,1,0,completed,5.0,qpe_controlled_powers,positive_semantic
1,0,4,NF25-44f1074d08216de0,exact_region_phase_tables_and_boundary_sequence,True,64,97,False,100,36,36,2147483648,12048,0,not used,1,84312064,0.0002030839677900076,20260803,flat,1,0,completed,5.0,qpe_controlled_powers,positive_semantic
1,0,4,NF25-db96adc5d4ce9e7e,exact_region_phase_tables_and_boundary_sequence,True,8,13,False,16,36,36,2147483648,2040,1,qiskit transformation contract,0,84361216,0.0016023749485611916,20260803,flat,1,0,completed,5.0,qpe_controlled_powers,positive_semantic
1,0,4,NF25-3953d75700d116a5,exact_region_phase_tables_and_boundary_sequence,True,8,13,False,16,36,36,2147483648,2040,1,qiskit transformation contract,1,84361216,0.001497040968388319,20260803,flat,1,0,completed,5.0,qpe_controlled_powers,positive_semantic
0,0,4,NF25-85ec46c376f32356,exact_region_phase_tables_and_boundary_sequence,True,8,13,False,16,36,8,2147483648,2040,0,not used,0,84361216,7.995904888957739e-05,20260803,semantic,0,1,completed,5.0,qpe_controlled_powers,positive_semantic
0,0,4,NF25-5d067156e28c690d,exact_region_phase_tables_and_boundary_sequence,True,8,13,False,16,36,8,2147483648,2040,0,not used,1,84361216,8.479203097522259e-05,20260803,semantic,0,1,completed,5.0,qpe_controlled_powers,positive_semantic
0,0,4,NF25-b86d246120b44748,exact_region_phase_tables_and_boundary_sequence,True,8,13,False,16,36,8,2147483648,2040,1,qiskit transformation contract,0,84361216,0.0012808330357074738,20260803,semantic,0,1,completed,5.0,qpe_controlled_powers,positive_semantic
0,0,4,NF25-1e96e41f253b8616,exact_region_phase_tables_and_boundary_sequence,True,8,13,False,16,36,8,2147483648,2040,1,qiskit transformation contract,1,84361216,0.001287959050387144,20260803,semantic,0,1,completed,5.0,qpe_controlled_powers,positive_semantic
1,0,4,NF25-42de54f78642b738,exact_region_phase_tables_and_boundary_sequence,True,8,13,False,16,36,8,2147483648,2040,0,not used,0,84361216,8.041702676564455e-05,20260803,semantic,0,1,completed,5.0,qpe_controlled_powers,positive_semantic
1,0,4,NF25-75f3543f9cea78e1,exact_region_phase_tables_and_boundary_sequence,True,8,13,False,16,36,8,2147483648,2040,0,not used,1,84361216,7.349997758865356e-05,20260803,semantic,0,1,completed,5.0,qpe_controlled_powers,positive_semantic
1,0,4,NF25-43dd5ace4d0fd91a,exact_region_phase_tables_and_boundary_sequence,True,8,13,False,16,36,8,2147483648,2040,1,qiskit transformation contract,0,84361216,0.0012834579683840275,20260803,semantic,0,1,completed,5.0,qpe_controlled_powers,positive_semantic
1,0,4,NF25-cb62b2d73510704d,exact_region_phase_tables_and_boundary_sequence,True,8,13,False,16,36,8,2147483648,2040,1,qiskit transformation contract,1,84361216,0.0013159160735085607,20260803,semantic,0,1,completed,5.0,qpe_controlled_powers,positive_semantic
0,0,8,NF25-4c3114e4f8e459dd,exact_region_phase_tables_and_boundary_sequence,True,8,13,False,16,36,8,2147483648,2040,0,not used,0,84361216,0.0003833330702036619,20260803,semantic,1,1,completed,5.0,qpe_controlled_powers,positive_semantic
0,0,8,NF25-a946f0aa3a3ed86e,exact_region_phase_tables_and_boundary_sequence,True,8,13,False,16,36,8,2147483648,2040,0,not used,1,84361216,0.0002709999680519104,20260803,semantic,1,1,completed,5.0,qpe_controlled_powers,positive_semantic
0,0,8,NF25-109dfdfcef74a29c,exact_region_phase_tables_and_boundary_sequence,True,8,13,False,16,36,8,2147483648,2040,1,qiskit transformation contract,0,84361216,0.0017684160266071558,20260803,semantic,1,1,completed,5.0,qpe_controlled_powers,positive_semantic
0,0,8,NF25-af57029a3b22c5d8,exact_region_phase_tables_and_boundary_sequence,True,8,13,False,16,36,8,2147483648,2040,1,qiskit transformation contract,1,84361216,0.0015235419850796461,20260803,semantic,1,1,completed,5.0,qpe_controlled_powers,positive_semantic
1,0,8,NF25-93e68eedb192143e,exact_region_phase_tables_and_boundary_sequence,True,8,13,False,16,36,8,2147483648,2040,0,not used,0,84361216,0.0003890830557793379,20260803,semantic,1,1,completed,5.0,qpe_controlled_powers,positive_semantic
1,0,8,NF25-a4c7c3b2590c8321,exact_region_phase_tables_and_boundary_sequence,True,8,13,False,16,36,8,2147483648,2040,0,not used,1,84361216,0.00027312501333653927,20260803,semantic,1,1,completed,5.0,qpe_controlled_powers,positive_semantic
1,0,8,NF25-ae12a2544af8716f,exact_region_phase_tables_and_boundary_sequence,True,8,13,False,16,36,8,2147483648,2040,1,qiskit transformation contract,0,84361216,0.0016111249569803476,20260803,semantic,1,1,completed,5.0,qpe_controlled_powers,positive_semantic
1,0,8,NF25-b476e30d9039823a,exact_region_phase_tables_and_boundary_sequence,True,8,13,False,16,36,8,2147483648,2040,1,qiskit transformation contract,1,84361216,0.0015130829997360706,20260803,semantic,1,1,completed,5.0,qpe_controlled_powers,positive_semantic
0,0,4,NF25-5cf10bbc6911523a,exact_region_phase_tables_and_boundary_sequence,True,64,97,False,100,36,36,2147483648,12048,0,not used,0,84361216,0.00020945793949067593,20260804,flat,0,0,completed,5.0,qpe_controlled_powers,positive_semantic
0,0,4,NF25-be274da39624362c,exact_region_phase_tables_and_boundary_sequence,True,64,97,False,100,36,36,2147483648,12048,0,not used,1,84361216,0.00020775001030415297,20260804,flat,0,0,completed,5.0,qpe_controlled_powers,positive_semantic
0,0,4,NF25-a2709c58d1103181,exact_region_phase_tables_and_boundary_sequence,True,8,13,False,16,36,36,2147483648,2040,1,qiskit transformation contract,0,84361216,0.0015171249397099018,20260804,flat,0,0,completed,5.0,qpe_controlled_powers,positive_semantic
0,0,4,NF25-3d0dd91205183eca,exact_region_phase_tables_and_boundary_sequence,True,8,13,False,16,36,36,2147483648,2040,1,qiskit transformation contract,1,84377600,0.0015012500807642937,20260804,flat,0,0,completed,5.0,qpe_controlled_powers,positive_semantic
1,0,4,NF25-8974ef5d746c9663,exact_region_phase_tables_and_boundary_sequence,True,64,97,False,100,36,36,2147483648,12048,0,not used,0,84393984,0.00020887504797428846,20260804,flat,0,0,completed,5.0,qpe_controlled_powers,positive_semantic
1,0,4,NF25-68af808dc92eaffd,exact_region_phase_tables_and_boundary_sequence,True,64,97,False,100,36,36,2147483648,12048,0,not used,1,84393984,0.00019591592717915773,20260804,flat,0,0,completed,5.0,qpe_controlled_powers,positive_semantic
1,0,4,NF25-7452223347fb34a7,exact_region_phase_tables_and_boundary_sequence,True,8,13,False,16,36,36,2147483648,2040,1,qiskit transformation contract,0,84410368,0.0015679579228162766,20260804,flat,0,0,completed,5.0,qpe_controlled_powers,positive_semantic
1,0,4,NF25-847aeeb39df79fec,exact_region_phase_tables_and_boundary_sequence,True,8,13,False,16,36,36,2147483648,2040,1,qiskit transformation contract,1,84410368,0.0014471251051872969,20260804,flat,0,0,completed,5.0,qpe_controlled_powers,positive_semantic
0,0,4,NF25-b1ffed3885f3fb8d,exact_region_phase_tables_and_boundary_sequence,True,64,97,False,100,36,36,2147483648,12048,0,not used,0,84410368,0.0002090419875457883,20260804,flat,1,0,completed,5.0,qpe_controlled_powers,positive_semantic
0,0,4,NF25-732a6427c63ba085,exact_region_phase_tables_and_boundary_sequence,True,64,97,False,100,36,36,2147483648,12048,0,not used,1,84410368,0.00020474998746067286,20260804,flat,1,0,completed,5.0,qpe_controlled_powers,positive_semantic
0,0,4,NF25-3845fe5f1c03da41,exact_region_phase_tables_and_boundary_sequence,True,8,13,False,16,36,36,2147483648,2040,1,qiskit transformation contract,0,84410368,0.0014511250192299485,20260804,flat,1,0,completed,5.0,qpe_controlled_powers,positive_semantic
0,0,4,NF25-dff1ebfacd87b7e7,exact_region_phase_tables_and_boundary_sequence,True,8,13,False,16,36,36,2147483648,2040,1,qiskit transformation contract,1,84410368,0.0014429999282583594,20260804,flat,1,0,completed,5.0,qpe_controlled_powers,positive_semantic
1,0,4,NF25-ddc58f2069c65d7f,exact_region_phase_tables_and_boundary_sequence,True,64,97,False,100,36,36,2147483648,12048,0,not used,0,84410368,0.00020891602616757154,20260804,flat,1,0,completed,5.0,qpe_controlled_powers,positive_semantic
1,0,4,NF25-f2a63e289bdfda61,exact_region_phase_tables_and_boundary_sequence,True,64,97,False,100,36,36,2147483648,12048,0,not used,1,84410368,0.0002042920095846057,20260804,flat,1,0,completed,5.0,qpe_controlled_powers,positive_semantic
1,0,4,NF25-9f80be64a76d6bcf,exact_region_phase_tables_and_boundary_sequence,True,8,13,False,16,36,36,2147483648,2040,1,qiskit transformation contract,0,84410368,0.0013993330067023635,20260804,flat,1,0,completed,5.0,qpe_controlled_powers,positive_semantic
1,0,4,NF25-3bf8f4130e01fb80,exact_region_phase_tables_and_boundary_sequence,True,8,13,False,16,36,36,2147483648,2040,1,qiskit transformation contract,1,84410368,0.0013985830591991544,20260804,flat,1,0,completed,5.0,qpe_controlled_powers,positive_semantic
0,0,4,NF25-fa670a004fce80b2,exact_region_phase_tables_and_boundary_sequence,True,8,13,False,16,36,8,2147483648,2040,0,not used,0,84410368,7.54999928176403e-05,20260804,semantic,0,1,completed,5.0,qpe_controlled_powers,positive_semantic
0,0,4,NF25-3793141dc54c4256,exact_region_phase_tables_and_boundary_sequence,True,8,13,False,16,36,8,2147483648,2040,0,not used,1,84410368,7.712491787970066e-05,20260804,semantic,0,1,completed,5.0,qpe_controlled_powers,positive_semantic
0,0,4,NF25-fba14812303fa1c1,exact_region_phase_tables_and_boundary_sequence,True,8,13,False,16,36,8,2147483648,2040,1,qiskit transformation contract,0,84410368,0.0013080420903861523,20260804,semantic,0,1,completed,5.0,qpe_controlled_powers,positive_semantic
0,0,4,NF25-945ea7e4a8ddd033,exact_region_phase_tables_and_boundary_sequence,True,8,13,False,16,36,8,2147483648,2040,1,qiskit transformation contract,1,84410368,0.0012916669948026538,20260804,semantic,0,1,completed,5.0,qpe_controlled_powers,positive_semantic
1,0,4,NF25-f048c870673708d5,exact_region_phase_tables_and_boundary_sequence,True,8,13,False,16,36,8,2147483648,2040,0,not used,0,84410368,8.091703057289124e-05,20260804,semantic,0,1,completed,5.0,qpe_controlled_powers,positive_semantic
1,0,4,NF25-dc0a7f670bcd4c11,exact_region_phase_tables_and_boundary_sequence,True,8,13,False,16,36,8,2147483648,2040,0,not used,1,84410368,7.716706022620201e-05,20260804,semantic,0,1,completed,5.0,qpe_controlled_powers,positive_semantic
1,0,4,NF25-c80aa11d428e6ae3,exact_region_phase_tables_and_boundary_sequence,True,8,13,False,16,36,8,2147483648,2040,1,qiskit transformation contract,0,84443136,0.0014559170231223106,20260804,semantic,0,1,completed,5.0,qpe_controlled_powers,positive_semantic
1,0,4,NF25-96af21f87be18a4f,exact_region_phase_tables_and_boundary_sequence,True,8,13,False,16,36,8,2147483648,2040,1,qiskit transformation contract,1,84443136,0.0013089999556541443,20260804,semantic,0,1,completed,5.0,qpe_controlled_powers,positive_semantic
0,0,8,NF25-26f5e1b15e331db9,exact_region_phase_tables_and_boundary_sequence,True,8,13,False,16,36,8,2147483648,2040,0,not used,0,84443136,0.0003774169599637389,20260804,semantic,1,1,completed,5.0,qpe_controlled_powers,positive_semantic
0,0,8,NF25-a0e49bcfb518a1ca,exact_region_phase_tables_and_boundary_sequence,True,8,13,False,16,36,8,2147483648,2040,0,not used,1,84443136,0.0002625830238685012,20260804,semantic,1,1,completed,5.0,qpe_controlled_powers,positive_semantic
0,0,8,NF25-b52ce81ef33db8cf,exact_region_phase_tables_and_boundary_sequence,True,8,13,False,16,36,8,2147483648,2040,1,qiskit transformation contract,0,84443136,0.0015866250032559037,20260804,semantic,1,1,completed,5.0,qpe_controlled_powers,positive_semantic
0,0,8,NF25-fadd7f2b0ab09513,exact_region_phase_tables_and_boundary_sequence,True,8,13,False,16,36,8,2147483648,2040,1,qiskit transformation contract,1,84443136,0.001485167071223259,20260804,semantic,1,1,completed,5.0,qpe_controlled_powers,positive_semantic
1,0,8,NF25-1e7278599a924ef6,exact_region_phase_tables_and_boundary_sequence,True,8,13,False,16,36,8,2147483648,2040,0,not used,0,84443136,0.0003832080401480198,20260804,semantic,1,1,completed,5.0,qpe_controlled_powers,positive_semantic
1,0,8,NF25-9968dab07107adc7,exact_region_phase_tables_and_boundary_sequence,True,8,13,False,16,36,8,2147483648,2040,0,not used,1,84443136,0.0002782499650493264,20260804,semantic,1,1,completed,5.0,qpe_controlled_powers,positive_semantic
1,0,8,NF25-5ec792abb2a818ea,exact_region_phase_tables_and_boundary_sequence,True,8,13,False,16,36,8,2147483648,2040,1,qiskit transformation contract,0,84443136,0.001632415922358632,20260804,semantic,1,1,completed,5.0,qpe_controlled_powers,positive_semantic
1,0,8,NF25-42c6d54db15a0993,exact_region_phase_tables_and_boundary_sequence,True,8,13,False,16,36,8,2147483648,2040,1,qiskit transformation contract,1,84443136,0.0016769159119576216,20260804,semantic,1,1,completed,5.0,qpe_controlled_powers,positive_semantic
0,0,4,NF25-1c46570b9c157fa4,exact_region_phase_tables_and_boundary_sequence,True,64,97,False,100,36,36,2147483648,12048,0,not used,0,84443136,0.00021154095884412527,20260805,flat,0,0,completed,5.0,qpe_controlled_powers,positive_semantic
0,0,4,NF25-8e924f77fd5383db,exact_region_phase_tables_and_boundary_sequence,True,64,97,False,100,36,36,2147483648,12048,0,not used,1,84443136,0.00020808307453989983,20260805,flat,0,0,completed,5.0,qpe_controlled_powers,positive_semantic
0,0,4,NF25-a81685037cf64a5f,exact_region_phase_tables_and_boundary_sequence,True,8,13,False,16,36,36,2147483648,2040,1,qiskit transformation contract,0,84443136,0.0014943749411031604,20260805,flat,0,0,completed,5.0,qpe_controlled_powers,positive_semantic
0,0,4,NF25-7b0de085bbb02ecd,exact_region_phase_tables_and_boundary_sequence,True,8,13,False,16,36,36,2147483648,2040,1,qiskit transformation contract,1,84443136,0.0014627919299528003,20260805,flat,0,0,completed,5.0,qpe_controlled_powers,positive_semantic
1,0,4,NF25-7493551b60ef65f1,exact_region_phase_tables_and_boundary_sequence,True,64,97,False,100,36,36,2147483648,12048,0,not used,0,84443136,0.0002159159630537033,20260805,flat,0,0,completed,5.0,qpe_controlled_powers,positive_semantic
1,0,4,NF25-1c8c9a51896fb16c,exact_region_phase_tables_and_boundary_sequence,True,64,97,False,100,36,36,2147483648,12048,0,not used,1,84443136,0.0002036670921370387,20260805,flat,0,0,completed,5.0,qpe_controlled_powers,positive_semantic
1,0,4,NF25-092c9cb98518c554,exact_region_phase_tables_and_boundary_sequence,True,8,13,False,16,36,36,2147483648,2040,1,qiskit transformation contract,0,84443136,0.0014835420297458768,20260805,flat,0,0,completed,5.0,qpe_controlled_powers,positive_semantic
1,0,4,NF25-080976ce2a921d64,exact_region_phase_tables_and_boundary_sequence,True,8,13,False,16,36,36,2147483648,2040,1,qiskit transformation contract,1,84443136,0.001471125055104494,20260805,flat,0,0,completed,5.0,qpe_controlled_powers,positive_semantic
0,0,4,NF25-b81ceabfd9999787,exact_region_phase_tables_and_boundary_sequence,True,64,97,False,100,36,36,2147483648,12048,0,not used,0,84443136,0.00020933302585035563,20260805,flat,1,0,completed,5.0,qpe_controlled_powers,positive_semantic
0,0,4,NF25-a933beb572383082,exact_region_phase_tables_and_boundary_sequence,True,64,97,False,100,36,36,2147483648,12048,0,not used,1,84443136,0.0002043750137090683,20260805,flat,1,0,completed,5.0,qpe_controlled_powers,positive_semantic
0,0,4,NF25-53cc046a2098a6cd,exact_region_phase_tables_and_boundary_sequence,True,8,13,False,16,36,36,2147483648,2040,1,qiskit transformation contract,0,84443136,0.0015090829692780972,20260805,flat,1,0,completed,5.0,qpe_controlled_powers,positive_semantic
0,0,4,NF25-8975cca7d783a50b,exact_region_phase_tables_and_boundary_sequence,True,8,13,False,16,36,36,2147483648,2040,1,qiskit transformation contract,1,84459520,0.0014023750554770231,20260805,flat,1,0,completed,5.0,qpe_controlled_powers,positive_semantic
1,0,4,NF25-793d0545eebbb6ad,exact_region_phase_tables_and_boundary_sequence,True,64,97,False,100,36,36,2147483648,12048,0,not used,0,84459520,0.00020712497644126415,20260805,flat,1,0,completed,5.0,qpe_controlled_powers,positive_semantic
1,0,4,NF25-9017349f574ca65b,exact_region_phase_tables_and_boundary_sequence,True,64,97,False,100,36,36,2147483648,12048,0,not used,1,84492288,0.0002057079691439867,20260805,flat,1,0,completed,5.0,qpe_controlled_powers,positive_semantic
1,0,4,NF25-144f6374ffffd1b8,exact_region_phase_tables_and_boundary_sequence,True,8,13,False,16,36,36,2147483648,2040,1,qiskit transformation contract,0,84541440,0.0015887500485405326,20260805,flat,1,0,completed,5.0,qpe_controlled_powers,positive_semantic
1,0,4,NF25-9837476fa75bf627,exact_region_phase_tables_and_boundary_sequence,True,8,13,False,16,36,36,2147483648,2040,1,qiskit transformation contract,1,84541440,0.0014509999891743064,20260805,flat,1,0,completed,5.0,qpe_controlled_powers,positive_semantic
0,0,4,NF25-599a2d66724be818,exact_region_phase_tables_and_boundary_sequence,True,8,13,False,16,36,8,2147483648,2040,0,not used,0,84541440,8.20419518277049e-05,20260805,semantic,0,1,completed,5.0,qpe_controlled_powers,positive_semantic
0,0,4,NF25-eaaba4dd0029d6e2,exact_region_phase_tables_and_boundary_sequence,True,8,13,False,16,36,8,2147483648,2040,0,not used,1,84541440,7.341697346419096e-05,20260805,semantic,0,1,completed,5.0,qpe_controlled_powers,positive_semantic
0,0,4,NF25-727622bdc805ad15,exact_region_phase_tables_and_boundary_sequence,True,8,13,False,16,36,8,2147483648,2040,1,qiskit transformation contract,0,84541440,0.001287790946662426,20260805,semantic,0,1,completed,5.0,qpe_controlled_powers,positive_semantic
0,0,4,NF25-eae0eda416cf6b49,exact_region_phase_tables_and_boundary_sequence,True,8,13,False,16,36,8,2147483648,2040,1,qiskit transformation contract,1,84541440,0.0012996670557186007,20260805,semantic,0,1,completed,5.0,qpe_controlled_powers,positive_semantic
1,0,4,NF25-f8e30744f091a649,exact_region_phase_tables_and_boundary_sequence,True,8,13,False,16,36,8,2147483648,2040,0,not used,0,84541440,8.166697807610035e-05,20260805,semantic,0,1,completed,5.0,qpe_controlled_powers,positive_semantic
1,0,4,NF25-a49abfd0bc2f9efc,exact_region_phase_tables_and_boundary_sequence,True,8,13,False,16,36,8,2147483648,2040,0,not used,1,84541440,8.129095658659935e-05,20260805,semantic,0,1,completed,5.0,qpe_controlled_powers,positive_semantic
1,0,4,NF25-738804c4cb82da43,exact_region_phase_tables_and_boundary_sequence,True,8,13,False,16,36,8,2147483648,2040,1,qiskit transformation contract,0,84541440,0.0012432909570634365,20260805,semantic,0,1,completed,5.0,qpe_controlled_powers,positive_semantic
1,0,4,NF25-4f675e77c43b257e,exact_region_phase_tables_and_boundary_sequence,True,8,13,False,16,36,8,2147483648,2040,1,qiskit transformation contract,1,84541440,0.0012584580108523369,20260805,semantic,0,1,completed,5.0,qpe_controlled_powers,positive_semantic
0,0,8,NF25-192f43aa5634d8aa,exact_region_phase_tables_and_boundary_sequence,True,8,13,False,16,36,8,2147483648,2040,0,not used,0,84541440,0.00037708308082073927,20260805,semantic,1,1,completed,5.0,qpe_controlled_powers,positive_semantic
0,0,8,NF25-0266f44ed22fb5d4,exact_region_phase_tables_and_boundary_sequence,True,8,13,False,16,36,8,2147483648,2040,0,not used,1,84541440,0.00026762497145682573,20260805,semantic,1,1,completed,5.0,qpe_controlled_powers,positive_semantic
0,0,8,NF25-80f685cb1b179bbb,exact_region_phase_tables_and_boundary_sequence,True,8,13,False,16,36,8,2147483648,2040,1,qiskit transformation contract,0,84541440,0.0017230829689651728,20260805,semantic,1,1,completed,5.0,qpe_controlled_powers,positive_semantic
0,0,8,NF25-e70f88ede824d502,exact_region_phase_tables_and_boundary_sequence,True,8,13,False,16,36,8,2147483648,2040,1,qiskit transformation contract,1,84541440,0.0015076670097187161,20260805,semantic,1,1,completed,5.0,qpe_controlled_powers,positive_semantic
1,0,8,NF25-9cc9ff681d8ab9d5,exact_region_phase_tables_and_boundary_sequence,True,8,13,False,16,36,8,2147483648,2040,0,not used,0,84541440,0.0003840409917756915,20260805,semantic,1,1,completed,5.0,qpe_controlled_powers,positive_semantic
1,0,8,NF25-2d29ef76263b0478,exact_region_phase_tables_and_boundary_sequence,True,8,13,False,16,36,8,2147483648,2040,0,not used,1,84541440,0.00026891694869846106,20260805,semantic,1,1,completed,5.0,qpe_controlled_powers,positive_semantic
1,0,8,NF25-93b36aaca07a3158,exact_region_phase_tables_and_boundary_sequence,True,8,13,False,16,36,8,2147483648,2040,1,qiskit transformation contract,0,84541440,0.0016353329410776496,20260805,semantic,1,1,completed,5.0,qpe_controlled_powers,positive_semantic
1,0,8,NF25-12c53f191b6b9171,exact_region_phase_tables_and_boundary_sequence,True,8,13,False,16,36,8,2147483648,2040,1,qiskit transformation contract,1,84541440,0.0014690830139443278,20260805,semantic,1,1,completed,5.0,qpe_controlled_powers,positive_semantic
