K,active_count,cell_id,certificate_kind,certificate_passed,certificate_status,compiler,compiler_pipeline,density_realized,density_requested,hardware,input_certificate_status,log_path,m,memory_cap_bytes,n,output_artifact_sha256,output_cx,output_depth,output_gate_types,output_gates,output_h,output_ir_sha256,output_qasm_sha256,output_rz,r,representation,representation_id,representation_manifest_path,representation_manifest_sha256,reused_verified,rss_peak_bytes,seed,serialized_input_bytes,serialized_input_ir_bytes,serialized_output_bytes,serialized_output_ir_bytes,serialized_output_qasm_bytes,status,target_basis,target_id,target_seed,timeout_s,total_error_budget,wall_runtime_s,worker_runtime_s
8,4,cell-38615591fc9ecc7dfc7f,pyzx_rewrite_identity_up_to_global_phase_v1,True,passed,echo_passthrough,literal input circuit -> output,0.5,0.5,logical_all_to_all_no_routing,passed,data/runs/w4-matched-representation-20260802/cells/cell-38615591fc9ecc7dfc7f/cell.log,8,2147483648,9,d620bbc3c20c485027d560532ea7921ed527d555a59d848e904c0aafbd353bd2,16,18,"['cx', 'rz']",24,0,9677184ddd5b5584b1ddb67ce424413bb70d4767e5bad6752afc7d300c57e3ee,0983cad656f3706ca2f3e11137688fa6a7b18a38cea31663680fc094f64c597b,8,2,contiguous_flat,rep-91a3ce2ff6dc7a62bf25,data/runs/w4-matched-representation-20260802/representations/rep-91a3ce2ff6dc7a62bf25/representation_manifest.json,89df805bc9548f6a9522ee6e67d2ba3d184d219b686f12ab391a95fbbe5a4111,False,106037248,20260811,797,3624,516,3637,450,completed,"[""cx"",""rz"",""h""]",slice-a-m08,8108,20.0,0.0,0.331232332973741,0.2192100000102073
8,4,cell-f7b1b2a2449c57d004a8,pyzx_rewrite_identity_up_to_global_phase_v1,True,passed,echo_passthrough,literal input circuit -> output,0.5,0.5,logical_all_to_all_no_routing,passed,data/runs/w4-matched-representation-20260802/cells/cell-f7b1b2a2449c57d004a8/cell.log,8,2147483648,9,d620bbc3c20c485027d560532ea7921ed527d555a59d848e904c0aafbd353bd2,16,18,"['cx', 'rz']",24,0,9677184ddd5b5584b1ddb67ce424413bb70d4767e5bad6752afc7d300c57e3ee,0983cad656f3706ca2f3e11137688fa6a7b18a38cea31663680fc094f64c597b,8,2,contiguous_flat,rep-6d5e48dda84cedf9aa9c,data/runs/w4-matched-representation-20260802/representations/rep-6d5e48dda84cedf9aa9c/representation_manifest.json,3148226d012b43cb6a89a76346751dfff8b5caf9376461f65b8a30d4df17c730,False,106086400,20260812,797,3624,516,3637,450,completed,"[""cx"",""rz"",""h""]",slice-a-m08,8108,20.0,0.0,0.3228854170301929,0.2178445840254426
8,4,cell-f7da57d9f1265b780030,pyzx_rewrite_identity_up_to_global_phase_v1,True,passed,full_aggregation,exact input parity/phase table -> canonical CNOT-Rz,0.5,0.5,logical_all_to_all_no_routing,passed,data/runs/w4-matched-representation-20260802/cells/cell-f7da57d9f1265b780030/cell.log,8,2147483648,9,3a7f906800d5eefddfc5435441e4d35689cdf8f3d466406601d6f9c7e88aa671,8,9,"['cx', 'rz']",12,0,8f43da23ad3a15737649245f5deb87da243f67b13a53748b381ac9ffae55d06f,8f586dad56c664a301205673a477a1fa5992fed6bd6bb76aee25ee9de063a896,4,2,contiguous_flat,rep-91a3ce2ff6dc7a62bf25,data/runs/w4-matched-representation-20260802/representations/rep-91a3ce2ff6dc7a62bf25/representation_manifest.json,89df805bc9548f6a9522ee6e67d2ba3d184d219b686f12ab391a95fbbe5a4111,False,106004480,20260811,797,3624,303,1805,237,completed,"[""cx"",""rz"",""h""]",slice-a-m08,8108,20.0,0.0,0.3323253750568256,0.20797658304218203
8,4,cell-4bc3939c3c5cb3391e92,pyzx_rewrite_identity_up_to_global_phase_v1,True,passed,full_aggregation,exact input parity/phase table -> canonical CNOT-Rz,0.5,0.5,logical_all_to_all_no_routing,passed,data/runs/w4-matched-representation-20260802/cells/cell-4bc3939c3c5cb3391e92/cell.log,8,2147483648,9,3a7f906800d5eefddfc5435441e4d35689cdf8f3d466406601d6f9c7e88aa671,8,9,"['cx', 'rz']",12,0,8f43da23ad3a15737649245f5deb87da243f67b13a53748b381ac9ffae55d06f,8f586dad56c664a301205673a477a1fa5992fed6bd6bb76aee25ee9de063a896,4,2,contiguous_flat,rep-6d5e48dda84cedf9aa9c,data/runs/w4-matched-representation-20260802/representations/rep-6d5e48dda84cedf9aa9c/representation_manifest.json,3148226d012b43cb6a89a76346751dfff8b5caf9376461f65b8a30d4df17c730,False,106020864,20260812,797,3624,303,1805,237,completed,"[""cx"",""rz"",""h""]",slice-a-m08,8108,20.0,0.0,0.3101774579845369,0.21204616606701165
8,4,cell-b357fa963bdf9a003a1b,pyzx_rewrite_identity_up_to_global_phase_v1,True,passed,pyzx_full_reduce,OpenQASM2 -> PyZX graph/full_reduce/extract -> target basis,0.5,0.5,logical_all_to_all_no_routing,passed,data/runs/w4-matched-representation-20260802/cells/cell-b357fa963bdf9a003a1b/cell.log,8,2147483648,9,696074869ee721907d3296cba448c7d27ccb020e57a4640c65b08d168bf83c13,14,34,"['cx', 'h', 'rz']",66,48,33568ac3f5ea4bf7002435edd90a232f0071c5accca45b9e2904e4769459db5f,10bfa6b946a6472a4d464b9631a86ec3b9675d68f26cb10c1be9f9ea83184138,4,2,contiguous_flat,rep-91a3ce2ff6dc7a62bf25,data/runs/w4-matched-representation-20260802/representations/rep-91a3ce2ff6dc7a62bf25/representation_manifest.json,89df805bc9548f6a9522ee6e67d2ba3d184d219b686f12ab391a95fbbe5a4111,False,108150784,20260811,797,3624,771,8581,705,completed,"[""cx"",""rz"",""h""]",slice-a-m08,8108,20.0,0.0,0.35303629096597433,0.24657116609159857
8,4,cell-82cd7b77d4873893887d,pyzx_rewrite_identity_up_to_global_phase_v1,True,passed,pyzx_full_reduce,OpenQASM2 -> PyZX graph/full_reduce/extract -> target basis,0.5,0.5,logical_all_to_all_no_routing,passed,data/runs/w4-matched-representation-20260802/cells/cell-82cd7b77d4873893887d/cell.log,8,2147483648,9,696074869ee721907d3296cba448c7d27ccb020e57a4640c65b08d168bf83c13,14,34,"['cx', 'h', 'rz']",66,48,33568ac3f5ea4bf7002435edd90a232f0071c5accca45b9e2904e4769459db5f,10bfa6b946a6472a4d464b9631a86ec3b9675d68f26cb10c1be9f9ea83184138,4,2,contiguous_flat,rep-6d5e48dda84cedf9aa9c,data/runs/w4-matched-representation-20260802/representations/rep-6d5e48dda84cedf9aa9c/representation_manifest.json,3148226d012b43cb6a89a76346751dfff8b5caf9376461f65b8a30d4df17c730,False,108134400,20260812,797,3624,771,8581,705,completed,"[""cx"",""rz"",""h""]",slice-a-m08,8108,20.0,0.0,0.32643400004599243,0.22075120790395886
8,4,cell-44fc57c4428f0cc648cf,pyzx_rewrite_identity_up_to_global_phase_v1,True,passed,qiskit_opt3,OpenQASM2 -> Qiskit preset level 3 -> target basis,0.5,0.5,logical_all_to_all_no_routing,passed,data/runs/w4-matched-representation-20260802/cells/cell-44fc57c4428f0cc648cf/cell.log,8,2147483648,9,2976c94bf1ff534568ac5df324814d542d2803f661a7d3e15c5b6a01e633c4b5,8,9,"['cx', 'rz']",12,0,af41a1edfe537f547713ce9458f045e3c1a2f2a5543d7c199ffb150124cca67b,8f586dad56c664a301205673a477a1fa5992fed6bd6bb76aee25ee9de063a896,4,2,contiguous_flat,rep-91a3ce2ff6dc7a62bf25,data/runs/w4-matched-representation-20260802/representations/rep-91a3ce2ff6dc7a62bf25/representation_manifest.json,89df805bc9548f6a9522ee6e67d2ba3d184d219b686f12ab391a95fbbe5a4111,False,108773376,20260811,797,3624,298,1804,237,completed,"[""cx"",""rz"",""h""]",slice-a-m08,8108,20.0,0.0,0.324563791975379,0.223073499975726
8,4,cell-8abfe04413f466b6672e,pyzx_rewrite_identity_up_to_global_phase_v1,True,passed,qiskit_opt3,OpenQASM2 -> Qiskit preset level 3 -> target basis,0.5,0.5,logical_all_to_all_no_routing,passed,data/runs/w4-matched-representation-20260802/cells/cell-8abfe04413f466b6672e/cell.log,8,2147483648,9,2976c94bf1ff534568ac5df324814d542d2803f661a7d3e15c5b6a01e633c4b5,8,9,"['cx', 'rz']",12,0,af41a1edfe537f547713ce9458f045e3c1a2f2a5543d7c199ffb150124cca67b,8f586dad56c664a301205673a477a1fa5992fed6bd6bb76aee25ee9de063a896,4,2,contiguous_flat,rep-6d5e48dda84cedf9aa9c,data/runs/w4-matched-representation-20260802/representations/rep-6d5e48dda84cedf9aa9c/representation_manifest.json,3148226d012b43cb6a89a76346751dfff8b5caf9376461f65b8a30d4df17c730,False,108937216,20260812,797,3624,298,1804,237,completed,"[""cx"",""rz"",""h""]",slice-a-m08,8108,20.0,0.0,0.32579366699792445,0.2225733749801293
8,4,cell-7519c9b9847050eaf364,pyzx_rewrite_identity_up_to_global_phase_v1,True,passed,tket_paulisimp,OpenQASM2 -> TKET DecomposeBoxes/AutoRebase/PauliSimp -> target basis,0.5,0.5,logical_all_to_all_no_routing,passed,data/runs/w4-matched-representation-20260802/cells/cell-7519c9b9847050eaf364/cell.log,8,2147483648,9,8dd1f68cfe53465c95abbf3e37b12ed7a62c50429d6e73ccac2e437140303391,8,13,"['cx', 'h', 'rz']",66,18,087e31a72322fbcaefc6fedcc384075d139994ca0b27ca18ba2f3d72ce2f46dc,019d77d7d92c632b71e71670f0910f0bd1aaead81f1e7d4db43cb1eca48f2797,40,2,contiguous_flat,rep-91a3ce2ff6dc7a62bf25,data/runs/w4-matched-representation-20260802/representations/rep-91a3ce2ff6dc7a62bf25/representation_manifest.json,89df805bc9548f6a9522ee6e67d2ba3d184d219b686f12ab391a95fbbe5a4111,False,155615232,20260811,797,3624,1021,9662,957,completed,"[""cx"",""rz"",""h""]",slice-a-m08,8108,20.0,0.0,0.580865333089605,0.43071424996014684
8,4,cell-e1743541e5f2d882d2d9,pyzx_rewrite_identity_up_to_global_phase_v1,True,passed,tket_paulisimp,OpenQASM2 -> TKET DecomposeBoxes/AutoRebase/PauliSimp -> target basis,0.5,0.5,logical_all_to_all_no_routing,passed,data/runs/w4-matched-representation-20260802/cells/cell-e1743541e5f2d882d2d9/cell.log,8,2147483648,9,8dd1f68cfe53465c95abbf3e37b12ed7a62c50429d6e73ccac2e437140303391,8,13,"['cx', 'h', 'rz']",66,18,087e31a72322fbcaefc6fedcc384075d139994ca0b27ca18ba2f3d72ce2f46dc,019d77d7d92c632b71e71670f0910f0bd1aaead81f1e7d4db43cb1eca48f2797,40,2,contiguous_flat,rep-6d5e48dda84cedf9aa9c,data/runs/w4-matched-representation-20260802/representations/rep-6d5e48dda84cedf9aa9c/representation_manifest.json,3148226d012b43cb6a89a76346751dfff8b5caf9376461f65b8a30d4df17c730,False,155566080,20260812,797,3624,1021,9662,957,completed,"[""cx"",""rz"",""h""]",slice-a-m08,8108,20.0,0.0,0.5721706670010462,0.4256987919798121
8,4,cell-1e79d6dc3d1da47ed518,pyzx_rewrite_identity_up_to_global_phase_v1,True,passed,echo_passthrough,literal input circuit -> output,0.5,0.5,logical_all_to_all_no_routing,passed,data/runs/w4-matched-representation-20260802/cells/cell-1e79d6dc3d1da47ed518/cell.log,8,2147483648,9,a6e7cd4b5784b8ddd4e51c3570f88bea5dcfb89da78595960d4abcb2fa8b9cad,8,9,"['cx', 'rz']",12,0,5f1aa522ebaa8f617d8ceee90b1075abec91b58de3e9041ed56ec92c2c5b7614,8f586dad56c664a301205673a477a1fa5992fed6bd6bb76aee25ee9de063a896,4,2,locally_folded_flat,rep-f71f9ee5ed1df2b3cdce,data/runs/w4-matched-representation-20260802/representations/rep-f71f9ee5ed1df2b3cdce/representation_manifest.json,90bdd94083df45be44266a0e0ffa9d25b9ff30a82744b4f3858b2ed12cb0313c,False,106004480,20260811,445,1776,303,1785,237,completed,"[""cx"",""rz"",""h""]",slice-a-m08,8108,20.0,0.0,0.31652012502308935,0.20649537502322346
8,4,cell-cd7870d17cd642606554,pyzx_rewrite_identity_up_to_global_phase_v1,True,passed,echo_passthrough,literal input circuit -> output,0.5,0.5,logical_all_to_all_no_routing,passed,data/runs/w4-matched-representation-20260802/cells/cell-cd7870d17cd642606554/cell.log,8,2147483648,9,a6e7cd4b5784b8ddd4e51c3570f88bea5dcfb89da78595960d4abcb2fa8b9cad,8,9,"['cx', 'rz']",12,0,5f1aa522ebaa8f617d8ceee90b1075abec91b58de3e9041ed56ec92c2c5b7614,8f586dad56c664a301205673a477a1fa5992fed6bd6bb76aee25ee9de063a896,4,2,locally_folded_flat,rep-3df7d21dbebd3b77d06c,data/runs/w4-matched-representation-20260802/representations/rep-3df7d21dbebd3b77d06c/representation_manifest.json,2bcb1f74316d3c82c93dabed6ad6a4475238f3b24e66b08343268b492992799f,False,106070016,20260812,445,1776,303,1785,237,completed,"[""cx"",""rz"",""h""]",slice-a-m08,8108,20.0,0.0,0.3267308750655502,0.21276983292773366
8,4,cell-064a96b3368a5281b9a4,pyzx_rewrite_identity_up_to_global_phase_v1,True,passed,full_aggregation,exact input parity/phase table -> canonical CNOT-Rz,0.5,0.5,logical_all_to_all_no_routing,passed,data/runs/w4-matched-representation-20260802/cells/cell-064a96b3368a5281b9a4/cell.log,8,2147483648,9,3a7f906800d5eefddfc5435441e4d35689cdf8f3d466406601d6f9c7e88aa671,8,9,"['cx', 'rz']",12,0,8f43da23ad3a15737649245f5deb87da243f67b13a53748b381ac9ffae55d06f,8f586dad56c664a301205673a477a1fa5992fed6bd6bb76aee25ee9de063a896,4,2,locally_folded_flat,rep-f71f9ee5ed1df2b3cdce,data/runs/w4-matched-representation-20260802/representations/rep-f71f9ee5ed1df2b3cdce/representation_manifest.json,90bdd94083df45be44266a0e0ffa9d25b9ff30a82744b4f3858b2ed12cb0313c,False,107462656,20260811,445,1776,303,1805,237,completed,"[""cx"",""rz"",""h""]",slice-a-m08,8108,20.0,0.0,0.3310137090738863,0.22984566597733647
8,4,cell-df0b7a5b09d9f1212768,pyzx_rewrite_identity_up_to_global_phase_v1,True,passed,full_aggregation,exact input parity/phase table -> canonical CNOT-Rz,0.5,0.5,logical_all_to_all_no_routing,passed,data/runs/w4-matched-representation-20260802/cells/cell-df0b7a5b09d9f1212768/cell.log,8,2147483648,9,3a7f906800d5eefddfc5435441e4d35689cdf8f3d466406601d6f9c7e88aa671,8,9,"['cx', 'rz']",12,0,8f43da23ad3a15737649245f5deb87da243f67b13a53748b381ac9ffae55d06f,8f586dad56c664a301205673a477a1fa5992fed6bd6bb76aee25ee9de063a896,4,2,locally_folded_flat,rep-3df7d21dbebd3b77d06c,data/runs/w4-matched-representation-20260802/representations/rep-3df7d21dbebd3b77d06c/representation_manifest.json,2bcb1f74316d3c82c93dabed6ad6a4475238f3b24e66b08343268b492992799f,False,105988096,20260812,445,1776,303,1805,237,completed,"[""cx"",""rz"",""h""]",slice-a-m08,8108,20.0,0.0,0.314292750088498,0.21699737501330674
8,4,cell-8faed63970bed54e058a,pyzx_rewrite_identity_up_to_global_phase_v1,True,passed,pyzx_full_reduce,OpenQASM2 -> PyZX graph/full_reduce/extract -> target basis,0.5,0.5,logical_all_to_all_no_routing,passed,data/runs/w4-matched-representation-20260802/cells/cell-8faed63970bed54e058a/cell.log,8,2147483648,9,696074869ee721907d3296cba448c7d27ccb020e57a4640c65b08d168bf83c13,14,34,"['cx', 'h', 'rz']",66,48,33568ac3f5ea4bf7002435edd90a232f0071c5accca45b9e2904e4769459db5f,10bfa6b946a6472a4d464b9631a86ec3b9675d68f26cb10c1be9f9ea83184138,4,2,locally_folded_flat,rep-f71f9ee5ed1df2b3cdce,data/runs/w4-matched-representation-20260802/representations/rep-f71f9ee5ed1df2b3cdce/representation_manifest.json,90bdd94083df45be44266a0e0ffa9d25b9ff30a82744b4f3858b2ed12cb0313c,False,108134400,20260811,445,1776,771,8581,705,completed,"[""cx"",""rz"",""h""]",slice-a-m08,8108,20.0,0.0,0.3318894589319825,0.22389295895118266
8,4,cell-fcc956f6d4cedfa70095,pyzx_rewrite_identity_up_to_global_phase_v1,True,passed,pyzx_full_reduce,OpenQASM2 -> PyZX graph/full_reduce/extract -> target basis,0.5,0.5,logical_all_to_all_no_routing,passed,data/runs/w4-matched-representation-20260802/cells/cell-fcc956f6d4cedfa70095/cell.log,8,2147483648,9,696074869ee721907d3296cba448c7d27ccb020e57a4640c65b08d168bf83c13,14,34,"['cx', 'h', 'rz']",66,48,33568ac3f5ea4bf7002435edd90a232f0071c5accca45b9e2904e4769459db5f,10bfa6b946a6472a4d464b9631a86ec3b9675d68f26cb10c1be9f9ea83184138,4,2,locally_folded_flat,rep-3df7d21dbebd3b77d06c,data/runs/w4-matched-representation-20260802/representations/rep-3df7d21dbebd3b77d06c/representation_manifest.json,2bcb1f74316d3c82c93dabed6ad6a4475238f3b24e66b08343268b492992799f,False,108052480,20260812,445,1776,771,8581,705,completed,"[""cx"",""rz"",""h""]",slice-a-m08,8108,20.0,0.0,0.3373058330034837,0.22264808299951255
8,4,cell-e5782c3b5a7dbe12369f,pyzx_rewrite_identity_up_to_global_phase_v1,True,passed,qiskit_opt3,OpenQASM2 -> Qiskit preset level 3 -> target basis,0.5,0.5,logical_all_to_all_no_routing,passed,data/runs/w4-matched-representation-20260802/cells/cell-e5782c3b5a7dbe12369f/cell.log,8,2147483648,9,2976c94bf1ff534568ac5df324814d542d2803f661a7d3e15c5b6a01e633c4b5,8,9,"['cx', 'rz']",12,0,af41a1edfe537f547713ce9458f045e3c1a2f2a5543d7c199ffb150124cca67b,8f586dad56c664a301205673a477a1fa5992fed6bd6bb76aee25ee9de063a896,4,2,locally_folded_flat,rep-f71f9ee5ed1df2b3cdce,data/runs/w4-matched-representation-20260802/representations/rep-f71f9ee5ed1df2b3cdce/representation_manifest.json,90bdd94083df45be44266a0e0ffa9d25b9ff30a82744b4f3858b2ed12cb0313c,False,108937216,20260811,445,1776,298,1804,237,completed,"[""cx"",""rz"",""h""]",slice-a-m08,8108,20.0,0.0,0.31543458299711347,0.222510208026506
8,4,cell-0b31e19cf58f13301e32,pyzx_rewrite_identity_up_to_global_phase_v1,True,passed,qiskit_opt3,OpenQASM2 -> Qiskit preset level 3 -> target basis,0.5,0.5,logical_all_to_all_no_routing,passed,data/runs/w4-matched-representation-20260802/cells/cell-0b31e19cf58f13301e32/cell.log,8,2147483648,9,2976c94bf1ff534568ac5df324814d542d2803f661a7d3e15c5b6a01e633c4b5,8,9,"['cx', 'rz']",12,0,af41a1edfe537f547713ce9458f045e3c1a2f2a5543d7c199ffb150124cca67b,8f586dad56c664a301205673a477a1fa5992fed6bd6bb76aee25ee9de063a896,4,2,locally_folded_flat,rep-3df7d21dbebd3b77d06c,data/runs/w4-matched-representation-20260802/representations/rep-3df7d21dbebd3b77d06c/representation_manifest.json,2bcb1f74316d3c82c93dabed6ad6a4475238f3b24e66b08343268b492992799f,False,108937216,20260812,445,1776,298,1804,237,completed,"[""cx"",""rz"",""h""]",slice-a-m08,8108,20.0,0.0,0.3388154999120161,0.22265241702552885
8,4,cell-cb2a612c1942e0aa07b7,pyzx_rewrite_identity_up_to_global_phase_v1,True,passed,tket_paulisimp,OpenQASM2 -> TKET DecomposeBoxes/AutoRebase/PauliSimp -> target basis,0.5,0.5,logical_all_to_all_no_routing,passed,data/runs/w4-matched-representation-20260802/cells/cell-cb2a612c1942e0aa07b7/cell.log,8,2147483648,9,8dd1f68cfe53465c95abbf3e37b12ed7a62c50429d6e73ccac2e437140303391,8,13,"['cx', 'h', 'rz']",66,18,087e31a72322fbcaefc6fedcc384075d139994ca0b27ca18ba2f3d72ce2f46dc,019d77d7d92c632b71e71670f0910f0bd1aaead81f1e7d4db43cb1eca48f2797,40,2,locally_folded_flat,rep-f71f9ee5ed1df2b3cdce,data/runs/w4-matched-representation-20260802/representations/rep-f71f9ee5ed1df2b3cdce/representation_manifest.json,90bdd94083df45be44266a0e0ffa9d25b9ff30a82744b4f3858b2ed12cb0313c,False,155680768,20260811,445,1776,1021,9662,957,completed,"[""cx"",""rz"",""h""]",slice-a-m08,8108,20.0,0.0,0.5606481248978525,0.42755495791789144
8,4,cell-037a0222e067f39b3805,pyzx_rewrite_identity_up_to_global_phase_v1,True,passed,tket_paulisimp,OpenQASM2 -> TKET DecomposeBoxes/AutoRebase/PauliSimp -> target basis,0.5,0.5,logical_all_to_all_no_routing,passed,data/runs/w4-matched-representation-20260802/cells/cell-037a0222e067f39b3805/cell.log,8,2147483648,9,8dd1f68cfe53465c95abbf3e37b12ed7a62c50429d6e73ccac2e437140303391,8,13,"['cx', 'h', 'rz']",66,18,087e31a72322fbcaefc6fedcc384075d139994ca0b27ca18ba2f3d72ce2f46dc,019d77d7d92c632b71e71670f0910f0bd1aaead81f1e7d4db43cb1eca48f2797,40,2,locally_folded_flat,rep-3df7d21dbebd3b77d06c,data/runs/w4-matched-representation-20260802/representations/rep-3df7d21dbebd3b77d06c/representation_manifest.json,2bcb1f74316d3c82c93dabed6ad6a4475238f3b24e66b08343268b492992799f,False,155549696,20260812,445,1776,1021,9662,957,completed,"[""cx"",""rz"",""h""]",slice-a-m08,8108,20.0,0.0,0.6186628750292584,0.4306853750022128
8,4,cell-9a137e41d499ce65cce9,pyzx_rewrite_identity_up_to_global_phase_v1,True,passed,echo_passthrough,literal input circuit -> output,0.5,0.5,logical_all_to_all_no_routing,passed,data/runs/w4-matched-representation-20260802/cells/cell-9a137e41d499ce65cce9/cell.log,8,2147483648,9,f7d6dfca8a3b00fabffdbaf9cfe179fd28ea5bbe13a0e1d7b4cca550a51fd734,16,15,"['cx', 'rz']",24,0,ad02fa3dc482a2fe7b2acc63a8bab3f67c2283713740c94bdcf5a090ed5013c1,20190539b9171d06f65ee77ae24c6d900d7e758f0cbad5c5157246e90b030f6e,8,2,masked_share_update,rep-73e64f8c89e1efe0ce17,data/runs/w4-matched-representation-20260802/representations/rep-73e64f8c89e1efe0ce17/representation_manifest.json,84364d0dfb17e9c88aa130bf932f8f05fd7fb5915ec2ef848bcb68bec34e7f7e,False,105906176,20260811,797,3624,525,3633,459,completed,"[""cx"",""rz"",""h""]",slice-a-m08,8108,20.0,0.0,0.3119937910232693,0.20967470796313137
8,4,cell-015d814d4a0624483a0d,pyzx_rewrite_identity_up_to_global_phase_v1,True,passed,echo_passthrough,literal input circuit -> output,0.5,0.5,logical_all_to_all_no_routing,passed,data/runs/w4-matched-representation-20260802/cells/cell-015d814d4a0624483a0d/cell.log,8,2147483648,9,fc94dd5159e95edac78128f3c67c3cdcd57fd541ceb598e023f5aa40f7f82e0b,16,15,"['cx', 'rz']",24,0,e22acd2bfec11eda915f22473bc7694e493dba5365a286307dc4e921a9d868cb,9c9a23c5222becfee3329182ff77cc0aedb2cde0d050e4f5663d054abf67ea94,8,2,masked_share_update,rep-6cb1491f9f4c3be26b80,data/runs/w4-matched-representation-20260802/representations/rep-6cb1491f9f4c3be26b80/representation_manifest.json,3f4d1a8a662f4e73af3383fb4ce213439e0770c4f387d86da081e4f044c4a0a0,False,106004480,20260812,797,3626,536,3635,470,completed,"[""cx"",""rz"",""h""]",slice-a-m08,8108,20.0,0.0,0.31453137507196516,0.21332241606432945
8,4,cell-445280d8c8fe4d89dfa2,pyzx_rewrite_identity_up_to_global_phase_v1,True,passed,full_aggregation,exact input parity/phase table -> canonical CNOT-Rz,0.5,0.5,logical_all_to_all_no_routing,passed,data/runs/w4-matched-representation-20260802/cells/cell-445280d8c8fe4d89dfa2/cell.log,8,2147483648,9,3a7f906800d5eefddfc5435441e4d35689cdf8f3d466406601d6f9c7e88aa671,8,9,"['cx', 'rz']",12,0,8f43da23ad3a15737649245f5deb87da243f67b13a53748b381ac9ffae55d06f,8f586dad56c664a301205673a477a1fa5992fed6bd6bb76aee25ee9de063a896,4,2,masked_share_update,rep-73e64f8c89e1efe0ce17,data/runs/w4-matched-representation-20260802/representations/rep-73e64f8c89e1efe0ce17/representation_manifest.json,84364d0dfb17e9c88aa130bf932f8f05fd7fb5915ec2ef848bcb68bec34e7f7e,False,105955328,20260811,797,3624,303,1805,237,completed,"[""cx"",""rz"",""h""]",slice-a-m08,8108,20.0,0.0,0.3160947080468759,0.20863166695926338
8,4,cell-13cdc368d6f6006cf1d3,pyzx_rewrite_identity_up_to_global_phase_v1,True,passed,full_aggregation,exact input parity/phase table -> canonical CNOT-Rz,0.5,0.5,logical_all_to_all_no_routing,passed,data/runs/w4-matched-representation-20260802/cells/cell-13cdc368d6f6006cf1d3/cell.log,8,2147483648,9,3a7f906800d5eefddfc5435441e4d35689cdf8f3d466406601d6f9c7e88aa671,8,9,"['cx', 'rz']",12,0,8f43da23ad3a15737649245f5deb87da243f67b13a53748b381ac9ffae55d06f,8f586dad56c664a301205673a477a1fa5992fed6bd6bb76aee25ee9de063a896,4,2,masked_share_update,rep-6cb1491f9f4c3be26b80,data/runs/w4-matched-representation-20260802/representations/rep-6cb1491f9f4c3be26b80/representation_manifest.json,3f4d1a8a662f4e73af3383fb4ce213439e0770c4f387d86da081e4f044c4a0a0,False,105922560,20260812,797,3626,303,1805,237,completed,"[""cx"",""rz"",""h""]",slice-a-m08,8108,20.0,0.0,0.31042833300307393,0.21167583297938108
8,4,cell-31f0548c0736f367d7e2,pyzx_rewrite_identity_up_to_global_phase_v1,True,passed,pyzx_full_reduce,OpenQASM2 -> PyZX graph/full_reduce/extract -> target basis,0.5,0.5,logical_all_to_all_no_routing,passed,data/runs/w4-matched-representation-20260802/cells/cell-31f0548c0736f367d7e2/cell.log,8,2147483648,9,696074869ee721907d3296cba448c7d27ccb020e57a4640c65b08d168bf83c13,14,34,"['cx', 'h', 'rz']",66,48,33568ac3f5ea4bf7002435edd90a232f0071c5accca45b9e2904e4769459db5f,10bfa6b946a6472a4d464b9631a86ec3b9675d68f26cb10c1be9f9ea83184138,4,2,masked_share_update,rep-73e64f8c89e1efe0ce17,data/runs/w4-matched-representation-20260802/representations/rep-73e64f8c89e1efe0ce17/representation_manifest.json,84364d0dfb17e9c88aa130bf932f8f05fd7fb5915ec2ef848bcb68bec34e7f7e,False,108199936,20260811,797,3624,771,8581,705,completed,"[""cx"",""rz"",""h""]",slice-a-m08,8108,20.0,0.0,0.33623837505001575,0.22653949994128197
8,4,cell-12fdccf43f1f1042f4ba,pyzx_rewrite_identity_up_to_global_phase_v1,True,passed,pyzx_full_reduce,OpenQASM2 -> PyZX graph/full_reduce/extract -> target basis,0.5,0.5,logical_all_to_all_no_routing,passed,data/runs/w4-matched-representation-20260802/cells/cell-12fdccf43f1f1042f4ba/cell.log,8,2147483648,9,696074869ee721907d3296cba448c7d27ccb020e57a4640c65b08d168bf83c13,14,34,"['cx', 'h', 'rz']",66,48,33568ac3f5ea4bf7002435edd90a232f0071c5accca45b9e2904e4769459db5f,10bfa6b946a6472a4d464b9631a86ec3b9675d68f26cb10c1be9f9ea83184138,4,2,masked_share_update,rep-6cb1491f9f4c3be26b80,data/runs/w4-matched-representation-20260802/representations/rep-6cb1491f9f4c3be26b80/representation_manifest.json,3f4d1a8a662f4e73af3383fb4ce213439e0770c4f387d86da081e4f044c4a0a0,False,108281856,20260812,797,3626,771,8581,705,completed,"[""cx"",""rz"",""h""]",slice-a-m08,8108,20.0,0.0,0.33700812491588295,0.2242672499269247
8,4,cell-a634f02b1a32763f2f31,pyzx_rewrite_identity_up_to_global_phase_v1,False,inconclusive,qiskit_opt3,OpenQASM2 -> Qiskit preset level 3 -> target basis,0.5,0.5,logical_all_to_all_no_routing,passed,data/runs/w4-matched-representation-20260802/cells/cell-a634f02b1a32763f2f31/cell.log,8,2147483648,9,7d18a868e833c425f7bab802adc242393932398953d97593faad66d7a0c36f5c,13,23,"['cx', 'h', 'rz']",38,8,436526fb5ac6917d34162965048616ff2d393f1675c601e7da6890f2514b3d10,9746ab5df0cec13ba914aab26acfb3b637df2180d39ec0027e779a6905d09de6,17,2,masked_share_update,rep-73e64f8c89e1efe0ce17,data/runs/w4-matched-representation-20260802/representations/rep-73e64f8c89e1efe0ce17/representation_manifest.json,84364d0dfb17e9c88aa130bf932f8f05fd7fb5915ec2ef848bcb68bec34e7f7e,False,109690880,20260811,797,3624,733,5599,672,predicate_error,"[""cx"",""rz"",""h""]",slice-a-m08,8108,20.0,0.0,0.3264553330373019,0.22570304200053215
8,4,cell-418aa13a3171ea82b9d5,pyzx_rewrite_identity_up_to_global_phase_v1,True,passed,qiskit_opt3,OpenQASM2 -> Qiskit preset level 3 -> target basis,0.5,0.5,logical_all_to_all_no_routing,passed,data/runs/w4-matched-representation-20260802/cells/cell-418aa13a3171ea82b9d5/cell.log,8,2147483648,9,c24aa3bc9e7a42f76ac387f3b1d1684c5bf500b299d817bb9ccf2add6944f446,14,15,"['cx', 'rz']",21,0,8436d52ca5679ba4572e4663b26a1aeca61d2496849ca043489a669c25a3e1f3,8f76ae694dcb7f868b964a7e99e19bd8cf5700d60fb470a9770c115fd03e7fee,7,2,masked_share_update,rep-6cb1491f9f4c3be26b80,data/runs/w4-matched-representation-20260802/representations/rep-6cb1491f9f4c3be26b80/representation_manifest.json,3f4d1a8a662f4e73af3383fb4ce213439e0770c4f387d86da081e4f044c4a0a0,False,108871680,20260812,797,3626,488,3190,427,completed,"[""cx"",""rz"",""h""]",slice-a-m08,8108,20.0,0.0,0.334642791072838,0.22111629194114357
8,4,cell-60bf99108a8a0bafae74,pyzx_rewrite_identity_up_to_global_phase_v1,True,passed,tket_paulisimp,OpenQASM2 -> TKET DecomposeBoxes/AutoRebase/PauliSimp -> target basis,0.5,0.5,logical_all_to_all_no_routing,passed,data/runs/w4-matched-representation-20260802/cells/cell-60bf99108a8a0bafae74/cell.log,8,2147483648,9,bdd360ddebaee2d4dc14557ca32325dd42f05d62185131b594c7d2f0a430c63b,10,17,"['cx', 'h', 'rz']",71,18,f843a6f049e774cabe69bb0a415e954957639ab49c2ad624dbeb46f53b0e787c,35527d9e9880171853cf47b02d6cf37a1bebc8e848ec426d1fcf17102ffd25cc,43,2,masked_share_update,rep-73e64f8c89e1efe0ce17,data/runs/w4-matched-representation-20260802/representations/rep-73e64f8c89e1efe0ce17/representation_manifest.json,84364d0dfb17e9c88aa130bf932f8f05fd7fb5915ec2ef848bcb68bec34e7f7e,False,157188096,20260811,797,3624,1116,10438,1052,completed,"[""cx"",""rz"",""h""]",slice-a-m08,8108,20.0,0.0,0.5928751250030473,0.44496020895894617
8,4,cell-8786c38d88068419037f,pyzx_rewrite_identity_up_to_global_phase_v1,True,passed,tket_paulisimp,OpenQASM2 -> TKET DecomposeBoxes/AutoRebase/PauliSimp -> target basis,0.5,0.5,logical_all_to_all_no_routing,passed,data/runs/w4-matched-representation-20260802/cells/cell-8786c38d88068419037f/cell.log,8,2147483648,9,30ec90ea263bb356ea3f76086f9a31c1a6997c3a3fa190efda6392c01c377b8c,8,13,"['cx', 'h', 'rz']",66,18,763cbf40f2b0f74b3bf8fc2f449026be2d19e6175e6106832c40ebe83816a417,90c298cdd5ba3c66a90cbfd3bfe9fcbc4bf5ec83e6ac8d219af37812fbfcafc3,40,2,masked_share_update,rep-6cb1491f9f4c3be26b80,data/runs/w4-matched-representation-20260802/representations/rep-6cb1491f9f4c3be26b80/representation_manifest.json,3f4d1a8a662f4e73af3383fb4ce213439e0770c4f387d86da081e4f044c4a0a0,False,155648000,20260812,797,3626,1056,9661,992,completed,"[""cx"",""rz"",""h""]",slice-a-m08,8108,20.0,0.0,0.5697819170309231,0.4207707920577377
8,4,cell-d244b77c00c2628d6799,pyzx_rewrite_identity_up_to_global_phase_v1,True,passed,echo_passthrough,literal input circuit -> output,0.5,0.5,logical_all_to_all_no_routing,passed,data/runs/w4-matched-representation-20260802/cells/cell-d244b77c00c2628d6799/cell.log,8,2147483648,9,a6e7cd4b5784b8ddd4e51c3570f88bea5dcfb89da78595960d4abcb2fa8b9cad,8,9,"['cx', 'rz']",12,0,5f1aa522ebaa8f617d8ceee90b1075abec91b58de3e9041ed56ec92c2c5b7614,8f586dad56c664a301205673a477a1fa5992fed6bd6bb76aee25ee9de063a896,4,2,qasm_bridge,rep-d1b729d65f3e9178483d,data/runs/w4-matched-representation-20260802/representations/rep-d1b729d65f3e9178483d/representation_manifest.json,dea403e86bf7902f8b34b622d9c187fa22412ddd96ca9917551b3adf7d820851,False,105971712,20260811,313,1768,303,1785,237,completed,"[""cx"",""rz"",""h""]",slice-a-m08,8108,20.0,0.0,0.31103708303999156,0.21006341592874378
8,4,cell-db797edabc937f60bf06,pyzx_rewrite_identity_up_to_global_phase_v1,True,passed,echo_passthrough,literal input circuit -> output,0.5,0.5,logical_all_to_all_no_routing,passed,data/runs/w4-matched-representation-20260802/cells/cell-db797edabc937f60bf06/cell.log,8,2147483648,9,a6e7cd4b5784b8ddd4e51c3570f88bea5dcfb89da78595960d4abcb2fa8b9cad,8,9,"['cx', 'rz']",12,0,5f1aa522ebaa8f617d8ceee90b1075abec91b58de3e9041ed56ec92c2c5b7614,8f586dad56c664a301205673a477a1fa5992fed6bd6bb76aee25ee9de063a896,4,2,qasm_bridge,rep-26ed6b6ef3d962fd89b8,data/runs/w4-matched-representation-20260802/representations/rep-26ed6b6ef3d962fd89b8/representation_manifest.json,764768570a4a31199495eeef4d7ac2c5128abc83d462aa84e6c3e47c744a14fa,False,105906176,20260812,313,1768,303,1785,237,completed,"[""cx"",""rz"",""h""]",slice-a-m08,8108,20.0,0.0,0.31457970791962,0.20860995899420232
8,4,cell-ab072a6f243dc90e1fa4,pyzx_rewrite_identity_up_to_global_phase_v1,True,passed,full_aggregation,exact input parity/phase table -> canonical CNOT-Rz,0.5,0.5,logical_all_to_all_no_routing,passed,data/runs/w4-matched-representation-20260802/cells/cell-ab072a6f243dc90e1fa4/cell.log,8,2147483648,9,3a7f906800d5eefddfc5435441e4d35689cdf8f3d466406601d6f9c7e88aa671,8,9,"['cx', 'rz']",12,0,8f43da23ad3a15737649245f5deb87da243f67b13a53748b381ac9ffae55d06f,8f586dad56c664a301205673a477a1fa5992fed6bd6bb76aee25ee9de063a896,4,2,qasm_bridge,rep-d1b729d65f3e9178483d,data/runs/w4-matched-representation-20260802/representations/rep-d1b729d65f3e9178483d/representation_manifest.json,dea403e86bf7902f8b34b622d9c187fa22412ddd96ca9917551b3adf7d820851,False,106053632,20260811,313,1768,303,1805,237,completed,"[""cx"",""rz"",""h""]",slice-a-m08,8108,20.0,0.0,0.32194270798936486,0.2089296659687534
8,4,cell-a28249537e30d8f6a4ae,pyzx_rewrite_identity_up_to_global_phase_v1,True,passed,full_aggregation,exact input parity/phase table -> canonical CNOT-Rz,0.5,0.5,logical_all_to_all_no_routing,passed,data/runs/w4-matched-representation-20260802/cells/cell-a28249537e30d8f6a4ae/cell.log,8,2147483648,9,3a7f906800d5eefddfc5435441e4d35689cdf8f3d466406601d6f9c7e88aa671,8,9,"['cx', 'rz']",12,0,8f43da23ad3a15737649245f5deb87da243f67b13a53748b381ac9ffae55d06f,8f586dad56c664a301205673a477a1fa5992fed6bd6bb76aee25ee9de063a896,4,2,qasm_bridge,rep-26ed6b6ef3d962fd89b8,data/runs/w4-matched-representation-20260802/representations/rep-26ed6b6ef3d962fd89b8/representation_manifest.json,764768570a4a31199495eeef4d7ac2c5128abc83d462aa84e6c3e47c744a14fa,False,106070016,20260812,313,1768,303,1805,237,completed,"[""cx"",""rz"",""h""]",slice-a-m08,8108,20.0,0.0,0.3632620829157531,0.23648625006899238
8,4,cell-a30008d479d669d0cfd5,pyzx_rewrite_identity_up_to_global_phase_v1,True,passed,pyzx_full_reduce,OpenQASM2 -> PyZX graph/full_reduce/extract -> target basis,0.5,0.5,logical_all_to_all_no_routing,passed,data/runs/w4-matched-representation-20260802/cells/cell-a30008d479d669d0cfd5/cell.log,8,2147483648,9,696074869ee721907d3296cba448c7d27ccb020e57a4640c65b08d168bf83c13,14,34,"['cx', 'h', 'rz']",66,48,33568ac3f5ea4bf7002435edd90a232f0071c5accca45b9e2904e4769459db5f,10bfa6b946a6472a4d464b9631a86ec3b9675d68f26cb10c1be9f9ea83184138,4,2,qasm_bridge,rep-d1b729d65f3e9178483d,data/runs/w4-matched-representation-20260802/representations/rep-d1b729d65f3e9178483d/representation_manifest.json,dea403e86bf7902f8b34b622d9c187fa22412ddd96ca9917551b3adf7d820851,False,108199936,20260811,313,1768,771,8581,705,completed,"[""cx"",""rz"",""h""]",slice-a-m08,8108,20.0,0.0,0.35164562496356666,0.2339738750597462
8,4,cell-452599c79cbab3bd4c4d,pyzx_rewrite_identity_up_to_global_phase_v1,True,passed,pyzx_full_reduce,OpenQASM2 -> PyZX graph/full_reduce/extract -> target basis,0.5,0.5,logical_all_to_all_no_routing,passed,data/runs/w4-matched-representation-20260802/cells/cell-452599c79cbab3bd4c4d/cell.log,8,2147483648,9,696074869ee721907d3296cba448c7d27ccb020e57a4640c65b08d168bf83c13,14,34,"['cx', 'h', 'rz']",66,48,33568ac3f5ea4bf7002435edd90a232f0071c5accca45b9e2904e4769459db5f,10bfa6b946a6472a4d464b9631a86ec3b9675d68f26cb10c1be9f9ea83184138,4,2,qasm_bridge,rep-26ed6b6ef3d962fd89b8,data/runs/w4-matched-representation-20260802/representations/rep-26ed6b6ef3d962fd89b8/representation_manifest.json,764768570a4a31199495eeef4d7ac2c5128abc83d462aa84e6c3e47c744a14fa,False,108183552,20260812,313,1768,771,8581,705,completed,"[""cx"",""rz"",""h""]",slice-a-m08,8108,20.0,0.0,0.3434862080030143,0.22857520799152553
8,4,cell-bbf876d8022916c466a7,pyzx_rewrite_identity_up_to_global_phase_v1,True,passed,qiskit_opt3,OpenQASM2 -> Qiskit preset level 3 -> target basis,0.5,0.5,logical_all_to_all_no_routing,passed,data/runs/w4-matched-representation-20260802/cells/cell-bbf876d8022916c466a7/cell.log,8,2147483648,9,2976c94bf1ff534568ac5df324814d542d2803f661a7d3e15c5b6a01e633c4b5,8,9,"['cx', 'rz']",12,0,af41a1edfe537f547713ce9458f045e3c1a2f2a5543d7c199ffb150124cca67b,8f586dad56c664a301205673a477a1fa5992fed6bd6bb76aee25ee9de063a896,4,2,qasm_bridge,rep-d1b729d65f3e9178483d,data/runs/w4-matched-representation-20260802/representations/rep-d1b729d65f3e9178483d/representation_manifest.json,dea403e86bf7902f8b34b622d9c187fa22412ddd96ca9917551b3adf7d820851,False,108724224,20260811,313,1768,298,1804,237,completed,"[""cx"",""rz"",""h""]",slice-a-m08,8108,20.0,0.0,0.32739666709676385,0.22397512500174344
8,4,cell-ca9bce28d69a4ca9a133,pyzx_rewrite_identity_up_to_global_phase_v1,True,passed,qiskit_opt3,OpenQASM2 -> Qiskit preset level 3 -> target basis,0.5,0.5,logical_all_to_all_no_routing,passed,data/runs/w4-matched-representation-20260802/cells/cell-ca9bce28d69a4ca9a133/cell.log,8,2147483648,9,2976c94bf1ff534568ac5df324814d542d2803f661a7d3e15c5b6a01e633c4b5,8,9,"['cx', 'rz']",12,0,af41a1edfe537f547713ce9458f045e3c1a2f2a5543d7c199ffb150124cca67b,8f586dad56c664a301205673a477a1fa5992fed6bd6bb76aee25ee9de063a896,4,2,qasm_bridge,rep-26ed6b6ef3d962fd89b8,data/runs/w4-matched-representation-20260802/representations/rep-26ed6b6ef3d962fd89b8/representation_manifest.json,764768570a4a31199495eeef4d7ac2c5128abc83d462aa84e6c3e47c744a14fa,False,108871680,20260812,313,1768,298,1804,237,completed,"[""cx"",""rz"",""h""]",slice-a-m08,8108,20.0,0.0,0.34545420890208334,0.23875454103108495
8,4,cell-61d4f5ed9a7f9ee53b2d,pyzx_rewrite_identity_up_to_global_phase_v1,True,passed,tket_paulisimp,OpenQASM2 -> TKET DecomposeBoxes/AutoRebase/PauliSimp -> target basis,0.5,0.5,logical_all_to_all_no_routing,passed,data/runs/w4-matched-representation-20260802/cells/cell-61d4f5ed9a7f9ee53b2d/cell.log,8,2147483648,9,8dd1f68cfe53465c95abbf3e37b12ed7a62c50429d6e73ccac2e437140303391,8,13,"['cx', 'h', 'rz']",66,18,087e31a72322fbcaefc6fedcc384075d139994ca0b27ca18ba2f3d72ce2f46dc,019d77d7d92c632b71e71670f0910f0bd1aaead81f1e7d4db43cb1eca48f2797,40,2,qasm_bridge,rep-d1b729d65f3e9178483d,data/runs/w4-matched-representation-20260802/representations/rep-d1b729d65f3e9178483d/representation_manifest.json,dea403e86bf7902f8b34b622d9c187fa22412ddd96ca9917551b3adf7d820851,False,155418624,20260811,313,1768,1021,9662,957,completed,"[""cx"",""rz"",""h""]",slice-a-m08,8108,20.0,0.0,0.5800906249787658,0.4401514999335632
8,4,cell-bda852712d60c2848ece,pyzx_rewrite_identity_up_to_global_phase_v1,True,passed,tket_paulisimp,OpenQASM2 -> TKET DecomposeBoxes/AutoRebase/PauliSimp -> target basis,0.5,0.5,logical_all_to_all_no_routing,passed,data/runs/w4-matched-representation-20260802/cells/cell-bda852712d60c2848ece/cell.log,8,2147483648,9,8dd1f68cfe53465c95abbf3e37b12ed7a62c50429d6e73ccac2e437140303391,8,13,"['cx', 'h', 'rz']",66,18,087e31a72322fbcaefc6fedcc384075d139994ca0b27ca18ba2f3d72ce2f46dc,019d77d7d92c632b71e71670f0910f0bd1aaead81f1e7d4db43cb1eca48f2797,40,2,qasm_bridge,rep-26ed6b6ef3d962fd89b8,data/runs/w4-matched-representation-20260802/representations/rep-26ed6b6ef3d962fd89b8/representation_manifest.json,764768570a4a31199495eeef4d7ac2c5128abc83d462aa84e6c3e47c744a14fa,False,155467776,20260812,313,1768,1021,9662,957,completed,"[""cx"",""rz"",""h""]",slice-a-m08,8108,20.0,0.0,0.5756487910402939,0.43053808296099305
8,4,cell-82c98a54f7ccdd73c3c9,pyzx_rewrite_identity_up_to_global_phase_v1,True,passed,echo_passthrough,literal input circuit -> output,0.5,0.5,logical_all_to_all_no_routing,passed,data/runs/w4-matched-representation-20260802/cells/cell-82c98a54f7ccdd73c3c9/cell.log,8,2147483648,9,f2cacb8efda66ac7dcfeb90e3c36c5bf8e9c81af3732eea71a1e56679e218797,16,15,"['cx', 'rz']",24,0,ac8ca7f3c0850fc3b30c614ef8b4cf0b86317c369220a7f7a62f9ca8d402c08d,851bb5f139a7ce01651ae1745e1101a09c5e0075271884c8ea89cc8401e65389,8,2,random_commuting_order,rep-da231bf7da7564e9db80,data/runs/w4-matched-representation-20260802/representations/rep-da231bf7da7564e9db80/representation_manifest.json,c73a34668576a8a6629aab6a10d17cc5b09145532ba1546b2bbaef3e7ac987a6,False,105988096,20260811,797,3631,516,3637,450,completed,"[""cx"",""rz"",""h""]",slice-a-m08,8108,20.0,0.0,0.3194210409419611,0.21031308406963944
8,4,cell-d942b9f8603aa6cfc2d0,pyzx_rewrite_identity_up_to_global_phase_v1,True,passed,echo_passthrough,literal input circuit -> output,0.5,0.5,logical_all_to_all_no_routing,passed,data/runs/w4-matched-representation-20260802/cells/cell-d942b9f8603aa6cfc2d0/cell.log,8,2147483648,9,9117c6e03a3a84fd6c4d46685481728eced233e6d0af417b5fd87729b8a3e5f5,16,15,"['cx', 'rz']",24,0,8d09b4cdeb5ef9f302b81f8d9744603be9f641ec8c3fe6a4e1c8b879e36ae80b,f819f955ccf5d4cbba1d9f884a8956175525138d2cb94346998c90f5df1e69e6,8,2,random_commuting_order,rep-3f010061e069752c1571,data/runs/w4-matched-representation-20260802/representations/rep-3f010061e069752c1571/representation_manifest.json,9f2af76f68c8d4e0ebca09ea3cec194bcca25bd5cc20bf4524749a319b510294,False,105938944,20260812,797,3631,516,3637,450,completed,"[""cx"",""rz"",""h""]",slice-a-m08,8108,20.0,0.0,0.309342416934669,0.20920141704846174
8,4,cell-2e2762719caadf36f7aa,pyzx_rewrite_identity_up_to_global_phase_v1,True,passed,full_aggregation,exact input parity/phase table -> canonical CNOT-Rz,0.5,0.5,logical_all_to_all_no_routing,passed,data/runs/w4-matched-representation-20260802/cells/cell-2e2762719caadf36f7aa/cell.log,8,2147483648,9,3a7f906800d5eefddfc5435441e4d35689cdf8f3d466406601d6f9c7e88aa671,8,9,"['cx', 'rz']",12,0,8f43da23ad3a15737649245f5deb87da243f67b13a53748b381ac9ffae55d06f,8f586dad56c664a301205673a477a1fa5992fed6bd6bb76aee25ee9de063a896,4,2,random_commuting_order,rep-da231bf7da7564e9db80,data/runs/w4-matched-representation-20260802/representations/rep-da231bf7da7564e9db80/representation_manifest.json,c73a34668576a8a6629aab6a10d17cc5b09145532ba1546b2bbaef3e7ac987a6,False,105906176,20260811,797,3631,303,1805,237,completed,"[""cx"",""rz"",""h""]",slice-a-m08,8108,20.0,0.0,0.3312687079887837,0.21300550003070384
8,4,cell-579c15710ebac715788d,pyzx_rewrite_identity_up_to_global_phase_v1,True,passed,full_aggregation,exact input parity/phase table -> canonical CNOT-Rz,0.5,0.5,logical_all_to_all_no_routing,passed,data/runs/w4-matched-representation-20260802/cells/cell-579c15710ebac715788d/cell.log,8,2147483648,9,3a7f906800d5eefddfc5435441e4d35689cdf8f3d466406601d6f9c7e88aa671,8,9,"['cx', 'rz']",12,0,8f43da23ad3a15737649245f5deb87da243f67b13a53748b381ac9ffae55d06f,8f586dad56c664a301205673a477a1fa5992fed6bd6bb76aee25ee9de063a896,4,2,random_commuting_order,rep-3f010061e069752c1571,data/runs/w4-matched-representation-20260802/representations/rep-3f010061e069752c1571/representation_manifest.json,9f2af76f68c8d4e0ebca09ea3cec194bcca25bd5cc20bf4524749a319b510294,False,106004480,20260812,797,3631,303,1805,237,completed,"[""cx"",""rz"",""h""]",slice-a-m08,8108,20.0,0.0,0.31212220794986933,0.2104688340332359
8,4,cell-731b93b4ea39e2117349,pyzx_rewrite_identity_up_to_global_phase_v1,True,passed,pyzx_full_reduce,OpenQASM2 -> PyZX graph/full_reduce/extract -> target basis,0.5,0.5,logical_all_to_all_no_routing,passed,data/runs/w4-matched-representation-20260802/cells/cell-731b93b4ea39e2117349/cell.log,8,2147483648,9,696074869ee721907d3296cba448c7d27ccb020e57a4640c65b08d168bf83c13,14,34,"['cx', 'h', 'rz']",66,48,33568ac3f5ea4bf7002435edd90a232f0071c5accca45b9e2904e4769459db5f,10bfa6b946a6472a4d464b9631a86ec3b9675d68f26cb10c1be9f9ea83184138,4,2,random_commuting_order,rep-da231bf7da7564e9db80,data/runs/w4-matched-representation-20260802/representations/rep-da231bf7da7564e9db80/representation_manifest.json,c73a34668576a8a6629aab6a10d17cc5b09145532ba1546b2bbaef3e7ac987a6,False,108183552,20260811,797,3631,771,8581,705,completed,"[""cx"",""rz"",""h""]",slice-a-m08,8108,20.0,0.0,0.34998133301269263,0.22780554206110537
8,4,cell-d8b498cb22b9cbaabae7,pyzx_rewrite_identity_up_to_global_phase_v1,True,passed,pyzx_full_reduce,OpenQASM2 -> PyZX graph/full_reduce/extract -> target basis,0.5,0.5,logical_all_to_all_no_routing,passed,data/runs/w4-matched-representation-20260802/cells/cell-d8b498cb22b9cbaabae7/cell.log,8,2147483648,9,696074869ee721907d3296cba448c7d27ccb020e57a4640c65b08d168bf83c13,14,34,"['cx', 'h', 'rz']",66,48,33568ac3f5ea4bf7002435edd90a232f0071c5accca45b9e2904e4769459db5f,10bfa6b946a6472a4d464b9631a86ec3b9675d68f26cb10c1be9f9ea83184138,4,2,random_commuting_order,rep-3f010061e069752c1571,data/runs/w4-matched-representation-20260802/representations/rep-3f010061e069752c1571/representation_manifest.json,9f2af76f68c8d4e0ebca09ea3cec194bcca25bd5cc20bf4524749a319b510294,False,108249088,20260812,797,3631,771,8581,705,completed,"[""cx"",""rz"",""h""]",slice-a-m08,8108,20.0,0.0,0.3354557919083163,0.22702275007031858
8,4,cell-23e27111510b93bd1f7f,pyzx_rewrite_identity_up_to_global_phase_v1,True,passed,qiskit_opt3,OpenQASM2 -> Qiskit preset level 3 -> target basis,0.5,0.5,logical_all_to_all_no_routing,passed,data/runs/w4-matched-representation-20260802/cells/cell-23e27111510b93bd1f7f/cell.log,8,2147483648,9,c72c73b2fcb808f743173118f297a8aee1c55d13140addadd16ca14d77fc7e6d,12,12,"['cx', 'rz']",18,0,f3b2f8eb036954780937fb97b586d4a9b82eba2bc1f09947579685af64a5f629,f6259d9fc505dc689d0ac1629472922c3555a4c77e7a368743f23ebbff2e315d,6,2,random_commuting_order,rep-da231bf7da7564e9db80,data/runs/w4-matched-representation-20260802/representations/rep-da231bf7da7564e9db80/representation_manifest.json,c73a34668576a8a6629aab6a10d17cc5b09145532ba1546b2bbaef3e7ac987a6,False,108920832,20260811,797,3631,423,2730,362,completed,"[""cx"",""rz"",""h""]",slice-a-m08,8108,20.0,0.0,0.33427420805674046,0.22074600006453693
8,4,cell-dfcfa349a66e693d2df4,pyzx_rewrite_identity_up_to_global_phase_v1,True,passed,qiskit_opt3,OpenQASM2 -> Qiskit preset level 3 -> target basis,0.5,0.5,logical_all_to_all_no_routing,passed,data/runs/w4-matched-representation-20260802/cells/cell-dfcfa349a66e693d2df4/cell.log,8,2147483648,9,c72c73b2fcb808f743173118f297a8aee1c55d13140addadd16ca14d77fc7e6d,12,12,"['cx', 'rz']",18,0,f3b2f8eb036954780937fb97b586d4a9b82eba2bc1f09947579685af64a5f629,f6259d9fc505dc689d0ac1629472922c3555a4c77e7a368743f23ebbff2e315d,6,2,random_commuting_order,rep-3f010061e069752c1571,data/runs/w4-matched-representation-20260802/representations/rep-3f010061e069752c1571/representation_manifest.json,9f2af76f68c8d4e0ebca09ea3cec194bcca25bd5cc20bf4524749a319b510294,False,109019136,20260812,797,3631,423,2730,362,completed,"[""cx"",""rz"",""h""]",slice-a-m08,8108,20.0,0.0,0.33182829106226563,0.2211965840542689
8,4,cell-e101ef7cc8a07b5955b5,pyzx_rewrite_identity_up_to_global_phase_v1,True,passed,tket_paulisimp,OpenQASM2 -> TKET DecomposeBoxes/AutoRebase/PauliSimp -> target basis,0.5,0.5,logical_all_to_all_no_routing,passed,data/runs/w4-matched-representation-20260802/cells/cell-e101ef7cc8a07b5955b5/cell.log,8,2147483648,9,8dd1f68cfe53465c95abbf3e37b12ed7a62c50429d6e73ccac2e437140303391,8,13,"['cx', 'h', 'rz']",66,18,087e31a72322fbcaefc6fedcc384075d139994ca0b27ca18ba2f3d72ce2f46dc,019d77d7d92c632b71e71670f0910f0bd1aaead81f1e7d4db43cb1eca48f2797,40,2,random_commuting_order,rep-da231bf7da7564e9db80,data/runs/w4-matched-representation-20260802/representations/rep-da231bf7da7564e9db80/representation_manifest.json,c73a34668576a8a6629aab6a10d17cc5b09145532ba1546b2bbaef3e7ac987a6,False,155680768,20260811,797,3631,1021,9662,957,completed,"[""cx"",""rz"",""h""]",slice-a-m08,8108,20.0,0.0,0.5682838750071824,0.4308641250245273
8,4,cell-95b1b93ba8ade8fa65ff,pyzx_rewrite_identity_up_to_global_phase_v1,True,passed,tket_paulisimp,OpenQASM2 -> TKET DecomposeBoxes/AutoRebase/PauliSimp -> target basis,0.5,0.5,logical_all_to_all_no_routing,passed,data/runs/w4-matched-representation-20260802/cells/cell-95b1b93ba8ade8fa65ff/cell.log,8,2147483648,9,8dd1f68cfe53465c95abbf3e37b12ed7a62c50429d6e73ccac2e437140303391,8,13,"['cx', 'h', 'rz']",66,18,087e31a72322fbcaefc6fedcc384075d139994ca0b27ca18ba2f3d72ce2f46dc,019d77d7d92c632b71e71670f0910f0bd1aaead81f1e7d4db43cb1eca48f2797,40,2,random_commuting_order,rep-3f010061e069752c1571,data/runs/w4-matched-representation-20260802/representations/rep-3f010061e069752c1571/representation_manifest.json,9f2af76f68c8d4e0ebca09ea3cec194bcca25bd5cc20bf4524749a319b510294,False,155779072,20260812,797,3631,1021,9662,957,completed,"[""cx"",""rz"",""h""]",slice-a-m08,8108,20.0,0.0,0.5697140420088544,0.42116104101296514
8,4,cell-e07e103ccf095e5fe380,pyzx_rewrite_identity_up_to_global_phase_v1,True,passed,echo_passthrough,literal input circuit -> output,0.5,0.5,logical_all_to_all_no_routing,passed,data/runs/w4-matched-representation-20260802/cells/cell-e07e103ccf095e5fe380/cell.log,8,2147483648,9,1e38190188ef0e0d52c5261ec56d640d1bdeece7fdee87c6a6c554f4e89ff8c1,16,15,"['cx', 'rz']",24,0,08fee72f2a4803acf97283968818d9d828213a5f9ebd996332d329e36bc46dd4,5079057940e20c4ee0b8ba3b277ebd7bbb82f3884c6ea9f3538e2a39a2796b31,8,2,round_robin_flat,rep-dcc15903ef4d191bf68f,data/runs/w4-matched-representation-20260802/representations/rep-dcc15903ef4d191bf68f/representation_manifest.json,b5b27a74aeb0ff53563b6db98cf6f9f1a9bf90b12a506817beb303b1d2652fc5,False,105938944,20260811,797,3625,516,3637,450,completed,"[""cx"",""rz"",""h""]",slice-a-m08,8108,20.0,0.0,0.3158855000510812,0.21050691604614258
8,4,cell-52c5fcbab16bcfd622ab,pyzx_rewrite_identity_up_to_global_phase_v1,True,passed,echo_passthrough,literal input circuit -> output,0.5,0.5,logical_all_to_all_no_routing,passed,data/runs/w4-matched-representation-20260802/cells/cell-52c5fcbab16bcfd622ab/cell.log,8,2147483648,9,1e38190188ef0e0d52c5261ec56d640d1bdeece7fdee87c6a6c554f4e89ff8c1,16,15,"['cx', 'rz']",24,0,08fee72f2a4803acf97283968818d9d828213a5f9ebd996332d329e36bc46dd4,5079057940e20c4ee0b8ba3b277ebd7bbb82f3884c6ea9f3538e2a39a2796b31,8,2,round_robin_flat,rep-8388d3094d8ce9472c2a,data/runs/w4-matched-representation-20260802/representations/rep-8388d3094d8ce9472c2a/representation_manifest.json,49b95c09408507aded5c8cfd598c91de297f56bcd32a5fac890bf2db5d385829,False,106168320,20260812,797,3625,516,3637,450,completed,"[""cx"",""rz"",""h""]",slice-a-m08,8108,20.0,0.0,0.3113452079705894,0.2148564999224618
8,4,cell-304af17530ab472e49a7,pyzx_rewrite_identity_up_to_global_phase_v1,True,passed,full_aggregation,exact input parity/phase table -> canonical CNOT-Rz,0.5,0.5,logical_all_to_all_no_routing,passed,data/runs/w4-matched-representation-20260802/cells/cell-304af17530ab472e49a7/cell.log,8,2147483648,9,3a7f906800d5eefddfc5435441e4d35689cdf8f3d466406601d6f9c7e88aa671,8,9,"['cx', 'rz']",12,0,8f43da23ad3a15737649245f5deb87da243f67b13a53748b381ac9ffae55d06f,8f586dad56c664a301205673a477a1fa5992fed6bd6bb76aee25ee9de063a896,4,2,round_robin_flat,rep-dcc15903ef4d191bf68f,data/runs/w4-matched-representation-20260802/representations/rep-dcc15903ef4d191bf68f/representation_manifest.json,b5b27a74aeb0ff53563b6db98cf6f9f1a9bf90b12a506817beb303b1d2652fc5,False,105889792,20260811,797,3625,303,1805,237,completed,"[""cx"",""rz"",""h""]",slice-a-m08,8108,20.0,0.0,0.3128428750205785,0.2080679580103606
8,4,cell-9176ee4f63b6662b9ef4,pyzx_rewrite_identity_up_to_global_phase_v1,True,passed,full_aggregation,exact input parity/phase table -> canonical CNOT-Rz,0.5,0.5,logical_all_to_all_no_routing,passed,data/runs/w4-matched-representation-20260802/cells/cell-9176ee4f63b6662b9ef4/cell.log,8,2147483648,9,3a7f906800d5eefddfc5435441e4d35689cdf8f3d466406601d6f9c7e88aa671,8,9,"['cx', 'rz']",12,0,8f43da23ad3a15737649245f5deb87da243f67b13a53748b381ac9ffae55d06f,8f586dad56c664a301205673a477a1fa5992fed6bd6bb76aee25ee9de063a896,4,2,round_robin_flat,rep-8388d3094d8ce9472c2a,data/runs/w4-matched-representation-20260802/representations/rep-8388d3094d8ce9472c2a/representation_manifest.json,49b95c09408507aded5c8cfd598c91de297f56bcd32a5fac890bf2db5d385829,False,106037248,20260812,797,3625,303,1805,237,completed,"[""cx"",""rz"",""h""]",slice-a-m08,8108,20.0,0.0,0.31337937503121793,0.21070499997586012
8,4,cell-5534ab00e9dc66b1a50e,pyzx_rewrite_identity_up_to_global_phase_v1,True,passed,pyzx_full_reduce,OpenQASM2 -> PyZX graph/full_reduce/extract -> target basis,0.5,0.5,logical_all_to_all_no_routing,passed,data/runs/w4-matched-representation-20260802/cells/cell-5534ab00e9dc66b1a50e/cell.log,8,2147483648,9,696074869ee721907d3296cba448c7d27ccb020e57a4640c65b08d168bf83c13,14,34,"['cx', 'h', 'rz']",66,48,33568ac3f5ea4bf7002435edd90a232f0071c5accca45b9e2904e4769459db5f,10bfa6b946a6472a4d464b9631a86ec3b9675d68f26cb10c1be9f9ea83184138,4,2,round_robin_flat,rep-dcc15903ef4d191bf68f,data/runs/w4-matched-representation-20260802/representations/rep-dcc15903ef4d191bf68f/representation_manifest.json,b5b27a74aeb0ff53563b6db98cf6f9f1a9bf90b12a506817beb303b1d2652fc5,False,108232704,20260811,797,3625,771,8581,705,completed,"[""cx"",""rz"",""h""]",slice-a-m08,8108,20.0,0.0,0.3345626670634374,0.22944537503644824
8,4,cell-e7640258f1de103b6281,pyzx_rewrite_identity_up_to_global_phase_v1,True,passed,pyzx_full_reduce,OpenQASM2 -> PyZX graph/full_reduce/extract -> target basis,0.5,0.5,logical_all_to_all_no_routing,passed,data/runs/w4-matched-representation-20260802/cells/cell-e7640258f1de103b6281/cell.log,8,2147483648,9,696074869ee721907d3296cba448c7d27ccb020e57a4640c65b08d168bf83c13,14,34,"['cx', 'h', 'rz']",66,48,33568ac3f5ea4bf7002435edd90a232f0071c5accca45b9e2904e4769459db5f,10bfa6b946a6472a4d464b9631a86ec3b9675d68f26cb10c1be9f9ea83184138,4,2,round_robin_flat,rep-8388d3094d8ce9472c2a,data/runs/w4-matched-representation-20260802/representations/rep-8388d3094d8ce9472c2a/representation_manifest.json,49b95c09408507aded5c8cfd598c91de297f56bcd32a5fac890bf2db5d385829,False,108331008,20260812,797,3625,771,8581,705,completed,"[""cx"",""rz"",""h""]",slice-a-m08,8108,20.0,0.0,0.3458275420125574,0.22953216603491455
8,4,cell-138f3d5893649192f174,pyzx_rewrite_identity_up_to_global_phase_v1,True,passed,qiskit_opt3,OpenQASM2 -> Qiskit preset level 3 -> target basis,0.5,0.5,logical_all_to_all_no_routing,passed,data/runs/w4-matched-representation-20260802/cells/cell-138f3d5893649192f174/cell.log,8,2147483648,9,fa2b16f6a6ffdc16e7268d833484e55a7727758237fa24ba6e3dd250da0ebf04,14,15,"['cx', 'rz']",21,0,f6e92511fcc5a85abe8c8551c139975b52f59a578c564c4b7dfdc570fba13fcc,b8cf24b206b2c2eafa35b75b7d26ff7f2cb4efe3b1882afcb9f4b300ed27f379,7,2,round_robin_flat,rep-dcc15903ef4d191bf68f,data/runs/w4-matched-representation-20260802/representations/rep-dcc15903ef4d191bf68f/representation_manifest.json,b5b27a74aeb0ff53563b6db98cf6f9f1a9bf90b12a506817beb303b1d2652fc5,False,108822528,20260811,797,3625,467,3193,406,completed,"[""cx"",""rz"",""h""]",slice-a-m08,8108,20.0,0.0,0.32772479206323624,0.22691454202868044
8,4,cell-5d334cb5d93606746b76,pyzx_rewrite_identity_up_to_global_phase_v1,True,passed,qiskit_opt3,OpenQASM2 -> Qiskit preset level 3 -> target basis,0.5,0.5,logical_all_to_all_no_routing,passed,data/runs/w4-matched-representation-20260802/cells/cell-5d334cb5d93606746b76/cell.log,8,2147483648,9,fa2b16f6a6ffdc16e7268d833484e55a7727758237fa24ba6e3dd250da0ebf04,14,15,"['cx', 'rz']",21,0,f6e92511fcc5a85abe8c8551c139975b52f59a578c564c4b7dfdc570fba13fcc,b8cf24b206b2c2eafa35b75b7d26ff7f2cb4efe3b1882afcb9f4b300ed27f379,7,2,round_robin_flat,rep-8388d3094d8ce9472c2a,data/runs/w4-matched-representation-20260802/representations/rep-8388d3094d8ce9472c2a/representation_manifest.json,49b95c09408507aded5c8cfd598c91de297f56bcd32a5fac890bf2db5d385829,False,109051904,20260812,797,3625,467,3193,406,completed,"[""cx"",""rz"",""h""]",slice-a-m08,8108,20.0,0.0,0.37736108305398375,0.2583845000481233
8,4,cell-a9125bc4dcce2ac8f4a4,pyzx_rewrite_identity_up_to_global_phase_v1,True,passed,tket_paulisimp,OpenQASM2 -> TKET DecomposeBoxes/AutoRebase/PauliSimp -> target basis,0.5,0.5,logical_all_to_all_no_routing,passed,data/runs/w4-matched-representation-20260802/cells/cell-a9125bc4dcce2ac8f4a4/cell.log,8,2147483648,9,8dd1f68cfe53465c95abbf3e37b12ed7a62c50429d6e73ccac2e437140303391,8,13,"['cx', 'h', 'rz']",66,18,087e31a72322fbcaefc6fedcc384075d139994ca0b27ca18ba2f3d72ce2f46dc,019d77d7d92c632b71e71670f0910f0bd1aaead81f1e7d4db43cb1eca48f2797,40,2,round_robin_flat,rep-dcc15903ef4d191bf68f,data/runs/w4-matched-representation-20260802/representations/rep-dcc15903ef4d191bf68f/representation_manifest.json,b5b27a74aeb0ff53563b6db98cf6f9f1a9bf90b12a506817beb303b1d2652fc5,False,155729920,20260811,797,3625,1021,9662,957,completed,"[""cx"",""rz"",""h""]",slice-a-m08,8108,20.0,0.0,0.6513635830488056,0.45494987501297146
8,4,cell-f1bde37b9b1790417c47,pyzx_rewrite_identity_up_to_global_phase_v1,True,passed,tket_paulisimp,OpenQASM2 -> TKET DecomposeBoxes/AutoRebase/PauliSimp -> target basis,0.5,0.5,logical_all_to_all_no_routing,passed,data/runs/w4-matched-representation-20260802/cells/cell-f1bde37b9b1790417c47/cell.log,8,2147483648,9,8dd1f68cfe53465c95abbf3e37b12ed7a62c50429d6e73ccac2e437140303391,8,13,"['cx', 'h', 'rz']",66,18,087e31a72322fbcaefc6fedcc384075d139994ca0b27ca18ba2f3d72ce2f46dc,019d77d7d92c632b71e71670f0910f0bd1aaead81f1e7d4db43cb1eca48f2797,40,2,round_robin_flat,rep-8388d3094d8ce9472c2a,data/runs/w4-matched-representation-20260802/representations/rep-8388d3094d8ce9472c2a/representation_manifest.json,49b95c09408507aded5c8cfd598c91de297f56bcd32a5fac890bf2db5d385829,False,155795456,20260812,797,3625,1021,9662,957,completed,"[""cx"",""rz"",""h""]",slice-a-m08,8108,20.0,0.0,0.5953143750084564,0.4355445000110194
8,4,cell-2a91eec92bda7d234bdc,pyzx_rewrite_identity_up_to_global_phase_v1,True,passed,echo_passthrough,literal input circuit -> output,0.5,0.5,logical_all_to_all_no_routing,passed,data/runs/w4-matched-representation-20260802/cells/cell-2a91eec92bda7d234bdc/cell.log,8,2147483648,9,a6e7cd4b5784b8ddd4e51c3570f88bea5dcfb89da78595960d4abcb2fa8b9cad,8,9,"['cx', 'rz']",12,0,5f1aa522ebaa8f617d8ceee90b1075abec91b58de3e9041ed56ec92c2c5b7614,8f586dad56c664a301205673a477a1fa5992fed6bd6bb76aee25ee9de063a896,4,2,semantic_aggregate,rep-456a3e63ae074c6324ea,data/runs/w4-matched-representation-20260802/representations/rep-456a3e63ae074c6324ea/representation_manifest.json,deaa2df3a22b8f6a0f3f3ae23f2261fd39de0aeb47e96c62fabd6c867343e112,False,105889792,20260811,464,1775,303,1785,237,completed,"[""cx"",""rz"",""h""]",slice-a-m08,8108,20.0,0.0,0.31381845800206065,0.20893541700206697
8,4,cell-d84f03084ba933fb659e,pyzx_rewrite_identity_up_to_global_phase_v1,True,passed,echo_passthrough,literal input circuit -> output,0.5,0.5,logical_all_to_all_no_routing,passed,data/runs/w4-matched-representation-20260802/cells/cell-d84f03084ba933fb659e/cell.log,8,2147483648,9,a6e7cd4b5784b8ddd4e51c3570f88bea5dcfb89da78595960d4abcb2fa8b9cad,8,9,"['cx', 'rz']",12,0,5f1aa522ebaa8f617d8ceee90b1075abec91b58de3e9041ed56ec92c2c5b7614,8f586dad56c664a301205673a477a1fa5992fed6bd6bb76aee25ee9de063a896,4,2,semantic_aggregate,rep-471d3d5012ff7b7bff98,data/runs/w4-matched-representation-20260802/representations/rep-471d3d5012ff7b7bff98/representation_manifest.json,cae3a05a8a8df65986f80c705ad6f7693124e1d81e38812839ba6770cc105e3c,False,106053632,20260812,464,1775,303,1785,237,completed,"[""cx"",""rz"",""h""]",slice-a-m08,8108,20.0,0.0,0.3308079580310732,0.21755570801906288
8,4,cell-4b78942fa7553db6b5e5,pyzx_rewrite_identity_up_to_global_phase_v1,True,passed,full_aggregation,exact input parity/phase table -> canonical CNOT-Rz,0.5,0.5,logical_all_to_all_no_routing,passed,data/runs/w4-matched-representation-20260802/cells/cell-4b78942fa7553db6b5e5/cell.log,8,2147483648,9,3a7f906800d5eefddfc5435441e4d35689cdf8f3d466406601d6f9c7e88aa671,8,9,"['cx', 'rz']",12,0,8f43da23ad3a15737649245f5deb87da243f67b13a53748b381ac9ffae55d06f,8f586dad56c664a301205673a477a1fa5992fed6bd6bb76aee25ee9de063a896,4,2,semantic_aggregate,rep-456a3e63ae074c6324ea,data/runs/w4-matched-representation-20260802/representations/rep-456a3e63ae074c6324ea/representation_manifest.json,deaa2df3a22b8f6a0f3f3ae23f2261fd39de0aeb47e96c62fabd6c867343e112,False,106053632,20260811,464,1775,303,1805,237,completed,"[""cx"",""rz"",""h""]",slice-a-m08,8108,20.0,0.0,0.3144153750035912,0.21405341604258865
8,4,cell-ee0d9dfa8f273bb7c8fa,pyzx_rewrite_identity_up_to_global_phase_v1,True,passed,full_aggregation,exact input parity/phase table -> canonical CNOT-Rz,0.5,0.5,logical_all_to_all_no_routing,passed,data/runs/w4-matched-representation-20260802/cells/cell-ee0d9dfa8f273bb7c8fa/cell.log,8,2147483648,9,3a7f906800d5eefddfc5435441e4d35689cdf8f3d466406601d6f9c7e88aa671,8,9,"['cx', 'rz']",12,0,8f43da23ad3a15737649245f5deb87da243f67b13a53748b381ac9ffae55d06f,8f586dad56c664a301205673a477a1fa5992fed6bd6bb76aee25ee9de063a896,4,2,semantic_aggregate,rep-471d3d5012ff7b7bff98,data/runs/w4-matched-representation-20260802/representations/rep-471d3d5012ff7b7bff98/representation_manifest.json,cae3a05a8a8df65986f80c705ad6f7693124e1d81e38812839ba6770cc105e3c,False,106020864,20260812,464,1775,303,1805,237,completed,"[""cx"",""rz"",""h""]",slice-a-m08,8108,20.0,0.0,0.31793179200030863,0.210481624933891
8,4,cell-0047150548d5d6225bc6,pyzx_rewrite_identity_up_to_global_phase_v1,True,passed,pyzx_full_reduce,OpenQASM2 -> PyZX graph/full_reduce/extract -> target basis,0.5,0.5,logical_all_to_all_no_routing,passed,data/runs/w4-matched-representation-20260802/cells/cell-0047150548d5d6225bc6/cell.log,8,2147483648,9,696074869ee721907d3296cba448c7d27ccb020e57a4640c65b08d168bf83c13,14,34,"['cx', 'h', 'rz']",66,48,33568ac3f5ea4bf7002435edd90a232f0071c5accca45b9e2904e4769459db5f,10bfa6b946a6472a4d464b9631a86ec3b9675d68f26cb10c1be9f9ea83184138,4,2,semantic_aggregate,rep-456a3e63ae074c6324ea,data/runs/w4-matched-representation-20260802/representations/rep-456a3e63ae074c6324ea/representation_manifest.json,deaa2df3a22b8f6a0f3f3ae23f2261fd39de0aeb47e96c62fabd6c867343e112,False,108183552,20260811,464,1775,771,8581,705,completed,"[""cx"",""rz"",""h""]",slice-a-m08,8108,20.0,0.0,0.3339997079456225,0.22690708399750292
8,4,cell-ab83a61da184fe5eb7ea,pyzx_rewrite_identity_up_to_global_phase_v1,True,passed,pyzx_full_reduce,OpenQASM2 -> PyZX graph/full_reduce/extract -> target basis,0.5,0.5,logical_all_to_all_no_routing,passed,data/runs/w4-matched-representation-20260802/cells/cell-ab83a61da184fe5eb7ea/cell.log,8,2147483648,9,696074869ee721907d3296cba448c7d27ccb020e57a4640c65b08d168bf83c13,14,34,"['cx', 'h', 'rz']",66,48,33568ac3f5ea4bf7002435edd90a232f0071c5accca45b9e2904e4769459db5f,10bfa6b946a6472a4d464b9631a86ec3b9675d68f26cb10c1be9f9ea83184138,4,2,semantic_aggregate,rep-471d3d5012ff7b7bff98,data/runs/w4-matched-representation-20260802/representations/rep-471d3d5012ff7b7bff98/representation_manifest.json,cae3a05a8a8df65986f80c705ad6f7693124e1d81e38812839ba6770cc105e3c,False,108167168,20260812,464,1775,771,8581,705,completed,"[""cx"",""rz"",""h""]",slice-a-m08,8108,20.0,0.0,0.33042208303231746,0.2333762909984216
8,4,cell-a1985b4432680f3dab42,pyzx_rewrite_identity_up_to_global_phase_v1,True,passed,qiskit_opt3,OpenQASM2 -> Qiskit preset level 3 -> target basis,0.5,0.5,logical_all_to_all_no_routing,passed,data/runs/w4-matched-representation-20260802/cells/cell-a1985b4432680f3dab42/cell.log,8,2147483648,9,2976c94bf1ff534568ac5df324814d542d2803f661a7d3e15c5b6a01e633c4b5,8,9,"['cx', 'rz']",12,0,af41a1edfe537f547713ce9458f045e3c1a2f2a5543d7c199ffb150124cca67b,8f586dad56c664a301205673a477a1fa5992fed6bd6bb76aee25ee9de063a896,4,2,semantic_aggregate,rep-456a3e63ae074c6324ea,data/runs/w4-matched-representation-20260802/representations/rep-456a3e63ae074c6324ea/representation_manifest.json,deaa2df3a22b8f6a0f3f3ae23f2261fd39de0aeb47e96c62fabd6c867343e112,False,108888064,20260811,464,1775,298,1804,237,completed,"[""cx"",""rz"",""h""]",slice-a-m08,8108,20.0,0.0,0.33988462504930794,0.23181237501557916
8,4,cell-3653b4fb00381323712b,pyzx_rewrite_identity_up_to_global_phase_v1,True,passed,qiskit_opt3,OpenQASM2 -> Qiskit preset level 3 -> target basis,0.5,0.5,logical_all_to_all_no_routing,passed,data/runs/w4-matched-representation-20260802/cells/cell-3653b4fb00381323712b/cell.log,8,2147483648,9,2976c94bf1ff534568ac5df324814d542d2803f661a7d3e15c5b6a01e633c4b5,8,9,"['cx', 'rz']",12,0,af41a1edfe537f547713ce9458f045e3c1a2f2a5543d7c199ffb150124cca67b,8f586dad56c664a301205673a477a1fa5992fed6bd6bb76aee25ee9de063a896,4,2,semantic_aggregate,rep-471d3d5012ff7b7bff98,data/runs/w4-matched-representation-20260802/representations/rep-471d3d5012ff7b7bff98/representation_manifest.json,cae3a05a8a8df65986f80c705ad6f7693124e1d81e38812839ba6770cc105e3c,False,108855296,20260812,464,1775,298,1804,237,completed,"[""cx"",""rz"",""h""]",slice-a-m08,8108,20.0,0.0,0.34237470803782344,0.2209472090471536
8,4,cell-ddeffb30f3fa77e90da1,pyzx_rewrite_identity_up_to_global_phase_v1,True,passed,tket_paulisimp,OpenQASM2 -> TKET DecomposeBoxes/AutoRebase/PauliSimp -> target basis,0.5,0.5,logical_all_to_all_no_routing,passed,data/runs/w4-matched-representation-20260802/cells/cell-ddeffb30f3fa77e90da1/cell.log,8,2147483648,9,8dd1f68cfe53465c95abbf3e37b12ed7a62c50429d6e73ccac2e437140303391,8,13,"['cx', 'h', 'rz']",66,18,087e31a72322fbcaefc6fedcc384075d139994ca0b27ca18ba2f3d72ce2f46dc,019d77d7d92c632b71e71670f0910f0bd1aaead81f1e7d4db43cb1eca48f2797,40,2,semantic_aggregate,rep-456a3e63ae074c6324ea,data/runs/w4-matched-representation-20260802/representations/rep-456a3e63ae074c6324ea/representation_manifest.json,deaa2df3a22b8f6a0f3f3ae23f2261fd39de0aeb47e96c62fabd6c867343e112,False,155615232,20260811,464,1775,1021,9662,957,completed,"[""cx"",""rz"",""h""]",slice-a-m08,8108,20.0,0.0,0.5834372079698369,0.42367766599636525
8,4,cell-d42e9e2f864017ca474c,pyzx_rewrite_identity_up_to_global_phase_v1,True,passed,tket_paulisimp,OpenQASM2 -> TKET DecomposeBoxes/AutoRebase/PauliSimp -> target basis,0.5,0.5,logical_all_to_all_no_routing,passed,data/runs/w4-matched-representation-20260802/cells/cell-d42e9e2f864017ca474c/cell.log,8,2147483648,9,8dd1f68cfe53465c95abbf3e37b12ed7a62c50429d6e73ccac2e437140303391,8,13,"['cx', 'h', 'rz']",66,18,087e31a72322fbcaefc6fedcc384075d139994ca0b27ca18ba2f3d72ce2f46dc,019d77d7d92c632b71e71670f0910f0bd1aaead81f1e7d4db43cb1eca48f2797,40,2,semantic_aggregate,rep-471d3d5012ff7b7bff98,data/runs/w4-matched-representation-20260802/representations/rep-471d3d5012ff7b7bff98/representation_manifest.json,cae3a05a8a8df65986f80c705ad6f7693124e1d81e38812839ba6770cc105e3c,False,155697152,20260812,464,1775,1021,9662,957,completed,"[""cx"",""rz"",""h""]",slice-a-m08,8108,20.0,0.0,0.5911101669771597,0.42704637499991804
8,4,cell-731db788b854ebf0a49a,pyzx_rewrite_identity_up_to_global_phase_v1,True,passed,echo_passthrough,literal input circuit -> output,0.5,0.5,logical_all_to_all_no_routing,passed,data/runs/w4-matched-representation-20260802/cells/cell-731db788b854ebf0a49a/cell.log,8,2147483648,9,1b91c908fe4f15356fcc2209e47d2115f3079aa08421f5d7afd02dca450eadec,8,9,"['cx', 'rz']",12,0,302de8e3808ac18c8fe05e548b6902690b3b6146b054b18e67126bb1b7530337,e3be4e13bea3b7307ee1f70cb75a3ef8a828c87a5e2c006ccc3093cfc7bc13bb,4,2,tket_bridge,rep-fa4f2cc4843e1f9385d6,data/runs/w4-matched-representation-20260802/representations/rep-fa4f2cc4843e1f9385d6/representation_manifest.json,e5d5cf6bfd9f5551fa7880d0b8483063cf14697449d8ef53aa23f8fabe5c2b69,False,105922560,20260811,318,1768,303,1785,237,completed,"[""cx"",""rz"",""h""]",slice-a-m08,8108,20.0,0.0,0.33387774997390807,0.21461174997966737
8,4,cell-f8ea2117f4dd433743da,pyzx_rewrite_identity_up_to_global_phase_v1,True,passed,echo_passthrough,literal input circuit -> output,0.5,0.5,logical_all_to_all_no_routing,passed,data/runs/w4-matched-representation-20260802/cells/cell-f8ea2117f4dd433743da/cell.log,8,2147483648,9,1b91c908fe4f15356fcc2209e47d2115f3079aa08421f5d7afd02dca450eadec,8,9,"['cx', 'rz']",12,0,302de8e3808ac18c8fe05e548b6902690b3b6146b054b18e67126bb1b7530337,e3be4e13bea3b7307ee1f70cb75a3ef8a828c87a5e2c006ccc3093cfc7bc13bb,4,2,tket_bridge,rep-0649adbd1a268e5efa86,data/runs/w4-matched-representation-20260802/representations/rep-0649adbd1a268e5efa86/representation_manifest.json,015320badb0a3c139b8d5637b29a60a28a20192d2a8d24bf547034b4a366ef10,False,105922560,20260812,318,1768,303,1785,237,completed,"[""cx"",""rz"",""h""]",slice-a-m08,8108,20.0,0.0,0.31048954208381474,0.2089623330393806
8,4,cell-baf155cf618b7f2de204,pyzx_rewrite_identity_up_to_global_phase_v1,True,passed,full_aggregation,exact input parity/phase table -> canonical CNOT-Rz,0.5,0.5,logical_all_to_all_no_routing,passed,data/runs/w4-matched-representation-20260802/cells/cell-baf155cf618b7f2de204/cell.log,8,2147483648,9,3a7f906800d5eefddfc5435441e4d35689cdf8f3d466406601d6f9c7e88aa671,8,9,"['cx', 'rz']",12,0,8f43da23ad3a15737649245f5deb87da243f67b13a53748b381ac9ffae55d06f,8f586dad56c664a301205673a477a1fa5992fed6bd6bb76aee25ee9de063a896,4,2,tket_bridge,rep-fa4f2cc4843e1f9385d6,data/runs/w4-matched-representation-20260802/representations/rep-fa4f2cc4843e1f9385d6/representation_manifest.json,e5d5cf6bfd9f5551fa7880d0b8483063cf14697449d8ef53aa23f8fabe5c2b69,False,106020864,20260811,318,1768,303,1805,237,completed,"[""cx"",""rz"",""h""]",slice-a-m08,8108,20.0,0.0,0.3179919579997659,0.20572508301120251
8,4,cell-1c267268b037bf97bbbf,pyzx_rewrite_identity_up_to_global_phase_v1,True,passed,full_aggregation,exact input parity/phase table -> canonical CNOT-Rz,0.5,0.5,logical_all_to_all_no_routing,passed,data/runs/w4-matched-representation-20260802/cells/cell-1c267268b037bf97bbbf/cell.log,8,2147483648,9,3a7f906800d5eefddfc5435441e4d35689cdf8f3d466406601d6f9c7e88aa671,8,9,"['cx', 'rz']",12,0,8f43da23ad3a15737649245f5deb87da243f67b13a53748b381ac9ffae55d06f,8f586dad56c664a301205673a477a1fa5992fed6bd6bb76aee25ee9de063a896,4,2,tket_bridge,rep-0649adbd1a268e5efa86,data/runs/w4-matched-representation-20260802/representations/rep-0649adbd1a268e5efa86/representation_manifest.json,015320badb0a3c139b8d5637b29a60a28a20192d2a8d24bf547034b4a366ef10,False,106004480,20260812,318,1768,303,1805,237,completed,"[""cx"",""rz"",""h""]",slice-a-m08,8108,20.0,0.0,0.3086404169443995,0.20993770798668265
8,4,cell-7a12dd2134e61e7a8e6a,pyzx_rewrite_identity_up_to_global_phase_v1,True,passed,pyzx_full_reduce,OpenQASM2 -> PyZX graph/full_reduce/extract -> target basis,0.5,0.5,logical_all_to_all_no_routing,passed,data/runs/w4-matched-representation-20260802/cells/cell-7a12dd2134e61e7a8e6a/cell.log,8,2147483648,9,696074869ee721907d3296cba448c7d27ccb020e57a4640c65b08d168bf83c13,14,34,"['cx', 'h', 'rz']",66,48,33568ac3f5ea4bf7002435edd90a232f0071c5accca45b9e2904e4769459db5f,10bfa6b946a6472a4d464b9631a86ec3b9675d68f26cb10c1be9f9ea83184138,4,2,tket_bridge,rep-fa4f2cc4843e1f9385d6,data/runs/w4-matched-representation-20260802/representations/rep-fa4f2cc4843e1f9385d6/representation_manifest.json,e5d5cf6bfd9f5551fa7880d0b8483063cf14697449d8ef53aa23f8fabe5c2b69,False,108216320,20260811,318,1768,771,8581,705,completed,"[""cx"",""rz"",""h""]",slice-a-m08,8108,20.0,0.0,0.3373030830407515,0.22752541699446738
8,4,cell-016fa31089379ab7ee37,pyzx_rewrite_identity_up_to_global_phase_v1,True,passed,pyzx_full_reduce,OpenQASM2 -> PyZX graph/full_reduce/extract -> target basis,0.5,0.5,logical_all_to_all_no_routing,passed,data/runs/w4-matched-representation-20260802/cells/cell-016fa31089379ab7ee37/cell.log,8,2147483648,9,696074869ee721907d3296cba448c7d27ccb020e57a4640c65b08d168bf83c13,14,34,"['cx', 'h', 'rz']",66,48,33568ac3f5ea4bf7002435edd90a232f0071c5accca45b9e2904e4769459db5f,10bfa6b946a6472a4d464b9631a86ec3b9675d68f26cb10c1be9f9ea83184138,4,2,tket_bridge,rep-0649adbd1a268e5efa86,data/runs/w4-matched-representation-20260802/representations/rep-0649adbd1a268e5efa86/representation_manifest.json,015320badb0a3c139b8d5637b29a60a28a20192d2a8d24bf547034b4a366ef10,False,108167168,20260812,318,1768,771,8581,705,completed,"[""cx"",""rz"",""h""]",slice-a-m08,8108,20.0,0.0,0.37138829100877047,0.23071879206690937
8,4,cell-bd6e8decc2e1dcad607b,pyzx_rewrite_identity_up_to_global_phase_v1,True,passed,qiskit_opt3,OpenQASM2 -> Qiskit preset level 3 -> target basis,0.5,0.5,logical_all_to_all_no_routing,passed,data/runs/w4-matched-representation-20260802/cells/cell-bd6e8decc2e1dcad607b/cell.log,8,2147483648,9,2976c94bf1ff534568ac5df324814d542d2803f661a7d3e15c5b6a01e633c4b5,8,9,"['cx', 'rz']",12,0,af41a1edfe537f547713ce9458f045e3c1a2f2a5543d7c199ffb150124cca67b,8f586dad56c664a301205673a477a1fa5992fed6bd6bb76aee25ee9de063a896,4,2,tket_bridge,rep-fa4f2cc4843e1f9385d6,data/runs/w4-matched-representation-20260802/representations/rep-fa4f2cc4843e1f9385d6/representation_manifest.json,e5d5cf6bfd9f5551fa7880d0b8483063cf14697449d8ef53aa23f8fabe5c2b69,False,108888064,20260811,318,1768,298,1804,237,completed,"[""cx"",""rz"",""h""]",slice-a-m08,8108,20.0,0.0,0.33706599997822195,0.2306403329130262
8,4,cell-588058bbb8356ef72166,pyzx_rewrite_identity_up_to_global_phase_v1,True,passed,qiskit_opt3,OpenQASM2 -> Qiskit preset level 3 -> target basis,0.5,0.5,logical_all_to_all_no_routing,passed,data/runs/w4-matched-representation-20260802/cells/cell-588058bbb8356ef72166/cell.log,8,2147483648,9,2976c94bf1ff534568ac5df324814d542d2803f661a7d3e15c5b6a01e633c4b5,8,9,"['cx', 'rz']",12,0,af41a1edfe537f547713ce9458f045e3c1a2f2a5543d7c199ffb150124cca67b,8f586dad56c664a301205673a477a1fa5992fed6bd6bb76aee25ee9de063a896,4,2,tket_bridge,rep-0649adbd1a268e5efa86,data/runs/w4-matched-representation-20260802/representations/rep-0649adbd1a268e5efa86/representation_manifest.json,015320badb0a3c139b8d5637b29a60a28a20192d2a8d24bf547034b4a366ef10,False,108838912,20260812,318,1768,298,1804,237,completed,"[""cx"",""rz"",""h""]",slice-a-m08,8108,20.0,0.0,0.33288895909208804,0.2233797910157591
8,4,cell-957e2783cc99bec7a872,pyzx_rewrite_identity_up_to_global_phase_v1,True,passed,tket_paulisimp,OpenQASM2 -> TKET DecomposeBoxes/AutoRebase/PauliSimp -> target basis,0.5,0.5,logical_all_to_all_no_routing,passed,data/runs/w4-matched-representation-20260802/cells/cell-957e2783cc99bec7a872/cell.log,8,2147483648,9,8dd1f68cfe53465c95abbf3e37b12ed7a62c50429d6e73ccac2e437140303391,8,13,"['cx', 'h', 'rz']",66,18,087e31a72322fbcaefc6fedcc384075d139994ca0b27ca18ba2f3d72ce2f46dc,019d77d7d92c632b71e71670f0910f0bd1aaead81f1e7d4db43cb1eca48f2797,40,2,tket_bridge,rep-fa4f2cc4843e1f9385d6,data/runs/w4-matched-representation-20260802/representations/rep-fa4f2cc4843e1f9385d6/representation_manifest.json,e5d5cf6bfd9f5551fa7880d0b8483063cf14697449d8ef53aa23f8fabe5c2b69,False,155729920,20260811,318,1768,1021,9662,957,completed,"[""cx"",""rz"",""h""]",slice-a-m08,8108,20.0,0.0,0.5733153329929337,0.42998812498990446
8,4,cell-498126d0e5723a2df879,pyzx_rewrite_identity_up_to_global_phase_v1,True,passed,tket_paulisimp,OpenQASM2 -> TKET DecomposeBoxes/AutoRebase/PauliSimp -> target basis,0.5,0.5,logical_all_to_all_no_routing,passed,data/runs/w4-matched-representation-20260802/cells/cell-498126d0e5723a2df879/cell.log,8,2147483648,9,8dd1f68cfe53465c95abbf3e37b12ed7a62c50429d6e73ccac2e437140303391,8,13,"['cx', 'h', 'rz']",66,18,087e31a72322fbcaefc6fedcc384075d139994ca0b27ca18ba2f3d72ce2f46dc,019d77d7d92c632b71e71670f0910f0bd1aaead81f1e7d4db43cb1eca48f2797,40,2,tket_bridge,rep-0649adbd1a268e5efa86,data/runs/w4-matched-representation-20260802/representations/rep-0649adbd1a268e5efa86/representation_manifest.json,015320badb0a3c139b8d5637b29a60a28a20192d2a8d24bf547034b4a366ef10,False,155582464,20260812,318,1768,1021,9662,957,completed,"[""cx"",""rz"",""h""]",slice-a-m08,8108,20.0,0.0,0.5837126249680296,0.42362925002817065
8,4,cell-66e6e1df98979ff5d337,pyzx_rewrite_identity_up_to_global_phase_v1,True,passed,echo_passthrough,literal input circuit -> output,0.5,0.5,logical_all_to_all_no_routing,passed,data/runs/w4-matched-representation-20260802/cells/cell-66e6e1df98979ff5d337/cell.log,8,2147483648,9,a6e7cd4b5784b8ddd4e51c3570f88bea5dcfb89da78595960d4abcb2fa8b9cad,8,9,"['cx', 'rz']",12,0,5f1aa522ebaa8f617d8ceee90b1075abec91b58de3e9041ed56ec92c2c5b7614,8f586dad56c664a301205673a477a1fa5992fed6bd6bb76aee25ee9de063a896,4,2,zx_bridge,rep-1d2a9fb528c4d9be3fbd,data/runs/w4-matched-representation-20260802/representations/rep-1d2a9fb528c4d9be3fbd/representation_manifest.json,0bcdab5a78d1a080c399459b4aff14503559a6be02988aa629364960fe3906f0,False,105938944,20260811,331,1766,303,1785,237,completed,"[""cx"",""rz"",""h""]",slice-a-m08,8108,20.0,0.0,0.31364937499165535,0.20878108404576778
8,4,cell-a93887b1cfae54131d80,pyzx_rewrite_identity_up_to_global_phase_v1,True,passed,echo_passthrough,literal input circuit -> output,0.5,0.5,logical_all_to_all_no_routing,passed,data/runs/w4-matched-representation-20260802/cells/cell-a93887b1cfae54131d80/cell.log,8,2147483648,9,a6e7cd4b5784b8ddd4e51c3570f88bea5dcfb89da78595960d4abcb2fa8b9cad,8,9,"['cx', 'rz']",12,0,5f1aa522ebaa8f617d8ceee90b1075abec91b58de3e9041ed56ec92c2c5b7614,8f586dad56c664a301205673a477a1fa5992fed6bd6bb76aee25ee9de063a896,4,2,zx_bridge,rep-e2cb4b113d095526700e,data/runs/w4-matched-representation-20260802/representations/rep-e2cb4b113d095526700e/representation_manifest.json,9b94a8062a18f5bbfe347abe04adada6eb1875b183ae4e49f02dc9979cfc436a,False,105938944,20260812,331,1766,303,1785,237,completed,"[""cx"",""rz"",""h""]",slice-a-m08,8108,20.0,0.0,0.30777795892208815,0.21048375009559095
8,4,cell-232c24476a519a18fc3f,pyzx_rewrite_identity_up_to_global_phase_v1,True,passed,full_aggregation,exact input parity/phase table -> canonical CNOT-Rz,0.5,0.5,logical_all_to_all_no_routing,passed,data/runs/w4-matched-representation-20260802/cells/cell-232c24476a519a18fc3f/cell.log,8,2147483648,9,3a7f906800d5eefddfc5435441e4d35689cdf8f3d466406601d6f9c7e88aa671,8,9,"['cx', 'rz']",12,0,8f43da23ad3a15737649245f5deb87da243f67b13a53748b381ac9ffae55d06f,8f586dad56c664a301205673a477a1fa5992fed6bd6bb76aee25ee9de063a896,4,2,zx_bridge,rep-1d2a9fb528c4d9be3fbd,data/runs/w4-matched-representation-20260802/representations/rep-1d2a9fb528c4d9be3fbd/representation_manifest.json,0bcdab5a78d1a080c399459b4aff14503559a6be02988aa629364960fe3906f0,False,106004480,20260811,331,1766,303,1805,237,completed,"[""cx"",""rz"",""h""]",slice-a-m08,8108,20.0,0.0,0.3212896669283509,0.21421816700603813
8,4,cell-940fe6e66489cdd07bdb,pyzx_rewrite_identity_up_to_global_phase_v1,True,passed,full_aggregation,exact input parity/phase table -> canonical CNOT-Rz,0.5,0.5,logical_all_to_all_no_routing,passed,data/runs/w4-matched-representation-20260802/cells/cell-940fe6e66489cdd07bdb/cell.log,8,2147483648,9,3a7f906800d5eefddfc5435441e4d35689cdf8f3d466406601d6f9c7e88aa671,8,9,"['cx', 'rz']",12,0,8f43da23ad3a15737649245f5deb87da243f67b13a53748b381ac9ffae55d06f,8f586dad56c664a301205673a477a1fa5992fed6bd6bb76aee25ee9de063a896,4,2,zx_bridge,rep-e2cb4b113d095526700e,data/runs/w4-matched-representation-20260802/representations/rep-e2cb4b113d095526700e/representation_manifest.json,9b94a8062a18f5bbfe347abe04adada6eb1875b183ae4e49f02dc9979cfc436a,False,105988096,20260812,331,1766,303,1805,237,completed,"[""cx"",""rz"",""h""]",slice-a-m08,8108,20.0,0.0,0.33167750004213303,0.215260999975726
8,4,cell-c4badbc0d80a3895247a,pyzx_rewrite_identity_up_to_global_phase_v1,True,passed,pyzx_full_reduce,OpenQASM2 -> PyZX graph/full_reduce/extract -> target basis,0.5,0.5,logical_all_to_all_no_routing,passed,data/runs/w4-matched-representation-20260802/cells/cell-c4badbc0d80a3895247a/cell.log,8,2147483648,9,696074869ee721907d3296cba448c7d27ccb020e57a4640c65b08d168bf83c13,14,34,"['cx', 'h', 'rz']",66,48,33568ac3f5ea4bf7002435edd90a232f0071c5accca45b9e2904e4769459db5f,10bfa6b946a6472a4d464b9631a86ec3b9675d68f26cb10c1be9f9ea83184138,4,2,zx_bridge,rep-1d2a9fb528c4d9be3fbd,data/runs/w4-matched-representation-20260802/representations/rep-1d2a9fb528c4d9be3fbd/representation_manifest.json,0bcdab5a78d1a080c399459b4aff14503559a6be02988aa629364960fe3906f0,False,108281856,20260811,331,1766,771,8581,705,completed,"[""cx"",""rz"",""h""]",slice-a-m08,8108,20.0,0.0,0.3867010830435902,0.27007700002286583
8,4,cell-120c28ebd1a5fde8456d,pyzx_rewrite_identity_up_to_global_phase_v1,True,passed,pyzx_full_reduce,OpenQASM2 -> PyZX graph/full_reduce/extract -> target basis,0.5,0.5,logical_all_to_all_no_routing,passed,data/runs/w4-matched-representation-20260802/cells/cell-120c28ebd1a5fde8456d/cell.log,8,2147483648,9,696074869ee721907d3296cba448c7d27ccb020e57a4640c65b08d168bf83c13,14,34,"['cx', 'h', 'rz']",66,48,33568ac3f5ea4bf7002435edd90a232f0071c5accca45b9e2904e4769459db5f,10bfa6b946a6472a4d464b9631a86ec3b9675d68f26cb10c1be9f9ea83184138,4,2,zx_bridge,rep-e2cb4b113d095526700e,data/runs/w4-matched-representation-20260802/representations/rep-e2cb4b113d095526700e/representation_manifest.json,9b94a8062a18f5bbfe347abe04adada6eb1875b183ae4e49f02dc9979cfc436a,False,108150784,20260812,331,1766,771,8581,705,completed,"[""cx"",""rz"",""h""]",slice-a-m08,8108,20.0,0.0,0.3355139580089599,0.22525166696868837
8,4,cell-abcb9ff19c0c5e52835c,pyzx_rewrite_identity_up_to_global_phase_v1,True,passed,qiskit_opt3,OpenQASM2 -> Qiskit preset level 3 -> target basis,0.5,0.5,logical_all_to_all_no_routing,passed,data/runs/w4-matched-representation-20260802/cells/cell-abcb9ff19c0c5e52835c/cell.log,8,2147483648,9,2976c94bf1ff534568ac5df324814d542d2803f661a7d3e15c5b6a01e633c4b5,8,9,"['cx', 'rz']",12,0,af41a1edfe537f547713ce9458f045e3c1a2f2a5543d7c199ffb150124cca67b,8f586dad56c664a301205673a477a1fa5992fed6bd6bb76aee25ee9de063a896,4,2,zx_bridge,rep-1d2a9fb528c4d9be3fbd,data/runs/w4-matched-representation-20260802/representations/rep-1d2a9fb528c4d9be3fbd/representation_manifest.json,0bcdab5a78d1a080c399459b4aff14503559a6be02988aa629364960fe3906f0,False,108838912,20260811,331,1766,298,1804,237,completed,"[""cx"",""rz"",""h""]",slice-a-m08,8108,20.0,0.0,0.3346291669877246,0.2203728340100497
8,4,cell-5098026307c14699479c,pyzx_rewrite_identity_up_to_global_phase_v1,True,passed,qiskit_opt3,OpenQASM2 -> Qiskit preset level 3 -> target basis,0.5,0.5,logical_all_to_all_no_routing,passed,data/runs/w4-matched-representation-20260802/cells/cell-5098026307c14699479c/cell.log,8,2147483648,9,2976c94bf1ff534568ac5df324814d542d2803f661a7d3e15c5b6a01e633c4b5,8,9,"['cx', 'rz']",12,0,af41a1edfe537f547713ce9458f045e3c1a2f2a5543d7c199ffb150124cca67b,8f586dad56c664a301205673a477a1fa5992fed6bd6bb76aee25ee9de063a896,4,2,zx_bridge,rep-e2cb4b113d095526700e,data/runs/w4-matched-representation-20260802/representations/rep-e2cb4b113d095526700e/representation_manifest.json,9b94a8062a18f5bbfe347abe04adada6eb1875b183ae4e49f02dc9979cfc436a,False,108838912,20260812,331,1766,298,1804,237,completed,"[""cx"",""rz"",""h""]",slice-a-m08,8108,20.0,0.0,0.31989295897074044,0.22207300004083663
8,4,cell-b15916d73b47ebc098d6,pyzx_rewrite_identity_up_to_global_phase_v1,True,passed,tket_paulisimp,OpenQASM2 -> TKET DecomposeBoxes/AutoRebase/PauliSimp -> target basis,0.5,0.5,logical_all_to_all_no_routing,passed,data/runs/w4-matched-representation-20260802/cells/cell-b15916d73b47ebc098d6/cell.log,8,2147483648,9,8dd1f68cfe53465c95abbf3e37b12ed7a62c50429d6e73ccac2e437140303391,8,13,"['cx', 'h', 'rz']",66,18,087e31a72322fbcaefc6fedcc384075d139994ca0b27ca18ba2f3d72ce2f46dc,019d77d7d92c632b71e71670f0910f0bd1aaead81f1e7d4db43cb1eca48f2797,40,2,zx_bridge,rep-1d2a9fb528c4d9be3fbd,data/runs/w4-matched-representation-20260802/representations/rep-1d2a9fb528c4d9be3fbd/representation_manifest.json,0bcdab5a78d1a080c399459b4aff14503559a6be02988aa629364960fe3906f0,False,155729920,20260811,331,1766,1021,9662,957,completed,"[""cx"",""rz"",""h""]",slice-a-m08,8108,20.0,0.0,0.5808552909875289,0.4208473329199478
8,4,cell-187f8ead53067eb65811,pyzx_rewrite_identity_up_to_global_phase_v1,True,passed,tket_paulisimp,OpenQASM2 -> TKET DecomposeBoxes/AutoRebase/PauliSimp -> target basis,0.5,0.5,logical_all_to_all_no_routing,passed,data/runs/w4-matched-representation-20260802/cells/cell-187f8ead53067eb65811/cell.log,8,2147483648,9,8dd1f68cfe53465c95abbf3e37b12ed7a62c50429d6e73ccac2e437140303391,8,13,"['cx', 'h', 'rz']",66,18,087e31a72322fbcaefc6fedcc384075d139994ca0b27ca18ba2f3d72ce2f46dc,019d77d7d92c632b71e71670f0910f0bd1aaead81f1e7d4db43cb1eca48f2797,40,2,zx_bridge,rep-e2cb4b113d095526700e,data/runs/w4-matched-representation-20260802/representations/rep-e2cb4b113d095526700e/representation_manifest.json,9b94a8062a18f5bbfe347abe04adada6eb1875b183ae4e49f02dc9979cfc436a,False,155598848,20260812,331,1766,1021,9662,957,completed,"[""cx"",""rz"",""h""]",slice-a-m08,8108,20.0,0.0,0.6257019999902695,0.44816266698762774
8,8,cell-fa395fa5b6c7ace838b8,pyzx_rewrite_identity_up_to_global_phase_v1,True,passed,echo_passthrough,literal input circuit -> output,0.5,0.5,logical_all_to_all_no_routing,passed,data/runs/w4-matched-representation-20260802/cells/cell-fa395fa5b6c7ace838b8/cell.log,16,2147483648,17,540a3276ce8028fb4e8562c221ee8e174097fb7ea71031ca3ff578c7b42876de,32,24,"['cx', 'rz']",48,0,c0418705e07dcaf29b498d5aa235a3c31436077b5a7f48d11abcc356af293c8a,76017400663e994000707e13707caddd7bce232a0042296357983717a9f5f7c7,16,2,contiguous_flat,rep-9e6f9d92e02d4a9f9e69,data/runs/w4-matched-representation-20260802/representations/rep-9e6f9d92e02d4a9f9e69/representation_manifest.json,d25c28c0a967ec9d93f5df408bd0ad7675aa4a74b54c7a102f386fa6f4e00fce,False,105955328,20260811,1501,7193,953,7206,887,completed,"[""cx"",""rz"",""h""]",slice-a-m16,8116,20.0,0.0,0.33644779201131314,0.21473616699222475
8,8,cell-e261c4d712d0721cfb9b,pyzx_rewrite_identity_up_to_global_phase_v1,True,passed,echo_passthrough,literal input circuit -> output,0.5,0.5,logical_all_to_all_no_routing,passed,data/runs/w4-matched-representation-20260802/cells/cell-e261c4d712d0721cfb9b/cell.log,16,2147483648,17,540a3276ce8028fb4e8562c221ee8e174097fb7ea71031ca3ff578c7b42876de,32,24,"['cx', 'rz']",48,0,c0418705e07dcaf29b498d5aa235a3c31436077b5a7f48d11abcc356af293c8a,76017400663e994000707e13707caddd7bce232a0042296357983717a9f5f7c7,16,2,contiguous_flat,rep-423adb6934506d863c14,data/runs/w4-matched-representation-20260802/representations/rep-423adb6934506d863c14/representation_manifest.json,4f8bfd8665105dc96285f6658bcc8c8fea6dd57755eeab9127a5809a53eb9934,False,106053632,20260812,1501,7193,953,7206,887,completed,"[""cx"",""rz"",""h""]",slice-a-m16,8116,20.0,0.0,0.3122340409317985,0.21259174996521324
8,8,cell-4969319cbf5556597852,pyzx_rewrite_identity_up_to_global_phase_v1,True,passed,full_aggregation,exact input parity/phase table -> canonical CNOT-Rz,0.5,0.5,logical_all_to_all_no_routing,passed,data/runs/w4-matched-representation-20260802/cells/cell-4969319cbf5556597852/cell.log,16,2147483648,17,5ce56feba5230e944eee343b396f8a075d194ba3f138dfef38d0822d05eca3a1,16,12,"['cx', 'rz']",24,0,ef148f2e6e676b0ded3c0b80df8ebd18112cfe7ec8759965558783e96559c7b1,b0676a819be746f51f929dcd5464aa7bc61122acbd63bea433c776049c95fca0,8,2,contiguous_flat,rep-9e6f9d92e02d4a9f9e69,data/runs/w4-matched-representation-20260802/representations/rep-9e6f9d92e02d4a9f9e69/representation_manifest.json,d25c28c0a967ec9d93f5df408bd0ad7675aa4a74b54c7a102f386fa6f4e00fce,False,105873408,20260811,1501,7193,529,3522,463,completed,"[""cx"",""rz"",""h""]",slice-a-m16,8116,20.0,0.0,0.3339659170014784,0.22285687504336238
8,8,cell-d2c77ea130db3276be7d,pyzx_rewrite_identity_up_to_global_phase_v1,True,passed,full_aggregation,exact input parity/phase table -> canonical CNOT-Rz,0.5,0.5,logical_all_to_all_no_routing,passed,data/runs/w4-matched-representation-20260802/cells/cell-d2c77ea130db3276be7d/cell.log,16,2147483648,17,5ce56feba5230e944eee343b396f8a075d194ba3f138dfef38d0822d05eca3a1,16,12,"['cx', 'rz']",24,0,ef148f2e6e676b0ded3c0b80df8ebd18112cfe7ec8759965558783e96559c7b1,b0676a819be746f51f929dcd5464aa7bc61122acbd63bea433c776049c95fca0,8,2,contiguous_flat,rep-423adb6934506d863c14,data/runs/w4-matched-representation-20260802/representations/rep-423adb6934506d863c14/representation_manifest.json,4f8bfd8665105dc96285f6658bcc8c8fea6dd57755eeab9127a5809a53eb9934,False,105988096,20260812,1501,7193,529,3522,463,completed,"[""cx"",""rz"",""h""]",slice-a-m16,8116,20.0,0.0,0.31460024998523295,0.21541333303321153
8,8,cell-90036646c0cb400504d1,pyzx_rewrite_identity_up_to_global_phase_v1,True,passed,pyzx_full_reduce,OpenQASM2 -> PyZX graph/full_reduce/extract -> target basis,0.5,0.5,logical_all_to_all_no_routing,passed,data/runs/w4-matched-representation-20260802/cells/cell-90036646c0cb400504d1/cell.log,16,2147483648,17,e3e3a6a182f42525cd053e03610a0f469685c66848c12900017bd07190e86e22,32,50,"['cx', 'h', 'rz']",142,102,8d67d134499010b87437d4b35e1be435e04ed3c239d18dbb47a938d590ff340c,9a3755c5f3d90e9c12aef5e41f396fc970f89508c81fc2fd05221bb8f65f9cfa,8,2,contiguous_flat,rep-9e6f9d92e02d4a9f9e69,data/runs/w4-matched-representation-20260802/representations/rep-9e6f9d92e02d4a9f9e69/representation_manifest.json,d25c28c0a967ec9d93f5df408bd0ad7675aa4a74b54c7a102f386fa6f4e00fce,False,108380160,20260811,1501,7193,1673,18454,1607,completed,"[""cx"",""rz"",""h""]",slice-a-m16,8116,20.0,0.0,0.3398709580069408,0.22994662495329976
8,8,cell-fc45779d126dc3ecd5b2,pyzx_rewrite_identity_up_to_global_phase_v1,True,passed,pyzx_full_reduce,OpenQASM2 -> PyZX graph/full_reduce/extract -> target basis,0.5,0.5,logical_all_to_all_no_routing,passed,data/runs/w4-matched-representation-20260802/cells/cell-fc45779d126dc3ecd5b2/cell.log,16,2147483648,17,e3e3a6a182f42525cd053e03610a0f469685c66848c12900017bd07190e86e22,32,50,"['cx', 'h', 'rz']",142,102,8d67d134499010b87437d4b35e1be435e04ed3c239d18dbb47a938d590ff340c,9a3755c5f3d90e9c12aef5e41f396fc970f89508c81fc2fd05221bb8f65f9cfa,8,2,contiguous_flat,rep-423adb6934506d863c14,data/runs/w4-matched-representation-20260802/representations/rep-423adb6934506d863c14/representation_manifest.json,4f8bfd8665105dc96285f6658bcc8c8fea6dd57755eeab9127a5809a53eb9934,False,108380160,20260812,1501,7193,1673,18454,1607,completed,"[""cx"",""rz"",""h""]",slice-a-m16,8116,20.0,0.0,0.3574449160369113,0.24239312496501952
8,8,cell-9363f98d735084edf339,pyzx_rewrite_identity_up_to_global_phase_v1,True,passed,qiskit_opt3,OpenQASM2 -> Qiskit preset level 3 -> target basis,0.5,0.5,logical_all_to_all_no_routing,passed,data/runs/w4-matched-representation-20260802/cells/cell-9363f98d735084edf339/cell.log,16,2147483648,17,3bbbe400186018008c8b4c582594538e315f6edc104c361d692d5c7a2e4ee821,16,12,"['cx', 'rz']",24,0,51c513aa421c3d21aa5aebdd9faf97dbf0182009f66990c2149a5141b4781698,b0676a819be746f51f929dcd5464aa7bc61122acbd63bea433c776049c95fca0,8,2,contiguous_flat,rep-9e6f9d92e02d4a9f9e69,data/runs/w4-matched-representation-20260802/representations/rep-9e6f9d92e02d4a9f9e69/representation_manifest.json,d25c28c0a967ec9d93f5df408bd0ad7675aa4a74b54c7a102f386fa6f4e00fce,False,108969984,20260811,1501,7193,524,3521,463,completed,"[""cx"",""rz"",""h""]",slice-a-m16,8116,20.0,0.0,0.32809483306482434,0.2229770839912817
8,8,cell-d79cef5f724ba22f6596,pyzx_rewrite_identity_up_to_global_phase_v1,True,passed,qiskit_opt3,OpenQASM2 -> Qiskit preset level 3 -> target basis,0.5,0.5,logical_all_to_all_no_routing,passed,data/runs/w4-matched-representation-20260802/cells/cell-d79cef5f724ba22f6596/cell.log,16,2147483648,17,3bbbe400186018008c8b4c582594538e315f6edc104c361d692d5c7a2e4ee821,16,12,"['cx', 'rz']",24,0,51c513aa421c3d21aa5aebdd9faf97dbf0182009f66990c2149a5141b4781698,b0676a819be746f51f929dcd5464aa7bc61122acbd63bea433c776049c95fca0,8,2,contiguous_flat,rep-423adb6934506d863c14,data/runs/w4-matched-representation-20260802/representations/rep-423adb6934506d863c14/representation_manifest.json,4f8bfd8665105dc96285f6658bcc8c8fea6dd57755eeab9127a5809a53eb9934,False,108953600,20260812,1501,7193,524,3521,463,completed,"[""cx"",""rz"",""h""]",slice-a-m16,8116,20.0,0.0,0.3238622499629855,0.221637916052714
8,8,cell-1046db0d739fd3ac4303,pyzx_rewrite_identity_up_to_global_phase_v1,True,passed,tket_paulisimp,OpenQASM2 -> TKET DecomposeBoxes/AutoRebase/PauliSimp -> target basis,0.5,0.5,logical_all_to_all_no_routing,passed,data/runs/w4-matched-representation-20260802/cells/cell-1046db0d739fd3ac4303/cell.log,16,2147483648,17,44825127af7f3d6f7ba53b3d19f0647ba59749ca0f5192874ca5bdf99705e4a2,21,18,"['cx', 'h', 'rz']",131,34,e991a1e5cb6a4a6228a7416936ddafd9a3e43be5068ec383322fa07e0b5bf97c,9c0517665af1a3eb90e73e81c6715a7beb67abecb61286b752ae3f5dccb139ad,76,2,contiguous_flat,rep-9e6f9d92e02d4a9f9e69,data/runs/w4-matched-representation-20260802/representations/rep-9e6f9d92e02d4a9f9e69/representation_manifest.json,d25c28c0a967ec9d93f5df408bd0ad7675aa4a74b54c7a102f386fa6f4e00fce,False,156090368,20260811,1501,7193,2004,19109,1940,completed,"[""cx"",""rz"",""h""]",slice-a-m16,8116,20.0,0.0,0.5826643750770018,0.43946937506552786
8,8,cell-a2f1bcf1034909d28f1d,pyzx_rewrite_identity_up_to_global_phase_v1,True,passed,tket_paulisimp,OpenQASM2 -> TKET DecomposeBoxes/AutoRebase/PauliSimp -> target basis,0.5,0.5,logical_all_to_all_no_routing,passed,data/runs/w4-matched-representation-20260802/cells/cell-a2f1bcf1034909d28f1d/cell.log,16,2147483648,17,44825127af7f3d6f7ba53b3d19f0647ba59749ca0f5192874ca5bdf99705e4a2,21,18,"['cx', 'h', 'rz']",131,34,e991a1e5cb6a4a6228a7416936ddafd9a3e43be5068ec383322fa07e0b5bf97c,9c0517665af1a3eb90e73e81c6715a7beb67abecb61286b752ae3f5dccb139ad,76,2,contiguous_flat,rep-423adb6934506d863c14,data/runs/w4-matched-representation-20260802/representations/rep-423adb6934506d863c14/representation_manifest.json,4f8bfd8665105dc96285f6658bcc8c8fea6dd57755eeab9127a5809a53eb9934,False,156008448,20260812,1501,7193,2004,19109,1940,completed,"[""cx"",""rz"",""h""]",slice-a-m16,8116,20.0,0.0,0.5971304159611464,0.42895166703965515
8,8,cell-d8234381069300a61083,pyzx_rewrite_identity_up_to_global_phase_v1,True,passed,echo_passthrough,literal input circuit -> output,0.5,0.5,logical_all_to_all_no_routing,passed,data/runs/w4-matched-representation-20260802/cells/cell-d8234381069300a61083/cell.log,16,2147483648,17,28d950b8b59106cc71d0bf29c49422def3e6ffd273522d99e068630e5e2e500c,16,12,"['cx', 'rz']",24,0,e935fa0f04a68de6812e3714e3a0a764fe94a30e2e11fe72197da310955711be,b0676a819be746f51f929dcd5464aa7bc61122acbd63bea433c776049c95fca0,8,2,locally_folded_flat,rep-3743d860465c9ec88afd,data/runs/w4-matched-representation-20260802/representations/rep-3743d860465c9ec88afd/representation_manifest.json,9247e8ba58acb6168ff16c84f7e95a48d6a10fe5e316a06981edf667263d2877,False,105955328,20260811,797,3493,529,3502,463,completed,"[""cx"",""rz"",""h""]",slice-a-m16,8116,20.0,0.0,0.3548732919152826,0.22408929199445993
8,8,cell-c4e8a462ab8354d078c9,pyzx_rewrite_identity_up_to_global_phase_v1,True,passed,echo_passthrough,literal input circuit -> output,0.5,0.5,logical_all_to_all_no_routing,passed,data/runs/w4-matched-representation-20260802/cells/cell-c4e8a462ab8354d078c9/cell.log,16,2147483648,17,28d950b8b59106cc71d0bf29c49422def3e6ffd273522d99e068630e5e2e500c,16,12,"['cx', 'rz']",24,0,e935fa0f04a68de6812e3714e3a0a764fe94a30e2e11fe72197da310955711be,b0676a819be746f51f929dcd5464aa7bc61122acbd63bea433c776049c95fca0,8,2,locally_folded_flat,rep-304f3665be4ef67d088e,data/runs/w4-matched-representation-20260802/representations/rep-304f3665be4ef67d088e/representation_manifest.json,1e408ba8c71d8f3a64f0824e76af01bf1819c411501f223aeffa8640e3274146,False,105988096,20260812,797,3493,529,3502,463,completed,"[""cx"",""rz"",""h""]",slice-a-m16,8116,20.0,0.0,0.3289125830633566,0.22350404202006757
8,8,cell-3454f11d3846985fffe1,pyzx_rewrite_identity_up_to_global_phase_v1,True,passed,full_aggregation,exact input parity/phase table -> canonical CNOT-Rz,0.5,0.5,logical_all_to_all_no_routing,passed,data/runs/w4-matched-representation-20260802/cells/cell-3454f11d3846985fffe1/cell.log,16,2147483648,17,5ce56feba5230e944eee343b396f8a075d194ba3f138dfef38d0822d05eca3a1,16,12,"['cx', 'rz']",24,0,ef148f2e6e676b0ded3c0b80df8ebd18112cfe7ec8759965558783e96559c7b1,b0676a819be746f51f929dcd5464aa7bc61122acbd63bea433c776049c95fca0,8,2,locally_folded_flat,rep-3743d860465c9ec88afd,data/runs/w4-matched-representation-20260802/representations/rep-3743d860465c9ec88afd/representation_manifest.json,9247e8ba58acb6168ff16c84f7e95a48d6a10fe5e316a06981edf667263d2877,False,106184704,20260811,797,3493,529,3522,463,completed,"[""cx"",""rz"",""h""]",slice-a-m16,8116,20.0,0.0,0.3837168749887496,0.24481399997603148
8,8,cell-f68ce091bd487cbd1ded,pyzx_rewrite_identity_up_to_global_phase_v1,True,passed,full_aggregation,exact input parity/phase table -> canonical CNOT-Rz,0.5,0.5,logical_all_to_all_no_routing,passed,data/runs/w4-matched-representation-20260802/cells/cell-f68ce091bd487cbd1ded/cell.log,16,2147483648,17,5ce56feba5230e944eee343b396f8a075d194ba3f138dfef38d0822d05eca3a1,16,12,"['cx', 'rz']",24,0,ef148f2e6e676b0ded3c0b80df8ebd18112cfe7ec8759965558783e96559c7b1,b0676a819be746f51f929dcd5464aa7bc61122acbd63bea433c776049c95fca0,8,2,locally_folded_flat,rep-304f3665be4ef67d088e,data/runs/w4-matched-representation-20260802/representations/rep-304f3665be4ef67d088e/representation_manifest.json,1e408ba8c71d8f3a64f0824e76af01bf1819c411501f223aeffa8640e3274146,False,106364928,20260812,797,3493,529,3522,463,completed,"[""cx"",""rz"",""h""]",slice-a-m16,8116,20.0,0.0,0.5607367499032989,0.38595462508965284
8,8,cell-13a804a8024bbe2c757f,pyzx_rewrite_identity_up_to_global_phase_v1,True,passed,pyzx_full_reduce,OpenQASM2 -> PyZX graph/full_reduce/extract -> target basis,0.5,0.5,logical_all_to_all_no_routing,passed,data/runs/w4-matched-representation-20260802/cells/cell-13a804a8024bbe2c757f/cell.log,16,2147483648,17,e3e3a6a182f42525cd053e03610a0f469685c66848c12900017bd07190e86e22,32,50,"['cx', 'h', 'rz']",142,102,8d67d134499010b87437d4b35e1be435e04ed3c239d18dbb47a938d590ff340c,9a3755c5f3d90e9c12aef5e41f396fc970f89508c81fc2fd05221bb8f65f9cfa,8,2,locally_folded_flat,rep-3743d860465c9ec88afd,data/runs/w4-matched-representation-20260802/representations/rep-3743d860465c9ec88afd/representation_manifest.json,9247e8ba58acb6168ff16c84f7e95a48d6a10fe5e316a06981edf667263d2877,False,108462080,20260811,797,3493,1673,18454,1607,completed,"[""cx"",""rz"",""h""]",slice-a-m16,8116,20.0,0.0,0.5264667080482468,0.3945035000797361
8,8,cell-2b42d9934c2d10833ea6,pyzx_rewrite_identity_up_to_global_phase_v1,True,passed,pyzx_full_reduce,OpenQASM2 -> PyZX graph/full_reduce/extract -> target basis,0.5,0.5,logical_all_to_all_no_routing,passed,data/runs/w4-matched-representation-20260802/cells/cell-2b42d9934c2d10833ea6/cell.log,16,2147483648,17,e3e3a6a182f42525cd053e03610a0f469685c66848c12900017bd07190e86e22,32,50,"['cx', 'h', 'rz']",142,102,8d67d134499010b87437d4b35e1be435e04ed3c239d18dbb47a938d590ff340c,9a3755c5f3d90e9c12aef5e41f396fc970f89508c81fc2fd05221bb8f65f9cfa,8,2,locally_folded_flat,rep-304f3665be4ef67d088e,data/runs/w4-matched-representation-20260802/representations/rep-304f3665be4ef67d088e/representation_manifest.json,1e408ba8c71d8f3a64f0824e76af01bf1819c411501f223aeffa8640e3274146,False,108331008,20260812,797,3493,1673,18454,1607,completed,"[""cx"",""rz"",""h""]",slice-a-m16,8116,20.0,0.0,0.33817966701462865,0.2309724170481786
8,8,cell-8b7eeb45a7de8cbee3a7,pyzx_rewrite_identity_up_to_global_phase_v1,True,passed,qiskit_opt3,OpenQASM2 -> Qiskit preset level 3 -> target basis,0.5,0.5,logical_all_to_all_no_routing,passed,data/runs/w4-matched-representation-20260802/cells/cell-8b7eeb45a7de8cbee3a7/cell.log,16,2147483648,17,3bbbe400186018008c8b4c582594538e315f6edc104c361d692d5c7a2e4ee821,16,12,"['cx', 'rz']",24,0,51c513aa421c3d21aa5aebdd9faf97dbf0182009f66990c2149a5141b4781698,b0676a819be746f51f929dcd5464aa7bc61122acbd63bea433c776049c95fca0,8,2,locally_folded_flat,rep-3743d860465c9ec88afd,data/runs/w4-matched-representation-20260802/representations/rep-3743d860465c9ec88afd/representation_manifest.json,9247e8ba58acb6168ff16c84f7e95a48d6a10fe5e316a06981edf667263d2877,False,108969984,20260811,797,3493,524,3521,463,completed,"[""cx"",""rz"",""h""]",slice-a-m16,8116,20.0,0.0,0.3336611660197377,0.22429316607303917
8,8,cell-b6b4f69678e1de78744d,pyzx_rewrite_identity_up_to_global_phase_v1,True,passed,qiskit_opt3,OpenQASM2 -> Qiskit preset level 3 -> target basis,0.5,0.5,logical_all_to_all_no_routing,passed,data/runs/w4-matched-representation-20260802/cells/cell-b6b4f69678e1de78744d/cell.log,16,2147483648,17,3bbbe400186018008c8b4c582594538e315f6edc104c361d692d5c7a2e4ee821,16,12,"['cx', 'rz']",24,0,51c513aa421c3d21aa5aebdd9faf97dbf0182009f66990c2149a5141b4781698,b0676a819be746f51f929dcd5464aa7bc61122acbd63bea433c776049c95fca0,8,2,locally_folded_flat,rep-304f3665be4ef67d088e,data/runs/w4-matched-representation-20260802/representations/rep-304f3665be4ef67d088e/representation_manifest.json,1e408ba8c71d8f3a64f0824e76af01bf1819c411501f223aeffa8640e3274146,False,108888064,20260812,797,3493,524,3521,463,completed,"[""cx"",""rz"",""h""]",slice-a-m16,8116,20.0,0.0,0.3142497499939054,0.2179906660458073
8,8,cell-1f811a57a84c335f5539,pyzx_rewrite_identity_up_to_global_phase_v1,True,passed,tket_paulisimp,OpenQASM2 -> TKET DecomposeBoxes/AutoRebase/PauliSimp -> target basis,0.5,0.5,logical_all_to_all_no_routing,passed,data/runs/w4-matched-representation-20260802/cells/cell-1f811a57a84c335f5539/cell.log,16,2147483648,17,44825127af7f3d6f7ba53b3d19f0647ba59749ca0f5192874ca5bdf99705e4a2,21,18,"['cx', 'h', 'rz']",131,34,e991a1e5cb6a4a6228a7416936ddafd9a3e43be5068ec383322fa07e0b5bf97c,9c0517665af1a3eb90e73e81c6715a7beb67abecb61286b752ae3f5dccb139ad,76,2,locally_folded_flat,rep-3743d860465c9ec88afd,data/runs/w4-matched-representation-20260802/representations/rep-3743d860465c9ec88afd/representation_manifest.json,9247e8ba58acb6168ff16c84f7e95a48d6a10fe5e316a06981edf667263d2877,False,155992064,20260811,797,3493,2004,19109,1940,completed,"[""cx"",""rz"",""h""]",slice-a-m16,8116,20.0,0.0,0.5769761659903452,0.42724620806984603
8,8,cell-7ebbb57b967db83df037,pyzx_rewrite_identity_up_to_global_phase_v1,True,passed,tket_paulisimp,OpenQASM2 -> TKET DecomposeBoxes/AutoRebase/PauliSimp -> target basis,0.5,0.5,logical_all_to_all_no_routing,passed,data/runs/w4-matched-representation-20260802/cells/cell-7ebbb57b967db83df037/cell.log,16,2147483648,17,44825127af7f3d6f7ba53b3d19f0647ba59749ca0f5192874ca5bdf99705e4a2,21,18,"['cx', 'h', 'rz']",131,34,e991a1e5cb6a4a6228a7416936ddafd9a3e43be5068ec383322fa07e0b5bf97c,9c0517665af1a3eb90e73e81c6715a7beb67abecb61286b752ae3f5dccb139ad,76,2,locally_folded_flat,rep-304f3665be4ef67d088e,data/runs/w4-matched-representation-20260802/representations/rep-304f3665be4ef67d088e/representation_manifest.json,1e408ba8c71d8f3a64f0824e76af01bf1819c411501f223aeffa8640e3274146,False,156499968,20260812,797,3493,2004,19109,1940,completed,"[""cx"",""rz"",""h""]",slice-a-m16,8116,20.0,0.0,0.5867835000390187,0.44344491697847843
8,8,cell-364ebd9cf436bc52854a,pyzx_rewrite_identity_up_to_global_phase_v1,True,passed,echo_passthrough,literal input circuit -> output,0.5,0.5,logical_all_to_all_no_routing,passed,data/runs/w4-matched-representation-20260802/cells/cell-364ebd9cf436bc52854a/cell.log,16,2147483648,17,4168ed967e6550b7ca9ebf1004458ac471d68da158c8b38aab1c51ba3323ae04,32,18,"['cx', 'rz']",48,0,fcd4cf0530086fc2f1385c21293177d4b41f841322c4e3c6ae5f963738668946,6312c7d85dc7f1f55614ff9df460bf63105e98989973a107276b66f5b91ca324,16,2,masked_share_update,rep-879fe2cfc6361d11054b,data/runs/w4-matched-representation-20260802/representations/rep-879fe2cfc6361d11054b/representation_manifest.json,e3b6126c9600a1caf148d83b52d84b77989e5b20bc13692d0b8cba1e20d4f2ed,False,105988096,20260811,1501,7192,993,7201,927,completed,"[""cx"",""rz"",""h""]",slice-a-m16,8116,20.0,0.0,0.3135778330033645,0.21299250004813075
8,8,cell-9775651558ec17be1b58,pyzx_rewrite_identity_up_to_global_phase_v1,True,passed,echo_passthrough,literal input circuit -> output,0.5,0.5,logical_all_to_all_no_routing,passed,data/runs/w4-matched-representation-20260802/cells/cell-9775651558ec17be1b58/cell.log,16,2147483648,17,b87e60d7c9b309cbc8a75afa3f72e6aace05d312a285dc76ef37ba06931b2b95,32,18,"['cx', 'rz']",48,0,d241a70b4041c6772ab9e969325be8312d1779a9132fee7e8a9bd1ca8244c944,50a08421d57fe9e048872e54956defb6d499e89065b0db272a29d30f5dc6e00a,16,2,masked_share_update,rep-aa97b8998a8f14828d6b,data/runs/w4-matched-representation-20260802/representations/rep-aa97b8998a8f14828d6b/representation_manifest.json,b6605a4c26112cdeee02c37c9b4f35f2ee6ed05180e550e9b44789160f4e692c,False,106037248,20260812,1501,7192,1015,7201,949,completed,"[""cx"",""rz"",""h""]",slice-a-m16,8116,20.0,0.0,0.3130704590585083,0.2097006249241531
8,8,cell-1431d51d0c559c8d8626,pyzx_rewrite_identity_up_to_global_phase_v1,True,passed,full_aggregation,exact input parity/phase table -> canonical CNOT-Rz,0.5,0.5,logical_all_to_all_no_routing,passed,data/runs/w4-matched-representation-20260802/cells/cell-1431d51d0c559c8d8626/cell.log,16,2147483648,17,5ce56feba5230e944eee343b396f8a075d194ba3f138dfef38d0822d05eca3a1,16,12,"['cx', 'rz']",24,0,ef148f2e6e676b0ded3c0b80df8ebd18112cfe7ec8759965558783e96559c7b1,b0676a819be746f51f929dcd5464aa7bc61122acbd63bea433c776049c95fca0,8,2,masked_share_update,rep-879fe2cfc6361d11054b,data/runs/w4-matched-representation-20260802/representations/rep-879fe2cfc6361d11054b/representation_manifest.json,e3b6126c9600a1caf148d83b52d84b77989e5b20bc13692d0b8cba1e20d4f2ed,False,106020864,20260811,1501,7192,529,3522,463,completed,"[""cx"",""rz"",""h""]",slice-a-m16,8116,20.0,0.0,0.3117177910171449,0.2063889999408275
8,8,cell-f0a21a5e3b1a2b2f96ef,pyzx_rewrite_identity_up_to_global_phase_v1,True,passed,full_aggregation,exact input parity/phase table -> canonical CNOT-Rz,0.5,0.5,logical_all_to_all_no_routing,passed,data/runs/w4-matched-representation-20260802/cells/cell-f0a21a5e3b1a2b2f96ef/cell.log,16,2147483648,17,5ce56feba5230e944eee343b396f8a075d194ba3f138dfef38d0822d05eca3a1,16,12,"['cx', 'rz']",24,0,ef148f2e6e676b0ded3c0b80df8ebd18112cfe7ec8759965558783e96559c7b1,b0676a819be746f51f929dcd5464aa7bc61122acbd63bea433c776049c95fca0,8,2,masked_share_update,rep-aa97b8998a8f14828d6b,data/runs/w4-matched-representation-20260802/representations/rep-aa97b8998a8f14828d6b/representation_manifest.json,b6605a4c26112cdeee02c37c9b4f35f2ee6ed05180e550e9b44789160f4e692c,False,106004480,20260812,1501,7192,529,3522,463,completed,"[""cx"",""rz"",""h""]",slice-a-m16,8116,20.0,0.0,0.3146523329196498,0.2069852079730481
8,8,cell-9c85ecf4b74ae3c514ee,pyzx_rewrite_identity_up_to_global_phase_v1,True,passed,pyzx_full_reduce,OpenQASM2 -> PyZX graph/full_reduce/extract -> target basis,0.5,0.5,logical_all_to_all_no_routing,passed,data/runs/w4-matched-representation-20260802/cells/cell-9c85ecf4b74ae3c514ee/cell.log,16,2147483648,17,e3e3a6a182f42525cd053e03610a0f469685c66848c12900017bd07190e86e22,32,50,"['cx', 'h', 'rz']",142,102,8d67d134499010b87437d4b35e1be435e04ed3c239d18dbb47a938d590ff340c,9a3755c5f3d90e9c12aef5e41f396fc970f89508c81fc2fd05221bb8f65f9cfa,8,2,masked_share_update,rep-879fe2cfc6361d11054b,data/runs/w4-matched-representation-20260802/representations/rep-879fe2cfc6361d11054b/representation_manifest.json,e3b6126c9600a1caf148d83b52d84b77989e5b20bc13692d0b8cba1e20d4f2ed,False,108494848,20260811,1501,7192,1673,18454,1607,completed,"[""cx"",""rz"",""h""]",slice-a-m16,8116,20.0,0.0,0.3349584579700604,0.2289354579988867
8,8,cell-b68b83d2a9afcc5247c9,pyzx_rewrite_identity_up_to_global_phase_v1,True,passed,pyzx_full_reduce,OpenQASM2 -> PyZX graph/full_reduce/extract -> target basis,0.5,0.5,logical_all_to_all_no_routing,passed,data/runs/w4-matched-representation-20260802/cells/cell-b68b83d2a9afcc5247c9/cell.log,16,2147483648,17,e3e3a6a182f42525cd053e03610a0f469685c66848c12900017bd07190e86e22,32,50,"['cx', 'h', 'rz']",142,102,8d67d134499010b87437d4b35e1be435e04ed3c239d18dbb47a938d590ff340c,9a3755c5f3d90e9c12aef5e41f396fc970f89508c81fc2fd05221bb8f65f9cfa,8,2,masked_share_update,rep-aa97b8998a8f14828d6b,data/runs/w4-matched-representation-20260802/representations/rep-aa97b8998a8f14828d6b/representation_manifest.json,b6605a4c26112cdeee02c37c9b4f35f2ee6ed05180e550e9b44789160f4e692c,False,108429312,20260812,1501,7192,1673,18454,1607,completed,"[""cx"",""rz"",""h""]",slice-a-m16,8116,20.0,0.0,0.35451416694559157,0.22681749996263534
8,8,cell-abd2a8f4be9aff2ac5d1,pyzx_rewrite_identity_up_to_global_phase_v1,False,inconclusive,qiskit_opt3,OpenQASM2 -> Qiskit preset level 3 -> target basis,0.5,0.5,logical_all_to_all_no_routing,passed,data/runs/w4-matched-representation-20260802/cells/cell-abd2a8f4be9aff2ac5d1/cell.log,16,2147483648,17,3d47dad62154c748cdd9b0566ace8193e824c1f9b4111d62fb03e7e6e1237235,31,39,"['cx', 'h', 'rz']",87,10,2a52a0fcf4376dec9fbc2c3b522302d99c2353ca726d9afe0fd30b32096e1b9c,947256d7dbff79cb7feec94d907d0fa3331962bfd881d16817479049cc92c670,46,2,masked_share_update,rep-879fe2cfc6361d11054b,data/runs/w4-matched-representation-20260802/representations/rep-879fe2cfc6361d11054b/representation_manifest.json,e3b6126c9600a1caf148d83b52d84b77989e5b20bc13692d0b8cba1e20d4f2ed,False,109740032,20260811,1501,7192,1667,13048,1606,predicate_error,"[""cx"",""rz"",""h""]",slice-a-m16,8116,20.0,0.0,0.31739266705699265,0.22505645803175867
8,8,cell-53082dbfae4997893a75,pyzx_rewrite_identity_up_to_global_phase_v1,True,passed,qiskit_opt3,OpenQASM2 -> Qiskit preset level 3 -> target basis,0.5,0.5,logical_all_to_all_no_routing,passed,data/runs/w4-matched-representation-20260802/cells/cell-53082dbfae4997893a75/cell.log,16,2147483648,17,84ace583305e6b2fc9e30e3879b1334c7c32064dfc8729b4de0fdccf5a299ab0,32,18,"['cx', 'rz']",48,0,1575399eed3c0c8c87f79f583d672e1b18875498dbf8b96ad35a74f10539a111,1e7c4b768cfd3daecc728709a577a12a1bdab1c0865cd542013b3cc096a5a62f,16,2,masked_share_update,rep-aa97b8998a8f14828d6b,data/runs/w4-matched-representation-20260802/representations/rep-aa97b8998a8f14828d6b/representation_manifest.json,b6605a4c26112cdeee02c37c9b4f35f2ee6ed05180e550e9b44789160f4e692c,False,109019136,20260812,1501,7192,1010,7220,949,completed,"[""cx"",""rz"",""h""]",slice-a-m16,8116,20.0,0.0,0.3179226659704,0.22758454200811684
8,8,cell-d73bad414a07841fb96b,pyzx_rewrite_identity_up_to_global_phase_v1,True,passed,tket_paulisimp,OpenQASM2 -> TKET DecomposeBoxes/AutoRebase/PauliSimp -> target basis,0.5,0.5,logical_all_to_all_no_routing,passed,data/runs/w4-matched-representation-20260802/cells/cell-d73bad414a07841fb96b/cell.log,16,2147483648,17,605ad8b315665308412e3048d0dcac44250d363633478aada973dd39e17f334a,23,22,"['cx', 'h', 'rz']",136,34,599857a375726b1f02f6fb308c35b8d560475239d04b65cbb856d02ca18e4e19,3eb76e92a65e0633c0ce70d099b5e4ba0e4ddb8408a9e3a21393faefb3bd162f,79,2,masked_share_update,rep-879fe2cfc6361d11054b,data/runs/w4-matched-representation-20260802/representations/rep-879fe2cfc6361d11054b/representation_manifest.json,e3b6126c9600a1caf148d83b52d84b77989e5b20bc13692d0b8cba1e20d4f2ed,False,155959296,20260811,1501,7192,2128,19901,2064,completed,"[""cx"",""rz"",""h""]",slice-a-m16,8116,20.0,0.0,0.5565012500155717,0.42097937501966953
8,8,cell-bf3d5a1bd70dd12c8f9d,pyzx_rewrite_identity_up_to_global_phase_v1,True,passed,tket_paulisimp,OpenQASM2 -> TKET DecomposeBoxes/AutoRebase/PauliSimp -> target basis,0.5,0.5,logical_all_to_all_no_routing,passed,data/runs/w4-matched-representation-20260802/cells/cell-bf3d5a1bd70dd12c8f9d/cell.log,16,2147483648,17,2b3be78d4bab4a918e5314609b94960a5cc1b7d21c5b55949cf8ab8689eecd82,21,18,"['cx', 'h', 'rz']",131,34,30beb42292e37a4ce53079d021c7e05312b43e631358b3f2238fb66faefd0ad3,1cf5c8de7018a9bed56e463e757ccf974493450327aaf7031e8debf9aae7c496,76,2,masked_share_update,rep-aa97b8998a8f14828d6b,data/runs/w4-matched-representation-20260802/representations/rep-aa97b8998a8f14828d6b/representation_manifest.json,b6605a4c26112cdeee02c37c9b4f35f2ee6ed05180e550e9b44789160f4e692c,False,155893760,20260812,1501,7192,2064,19107,2000,completed,"[""cx"",""rz"",""h""]",slice-a-m16,8116,20.0,0.0,0.5601112500298768,0.42374791705515236
8,8,cell-ae6e3027c07b0e87cb50,pyzx_rewrite_identity_up_to_global_phase_v1,True,passed,echo_passthrough,literal input circuit -> output,0.5,0.5,logical_all_to_all_no_routing,passed,data/runs/w4-matched-representation-20260802/cells/cell-ae6e3027c07b0e87cb50/cell.log,16,2147483648,17,28d950b8b59106cc71d0bf29c49422def3e6ffd273522d99e068630e5e2e500c,16,12,"['cx', 'rz']",24,0,e935fa0f04a68de6812e3714e3a0a764fe94a30e2e11fe72197da310955711be,b0676a819be746f51f929dcd5464aa7bc61122acbd63bea433c776049c95fca0,8,2,qasm_bridge,rep-8488b23a42d092804245,data/runs/w4-matched-representation-20260802/representations/rep-8488b23a42d092804245/representation_manifest.json,bc8dd0f585d5fc957de3ca1ed93fd34af64b43fb36dbf229a00581f3ba215ec1,False,106086400,20260811,539,3485,529,3502,463,completed,"[""cx"",""rz"",""h""]",slice-a-m16,8116,20.0,0.0,0.3182608330389485,0.21417941700201482
8,8,cell-fe904ba09aa4373a1e91,pyzx_rewrite_identity_up_to_global_phase_v1,True,passed,echo_passthrough,literal input circuit -> output,0.5,0.5,logical_all_to_all_no_routing,passed,data/runs/w4-matched-representation-20260802/cells/cell-fe904ba09aa4373a1e91/cell.log,16,2147483648,17,28d950b8b59106cc71d0bf29c49422def3e6ffd273522d99e068630e5e2e500c,16,12,"['cx', 'rz']",24,0,e935fa0f04a68de6812e3714e3a0a764fe94a30e2e11fe72197da310955711be,b0676a819be746f51f929dcd5464aa7bc61122acbd63bea433c776049c95fca0,8,2,qasm_bridge,rep-45d56d2f4035c29bfa2b,data/runs/w4-matched-representation-20260802/representations/rep-45d56d2f4035c29bfa2b/representation_manifest.json,d64c57f00d4150b99734714401446caecdc7f65977ba2bd7940bd398b39569c1,False,105988096,20260812,539,3485,529,3502,463,completed,"[""cx"",""rz"",""h""]",slice-a-m16,8116,20.0,0.0,0.31617604207713157,0.20859266608022153
8,8,cell-8174ed4d327def394bda,pyzx_rewrite_identity_up_to_global_phase_v1,True,passed,full_aggregation,exact input parity/phase table -> canonical CNOT-Rz,0.5,0.5,logical_all_to_all_no_routing,passed,data/runs/w4-matched-representation-20260802/cells/cell-8174ed4d327def394bda/cell.log,16,2147483648,17,5ce56feba5230e944eee343b396f8a075d194ba3f138dfef38d0822d05eca3a1,16,12,"['cx', 'rz']",24,0,ef148f2e6e676b0ded3c0b80df8ebd18112cfe7ec8759965558783e96559c7b1,b0676a819be746f51f929dcd5464aa7bc61122acbd63bea433c776049c95fca0,8,2,qasm_bridge,rep-8488b23a42d092804245,data/runs/w4-matched-representation-20260802/representations/rep-8488b23a42d092804245/representation_manifest.json,bc8dd0f585d5fc957de3ca1ed93fd34af64b43fb36dbf229a00581f3ba215ec1,False,106020864,20260811,539,3485,529,3522,463,completed,"[""cx"",""rz"",""h""]",slice-a-m16,8116,20.0,0.0,0.3104817499406636,0.20922533294651657
8,8,cell-55ac25eb2b9129935dae,pyzx_rewrite_identity_up_to_global_phase_v1,True,passed,full_aggregation,exact input parity/phase table -> canonical CNOT-Rz,0.5,0.5,logical_all_to_all_no_routing,passed,data/runs/w4-matched-representation-20260802/cells/cell-55ac25eb2b9129935dae/cell.log,16,2147483648,17,5ce56feba5230e944eee343b396f8a075d194ba3f138dfef38d0822d05eca3a1,16,12,"['cx', 'rz']",24,0,ef148f2e6e676b0ded3c0b80df8ebd18112cfe7ec8759965558783e96559c7b1,b0676a819be746f51f929dcd5464aa7bc61122acbd63bea433c776049c95fca0,8,2,qasm_bridge,rep-45d56d2f4035c29bfa2b,data/runs/w4-matched-representation-20260802/representations/rep-45d56d2f4035c29bfa2b/representation_manifest.json,d64c57f00d4150b99734714401446caecdc7f65977ba2bd7940bd398b39569c1,False,105955328,20260812,539,3485,529,3522,463,completed,"[""cx"",""rz"",""h""]",slice-a-m16,8116,20.0,0.0,0.3166520830709487,0.2057095830095932
8,8,cell-eb51cf55aa36fde1b360,pyzx_rewrite_identity_up_to_global_phase_v1,True,passed,pyzx_full_reduce,OpenQASM2 -> PyZX graph/full_reduce/extract -> target basis,0.5,0.5,logical_all_to_all_no_routing,passed,data/runs/w4-matched-representation-20260802/cells/cell-eb51cf55aa36fde1b360/cell.log,16,2147483648,17,e3e3a6a182f42525cd053e03610a0f469685c66848c12900017bd07190e86e22,32,50,"['cx', 'h', 'rz']",142,102,8d67d134499010b87437d4b35e1be435e04ed3c239d18dbb47a938d590ff340c,9a3755c5f3d90e9c12aef5e41f396fc970f89508c81fc2fd05221bb8f65f9cfa,8,2,qasm_bridge,rep-8488b23a42d092804245,data/runs/w4-matched-representation-20260802/representations/rep-8488b23a42d092804245/representation_manifest.json,bc8dd0f585d5fc957de3ca1ed93fd34af64b43fb36dbf229a00581f3ba215ec1,False,108314624,20260811,539,3485,1673,18454,1607,completed,"[""cx"",""rz"",""h""]",slice-a-m16,8116,20.0,0.0,0.3171404160093516,0.22470487502869219
8,8,cell-cf918cd2672d787c8070,pyzx_rewrite_identity_up_to_global_phase_v1,True,passed,pyzx_full_reduce,OpenQASM2 -> PyZX graph/full_reduce/extract -> target basis,0.5,0.5,logical_all_to_all_no_routing,passed,data/runs/w4-matched-representation-20260802/cells/cell-cf918cd2672d787c8070/cell.log,16,2147483648,17,e3e3a6a182f42525cd053e03610a0f469685c66848c12900017bd07190e86e22,32,50,"['cx', 'h', 'rz']",142,102,8d67d134499010b87437d4b35e1be435e04ed3c239d18dbb47a938d590ff340c,9a3755c5f3d90e9c12aef5e41f396fc970f89508c81fc2fd05221bb8f65f9cfa,8,2,qasm_bridge,rep-45d56d2f4035c29bfa2b,data/runs/w4-matched-representation-20260802/representations/rep-45d56d2f4035c29bfa2b/representation_manifest.json,d64c57f00d4150b99734714401446caecdc7f65977ba2bd7940bd398b39569c1,False,108478464,20260812,539,3485,1673,18454,1607,completed,"[""cx"",""rz"",""h""]",slice-a-m16,8116,20.0,0.0,0.33386250003241,0.22585079190321267
8,8,cell-122a1a548ffe8626e316,pyzx_rewrite_identity_up_to_global_phase_v1,True,passed,qiskit_opt3,OpenQASM2 -> Qiskit preset level 3 -> target basis,0.5,0.5,logical_all_to_all_no_routing,passed,data/runs/w4-matched-representation-20260802/cells/cell-122a1a548ffe8626e316/cell.log,16,2147483648,17,3bbbe400186018008c8b4c582594538e315f6edc104c361d692d5c7a2e4ee821,16,12,"['cx', 'rz']",24,0,51c513aa421c3d21aa5aebdd9faf97dbf0182009f66990c2149a5141b4781698,b0676a819be746f51f929dcd5464aa7bc61122acbd63bea433c776049c95fca0,8,2,qasm_bridge,rep-8488b23a42d092804245,data/runs/w4-matched-representation-20260802/representations/rep-8488b23a42d092804245/representation_manifest.json,bc8dd0f585d5fc957de3ca1ed93fd34af64b43fb36dbf229a00581f3ba215ec1,False,109101056,20260811,539,3485,524,3521,463,completed,"[""cx"",""rz"",""h""]",slice-a-m16,8116,20.0,0.0,0.33347175002563745,0.2225958330091089
8,8,cell-df5b3566a539e55bdfde,pyzx_rewrite_identity_up_to_global_phase_v1,True,passed,qiskit_opt3,OpenQASM2 -> Qiskit preset level 3 -> target basis,0.5,0.5,logical_all_to_all_no_routing,passed,data/runs/w4-matched-representation-20260802/cells/cell-df5b3566a539e55bdfde/cell.log,16,2147483648,17,3bbbe400186018008c8b4c582594538e315f6edc104c361d692d5c7a2e4ee821,16,12,"['cx', 'rz']",24,0,51c513aa421c3d21aa5aebdd9faf97dbf0182009f66990c2149a5141b4781698,b0676a819be746f51f929dcd5464aa7bc61122acbd63bea433c776049c95fca0,8,2,qasm_bridge,rep-45d56d2f4035c29bfa2b,data/runs/w4-matched-representation-20260802/representations/rep-45d56d2f4035c29bfa2b/representation_manifest.json,d64c57f00d4150b99734714401446caecdc7f65977ba2bd7940bd398b39569c1,False,108937216,20260812,539,3485,524,3521,463,completed,"[""cx"",""rz"",""h""]",slice-a-m16,8116,20.0,0.0,0.31593179202172905,0.21787637507077307
8,8,cell-ba08b9c3e722157e5473,pyzx_rewrite_identity_up_to_global_phase_v1,True,passed,tket_paulisimp,OpenQASM2 -> TKET DecomposeBoxes/AutoRebase/PauliSimp -> target basis,0.5,0.5,logical_all_to_all_no_routing,passed,data/runs/w4-matched-representation-20260802/cells/cell-ba08b9c3e722157e5473/cell.log,16,2147483648,17,44825127af7f3d6f7ba53b3d19f0647ba59749ca0f5192874ca5bdf99705e4a2,21,18,"['cx', 'h', 'rz']",131,34,e991a1e5cb6a4a6228a7416936ddafd9a3e43be5068ec383322fa07e0b5bf97c,9c0517665af1a3eb90e73e81c6715a7beb67abecb61286b752ae3f5dccb139ad,76,2,qasm_bridge,rep-8488b23a42d092804245,data/runs/w4-matched-representation-20260802/representations/rep-8488b23a42d092804245/representation_manifest.json,bc8dd0f585d5fc957de3ca1ed93fd34af64b43fb36dbf229a00581f3ba215ec1,False,156303360,20260811,539,3485,2004,19109,1940,completed,"[""cx"",""rz"",""h""]",slice-a-m16,8116,20.0,0.0,0.5745217920048162,0.4413435000460595
8,8,cell-50e4fc2d3409e2eefc09,pyzx_rewrite_identity_up_to_global_phase_v1,True,passed,tket_paulisimp,OpenQASM2 -> TKET DecomposeBoxes/AutoRebase/PauliSimp -> target basis,0.5,0.5,logical_all_to_all_no_routing,passed,data/runs/w4-matched-representation-20260802/cells/cell-50e4fc2d3409e2eefc09/cell.log,16,2147483648,17,44825127af7f3d6f7ba53b3d19f0647ba59749ca0f5192874ca5bdf99705e4a2,21,18,"['cx', 'h', 'rz']",131,34,e991a1e5cb6a4a6228a7416936ddafd9a3e43be5068ec383322fa07e0b5bf97c,9c0517665af1a3eb90e73e81c6715a7beb67abecb61286b752ae3f5dccb139ad,76,2,qasm_bridge,rep-45d56d2f4035c29bfa2b,data/runs/w4-matched-representation-20260802/representations/rep-45d56d2f4035c29bfa2b/representation_manifest.json,d64c57f00d4150b99734714401446caecdc7f65977ba2bd7940bd398b39569c1,False,155926528,20260812,539,3485,2004,19109,1940,completed,"[""cx"",""rz"",""h""]",slice-a-m16,8116,20.0,0.0,0.5631042079767212,0.418184999958612
8,8,cell-847c3d3e34488e852a94,pyzx_rewrite_identity_up_to_global_phase_v1,True,passed,echo_passthrough,literal input circuit -> output,0.5,0.5,logical_all_to_all_no_routing,passed,data/runs/w4-matched-representation-20260802/cells/cell-847c3d3e34488e852a94/cell.log,16,2147483648,17,ec09f16be23d7c38347c6512615b3a3bff3c411a02a6f70de8eecc4a7490a8f2,32,15,"['cx', 'rz']",48,0,15ef47e305ed7ef716398bedb69a0bab9ec9a1248681bf1b6198a568068414f9,fa1823a3ee7f01ad3cfdb49f28ac6400a429fb984a49bd3b20ada7289260ffab,16,2,random_commuting_order,rep-7f3906f2330c4cd5ce7d,data/runs/w4-matched-representation-20260802/representations/rep-7f3906f2330c4cd5ce7d/representation_manifest.json,190f0a622f3529f3e9a9b33d353d0d0ad4619e42a98b8532160168449f286910,False,106004480,20260811,1501,7200,953,7206,887,completed,"[""cx"",""rz"",""h""]",slice-a-m16,8116,20.0,0.0,0.3085565830115229,0.21221150003839284
8,8,cell-51e63e5ac81a7f7a03e8,pyzx_rewrite_identity_up_to_global_phase_v1,True,passed,echo_passthrough,literal input circuit -> output,0.5,0.5,logical_all_to_all_no_routing,passed,data/runs/w4-matched-representation-20260802/cells/cell-51e63e5ac81a7f7a03e8/cell.log,16,2147483648,17,838df2b1f1843eb34d7b7c6a91934a83e98cb721ec3b77cf250e1e27293d5e5d,32,15,"['cx', 'rz']",48,0,cc6f576ca71107fa85cad7b259e33571532c77303c715aead961dbfa52b6cf50,fe43e4939423c95cbab60558105faedaa63018d05aaeaf71716588252ea5ce7b,16,2,random_commuting_order,rep-d0712be74f087df9ce7b,data/runs/w4-matched-representation-20260802/representations/rep-d0712be74f087df9ce7b/representation_manifest.json,e6c49c31180e966304118d93ba18170ea64d120f2f40746fd3a29d4697b9bc3d,False,105988096,20260812,1501,7200,953,7206,887,completed,"[""cx"",""rz"",""h""]",slice-a-m16,8116,20.0,0.0,0.31012062495574355,0.21254041697829962
8,8,cell-ac919958042d96efe59b,pyzx_rewrite_identity_up_to_global_phase_v1,True,passed,full_aggregation,exact input parity/phase table -> canonical CNOT-Rz,0.5,0.5,logical_all_to_all_no_routing,passed,data/runs/w4-matched-representation-20260802/cells/cell-ac919958042d96efe59b/cell.log,16,2147483648,17,5ce56feba5230e944eee343b396f8a075d194ba3f138dfef38d0822d05eca3a1,16,12,"['cx', 'rz']",24,0,ef148f2e6e676b0ded3c0b80df8ebd18112cfe7ec8759965558783e96559c7b1,b0676a819be746f51f929dcd5464aa7bc61122acbd63bea433c776049c95fca0,8,2,random_commuting_order,rep-7f3906f2330c4cd5ce7d,data/runs/w4-matched-representation-20260802/representations/rep-7f3906f2330c4cd5ce7d/representation_manifest.json,190f0a622f3529f3e9a9b33d353d0d0ad4619e42a98b8532160168449f286910,False,106037248,20260811,1501,7200,529,3522,463,completed,"[""cx"",""rz"",""h""]",slice-a-m16,8116,20.0,0.0,0.3160045000258833,0.20754149998538196
8,8,cell-3b17d550fb398eb33066,pyzx_rewrite_identity_up_to_global_phase_v1,True,passed,full_aggregation,exact input parity/phase table -> canonical CNOT-Rz,0.5,0.5,logical_all_to_all_no_routing,passed,data/runs/w4-matched-representation-20260802/cells/cell-3b17d550fb398eb33066/cell.log,16,2147483648,17,5ce56feba5230e944eee343b396f8a075d194ba3f138dfef38d0822d05eca3a1,16,12,"['cx', 'rz']",24,0,ef148f2e6e676b0ded3c0b80df8ebd18112cfe7ec8759965558783e96559c7b1,b0676a819be746f51f929dcd5464aa7bc61122acbd63bea433c776049c95fca0,8,2,random_commuting_order,rep-d0712be74f087df9ce7b,data/runs/w4-matched-representation-20260802/representations/rep-d0712be74f087df9ce7b/representation_manifest.json,e6c49c31180e966304118d93ba18170ea64d120f2f40746fd3a29d4697b9bc3d,False,106053632,20260812,1501,7200,529,3522,463,completed,"[""cx"",""rz"",""h""]",slice-a-m16,8116,20.0,0.0,0.31027199991513044,0.2088461659150198
8,8,cell-fd6c6ad1cec736616bc3,pyzx_rewrite_identity_up_to_global_phase_v1,True,passed,pyzx_full_reduce,OpenQASM2 -> PyZX graph/full_reduce/extract -> target basis,0.5,0.5,logical_all_to_all_no_routing,passed,data/runs/w4-matched-representation-20260802/cells/cell-fd6c6ad1cec736616bc3/cell.log,16,2147483648,17,e3e3a6a182f42525cd053e03610a0f469685c66848c12900017bd07190e86e22,32,50,"['cx', 'h', 'rz']",142,102,8d67d134499010b87437d4b35e1be435e04ed3c239d18dbb47a938d590ff340c,9a3755c5f3d90e9c12aef5e41f396fc970f89508c81fc2fd05221bb8f65f9cfa,8,2,random_commuting_order,rep-7f3906f2330c4cd5ce7d,data/runs/w4-matched-representation-20260802/representations/rep-7f3906f2330c4cd5ce7d/representation_manifest.json,190f0a622f3529f3e9a9b33d353d0d0ad4619e42a98b8532160168449f286910,False,108494848,20260811,1501,7200,1673,18454,1607,completed,"[""cx"",""rz"",""h""]",slice-a-m16,8116,20.0,0.0,0.32415466697420925,0.23040766699705273
8,8,cell-1bd16752e64ef0cc446b,pyzx_rewrite_identity_up_to_global_phase_v1,True,passed,pyzx_full_reduce,OpenQASM2 -> PyZX graph/full_reduce/extract -> target basis,0.5,0.5,logical_all_to_all_no_routing,passed,data/runs/w4-matched-representation-20260802/cells/cell-1bd16752e64ef0cc446b/cell.log,16,2147483648,17,e3e3a6a182f42525cd053e03610a0f469685c66848c12900017bd07190e86e22,32,50,"['cx', 'h', 'rz']",142,102,8d67d134499010b87437d4b35e1be435e04ed3c239d18dbb47a938d590ff340c,9a3755c5f3d90e9c12aef5e41f396fc970f89508c81fc2fd05221bb8f65f9cfa,8,2,random_commuting_order,rep-d0712be74f087df9ce7b,data/runs/w4-matched-representation-20260802/representations/rep-d0712be74f087df9ce7b/representation_manifest.json,e6c49c31180e966304118d93ba18170ea64d120f2f40746fd3a29d4697b9bc3d,False,108412928,20260812,1501,7200,1673,18454,1607,completed,"[""cx"",""rz"",""h""]",slice-a-m16,8116,20.0,0.0,0.328526541008614,0.22556287504266948
8,8,cell-2642bf2a10e5d76d0709,pyzx_rewrite_identity_up_to_global_phase_v1,True,passed,qiskit_opt3,OpenQASM2 -> Qiskit preset level 3 -> target basis,0.5,0.5,logical_all_to_all_no_routing,passed,data/runs/w4-matched-representation-20260802/cells/cell-2642bf2a10e5d76d0709/cell.log,16,2147483648,17,0d122e3cd886af007e4642524e48284b67919ba4c94875d9a6e6b9293d1fcbe4,26,15,"['cx', 'rz']",39,0,817033c9fbe671ce5bae38245eb0ea7a486e7b835cb30373508fa49e9bbeee93,ebee0ab66807aed71539be928bd82336d73d322077dc150912999ea45ed687fa,13,2,random_commuting_order,rep-7f3906f2330c4cd5ce7d,data/runs/w4-matched-representation-20260802/representations/rep-7f3906f2330c4cd5ce7d/representation_manifest.json,190f0a622f3529f3e9a9b33d353d0d0ad4619e42a98b8532160168449f286910,False,108969984,20260811,1501,7200,774,5836,713,completed,"[""cx"",""rz"",""h""]",slice-a-m16,8116,20.0,0.0,0.31932791601866484,0.21791187499184161
8,8,cell-30484f5d56776e673b8d,pyzx_rewrite_identity_up_to_global_phase_v1,True,passed,qiskit_opt3,OpenQASM2 -> Qiskit preset level 3 -> target basis,0.5,0.5,logical_all_to_all_no_routing,passed,data/runs/w4-matched-representation-20260802/cells/cell-30484f5d56776e673b8d/cell.log,16,2147483648,17,e7e2006f4cdd938d98317ec0cb78a3c6d7b51112d472db7ab5cb1b7fe1a0964f,26,15,"['cx', 'rz']",39,0,3cfe2deca7c38552e094fb3ea9d2169d5a919c80e9c0969496df4036a34a5457,f2a98983cc8be7edd94c33dd9b30988f5609301682efb65326bb81042a7f1e85,13,2,random_commuting_order,rep-d0712be74f087df9ce7b,data/runs/w4-matched-representation-20260802/representations/rep-d0712be74f087df9ce7b/representation_manifest.json,e6c49c31180e966304118d93ba18170ea64d120f2f40746fd3a29d4697b9bc3d,False,108969984,20260812,1501,7200,796,5836,735,completed,"[""cx"",""rz"",""h""]",slice-a-m16,8116,20.0,0.0,0.316082458011806,0.22421483299694955
8,8,cell-04ab6ff6be487f3c71f2,pyzx_rewrite_identity_up_to_global_phase_v1,True,passed,tket_paulisimp,OpenQASM2 -> TKET DecomposeBoxes/AutoRebase/PauliSimp -> target basis,0.5,0.5,logical_all_to_all_no_routing,passed,data/runs/w4-matched-representation-20260802/cells/cell-04ab6ff6be487f3c71f2/cell.log,16,2147483648,17,44825127af7f3d6f7ba53b3d19f0647ba59749ca0f5192874ca5bdf99705e4a2,21,18,"['cx', 'h', 'rz']",131,34,e991a1e5cb6a4a6228a7416936ddafd9a3e43be5068ec383322fa07e0b5bf97c,9c0517665af1a3eb90e73e81c6715a7beb67abecb61286b752ae3f5dccb139ad,76,2,random_commuting_order,rep-7f3906f2330c4cd5ce7d,data/runs/w4-matched-representation-20260802/representations/rep-7f3906f2330c4cd5ce7d/representation_manifest.json,190f0a622f3529f3e9a9b33d353d0d0ad4619e42a98b8532160168449f286910,False,155893760,20260811,1501,7200,2004,19109,1940,completed,"[""cx"",""rz"",""h""]",slice-a-m16,8116,20.0,0.0,0.568940291996114,0.4191630409331992
8,8,cell-3c21878c6d935218f93a,pyzx_rewrite_identity_up_to_global_phase_v1,True,passed,tket_paulisimp,OpenQASM2 -> TKET DecomposeBoxes/AutoRebase/PauliSimp -> target basis,0.5,0.5,logical_all_to_all_no_routing,passed,data/runs/w4-matched-representation-20260802/cells/cell-3c21878c6d935218f93a/cell.log,16,2147483648,17,44825127af7f3d6f7ba53b3d19f0647ba59749ca0f5192874ca5bdf99705e4a2,21,18,"['cx', 'h', 'rz']",131,34,e991a1e5cb6a4a6228a7416936ddafd9a3e43be5068ec383322fa07e0b5bf97c,9c0517665af1a3eb90e73e81c6715a7beb67abecb61286b752ae3f5dccb139ad,76,2,random_commuting_order,rep-d0712be74f087df9ce7b,data/runs/w4-matched-representation-20260802/representations/rep-d0712be74f087df9ce7b/representation_manifest.json,e6c49c31180e966304118d93ba18170ea64d120f2f40746fd3a29d4697b9bc3d,False,156041216,20260812,1501,7200,2004,19109,1940,completed,"[""cx"",""rz"",""h""]",slice-a-m16,8116,20.0,0.0,0.5727891250280663,0.42583316599484533
8,8,cell-08c2fbd22674a281ce0a,pyzx_rewrite_identity_up_to_global_phase_v1,True,passed,echo_passthrough,literal input circuit -> output,0.5,0.5,logical_all_to_all_no_routing,passed,data/runs/w4-matched-representation-20260802/cells/cell-08c2fbd22674a281ce0a/cell.log,16,2147483648,17,58486c0dfa912ca773843605b7375d24ba82df2e2c9dd3985097da44895a8750,32,18,"['cx', 'rz']",48,0,450435bb47efad39552edc61bf03f43b9d1c1a4b1b7eb4931abc193fd2cc5a4f,f7edfdb7a783d3a5451c96f6c93d3ea307c4b97a53934c4c05e96131a5f30e24,16,2,round_robin_flat,rep-f0fb9f1f0ccf21af73dc,data/runs/w4-matched-representation-20260802/representations/rep-f0fb9f1f0ccf21af73dc/representation_manifest.json,401a228af5767780c5a4c6555ddf39dff2b0c4b7d6044100d61328187c6b42e9,False,105938944,20260811,1501,7194,953,7206,887,completed,"[""cx"",""rz"",""h""]",slice-a-m16,8116,20.0,0.0,0.30646966700442135,0.21036487503442913
8,8,cell-f2167d2b11942e2f264c,pyzx_rewrite_identity_up_to_global_phase_v1,True,passed,echo_passthrough,literal input circuit -> output,0.5,0.5,logical_all_to_all_no_routing,passed,data/runs/w4-matched-representation-20260802/cells/cell-f2167d2b11942e2f264c/cell.log,16,2147483648,17,58486c0dfa912ca773843605b7375d24ba82df2e2c9dd3985097da44895a8750,32,18,"['cx', 'rz']",48,0,450435bb47efad39552edc61bf03f43b9d1c1a4b1b7eb4931abc193fd2cc5a4f,f7edfdb7a783d3a5451c96f6c93d3ea307c4b97a53934c4c05e96131a5f30e24,16,2,round_robin_flat,rep-6a841976a8d15fa018d9,data/runs/w4-matched-representation-20260802/representations/rep-6a841976a8d15fa018d9/representation_manifest.json,12f300da6ee9138669e6d8fd87f0114917fb914ed4bc8ad095a404afb51d00c8,False,106004480,20260812,1501,7194,953,7206,887,completed,"[""cx"",""rz"",""h""]",slice-a-m16,8116,20.0,0.0,0.30948208400513977,0.21174020902253687
8,8,cell-cf8f2005496bdc16d9a2,pyzx_rewrite_identity_up_to_global_phase_v1,True,passed,full_aggregation,exact input parity/phase table -> canonical CNOT-Rz,0.5,0.5,logical_all_to_all_no_routing,passed,data/runs/w4-matched-representation-20260802/cells/cell-cf8f2005496bdc16d9a2/cell.log,16,2147483648,17,5ce56feba5230e944eee343b396f8a075d194ba3f138dfef38d0822d05eca3a1,16,12,"['cx', 'rz']",24,0,ef148f2e6e676b0ded3c0b80df8ebd18112cfe7ec8759965558783e96559c7b1,b0676a819be746f51f929dcd5464aa7bc61122acbd63bea433c776049c95fca0,8,2,round_robin_flat,rep-f0fb9f1f0ccf21af73dc,data/runs/w4-matched-representation-20260802/representations/rep-f0fb9f1f0ccf21af73dc/representation_manifest.json,401a228af5767780c5a4c6555ddf39dff2b0c4b7d6044100d61328187c6b42e9,False,105938944,20260811,1501,7194,529,3522,463,completed,"[""cx"",""rz"",""h""]",slice-a-m16,8116,20.0,0.0,0.3107308750040829,0.21463554201181978
8,8,cell-7dcc4cef8ac65687ea06,pyzx_rewrite_identity_up_to_global_phase_v1,True,passed,full_aggregation,exact input parity/phase table -> canonical CNOT-Rz,0.5,0.5,logical_all_to_all_no_routing,passed,data/runs/w4-matched-representation-20260802/cells/cell-7dcc4cef8ac65687ea06/cell.log,16,2147483648,17,5ce56feba5230e944eee343b396f8a075d194ba3f138dfef38d0822d05eca3a1,16,12,"['cx', 'rz']",24,0,ef148f2e6e676b0ded3c0b80df8ebd18112cfe7ec8759965558783e96559c7b1,b0676a819be746f51f929dcd5464aa7bc61122acbd63bea433c776049c95fca0,8,2,round_robin_flat,rep-6a841976a8d15fa018d9,data/runs/w4-matched-representation-20260802/representations/rep-6a841976a8d15fa018d9/representation_manifest.json,12f300da6ee9138669e6d8fd87f0114917fb914ed4bc8ad095a404afb51d00c8,False,106086400,20260812,1501,7194,529,3522,463,completed,"[""cx"",""rz"",""h""]",slice-a-m16,8116,20.0,0.0,0.30185429204721004,0.2089022499276325
8,8,cell-96859d2cb80bcea8c273,pyzx_rewrite_identity_up_to_global_phase_v1,True,passed,pyzx_full_reduce,OpenQASM2 -> PyZX graph/full_reduce/extract -> target basis,0.5,0.5,logical_all_to_all_no_routing,passed,data/runs/w4-matched-representation-20260802/cells/cell-96859d2cb80bcea8c273/cell.log,16,2147483648,17,e3e3a6a182f42525cd053e03610a0f469685c66848c12900017bd07190e86e22,32,50,"['cx', 'h', 'rz']",142,102,8d67d134499010b87437d4b35e1be435e04ed3c239d18dbb47a938d590ff340c,9a3755c5f3d90e9c12aef5e41f396fc970f89508c81fc2fd05221bb8f65f9cfa,8,2,round_robin_flat,rep-f0fb9f1f0ccf21af73dc,data/runs/w4-matched-representation-20260802/representations/rep-f0fb9f1f0ccf21af73dc/representation_manifest.json,401a228af5767780c5a4c6555ddf39dff2b0c4b7d6044100d61328187c6b42e9,False,108429312,20260811,1501,7194,1673,18454,1607,completed,"[""cx"",""rz"",""h""]",slice-a-m16,8116,20.0,0.0,0.3380613330518827,0.22737216693349183
8,8,cell-abd63ebaaa108e4f35b4,pyzx_rewrite_identity_up_to_global_phase_v1,True,passed,pyzx_full_reduce,OpenQASM2 -> PyZX graph/full_reduce/extract -> target basis,0.5,0.5,logical_all_to_all_no_routing,passed,data/runs/w4-matched-representation-20260802/cells/cell-abd63ebaaa108e4f35b4/cell.log,16,2147483648,17,e3e3a6a182f42525cd053e03610a0f469685c66848c12900017bd07190e86e22,32,50,"['cx', 'h', 'rz']",142,102,8d67d134499010b87437d4b35e1be435e04ed3c239d18dbb47a938d590ff340c,9a3755c5f3d90e9c12aef5e41f396fc970f89508c81fc2fd05221bb8f65f9cfa,8,2,round_robin_flat,rep-6a841976a8d15fa018d9,data/runs/w4-matched-representation-20260802/representations/rep-6a841976a8d15fa018d9/representation_manifest.json,12f300da6ee9138669e6d8fd87f0114917fb914ed4bc8ad095a404afb51d00c8,False,108462080,20260812,1501,7194,1673,18454,1607,completed,"[""cx"",""rz"",""h""]",slice-a-m16,8116,20.0,0.0,0.33950470807030797,0.22646412497851998
8,8,cell-1901cca8a241963d17de,pyzx_rewrite_identity_up_to_global_phase_v1,True,passed,qiskit_opt3,OpenQASM2 -> Qiskit preset level 3 -> target basis,0.5,0.5,logical_all_to_all_no_routing,passed,data/runs/w4-matched-representation-20260802/cells/cell-1901cca8a241963d17de/cell.log,16,2147483648,17,dbced4c8c9f3b92033a2f06ce412977c0e0fa2a366249dd09df2f5869698a2d3,32,18,"['cx', 'rz']",48,0,18ccc1cce305a7bb209784693a89b0600b02c03c44ee5ade331c52841b8533c4,49f7e9449ce155c0e036bef1619e65777d687fe1530691e6eef9fa23ff4dfcd8,16,2,round_robin_flat,rep-f0fb9f1f0ccf21af73dc,data/runs/w4-matched-representation-20260802/representations/rep-f0fb9f1f0ccf21af73dc/representation_manifest.json,401a228af5767780c5a4c6555ddf39dff2b0c4b7d6044100d61328187c6b42e9,False,108986368,20260811,1501,7194,948,7225,887,completed,"[""cx"",""rz"",""h""]",slice-a-m16,8116,20.0,0.0,0.3219772079028189,0.22310241707600653
8,8,cell-d105d32f46c7e42b9e09,pyzx_rewrite_identity_up_to_global_phase_v1,True,passed,qiskit_opt3,OpenQASM2 -> Qiskit preset level 3 -> target basis,0.5,0.5,logical_all_to_all_no_routing,passed,data/runs/w4-matched-representation-20260802/cells/cell-d105d32f46c7e42b9e09/cell.log,16,2147483648,17,dbced4c8c9f3b92033a2f06ce412977c0e0fa2a366249dd09df2f5869698a2d3,32,18,"['cx', 'rz']",48,0,18ccc1cce305a7bb209784693a89b0600b02c03c44ee5ade331c52841b8533c4,49f7e9449ce155c0e036bef1619e65777d687fe1530691e6eef9fa23ff4dfcd8,16,2,round_robin_flat,rep-6a841976a8d15fa018d9,data/runs/w4-matched-representation-20260802/representations/rep-6a841976a8d15fa018d9/representation_manifest.json,12f300da6ee9138669e6d8fd87f0114917fb914ed4bc8ad095a404afb51d00c8,False,109035520,20260812,1501,7194,948,7225,887,completed,"[""cx"",""rz"",""h""]",slice-a-m16,8116,20.0,0.0,0.33818341698497534,0.22842379193753004
8,8,cell-75f2fc24d3090677cec3,pyzx_rewrite_identity_up_to_global_phase_v1,True,passed,tket_paulisimp,OpenQASM2 -> TKET DecomposeBoxes/AutoRebase/PauliSimp -> target basis,0.5,0.5,logical_all_to_all_no_routing,passed,data/runs/w4-matched-representation-20260802/cells/cell-75f2fc24d3090677cec3/cell.log,16,2147483648,17,44825127af7f3d6f7ba53b3d19f0647ba59749ca0f5192874ca5bdf99705e4a2,21,18,"['cx', 'h', 'rz']",131,34,e991a1e5cb6a4a6228a7416936ddafd9a3e43be5068ec383322fa07e0b5bf97c,9c0517665af1a3eb90e73e81c6715a7beb67abecb61286b752ae3f5dccb139ad,76,2,round_robin_flat,rep-f0fb9f1f0ccf21af73dc,data/runs/w4-matched-representation-20260802/representations/rep-f0fb9f1f0ccf21af73dc/representation_manifest.json,401a228af5767780c5a4c6555ddf39dff2b0c4b7d6044100d61328187c6b42e9,False,156073984,20260811,1501,7194,2004,19109,1940,completed,"[""cx"",""rz"",""h""]",slice-a-m16,8116,20.0,0.0,0.5627503340365365,0.4236082920106128
8,8,cell-1acd227788ac63006966,pyzx_rewrite_identity_up_to_global_phase_v1,True,passed,tket_paulisimp,OpenQASM2 -> TKET DecomposeBoxes/AutoRebase/PauliSimp -> target basis,0.5,0.5,logical_all_to_all_no_routing,passed,data/runs/w4-matched-representation-20260802/cells/cell-1acd227788ac63006966/cell.log,16,2147483648,17,44825127af7f3d6f7ba53b3d19f0647ba59749ca0f5192874ca5bdf99705e4a2,21,18,"['cx', 'h', 'rz']",131,34,e991a1e5cb6a4a6228a7416936ddafd9a3e43be5068ec383322fa07e0b5bf97c,9c0517665af1a3eb90e73e81c6715a7beb67abecb61286b752ae3f5dccb139ad,76,2,round_robin_flat,rep-6a841976a8d15fa018d9,data/runs/w4-matched-representation-20260802/representations/rep-6a841976a8d15fa018d9/representation_manifest.json,12f300da6ee9138669e6d8fd87f0114917fb914ed4bc8ad095a404afb51d00c8,False,156598272,20260812,1501,7194,2004,19109,1940,completed,"[""cx"",""rz"",""h""]",slice-a-m16,8116,20.0,0.0,0.5709205419989303,0.43983487505465746
8,8,cell-c3ef10245975721cb060,pyzx_rewrite_identity_up_to_global_phase_v1,True,passed,echo_passthrough,literal input circuit -> output,0.5,0.5,logical_all_to_all_no_routing,passed,data/runs/w4-matched-representation-20260802/cells/cell-c3ef10245975721cb060/cell.log,16,2147483648,17,28d950b8b59106cc71d0bf29c49422def3e6ffd273522d99e068630e5e2e500c,16,12,"['cx', 'rz']",24,0,e935fa0f04a68de6812e3714e3a0a764fe94a30e2e11fe72197da310955711be,b0676a819be746f51f929dcd5464aa7bc61122acbd63bea433c776049c95fca0,8,2,semantic_aggregate,rep-42141eac738a540905a5,data/runs/w4-matched-representation-20260802/representations/rep-42141eac738a540905a5/representation_manifest.json,43d8ed3b393598f1b6dbf61bf9f0050e6674758acfc666bad3eea9d73a21f438,False,106037248,20260811,844,3492,529,3502,463,completed,"[""cx"",""rz"",""h""]",slice-a-m16,8116,20.0,0.0,0.3321290831081569,0.20701045903842896
8,8,cell-006a3d6630ffd02254f2,pyzx_rewrite_identity_up_to_global_phase_v1,True,passed,echo_passthrough,literal input circuit -> output,0.5,0.5,logical_all_to_all_no_routing,passed,data/runs/w4-matched-representation-20260802/cells/cell-006a3d6630ffd02254f2/cell.log,16,2147483648,17,28d950b8b59106cc71d0bf29c49422def3e6ffd273522d99e068630e5e2e500c,16,12,"['cx', 'rz']",24,0,e935fa0f04a68de6812e3714e3a0a764fe94a30e2e11fe72197da310955711be,b0676a819be746f51f929dcd5464aa7bc61122acbd63bea433c776049c95fca0,8,2,semantic_aggregate,rep-b764bd0b388a53d2bad0,data/runs/w4-matched-representation-20260802/representations/rep-b764bd0b388a53d2bad0/representation_manifest.json,845efd4f98ee451ead7ef70fcc29d726e49783a66117dc26e12adf384e22f958,False,106004480,20260812,844,3492,529,3502,463,completed,"[""cx"",""rz"",""h""]",slice-a-m16,8116,20.0,0.0,0.31018520903307945,0.20816958392970264
8,8,cell-16f08a4405ee0e389640,pyzx_rewrite_identity_up_to_global_phase_v1,True,passed,full_aggregation,exact input parity/phase table -> canonical CNOT-Rz,0.5,0.5,logical_all_to_all_no_routing,passed,data/runs/w4-matched-representation-20260802/cells/cell-16f08a4405ee0e389640/cell.log,16,2147483648,17,5ce56feba5230e944eee343b396f8a075d194ba3f138dfef38d0822d05eca3a1,16,12,"['cx', 'rz']",24,0,ef148f2e6e676b0ded3c0b80df8ebd18112cfe7ec8759965558783e96559c7b1,b0676a819be746f51f929dcd5464aa7bc61122acbd63bea433c776049c95fca0,8,2,semantic_aggregate,rep-42141eac738a540905a5,data/runs/w4-matched-representation-20260802/representations/rep-42141eac738a540905a5/representation_manifest.json,43d8ed3b393598f1b6dbf61bf9f0050e6674758acfc666bad3eea9d73a21f438,False,105938944,20260811,844,3492,529,3522,463,completed,"[""cx"",""rz"",""h""]",slice-a-m16,8116,20.0,0.0,0.3056096659274772,0.2086854160297662
8,8,cell-b70b6a72405b905b67d9,pyzx_rewrite_identity_up_to_global_phase_v1,True,passed,full_aggregation,exact input parity/phase table -> canonical CNOT-Rz,0.5,0.5,logical_all_to_all_no_routing,passed,data/runs/w4-matched-representation-20260802/cells/cell-b70b6a72405b905b67d9/cell.log,16,2147483648,17,5ce56feba5230e944eee343b396f8a075d194ba3f138dfef38d0822d05eca3a1,16,12,"['cx', 'rz']",24,0,ef148f2e6e676b0ded3c0b80df8ebd18112cfe7ec8759965558783e96559c7b1,b0676a819be746f51f929dcd5464aa7bc61122acbd63bea433c776049c95fca0,8,2,semantic_aggregate,rep-b764bd0b388a53d2bad0,data/runs/w4-matched-representation-20260802/representations/rep-b764bd0b388a53d2bad0/representation_manifest.json,845efd4f98ee451ead7ef70fcc29d726e49783a66117dc26e12adf384e22f958,False,105971712,20260812,844,3492,529,3522,463,completed,"[""cx"",""rz"",""h""]",slice-a-m16,8116,20.0,0.0,0.31604512501508,0.20858941704500467
8,8,cell-0058767265d40815a491,pyzx_rewrite_identity_up_to_global_phase_v1,True,passed,pyzx_full_reduce,OpenQASM2 -> PyZX graph/full_reduce/extract -> target basis,0.5,0.5,logical_all_to_all_no_routing,passed,data/runs/w4-matched-representation-20260802/cells/cell-0058767265d40815a491/cell.log,16,2147483648,17,e3e3a6a182f42525cd053e03610a0f469685c66848c12900017bd07190e86e22,32,50,"['cx', 'h', 'rz']",142,102,8d67d134499010b87437d4b35e1be435e04ed3c239d18dbb47a938d590ff340c,9a3755c5f3d90e9c12aef5e41f396fc970f89508c81fc2fd05221bb8f65f9cfa,8,2,semantic_aggregate,rep-42141eac738a540905a5,data/runs/w4-matched-representation-20260802/representations/rep-42141eac738a540905a5/representation_manifest.json,43d8ed3b393598f1b6dbf61bf9f0050e6674758acfc666bad3eea9d73a21f438,False,108462080,20260811,844,3492,1673,18454,1607,completed,"[""cx"",""rz"",""h""]",slice-a-m16,8116,20.0,0.0,0.3324782499112189,0.23007262498140335
8,8,cell-a3871aa702e84ca5f47f,pyzx_rewrite_identity_up_to_global_phase_v1,True,passed,pyzx_full_reduce,OpenQASM2 -> PyZX graph/full_reduce/extract -> target basis,0.5,0.5,logical_all_to_all_no_routing,passed,data/runs/w4-matched-representation-20260802/cells/cell-a3871aa702e84ca5f47f/cell.log,16,2147483648,17,e3e3a6a182f42525cd053e03610a0f469685c66848c12900017bd07190e86e22,32,50,"['cx', 'h', 'rz']",142,102,8d67d134499010b87437d4b35e1be435e04ed3c239d18dbb47a938d590ff340c,9a3755c5f3d90e9c12aef5e41f396fc970f89508c81fc2fd05221bb8f65f9cfa,8,2,semantic_aggregate,rep-b764bd0b388a53d2bad0,data/runs/w4-matched-representation-20260802/representations/rep-b764bd0b388a53d2bad0/representation_manifest.json,845efd4f98ee451ead7ef70fcc29d726e49783a66117dc26e12adf384e22f958,False,108412928,20260812,844,3492,1673,18454,1607,completed,"[""cx"",""rz"",""h""]",slice-a-m16,8116,20.0,0.0,0.3287806250154972,0.22743958292994648
8,8,cell-a53a461d3df139e5c785,pyzx_rewrite_identity_up_to_global_phase_v1,True,passed,qiskit_opt3,OpenQASM2 -> Qiskit preset level 3 -> target basis,0.5,0.5,logical_all_to_all_no_routing,passed,data/runs/w4-matched-representation-20260802/cells/cell-a53a461d3df139e5c785/cell.log,16,2147483648,17,3bbbe400186018008c8b4c582594538e315f6edc104c361d692d5c7a2e4ee821,16,12,"['cx', 'rz']",24,0,51c513aa421c3d21aa5aebdd9faf97dbf0182009f66990c2149a5141b4781698,b0676a819be746f51f929dcd5464aa7bc61122acbd63bea433c776049c95fca0,8,2,semantic_aggregate,rep-42141eac738a540905a5,data/runs/w4-matched-representation-20260802/representations/rep-42141eac738a540905a5/representation_manifest.json,43d8ed3b393598f1b6dbf61bf9f0050e6674758acfc666bad3eea9d73a21f438,False,108937216,20260811,844,3492,524,3521,463,completed,"[""cx"",""rz"",""h""]",slice-a-m16,8116,20.0,0.0,0.30916329100728035,0.21827191696502268
8,8,cell-fb952739ed3f1c1a6dfc,pyzx_rewrite_identity_up_to_global_phase_v1,True,passed,qiskit_opt3,OpenQASM2 -> Qiskit preset level 3 -> target basis,0.5,0.5,logical_all_to_all_no_routing,passed,data/runs/w4-matched-representation-20260802/cells/cell-fb952739ed3f1c1a6dfc/cell.log,16,2147483648,17,3bbbe400186018008c8b4c582594538e315f6edc104c361d692d5c7a2e4ee821,16,12,"['cx', 'rz']",24,0,51c513aa421c3d21aa5aebdd9faf97dbf0182009f66990c2149a5141b4781698,b0676a819be746f51f929dcd5464aa7bc61122acbd63bea433c776049c95fca0,8,2,semantic_aggregate,rep-b764bd0b388a53d2bad0,data/runs/w4-matched-representation-20260802/representations/rep-b764bd0b388a53d2bad0/representation_manifest.json,845efd4f98ee451ead7ef70fcc29d726e49783a66117dc26e12adf384e22f958,False,108953600,20260812,844,3492,524,3521,463,completed,"[""cx"",""rz"",""h""]",slice-a-m16,8116,20.0,0.0,0.33161404205020517,0.22036937496159226
8,8,cell-77e78a48fb476e12b514,pyzx_rewrite_identity_up_to_global_phase_v1,True,passed,tket_paulisimp,OpenQASM2 -> TKET DecomposeBoxes/AutoRebase/PauliSimp -> target basis,0.5,0.5,logical_all_to_all_no_routing,passed,data/runs/w4-matched-representation-20260802/cells/cell-77e78a48fb476e12b514/cell.log,16,2147483648,17,44825127af7f3d6f7ba53b3d19f0647ba59749ca0f5192874ca5bdf99705e4a2,21,18,"['cx', 'h', 'rz']",131,34,e991a1e5cb6a4a6228a7416936ddafd9a3e43be5068ec383322fa07e0b5bf97c,9c0517665af1a3eb90e73e81c6715a7beb67abecb61286b752ae3f5dccb139ad,76,2,semantic_aggregate,rep-42141eac738a540905a5,data/runs/w4-matched-representation-20260802/representations/rep-42141eac738a540905a5/representation_manifest.json,43d8ed3b393598f1b6dbf61bf9f0050e6674758acfc666bad3eea9d73a21f438,False,155877376,20260811,844,3492,2004,19109,1940,completed,"[""cx"",""rz"",""h""]",slice-a-m16,8116,20.0,0.0,0.5536126659717411,0.42083841597195715
8,8,cell-24edd28b169a655d2a56,pyzx_rewrite_identity_up_to_global_phase_v1,True,passed,tket_paulisimp,OpenQASM2 -> TKET DecomposeBoxes/AutoRebase/PauliSimp -> target basis,0.5,0.5,logical_all_to_all_no_routing,passed,data/runs/w4-matched-representation-20260802/cells/cell-24edd28b169a655d2a56/cell.log,16,2147483648,17,44825127af7f3d6f7ba53b3d19f0647ba59749ca0f5192874ca5bdf99705e4a2,21,18,"['cx', 'h', 'rz']",131,34,e991a1e5cb6a4a6228a7416936ddafd9a3e43be5068ec383322fa07e0b5bf97c,9c0517665af1a3eb90e73e81c6715a7beb67abecb61286b752ae3f5dccb139ad,76,2,semantic_aggregate,rep-b764bd0b388a53d2bad0,data/runs/w4-matched-representation-20260802/representations/rep-b764bd0b388a53d2bad0/representation_manifest.json,845efd4f98ee451ead7ef70fcc29d726e49783a66117dc26e12adf384e22f958,False,155828224,20260812,844,3492,2004,19109,1940,completed,"[""cx"",""rz"",""h""]",slice-a-m16,8116,20.0,0.0,0.5588375830557197,0.4175672499695793
8,8,cell-911f00e1fb1d0e4d9f9f,pyzx_rewrite_identity_up_to_global_phase_v1,True,passed,echo_passthrough,literal input circuit -> output,0.5,0.5,logical_all_to_all_no_routing,passed,data/runs/w4-matched-representation-20260802/cells/cell-911f00e1fb1d0e4d9f9f/cell.log,16,2147483648,17,3cb4d0b24a4435da680255c64db17770d5b08638814f18f8e262e83aef5a018b,16,12,"['cx', 'rz']",24,0,f82329d0e3fd5e154fa545bab2b55644ca582c988bc804650d4e3d178aae6a0c,c4568672486904e56465ea0c84f1fd3827e8d26b0722f9598be6963968b86cc3,8,2,tket_bridge,rep-073767c7768b1a95266c,data/runs/w4-matched-representation-20260802/representations/rep-073767c7768b1a95266c/representation_manifest.json,10c6a2da82cddea9e5ce88009bdaef5598f186ba9a4cf5129e284e82f0f4dd8b,False,106020864,20260811,539,3485,529,3502,463,completed,"[""cx"",""rz"",""h""]",slice-a-m16,8116,20.0,0.0,0.3143596249865368,0.20595941692590714
8,8,cell-95812ae437deb37e5b5d,pyzx_rewrite_identity_up_to_global_phase_v1,True,passed,echo_passthrough,literal input circuit -> output,0.5,0.5,logical_all_to_all_no_routing,passed,data/runs/w4-matched-representation-20260802/cells/cell-95812ae437deb37e5b5d/cell.log,16,2147483648,17,3cb4d0b24a4435da680255c64db17770d5b08638814f18f8e262e83aef5a018b,16,12,"['cx', 'rz']",24,0,f82329d0e3fd5e154fa545bab2b55644ca582c988bc804650d4e3d178aae6a0c,c4568672486904e56465ea0c84f1fd3827e8d26b0722f9598be6963968b86cc3,8,2,tket_bridge,rep-52b5282a613919485f5c,data/runs/w4-matched-representation-20260802/representations/rep-52b5282a613919485f5c/representation_manifest.json,d74b28db086439d575aea5e8a08383bc8c7a1083134ba323a37cb66ebf3f98cd,False,105971712,20260812,539,3485,529,3502,463,completed,"[""cx"",""rz"",""h""]",slice-a-m16,8116,20.0,0.0,0.3202385000186041,0.20570591592695564
8,8,cell-5bb052c5f6579b4a7c0e,pyzx_rewrite_identity_up_to_global_phase_v1,True,passed,full_aggregation,exact input parity/phase table -> canonical CNOT-Rz,0.5,0.5,logical_all_to_all_no_routing,passed,data/runs/w4-matched-representation-20260802/cells/cell-5bb052c5f6579b4a7c0e/cell.log,16,2147483648,17,5ce56feba5230e944eee343b396f8a075d194ba3f138dfef38d0822d05eca3a1,16,12,"['cx', 'rz']",24,0,ef148f2e6e676b0ded3c0b80df8ebd18112cfe7ec8759965558783e96559c7b1,b0676a819be746f51f929dcd5464aa7bc61122acbd63bea433c776049c95fca0,8,2,tket_bridge,rep-073767c7768b1a95266c,data/runs/w4-matched-representation-20260802/representations/rep-073767c7768b1a95266c/representation_manifest.json,10c6a2da82cddea9e5ce88009bdaef5598f186ba9a4cf5129e284e82f0f4dd8b,False,106086400,20260811,539,3485,529,3522,463,completed,"[""cx"",""rz"",""h""]",slice-a-m16,8116,20.0,0.0,0.3177622500807047,0.20525666698813438
8,8,cell-93594c60d8b8b239cb2e,pyzx_rewrite_identity_up_to_global_phase_v1,True,passed,full_aggregation,exact input parity/phase table -> canonical CNOT-Rz,0.5,0.5,logical_all_to_all_no_routing,passed,data/runs/w4-matched-representation-20260802/cells/cell-93594c60d8b8b239cb2e/cell.log,16,2147483648,17,5ce56feba5230e944eee343b396f8a075d194ba3f138dfef38d0822d05eca3a1,16,12,"['cx', 'rz']",24,0,ef148f2e6e676b0ded3c0b80df8ebd18112cfe7ec8759965558783e96559c7b1,b0676a819be746f51f929dcd5464aa7bc61122acbd63bea433c776049c95fca0,8,2,tket_bridge,rep-52b5282a613919485f5c,data/runs/w4-matched-representation-20260802/representations/rep-52b5282a613919485f5c/representation_manifest.json,d74b28db086439d575aea5e8a08383bc8c7a1083134ba323a37cb66ebf3f98cd,False,105971712,20260812,539,3485,529,3522,463,completed,"[""cx"",""rz"",""h""]",slice-a-m16,8116,20.0,0.0,0.3193965000100434,0.2104782919632271
8,8,cell-cf520b5c10b711b1e3c6,pyzx_rewrite_identity_up_to_global_phase_v1,True,passed,pyzx_full_reduce,OpenQASM2 -> PyZX graph/full_reduce/extract -> target basis,0.5,0.5,logical_all_to_all_no_routing,passed,data/runs/w4-matched-representation-20260802/cells/cell-cf520b5c10b711b1e3c6/cell.log,16,2147483648,17,e3e3a6a182f42525cd053e03610a0f469685c66848c12900017bd07190e86e22,32,50,"['cx', 'h', 'rz']",142,102,8d67d134499010b87437d4b35e1be435e04ed3c239d18dbb47a938d590ff340c,9a3755c5f3d90e9c12aef5e41f396fc970f89508c81fc2fd05221bb8f65f9cfa,8,2,tket_bridge,rep-073767c7768b1a95266c,data/runs/w4-matched-representation-20260802/representations/rep-073767c7768b1a95266c/representation_manifest.json,10c6a2da82cddea9e5ce88009bdaef5598f186ba9a4cf5129e284e82f0f4dd8b,False,108363776,20260811,539,3485,1673,18454,1607,completed,"[""cx"",""rz"",""h""]",slice-a-m16,8116,20.0,0.0,0.33211758302059025,0.2250677909469232
8,8,cell-282b41679b4cadb84a90,pyzx_rewrite_identity_up_to_global_phase_v1,True,passed,pyzx_full_reduce,OpenQASM2 -> PyZX graph/full_reduce/extract -> target basis,0.5,0.5,logical_all_to_all_no_routing,passed,data/runs/w4-matched-representation-20260802/cells/cell-282b41679b4cadb84a90/cell.log,16,2147483648,17,e3e3a6a182f42525cd053e03610a0f469685c66848c12900017bd07190e86e22,32,50,"['cx', 'h', 'rz']",142,102,8d67d134499010b87437d4b35e1be435e04ed3c239d18dbb47a938d590ff340c,9a3755c5f3d90e9c12aef5e41f396fc970f89508c81fc2fd05221bb8f65f9cfa,8,2,tket_bridge,rep-52b5282a613919485f5c,data/runs/w4-matched-representation-20260802/representations/rep-52b5282a613919485f5c/representation_manifest.json,d74b28db086439d575aea5e8a08383bc8c7a1083134ba323a37cb66ebf3f98cd,False,108412928,20260812,539,3485,1673,18454,1607,completed,"[""cx"",""rz"",""h""]",slice-a-m16,8116,20.0,0.0,0.3203262500464916,0.22523625008761883
8,8,cell-f893003606c23c052a55,pyzx_rewrite_identity_up_to_global_phase_v1,True,passed,qiskit_opt3,OpenQASM2 -> Qiskit preset level 3 -> target basis,0.5,0.5,logical_all_to_all_no_routing,passed,data/runs/w4-matched-representation-20260802/cells/cell-f893003606c23c052a55/cell.log,16,2147483648,17,3bbbe400186018008c8b4c582594538e315f6edc104c361d692d5c7a2e4ee821,16,12,"['cx', 'rz']",24,0,51c513aa421c3d21aa5aebdd9faf97dbf0182009f66990c2149a5141b4781698,b0676a819be746f51f929dcd5464aa7bc61122acbd63bea433c776049c95fca0,8,2,tket_bridge,rep-073767c7768b1a95266c,data/runs/w4-matched-representation-20260802/representations/rep-073767c7768b1a95266c/representation_manifest.json,10c6a2da82cddea9e5ce88009bdaef5598f186ba9a4cf5129e284e82f0f4dd8b,False,108822528,20260811,539,3485,524,3521,463,completed,"[""cx"",""rz"",""h""]",slice-a-m16,8116,20.0,0.0,0.33367683307733387,0.22196358302608132
8,8,cell-1d03ab0b37c7d0be27a4,pyzx_rewrite_identity_up_to_global_phase_v1,True,passed,qiskit_opt3,OpenQASM2 -> Qiskit preset level 3 -> target basis,0.5,0.5,logical_all_to_all_no_routing,passed,data/runs/w4-matched-representation-20260802/cells/cell-1d03ab0b37c7d0be27a4/cell.log,16,2147483648,17,3bbbe400186018008c8b4c582594538e315f6edc104c361d692d5c7a2e4ee821,16,12,"['cx', 'rz']",24,0,51c513aa421c3d21aa5aebdd9faf97dbf0182009f66990c2149a5141b4781698,b0676a819be746f51f929dcd5464aa7bc61122acbd63bea433c776049c95fca0,8,2,tket_bridge,rep-52b5282a613919485f5c,data/runs/w4-matched-representation-20260802/representations/rep-52b5282a613919485f5c/representation_manifest.json,d74b28db086439d575aea5e8a08383bc8c7a1083134ba323a37cb66ebf3f98cd,False,108969984,20260812,539,3485,524,3521,463,completed,"[""cx"",""rz"",""h""]",slice-a-m16,8116,20.0,0.0,0.31179116596467793,0.21752816601656377
8,8,cell-c4e173a6772672c4a788,pyzx_rewrite_identity_up_to_global_phase_v1,True,passed,tket_paulisimp,OpenQASM2 -> TKET DecomposeBoxes/AutoRebase/PauliSimp -> target basis,0.5,0.5,logical_all_to_all_no_routing,passed,data/runs/w4-matched-representation-20260802/cells/cell-c4e173a6772672c4a788/cell.log,16,2147483648,17,44825127af7f3d6f7ba53b3d19f0647ba59749ca0f5192874ca5bdf99705e4a2,21,18,"['cx', 'h', 'rz']",131,34,e991a1e5cb6a4a6228a7416936ddafd9a3e43be5068ec383322fa07e0b5bf97c,9c0517665af1a3eb90e73e81c6715a7beb67abecb61286b752ae3f5dccb139ad,76,2,tket_bridge,rep-073767c7768b1a95266c,data/runs/w4-matched-representation-20260802/representations/rep-073767c7768b1a95266c/representation_manifest.json,10c6a2da82cddea9e5ce88009bdaef5598f186ba9a4cf5129e284e82f0f4dd8b,False,155926528,20260811,539,3485,2004,19109,1940,completed,"[""cx"",""rz"",""h""]",slice-a-m16,8116,20.0,0.0,0.5755146249430254,0.41826858406420797
8,8,cell-57488f8f1192332ea2aa,pyzx_rewrite_identity_up_to_global_phase_v1,True,passed,tket_paulisimp,OpenQASM2 -> TKET DecomposeBoxes/AutoRebase/PauliSimp -> target basis,0.5,0.5,logical_all_to_all_no_routing,passed,data/runs/w4-matched-representation-20260802/cells/cell-57488f8f1192332ea2aa/cell.log,16,2147483648,17,44825127af7f3d6f7ba53b3d19f0647ba59749ca0f5192874ca5bdf99705e4a2,21,18,"['cx', 'h', 'rz']",131,34,e991a1e5cb6a4a6228a7416936ddafd9a3e43be5068ec383322fa07e0b5bf97c,9c0517665af1a3eb90e73e81c6715a7beb67abecb61286b752ae3f5dccb139ad,76,2,tket_bridge,rep-52b5282a613919485f5c,data/runs/w4-matched-representation-20260802/representations/rep-52b5282a613919485f5c/representation_manifest.json,d74b28db086439d575aea5e8a08383bc8c7a1083134ba323a37cb66ebf3f98cd,False,155729920,20260812,539,3485,2004,19109,1940,completed,"[""cx"",""rz"",""h""]",slice-a-m16,8116,20.0,0.0,0.5667661660118029,0.4299022079212591
8,8,cell-fd17a4d04cf4db46d167,pyzx_rewrite_identity_up_to_global_phase_v1,True,passed,echo_passthrough,literal input circuit -> output,0.5,0.5,logical_all_to_all_no_routing,passed,data/runs/w4-matched-representation-20260802/cells/cell-fd17a4d04cf4db46d167/cell.log,16,2147483648,17,28d950b8b59106cc71d0bf29c49422def3e6ffd273522d99e068630e5e2e500c,16,12,"['cx', 'rz']",24,0,e935fa0f04a68de6812e3714e3a0a764fe94a30e2e11fe72197da310955711be,b0676a819be746f51f929dcd5464aa7bc61122acbd63bea433c776049c95fca0,8,2,zx_bridge,rep-1f35646c266cd424716f,data/runs/w4-matched-representation-20260802/representations/rep-1f35646c266cd424716f/representation_manifest.json,e973d97267e52af175902c734b56e9b453b2b3d7bf6e704136d9d60787420f00,False,107216896,20260811,560,3483,529,3502,463,completed,"[""cx"",""rz"",""h""]",slice-a-m16,8116,20.0,0.0,0.33126241608988494,0.22753258293960243
8,8,cell-478f51de031c89a6d969,pyzx_rewrite_identity_up_to_global_phase_v1,True,passed,echo_passthrough,literal input circuit -> output,0.5,0.5,logical_all_to_all_no_routing,passed,data/runs/w4-matched-representation-20260802/cells/cell-478f51de031c89a6d969/cell.log,16,2147483648,17,28d950b8b59106cc71d0bf29c49422def3e6ffd273522d99e068630e5e2e500c,16,12,"['cx', 'rz']",24,0,e935fa0f04a68de6812e3714e3a0a764fe94a30e2e11fe72197da310955711be,b0676a819be746f51f929dcd5464aa7bc61122acbd63bea433c776049c95fca0,8,2,zx_bridge,rep-d933e51bc93ce5f8d462,data/runs/w4-matched-representation-20260802/representations/rep-d933e51bc93ce5f8d462/representation_manifest.json,90838bd30554ddc7aa2cf9871a12eaf52ad7b6599073e9ddd3d812883dcae804,False,106037248,20260812,560,3483,529,3502,463,completed,"[""cx"",""rz"",""h""]",slice-a-m16,8116,20.0,0.0,0.31874783302191645,0.21063899993896484
8,8,cell-0a5582051d6121c10586,pyzx_rewrite_identity_up_to_global_phase_v1,True,passed,full_aggregation,exact input parity/phase table -> canonical CNOT-Rz,0.5,0.5,logical_all_to_all_no_routing,passed,data/runs/w4-matched-representation-20260802/cells/cell-0a5582051d6121c10586/cell.log,16,2147483648,17,5ce56feba5230e944eee343b396f8a075d194ba3f138dfef38d0822d05eca3a1,16,12,"['cx', 'rz']",24,0,ef148f2e6e676b0ded3c0b80df8ebd18112cfe7ec8759965558783e96559c7b1,b0676a819be746f51f929dcd5464aa7bc61122acbd63bea433c776049c95fca0,8,2,zx_bridge,rep-1f35646c266cd424716f,data/runs/w4-matched-representation-20260802/representations/rep-1f35646c266cd424716f/representation_manifest.json,e973d97267e52af175902c734b56e9b453b2b3d7bf6e704136d9d60787420f00,False,105889792,20260811,560,3483,529,3522,463,completed,"[""cx"",""rz"",""h""]",slice-a-m16,8116,20.0,0.0,0.3158145829802379,0.20703183393925428
8,8,cell-97c4a474d664968afb23,pyzx_rewrite_identity_up_to_global_phase_v1,True,passed,full_aggregation,exact input parity/phase table -> canonical CNOT-Rz,0.5,0.5,logical_all_to_all_no_routing,passed,data/runs/w4-matched-representation-20260802/cells/cell-97c4a474d664968afb23/cell.log,16,2147483648,17,5ce56feba5230e944eee343b396f8a075d194ba3f138dfef38d0822d05eca3a1,16,12,"['cx', 'rz']",24,0,ef148f2e6e676b0ded3c0b80df8ebd18112cfe7ec8759965558783e96559c7b1,b0676a819be746f51f929dcd5464aa7bc61122acbd63bea433c776049c95fca0,8,2,zx_bridge,rep-d933e51bc93ce5f8d462,data/runs/w4-matched-representation-20260802/representations/rep-d933e51bc93ce5f8d462/representation_manifest.json,90838bd30554ddc7aa2cf9871a12eaf52ad7b6599073e9ddd3d812883dcae804,False,106151936,20260812,560,3483,529,3522,463,completed,"[""cx"",""rz"",""h""]",slice-a-m16,8116,20.0,0.0,0.30159916693810374,0.2068314589560032
8,8,cell-f957da0dbb4b4dc033b3,pyzx_rewrite_identity_up_to_global_phase_v1,True,passed,pyzx_full_reduce,OpenQASM2 -> PyZX graph/full_reduce/extract -> target basis,0.5,0.5,logical_all_to_all_no_routing,passed,data/runs/w4-matched-representation-20260802/cells/cell-f957da0dbb4b4dc033b3/cell.log,16,2147483648,17,e3e3a6a182f42525cd053e03610a0f469685c66848c12900017bd07190e86e22,32,50,"['cx', 'h', 'rz']",142,102,8d67d134499010b87437d4b35e1be435e04ed3c239d18dbb47a938d590ff340c,9a3755c5f3d90e9c12aef5e41f396fc970f89508c81fc2fd05221bb8f65f9cfa,8,2,zx_bridge,rep-1f35646c266cd424716f,data/runs/w4-matched-representation-20260802/representations/rep-1f35646c266cd424716f/representation_manifest.json,e973d97267e52af175902c734b56e9b453b2b3d7bf6e704136d9d60787420f00,False,108331008,20260811,560,3483,1673,18454,1607,completed,"[""cx"",""rz"",""h""]",slice-a-m16,8116,20.0,0.0,0.3298881669761613,0.22907412506174296
8,8,cell-b6a1bd1794adc9495773,pyzx_rewrite_identity_up_to_global_phase_v1,True,passed,pyzx_full_reduce,OpenQASM2 -> PyZX graph/full_reduce/extract -> target basis,0.5,0.5,logical_all_to_all_no_routing,passed,data/runs/w4-matched-representation-20260802/cells/cell-b6a1bd1794adc9495773/cell.log,16,2147483648,17,e3e3a6a182f42525cd053e03610a0f469685c66848c12900017bd07190e86e22,32,50,"['cx', 'h', 'rz']",142,102,8d67d134499010b87437d4b35e1be435e04ed3c239d18dbb47a938d590ff340c,9a3755c5f3d90e9c12aef5e41f396fc970f89508c81fc2fd05221bb8f65f9cfa,8,2,zx_bridge,rep-d933e51bc93ce5f8d462,data/runs/w4-matched-representation-20260802/representations/rep-d933e51bc93ce5f8d462/representation_manifest.json,90838bd30554ddc7aa2cf9871a12eaf52ad7b6599073e9ddd3d812883dcae804,False,108511232,20260812,560,3483,1673,18454,1607,completed,"[""cx"",""rz"",""h""]",slice-a-m16,8116,20.0,0.0,0.33948508300818503,0.22664858296047896
8,8,cell-4d564f985ff4d610b8a9,pyzx_rewrite_identity_up_to_global_phase_v1,True,passed,qiskit_opt3,OpenQASM2 -> Qiskit preset level 3 -> target basis,0.5,0.5,logical_all_to_all_no_routing,passed,data/runs/w4-matched-representation-20260802/cells/cell-4d564f985ff4d610b8a9/cell.log,16,2147483648,17,3bbbe400186018008c8b4c582594538e315f6edc104c361d692d5c7a2e4ee821,16,12,"['cx', 'rz']",24,0,51c513aa421c3d21aa5aebdd9faf97dbf0182009f66990c2149a5141b4781698,b0676a819be746f51f929dcd5464aa7bc61122acbd63bea433c776049c95fca0,8,2,zx_bridge,rep-1f35646c266cd424716f,data/runs/w4-matched-representation-20260802/representations/rep-1f35646c266cd424716f/representation_manifest.json,e973d97267e52af175902c734b56e9b453b2b3d7bf6e704136d9d60787420f00,False,108920832,20260811,560,3483,524,3521,463,completed,"[""cx"",""rz"",""h""]",slice-a-m16,8116,20.0,0.0,0.30958916700910777,0.21725591598078609
8,8,cell-3e652b650c83f138ddbf,pyzx_rewrite_identity_up_to_global_phase_v1,True,passed,qiskit_opt3,OpenQASM2 -> Qiskit preset level 3 -> target basis,0.5,0.5,logical_all_to_all_no_routing,passed,data/runs/w4-matched-representation-20260802/cells/cell-3e652b650c83f138ddbf/cell.log,16,2147483648,17,3bbbe400186018008c8b4c582594538e315f6edc104c361d692d5c7a2e4ee821,16,12,"['cx', 'rz']",24,0,51c513aa421c3d21aa5aebdd9faf97dbf0182009f66990c2149a5141b4781698,b0676a819be746f51f929dcd5464aa7bc61122acbd63bea433c776049c95fca0,8,2,zx_bridge,rep-d933e51bc93ce5f8d462,data/runs/w4-matched-representation-20260802/representations/rep-d933e51bc93ce5f8d462/representation_manifest.json,90838bd30554ddc7aa2cf9871a12eaf52ad7b6599073e9ddd3d812883dcae804,False,108904448,20260812,560,3483,524,3521,463,completed,"[""cx"",""rz"",""h""]",slice-a-m16,8116,20.0,0.0,0.3146723749814555,0.21710062504280359
8,8,cell-f456631d4e3a050f5020,pyzx_rewrite_identity_up_to_global_phase_v1,True,passed,tket_paulisimp,OpenQASM2 -> TKET DecomposeBoxes/AutoRebase/PauliSimp -> target basis,0.5,0.5,logical_all_to_all_no_routing,passed,data/runs/w4-matched-representation-20260802/cells/cell-f456631d4e3a050f5020/cell.log,16,2147483648,17,44825127af7f3d6f7ba53b3d19f0647ba59749ca0f5192874ca5bdf99705e4a2,21,18,"['cx', 'h', 'rz']",131,34,e991a1e5cb6a4a6228a7416936ddafd9a3e43be5068ec383322fa07e0b5bf97c,9c0517665af1a3eb90e73e81c6715a7beb67abecb61286b752ae3f5dccb139ad,76,2,zx_bridge,rep-1f35646c266cd424716f,data/runs/w4-matched-representation-20260802/representations/rep-1f35646c266cd424716f/representation_manifest.json,e973d97267e52af175902c734b56e9b453b2b3d7bf6e704136d9d60787420f00,False,155811840,20260811,560,3483,2004,19109,1940,completed,"[""cx"",""rz"",""h""]",slice-a-m16,8116,20.0,0.0,0.553611750015989,0.41655424993950874
8,8,cell-5b44c8c738c77b46e752,pyzx_rewrite_identity_up_to_global_phase_v1,True,passed,tket_paulisimp,OpenQASM2 -> TKET DecomposeBoxes/AutoRebase/PauliSimp -> target basis,0.5,0.5,logical_all_to_all_no_routing,passed,data/runs/w4-matched-representation-20260802/cells/cell-5b44c8c738c77b46e752/cell.log,16,2147483648,17,44825127af7f3d6f7ba53b3d19f0647ba59749ca0f5192874ca5bdf99705e4a2,21,18,"['cx', 'h', 'rz']",131,34,e991a1e5cb6a4a6228a7416936ddafd9a3e43be5068ec383322fa07e0b5bf97c,9c0517665af1a3eb90e73e81c6715a7beb67abecb61286b752ae3f5dccb139ad,76,2,zx_bridge,rep-d933e51bc93ce5f8d462,data/runs/w4-matched-representation-20260802/representations/rep-d933e51bc93ce5f8d462/representation_manifest.json,90838bd30554ddc7aa2cf9871a12eaf52ad7b6599073e9ddd3d812883dcae804,False,155729920,20260812,560,3483,2004,19109,1940,completed,"[""cx"",""rz"",""h""]",slice-a-m16,8116,20.0,0.0,0.5481171249412,0.4166583330370486
8,16,cell-d00be04b47a6fe30a839,pyzx_rewrite_identity_up_to_global_phase_v1,True,passed,echo_passthrough,literal input circuit -> output,0.5,0.5,logical_all_to_all_no_routing,passed,data/runs/w4-matched-representation-20260802/cells/cell-d00be04b47a6fe30a839/cell.log,32,2147483648,33,3008d246b77233ab6cb5f48dca381082fad1bbd6998db6a68737e18999ef58e5,64,18,"['cx', 'rz']",96,0,c44e2f7bd68b7ce263dc4d7935c532f2f7583eacd984b31a8f6583eb310d3e11,46d6ac15c2c35bf39ae599a25fcafa52cb3e5b192cc93104cc2955c3806eeab3,32,2,contiguous_flat,rep-07e14643da83d9348886,data/runs/w4-matched-representation-20260802/representations/rep-07e14643da83d9348886/representation_manifest.json,7495f55d064ec0d28354d57fe51d985e9c123f58ce37e62dea7d3cbf1925acd2,False,106135552,20260811,2909,14224,1895,14237,1829,completed,"[""cx"",""rz"",""h""]",slice-a-m32,8132,20.0,0.0,0.3078060420230031,0.21248541702516377
8,16,cell-5332022d6b963a86f0b8,pyzx_rewrite_identity_up_to_global_phase_v1,True,passed,echo_passthrough,literal input circuit -> output,0.5,0.5,logical_all_to_all_no_routing,passed,data/runs/w4-matched-representation-20260802/cells/cell-5332022d6b963a86f0b8/cell.log,32,2147483648,33,3008d246b77233ab6cb5f48dca381082fad1bbd6998db6a68737e18999ef58e5,64,18,"['cx', 'rz']",96,0,c44e2f7bd68b7ce263dc4d7935c532f2f7583eacd984b31a8f6583eb310d3e11,46d6ac15c2c35bf39ae599a25fcafa52cb3e5b192cc93104cc2955c3806eeab3,32,2,contiguous_flat,rep-8b866dfef8d614175068,data/runs/w4-matched-representation-20260802/representations/rep-8b866dfef8d614175068/representation_manifest.json,036907406e7e75c67065b65f39e925f8551327730305a6c963f2bdfe6bd20751,False,106217472,20260812,2909,14224,1895,14237,1829,completed,"[""cx"",""rz"",""h""]",slice-a-m32,8132,20.0,0.0,0.3167256669839844,0.21173016598913819
8,16,cell-532176d816fd9a1b590d,pyzx_rewrite_identity_up_to_global_phase_v1,True,passed,full_aggregation,exact input parity/phase table -> canonical CNOT-Rz,0.5,0.5,logical_all_to_all_no_routing,passed,data/runs/w4-matched-representation-20260802/cells/cell-532176d816fd9a1b590d/cell.log,32,2147483648,33,2a230f1048ef07450c5eefb05663b2b4c63a672ebd4450bbba664cc9f4250969,32,9,"['cx', 'rz']",48,0,e32f3f974fe3592af51ef8cfb99875c0070799b2ffc462d6d1e0fc2ed622c46b,cf567dce22aaace60e045bcc5aff53158cc889d7dfe702b358bb0b67f9f4b451,16,2,contiguous_flat,rep-07e14643da83d9348886,data/runs/w4-matched-representation-20260802/representations/rep-07e14643da83d9348886/representation_manifest.json,7495f55d064ec0d28354d57fe51d985e9c123f58ce37e62dea7d3cbf1925acd2,False,106135552,20260811,2909,14224,998,6848,932,completed,"[""cx"",""rz"",""h""]",slice-a-m32,8132,20.0,0.0,0.31567570904735476,0.21034595905803144
8,16,cell-dd6896d044a75b2b5eef,pyzx_rewrite_identity_up_to_global_phase_v1,True,passed,full_aggregation,exact input parity/phase table -> canonical CNOT-Rz,0.5,0.5,logical_all_to_all_no_routing,passed,data/runs/w4-matched-representation-20260802/cells/cell-dd6896d044a75b2b5eef/cell.log,32,2147483648,33,2a230f1048ef07450c5eefb05663b2b4c63a672ebd4450bbba664cc9f4250969,32,9,"['cx', 'rz']",48,0,e32f3f974fe3592af51ef8cfb99875c0070799b2ffc462d6d1e0fc2ed622c46b,cf567dce22aaace60e045bcc5aff53158cc889d7dfe702b358bb0b67f9f4b451,16,2,contiguous_flat,rep-8b866dfef8d614175068,data/runs/w4-matched-representation-20260802/representations/rep-8b866dfef8d614175068/representation_manifest.json,036907406e7e75c67065b65f39e925f8551327730305a6c963f2bdfe6bd20751,False,106102784,20260812,2909,14224,998,6848,932,completed,"[""cx"",""rz"",""h""]",slice-a-m32,8132,20.0,0.0,0.30967920809052885,0.21193795802537352
8,16,cell-cffe9eac9eb2d2adfaba,pyzx_rewrite_identity_up_to_global_phase_v1,True,passed,pyzx_full_reduce,OpenQASM2 -> PyZX graph/full_reduce/extract -> target basis,0.5,0.5,logical_all_to_all_no_routing,passed,data/runs/w4-matched-representation-20260802/cells/cell-cffe9eac9eb2d2adfaba/cell.log,32,2147483648,33,30e54730c69b1e68850377d70b5c9bb4b0b696005cf5eee509f9fe5e5b8692e1,48,34,"['cx', 'h', 'rz']",242,178,1f855ee73e175304722db1cd01fb63e162cab09dc7fa81108bf0818892acc1e6,98e1dd782039e457d44db755ca3a80b4ac90538e27ea3ab6c897b83ca4f96398,16,2,contiguous_flat,rep-07e14643da83d9348886,data/runs/w4-matched-representation-20260802/representations/rep-07e14643da83d9348886/representation_manifest.json,7495f55d064ec0d28354d57fe51d985e9c123f58ce37e62dea7d3cbf1925acd2,False,108773376,20260811,2909,14224,2792,31376,2726,completed,"[""cx"",""rz"",""h""]",slice-a-m32,8132,20.0,0.0,0.33015320904087275,0.2394116249633953
8,16,cell-483bf6366651ae01b8e6,pyzx_rewrite_identity_up_to_global_phase_v1,True,passed,pyzx_full_reduce,OpenQASM2 -> PyZX graph/full_reduce/extract -> target basis,0.5,0.5,logical_all_to_all_no_routing,passed,data/runs/w4-matched-representation-20260802/cells/cell-483bf6366651ae01b8e6/cell.log,32,2147483648,33,30e54730c69b1e68850377d70b5c9bb4b0b696005cf5eee509f9fe5e5b8692e1,48,34,"['cx', 'h', 'rz']",242,178,1f855ee73e175304722db1cd01fb63e162cab09dc7fa81108bf0818892acc1e6,98e1dd782039e457d44db755ca3a80b4ac90538e27ea3ab6c897b83ca4f96398,16,2,contiguous_flat,rep-8b866dfef8d614175068,data/runs/w4-matched-representation-20260802/representations/rep-8b866dfef8d614175068/representation_manifest.json,036907406e7e75c67065b65f39e925f8551327730305a6c963f2bdfe6bd20751,False,108773376,20260812,2909,14224,2792,31376,2726,completed,"[""cx"",""rz"",""h""]",slice-a-m32,8132,20.0,0.0,0.34377412497997284,0.242305374937132
8,16,cell-0cbaf597916c4c436b5e,pyzx_rewrite_identity_up_to_global_phase_v1,True,passed,qiskit_opt3,OpenQASM2 -> Qiskit preset level 3 -> target basis,0.5,0.5,logical_all_to_all_no_routing,passed,data/runs/w4-matched-representation-20260802/cells/cell-0cbaf597916c4c436b5e/cell.log,32,2147483648,33,9f079b1d838d2c7d2578229b728c2d7afc2194b6be11f62a7e2fe76eb9eff39a,32,9,"['cx', 'rz']",48,0,4acd33ea4a8f2d4695105a2910572260802d71c7193d6e9305a18db57433bb96,cf567dce22aaace60e045bcc5aff53158cc889d7dfe702b358bb0b67f9f4b451,16,2,contiguous_flat,rep-07e14643da83d9348886,data/runs/w4-matched-representation-20260802/representations/rep-07e14643da83d9348886/representation_manifest.json,7495f55d064ec0d28354d57fe51d985e9c123f58ce37e62dea7d3cbf1925acd2,False,109199360,20260811,2909,14224,993,6847,932,completed,"[""cx"",""rz"",""h""]",slice-a-m32,8132,20.0,0.0,0.3338889159495011,0.224979207967408
8,16,cell-3b3e50f6833c41311906,pyzx_rewrite_identity_up_to_global_phase_v1,True,passed,qiskit_opt3,OpenQASM2 -> Qiskit preset level 3 -> target basis,0.5,0.5,logical_all_to_all_no_routing,passed,data/runs/w4-matched-representation-20260802/cells/cell-3b3e50f6833c41311906/cell.log,32,2147483648,33,9f079b1d838d2c7d2578229b728c2d7afc2194b6be11f62a7e2fe76eb9eff39a,32,9,"['cx', 'rz']",48,0,4acd33ea4a8f2d4695105a2910572260802d71c7193d6e9305a18db57433bb96,cf567dce22aaace60e045bcc5aff53158cc889d7dfe702b358bb0b67f9f4b451,16,2,contiguous_flat,rep-8b866dfef8d614175068,data/runs/w4-matched-representation-20260802/representations/rep-8b866dfef8d614175068/representation_manifest.json,036907406e7e75c67065b65f39e925f8551327730305a6c963f2bdfe6bd20751,False,109248512,20260812,2909,14224,993,6847,932,completed,"[""cx"",""rz"",""h""]",slice-a-m32,8132,20.0,0.0,0.32883566711097956,0.22525112505536526
8,16,cell-9bfaf28a6a1249d758fc,pyzx_rewrite_identity_up_to_global_phase_v1,True,passed,tket_paulisimp,OpenQASM2 -> TKET DecomposeBoxes/AutoRebase/PauliSimp -> target basis,0.5,0.5,logical_all_to_all_no_routing,passed,data/runs/w4-matched-representation-20260802/cells/cell-9bfaf28a6a1249d758fc/cell.log,32,2147483648,33,bc21de032fb8f75016919e0bc7596ee7cb281a7926809ea740f6290e01487367,42,14,"['cx', 'h', 'rz']",256,66,7d5fd6e2d53c7cc39f00cb189fd04ff12e2e39ab99dbfa3203258155e4bd0483,26e26e944cf4a18c7c8b96885ec553fc7a1d49c871582aefee7fcb1960f8e18b,148,2,contiguous_flat,rep-07e14643da83d9348886,data/runs/w4-matched-representation-20260802/representations/rep-07e14643da83d9348886/representation_manifest.json,7495f55d064ec0d28354d57fe51d985e9c123f58ce37e62dea7d3cbf1925acd2,False,156925952,20260811,2909,14224,3923,37604,3859,completed,"[""cx"",""rz"",""h""]",slice-a-m32,8132,20.0,0.0,0.5818683339748532,0.4345918749459088
8,16,cell-6232eacf8ddb8d821a5d,pyzx_rewrite_identity_up_to_global_phase_v1,True,passed,tket_paulisimp,OpenQASM2 -> TKET DecomposeBoxes/AutoRebase/PauliSimp -> target basis,0.5,0.5,logical_all_to_all_no_routing,passed,data/runs/w4-matched-representation-20260802/cells/cell-6232eacf8ddb8d821a5d/cell.log,32,2147483648,33,bc21de032fb8f75016919e0bc7596ee7cb281a7926809ea740f6290e01487367,42,14,"['cx', 'h', 'rz']",256,66,7d5fd6e2d53c7cc39f00cb189fd04ff12e2e39ab99dbfa3203258155e4bd0483,26e26e944cf4a18c7c8b96885ec553fc7a1d49c871582aefee7fcb1960f8e18b,148,2,contiguous_flat,rep-8b866dfef8d614175068,data/runs/w4-matched-representation-20260802/representations/rep-8b866dfef8d614175068/representation_manifest.json,036907406e7e75c67065b65f39e925f8551327730305a6c963f2bdfe6bd20751,False,156844032,20260812,2909,14224,3923,37604,3859,completed,"[""cx"",""rz"",""h""]",slice-a-m32,8132,20.0,0.0,0.5762596249114722,0.4349656249396503
8,16,cell-3aa939b117cff4d8c507,pyzx_rewrite_identity_up_to_global_phase_v1,True,passed,echo_passthrough,literal input circuit -> output,0.5,0.5,logical_all_to_all_no_routing,passed,data/runs/w4-matched-representation-20260802/cells/cell-3aa939b117cff4d8c507/cell.log,32,2147483648,33,8f27677cd623396f978393fee473af3bb3032e771b2d8e7ca130816226bf5bad,32,9,"['cx', 'rz']",48,0,29712e3f5935168a815def96e6450fd77861cc6949cb187c171321456f57d071,cf567dce22aaace60e045bcc5aff53158cc889d7dfe702b358bb0b67f9f4b451,16,2,locally_folded_flat,rep-accf31c6f71400c494db,data/runs/w4-matched-representation-20260802/representations/rep-accf31c6f71400c494db/representation_manifest.json,363ef7ee98bf41f03bef9d0081e9282e713ab55f713d005e564d67951ae2f0ac,False,106135552,20260811,1501,6819,998,6828,932,completed,"[""cx"",""rz"",""h""]",slice-a-m32,8132,20.0,0.0,0.3186313749756664,0.2078315420076251
8,16,cell-081392bc80f771a8561b,pyzx_rewrite_identity_up_to_global_phase_v1,True,passed,echo_passthrough,literal input circuit -> output,0.5,0.5,logical_all_to_all_no_routing,passed,data/runs/w4-matched-representation-20260802/cells/cell-081392bc80f771a8561b/cell.log,32,2147483648,33,8f27677cd623396f978393fee473af3bb3032e771b2d8e7ca130816226bf5bad,32,9,"['cx', 'rz']",48,0,29712e3f5935168a815def96e6450fd77861cc6949cb187c171321456f57d071,cf567dce22aaace60e045bcc5aff53158cc889d7dfe702b358bb0b67f9f4b451,16,2,locally_folded_flat,rep-826aa60f72b579b544c4,data/runs/w4-matched-representation-20260802/representations/rep-826aa60f72b579b544c4/representation_manifest.json,5355f5315ef8a0693945d9452202d69f4ba6b7891d2bd1f2c1d308472aba862d,False,105988096,20260812,1501,6819,998,6828,932,completed,"[""cx"",""rz"",""h""]",slice-a-m32,8132,20.0,0.0,0.32378629106096923,0.21210854197852314
8,16,cell-b82cd165b78f73cf680b,pyzx_rewrite_identity_up_to_global_phase_v1,True,passed,full_aggregation,exact input parity/phase table -> canonical CNOT-Rz,0.5,0.5,logical_all_to_all_no_routing,passed,data/runs/w4-matched-representation-20260802/cells/cell-b82cd165b78f73cf680b/cell.log,32,2147483648,33,2a230f1048ef07450c5eefb05663b2b4c63a672ebd4450bbba664cc9f4250969,32,9,"['cx', 'rz']",48,0,e32f3f974fe3592af51ef8cfb99875c0070799b2ffc462d6d1e0fc2ed622c46b,cf567dce22aaace60e045bcc5aff53158cc889d7dfe702b358bb0b67f9f4b451,16,2,locally_folded_flat,rep-accf31c6f71400c494db,data/runs/w4-matched-representation-20260802/representations/rep-accf31c6f71400c494db/representation_manifest.json,363ef7ee98bf41f03bef9d0081e9282e713ab55f713d005e564d67951ae2f0ac,False,106184704,20260811,1501,6819,998,6848,932,completed,"[""cx"",""rz"",""h""]",slice-a-m32,8132,20.0,0.0,0.31161400000564754,0.20816475001629442
8,16,cell-2108a3dd306d5f7428db,pyzx_rewrite_identity_up_to_global_phase_v1,True,passed,full_aggregation,exact input parity/phase table -> canonical CNOT-Rz,0.5,0.5,logical_all_to_all_no_routing,passed,data/runs/w4-matched-representation-20260802/cells/cell-2108a3dd306d5f7428db/cell.log,32,2147483648,33,2a230f1048ef07450c5eefb05663b2b4c63a672ebd4450bbba664cc9f4250969,32,9,"['cx', 'rz']",48,0,e32f3f974fe3592af51ef8cfb99875c0070799b2ffc462d6d1e0fc2ed622c46b,cf567dce22aaace60e045bcc5aff53158cc889d7dfe702b358bb0b67f9f4b451,16,2,locally_folded_flat,rep-826aa60f72b579b544c4,data/runs/w4-matched-representation-20260802/representations/rep-826aa60f72b579b544c4/representation_manifest.json,5355f5315ef8a0693945d9452202d69f4ba6b7891d2bd1f2c1d308472aba862d,False,106135552,20260812,1501,6819,998,6848,932,completed,"[""cx"",""rz"",""h""]",slice-a-m32,8132,20.0,0.0,0.31638904195278883,0.20827012497466058
8,16,cell-6c6b83ef226686c411da,pyzx_rewrite_identity_up_to_global_phase_v1,True,passed,pyzx_full_reduce,OpenQASM2 -> PyZX graph/full_reduce/extract -> target basis,0.5,0.5,logical_all_to_all_no_routing,passed,data/runs/w4-matched-representation-20260802/cells/cell-6c6b83ef226686c411da/cell.log,32,2147483648,33,30e54730c69b1e68850377d70b5c9bb4b0b696005cf5eee509f9fe5e5b8692e1,48,34,"['cx', 'h', 'rz']",242,178,1f855ee73e175304722db1cd01fb63e162cab09dc7fa81108bf0818892acc1e6,98e1dd782039e457d44db755ca3a80b4ac90538e27ea3ab6c897b83ca4f96398,16,2,locally_folded_flat,rep-accf31c6f71400c494db,data/runs/w4-matched-representation-20260802/representations/rep-accf31c6f71400c494db/representation_manifest.json,363ef7ee98bf41f03bef9d0081e9282e713ab55f713d005e564d67951ae2f0ac,False,108789760,20260811,1501,6819,2792,31376,2726,completed,"[""cx"",""rz"",""h""]",slice-a-m32,8132,20.0,0.0,0.35725287499371916,0.24199408409185708
8,16,cell-587c00119282b0d8e4e5,pyzx_rewrite_identity_up_to_global_phase_v1,True,passed,pyzx_full_reduce,OpenQASM2 -> PyZX graph/full_reduce/extract -> target basis,0.5,0.5,logical_all_to_all_no_routing,passed,data/runs/w4-matched-representation-20260802/cells/cell-587c00119282b0d8e4e5/cell.log,32,2147483648,33,30e54730c69b1e68850377d70b5c9bb4b0b696005cf5eee509f9fe5e5b8692e1,48,34,"['cx', 'h', 'rz']",242,178,1f855ee73e175304722db1cd01fb63e162cab09dc7fa81108bf0818892acc1e6,98e1dd782039e457d44db755ca3a80b4ac90538e27ea3ab6c897b83ca4f96398,16,2,locally_folded_flat,rep-826aa60f72b579b544c4,data/runs/w4-matched-representation-20260802/representations/rep-826aa60f72b579b544c4/representation_manifest.json,5355f5315ef8a0693945d9452202d69f4ba6b7891d2bd1f2c1d308472aba862d,False,108838912,20260812,1501,6819,2792,31376,2726,completed,"[""cx"",""rz"",""h""]",slice-a-m32,8132,20.0,0.0,0.34694183396641165,0.23862704203929752
8,16,cell-e1dccba1b651eba851ca,pyzx_rewrite_identity_up_to_global_phase_v1,True,passed,qiskit_opt3,OpenQASM2 -> Qiskit preset level 3 -> target basis,0.5,0.5,logical_all_to_all_no_routing,passed,data/runs/w4-matched-representation-20260802/cells/cell-e1dccba1b651eba851ca/cell.log,32,2147483648,33,9f079b1d838d2c7d2578229b728c2d7afc2194b6be11f62a7e2fe76eb9eff39a,32,9,"['cx', 'rz']",48,0,4acd33ea4a8f2d4695105a2910572260802d71c7193d6e9305a18db57433bb96,cf567dce22aaace60e045bcc5aff53158cc889d7dfe702b358bb0b67f9f4b451,16,2,locally_folded_flat,rep-accf31c6f71400c494db,data/runs/w4-matched-representation-20260802/representations/rep-accf31c6f71400c494db/representation_manifest.json,363ef7ee98bf41f03bef9d0081e9282e713ab55f713d005e564d67951ae2f0ac,False,109002752,20260811,1501,6819,993,6847,932,completed,"[""cx"",""rz"",""h""]",slice-a-m32,8132,20.0,0.0,0.31593475001864135,0.22117816598620266
8,16,cell-4a43413319182087c47c,pyzx_rewrite_identity_up_to_global_phase_v1,True,passed,qiskit_opt3,OpenQASM2 -> Qiskit preset level 3 -> target basis,0.5,0.5,logical_all_to_all_no_routing,passed,data/runs/w4-matched-representation-20260802/cells/cell-4a43413319182087c47c/cell.log,32,2147483648,33,9f079b1d838d2c7d2578229b728c2d7afc2194b6be11f62a7e2fe76eb9eff39a,32,9,"['cx', 'rz']",48,0,4acd33ea4a8f2d4695105a2910572260802d71c7193d6e9305a18db57433bb96,cf567dce22aaace60e045bcc5aff53158cc889d7dfe702b358bb0b67f9f4b451,16,2,locally_folded_flat,rep-826aa60f72b579b544c4,data/runs/w4-matched-representation-20260802/representations/rep-826aa60f72b579b544c4/representation_manifest.json,5355f5315ef8a0693945d9452202d69f4ba6b7891d2bd1f2c1d308472aba862d,False,109166592,20260812,1501,6819,993,6847,932,completed,"[""cx"",""rz"",""h""]",slice-a-m32,8132,20.0,0.0,0.3315440419828519,0.22146495897322893
8,16,cell-62253512030300998768,pyzx_rewrite_identity_up_to_global_phase_v1,True,passed,tket_paulisimp,OpenQASM2 -> TKET DecomposeBoxes/AutoRebase/PauliSimp -> target basis,0.5,0.5,logical_all_to_all_no_routing,passed,data/runs/w4-matched-representation-20260802/cells/cell-62253512030300998768/cell.log,32,2147483648,33,bc21de032fb8f75016919e0bc7596ee7cb281a7926809ea740f6290e01487367,42,14,"['cx', 'h', 'rz']",256,66,7d5fd6e2d53c7cc39f00cb189fd04ff12e2e39ab99dbfa3203258155e4bd0483,26e26e944cf4a18c7c8b96885ec553fc7a1d49c871582aefee7fcb1960f8e18b,148,2,locally_folded_flat,rep-accf31c6f71400c494db,data/runs/w4-matched-representation-20260802/representations/rep-accf31c6f71400c494db/representation_manifest.json,363ef7ee98bf41f03bef9d0081e9282e713ab55f713d005e564d67951ae2f0ac,False,156893184,20260811,1501,6819,3923,37604,3859,completed,"[""cx"",""rz"",""h""]",slice-a-m32,8132,20.0,0.0,0.5903753750026226,0.456330707995221
8,16,cell-aa3267278bb3343b3266,pyzx_rewrite_identity_up_to_global_phase_v1,True,passed,tket_paulisimp,OpenQASM2 -> TKET DecomposeBoxes/AutoRebase/PauliSimp -> target basis,0.5,0.5,logical_all_to_all_no_routing,passed,data/runs/w4-matched-representation-20260802/cells/cell-aa3267278bb3343b3266/cell.log,32,2147483648,33,bc21de032fb8f75016919e0bc7596ee7cb281a7926809ea740f6290e01487367,42,14,"['cx', 'h', 'rz']",256,66,7d5fd6e2d53c7cc39f00cb189fd04ff12e2e39ab99dbfa3203258155e4bd0483,26e26e944cf4a18c7c8b96885ec553fc7a1d49c871582aefee7fcb1960f8e18b,148,2,locally_folded_flat,rep-826aa60f72b579b544c4,data/runs/w4-matched-representation-20260802/representations/rep-826aa60f72b579b544c4/representation_manifest.json,5355f5315ef8a0693945d9452202d69f4ba6b7891d2bd1f2c1d308472aba862d,False,156745728,20260812,1501,6819,3923,37604,3859,completed,"[""cx"",""rz"",""h""]",slice-a-m32,8132,20.0,0.0,0.5732840830460191,0.4332648330600932
8,16,cell-4d7aec84715c6467a8fd,pyzx_rewrite_identity_up_to_global_phase_v1,True,passed,echo_passthrough,literal input circuit -> output,0.5,0.5,logical_all_to_all_no_routing,passed,data/runs/w4-matched-representation-20260802/cells/cell-4d7aec84715c6467a8fd/cell.log,32,2147483648,33,e1fd74e5aae58cfdb354ec34242a97cdc76cb4b09d27477a5efe2593c0b66cb6,64,15,"['cx', 'rz']",96,0,f23315b647bd951be09ff779efbd46df59fc12dfda199f9409b3149f35ee44e7,a54b12dfc79895cd9979d9bb6363db35506affb8497a4b993737d1f35eccca85,32,2,masked_share_update,rep-f642f80e6f9428b26479,data/runs/w4-matched-representation-20260802/representations/rep-f642f80e6f9428b26479/representation_manifest.json,ae6b5f74f4599b63e1478760b95f2ae222843fa6cb2b12ceca041343b10fe87e,False,106201088,20260811,2909,14219,1893,14228,1827,completed,"[""cx"",""rz"",""h""]",slice-a-m32,8132,20.0,0.0,0.31294341711327434,0.2143510839669034
8,16,cell-17d03583b13fb6c5277e,pyzx_rewrite_identity_up_to_global_phase_v1,True,passed,echo_passthrough,literal input circuit -> output,0.5,0.5,logical_all_to_all_no_routing,passed,data/runs/w4-matched-representation-20260802/cells/cell-17d03583b13fb6c5277e/cell.log,32,2147483648,33,9dda248c59cb801fab3df54ccf51499d9dbf8d46cd5012ed27b6a65ff0ede437,64,15,"['cx', 'rz']",96,0,5cc083d39f130de73a9a10a29f02f63ae03e59dc65fe9d712b46ac9d009c1c59,e53849bdc85e8ae9cdde200af38ecd483632ef1f250679d508680e6b3b6d99f2,32,2,masked_share_update,rep-115fd004f01e91983f74,data/runs/w4-matched-representation-20260802/representations/rep-115fd004f01e91983f74/representation_manifest.json,650fdb0205697f375f092448a5fd87468fac85596e006c5d9583027c0066b7a5,False,106184704,20260812,2909,14218,1860,14227,1794,completed,"[""cx"",""rz"",""h""]",slice-a-m32,8132,20.0,0.0,0.31037174991797656,0.21345658297650516
8,16,cell-5b18fe2ae23d91ad2731,pyzx_rewrite_identity_up_to_global_phase_v1,True,passed,full_aggregation,exact input parity/phase table -> canonical CNOT-Rz,0.5,0.5,logical_all_to_all_no_routing,passed,data/runs/w4-matched-representation-20260802/cells/cell-5b18fe2ae23d91ad2731/cell.log,32,2147483648,33,2a230f1048ef07450c5eefb05663b2b4c63a672ebd4450bbba664cc9f4250969,32,9,"['cx', 'rz']",48,0,e32f3f974fe3592af51ef8cfb99875c0070799b2ffc462d6d1e0fc2ed622c46b,cf567dce22aaace60e045bcc5aff53158cc889d7dfe702b358bb0b67f9f4b451,16,2,masked_share_update,rep-f642f80e6f9428b26479,data/runs/w4-matched-representation-20260802/representations/rep-f642f80e6f9428b26479/representation_manifest.json,ae6b5f74f4599b63e1478760b95f2ae222843fa6cb2b12ceca041343b10fe87e,False,106135552,20260811,2909,14219,998,6848,932,completed,"[""cx"",""rz"",""h""]",slice-a-m32,8132,20.0,0.0,0.3086642080452293,0.20914466597605497
8,16,cell-e2e1a32667eb6c6e017a,pyzx_rewrite_identity_up_to_global_phase_v1,True,passed,full_aggregation,exact input parity/phase table -> canonical CNOT-Rz,0.5,0.5,logical_all_to_all_no_routing,passed,data/runs/w4-matched-representation-20260802/cells/cell-e2e1a32667eb6c6e017a/cell.log,32,2147483648,33,2a230f1048ef07450c5eefb05663b2b4c63a672ebd4450bbba664cc9f4250969,32,9,"['cx', 'rz']",48,0,e32f3f974fe3592af51ef8cfb99875c0070799b2ffc462d6d1e0fc2ed622c46b,cf567dce22aaace60e045bcc5aff53158cc889d7dfe702b358bb0b67f9f4b451,16,2,masked_share_update,rep-115fd004f01e91983f74,data/runs/w4-matched-representation-20260802/representations/rep-115fd004f01e91983f74/representation_manifest.json,650fdb0205697f375f092448a5fd87468fac85596e006c5d9583027c0066b7a5,False,106151936,20260812,2909,14218,998,6848,932,completed,"[""cx"",""rz"",""h""]",slice-a-m32,8132,20.0,0.0,0.3119416660629213,0.21173720806837082
8,16,cell-0d47a25d5686d24898d8,pyzx_rewrite_identity_up_to_global_phase_v1,True,passed,pyzx_full_reduce,OpenQASM2 -> PyZX graph/full_reduce/extract -> target basis,0.5,0.5,logical_all_to_all_no_routing,passed,data/runs/w4-matched-representation-20260802/cells/cell-0d47a25d5686d24898d8/cell.log,32,2147483648,33,30e54730c69b1e68850377d70b5c9bb4b0b696005cf5eee509f9fe5e5b8692e1,48,34,"['cx', 'h', 'rz']",242,178,1f855ee73e175304722db1cd01fb63e162cab09dc7fa81108bf0818892acc1e6,98e1dd782039e457d44db755ca3a80b4ac90538e27ea3ab6c897b83ca4f96398,16,2,masked_share_update,rep-f642f80e6f9428b26479,data/runs/w4-matched-representation-20260802/representations/rep-f642f80e6f9428b26479/representation_manifest.json,ae6b5f74f4599b63e1478760b95f2ae222843fa6cb2b12ceca041343b10fe87e,False,108724224,20260811,2909,14219,2792,31376,2726,completed,"[""cx"",""rz"",""h""]",slice-a-m32,8132,20.0,0.0,0.34547141706570983,0.24236058292444795
8,16,cell-328e871a4bbc04842fc3,pyzx_rewrite_identity_up_to_global_phase_v1,True,passed,pyzx_full_reduce,OpenQASM2 -> PyZX graph/full_reduce/extract -> target basis,0.5,0.5,logical_all_to_all_no_routing,passed,data/runs/w4-matched-representation-20260802/cells/cell-328e871a4bbc04842fc3/cell.log,32,2147483648,33,30e54730c69b1e68850377d70b5c9bb4b0b696005cf5eee509f9fe5e5b8692e1,48,34,"['cx', 'h', 'rz']",242,178,1f855ee73e175304722db1cd01fb63e162cab09dc7fa81108bf0818892acc1e6,98e1dd782039e457d44db755ca3a80b4ac90538e27ea3ab6c897b83ca4f96398,16,2,masked_share_update,rep-115fd004f01e91983f74,data/runs/w4-matched-representation-20260802/representations/rep-115fd004f01e91983f74/representation_manifest.json,650fdb0205697f375f092448a5fd87468fac85596e006c5d9583027c0066b7a5,False,108838912,20260812,2909,14218,2792,31376,2726,completed,"[""cx"",""rz"",""h""]",slice-a-m32,8132,20.0,0.0,0.34995575004722923,0.24203308299183846
8,16,cell-21073c31f1e02c50c09c,pyzx_rewrite_identity_up_to_global_phase_v1,False,inconclusive,qiskit_opt3,OpenQASM2 -> Qiskit preset level 3 -> target basis,0.5,0.5,logical_all_to_all_no_routing,passed,data/runs/w4-matched-representation-20260802/cells/cell-21073c31f1e02c50c09c/cell.log,32,2147483648,33,65d2d785b5a9085b20a5aaa0e096dd14114167c82b3952d66577996eee8bf74a,55,33,"['cx', 'h', 'rz']",129,14,b71abf4c912e37462b164e8a310a72c3b4e09736b983b2c41d8cfb253ad0b21c,3a9900f277f18979d2931b4ca46c788c33476c608cbb60fb4c01fc64e3289ebf,60,2,masked_share_update,rep-f642f80e6f9428b26479,data/runs/w4-matched-representation-20260802/representations/rep-f642f80e6f9428b26479/representation_manifest.json,ae6b5f74f4599b63e1478760b95f2ae222843fa6cb2b12ceca041343b10fe87e,False,110379008,20260811,2909,14219,2391,19031,2330,predicate_error,"[""cx"",""rz"",""h""]",slice-a-m32,8132,20.0,0.0,0.34524816705379635,0.23816704202909023
8,16,cell-95c2d92ea57a52eadfdd,pyzx_rewrite_identity_up_to_global_phase_v1,False,inconclusive,qiskit_opt3,OpenQASM2 -> Qiskit preset level 3 -> target basis,0.5,0.5,logical_all_to_all_no_routing,passed,data/runs/w4-matched-representation-20260802/cells/cell-95c2d92ea57a52eadfdd/cell.log,32,2147483648,33,c38e2c78cc0eedf7057644d3b83acd0aafcad52d9372c32640b4d071e5595779,56,27,"['cx', 'h', 'rz']",134,16,fb112f827be9a84920bc40e953cceb57d840528dc5bc07984d57fef20c06a79f,6bf8d0ac32cdec99232b7de990989800821952fb5d2430e5c146445b0ca4c4f0,62,2,masked_share_update,rep-115fd004f01e91983f74,data/runs/w4-matched-representation-20260802/representations/rep-115fd004f01e91983f74/representation_manifest.json,650fdb0205697f375f092448a5fd87468fac85596e006c5d9583027c0066b7a5,False,110166016,20260812,2909,14218,2511,19750,2450,predicate_error,"[""cx"",""rz"",""h""]",slice-a-m32,8132,20.0,0.0,0.34683954098727554,0.23421333299484104
8,16,cell-640440ff58124520ac7c,pyzx_rewrite_identity_up_to_global_phase_v1,True,passed,tket_paulisimp,OpenQASM2 -> TKET DecomposeBoxes/AutoRebase/PauliSimp -> target basis,0.5,0.5,logical_all_to_all_no_routing,passed,data/runs/w4-matched-representation-20260802/cells/cell-640440ff58124520ac7c/cell.log,32,2147483648,33,e63c526d39288c01de83ba43ba0c94c0858191edc817a220b638f11b9079f7b3,44,18,"['cx', 'h', 'rz']",263,66,d91e0d9e9b4b0799ea1135d4ae10927e9accc78127fcff3eb4d09b569123b8ad,c8e3d7c564bb42da3e644d9fc239df5a47438221a8288154d972b2be588d45b5,153,2,masked_share_update,rep-f642f80e6f9428b26479,data/runs/w4-matched-representation-20260802/representations/rep-f642f80e6f9428b26479/representation_manifest.json,ae6b5f74f4599b63e1478760b95f2ae222843fa6cb2b12ceca041343b10fe87e,False,156778496,20260811,2909,14219,4093,38718,4029,completed,"[""cx"",""rz"",""h""]",slice-a-m32,8132,20.0,0.0,0.5794977920595556,0.4393782499246299
8,16,cell-94445c738bb7b8e5b26d,pyzx_rewrite_identity_up_to_global_phase_v1,True,passed,tket_paulisimp,OpenQASM2 -> TKET DecomposeBoxes/AutoRebase/PauliSimp -> target basis,0.5,0.5,logical_all_to_all_no_routing,passed,data/runs/w4-matched-representation-20260802/cells/cell-94445c738bb7b8e5b26d/cell.log,32,2147483648,33,7cf3d14234a6c4b3fa9ff9e76557b790c768ebe17f7457302c262ba1c70c42f8,46,17,"['cx', 'h', 'rz']",262,66,b7f58a9d6e21aeabab04f1b485e111d335011de12e081b08e8ebce3b9151c939,95396b2830e869d6d75d1177248a4cfaeea1be2cee7509e30d00af3d89aa4648,150,2,masked_share_update,rep-115fd004f01e91983f74,data/runs/w4-matched-representation-20260802/representations/rep-115fd004f01e91983f74/representation_manifest.json,650fdb0205697f375f092448a5fd87468fac85596e006c5d9583027c0066b7a5,False,156860416,20260812,2909,14218,4085,38549,4021,completed,"[""cx"",""rz"",""h""]",slice-a-m32,8132,20.0,0.0,0.5749438749626279,0.431578958989121
8,16,cell-c371845051acbcc47f0f,pyzx_rewrite_identity_up_to_global_phase_v1,True,passed,echo_passthrough,literal input circuit -> output,0.5,0.5,logical_all_to_all_no_routing,passed,data/runs/w4-matched-representation-20260802/cells/cell-c371845051acbcc47f0f/cell.log,32,2147483648,33,8f27677cd623396f978393fee473af3bb3032e771b2d8e7ca130816226bf5bad,32,9,"['cx', 'rz']",48,0,29712e3f5935168a815def96e6450fd77861cc6949cb187c171321456f57d071,cf567dce22aaace60e045bcc5aff53158cc889d7dfe702b358bb0b67f9f4b451,16,2,qasm_bridge,rep-9eb9046dce8209def118,data/runs/w4-matched-representation-20260802/representations/rep-9eb9046dce8209def118/representation_manifest.json,68e7e6fac82f09503f8ab563c668c6bbcabcd21c3fd4e4eb6e3774eece7e361f,False,107233280,20260811,1008,6811,998,6828,932,completed,"[""cx"",""rz"",""h""]",slice-a-m32,8132,20.0,0.0,0.3192883749725297,0.23096050007734448
8,16,cell-64ef86874e8468b71a80,pyzx_rewrite_identity_up_to_global_phase_v1,True,passed,echo_passthrough,literal input circuit -> output,0.5,0.5,logical_all_to_all_no_routing,passed,data/runs/w4-matched-representation-20260802/cells/cell-64ef86874e8468b71a80/cell.log,32,2147483648,33,8f27677cd623396f978393fee473af3bb3032e771b2d8e7ca130816226bf5bad,32,9,"['cx', 'rz']",48,0,29712e3f5935168a815def96e6450fd77861cc6949cb187c171321456f57d071,cf567dce22aaace60e045bcc5aff53158cc889d7dfe702b358bb0b67f9f4b451,16,2,qasm_bridge,rep-71f7dc1345f6ef001b3e,data/runs/w4-matched-representation-20260802/representations/rep-71f7dc1345f6ef001b3e/representation_manifest.json,f51147caba21e155aeb2a37b8a1fea6b1a85a3400930247db7ed4f9366d99809,False,106102784,20260812,1008,6811,998,6828,932,completed,"[""cx"",""rz"",""h""]",slice-a-m32,8132,20.0,0.0,0.32090683409478515,0.20881304203066975
8,16,cell-848eb1534fbb56c55c9e,pyzx_rewrite_identity_up_to_global_phase_v1,True,passed,full_aggregation,exact input parity/phase table -> canonical CNOT-Rz,0.5,0.5,logical_all_to_all_no_routing,passed,data/runs/w4-matched-representation-20260802/cells/cell-848eb1534fbb56c55c9e/cell.log,32,2147483648,33,2a230f1048ef07450c5eefb05663b2b4c63a672ebd4450bbba664cc9f4250969,32,9,"['cx', 'rz']",48,0,e32f3f974fe3592af51ef8cfb99875c0070799b2ffc462d6d1e0fc2ed622c46b,cf567dce22aaace60e045bcc5aff53158cc889d7dfe702b358bb0b67f9f4b451,16,2,qasm_bridge,rep-9eb9046dce8209def118,data/runs/w4-matched-representation-20260802/representations/rep-9eb9046dce8209def118/representation_manifest.json,68e7e6fac82f09503f8ab563c668c6bbcabcd21c3fd4e4eb6e3774eece7e361f,False,106233856,20260811,1008,6811,998,6848,932,completed,"[""cx"",""rz"",""h""]",slice-a-m32,8132,20.0,0.0,0.3144923329818994,0.20759958296548575
8,16,cell-81f16da4ed06c5e6b3ca,pyzx_rewrite_identity_up_to_global_phase_v1,True,passed,full_aggregation,exact input parity/phase table -> canonical CNOT-Rz,0.5,0.5,logical_all_to_all_no_routing,passed,data/runs/w4-matched-representation-20260802/cells/cell-81f16da4ed06c5e6b3ca/cell.log,32,2147483648,33,2a230f1048ef07450c5eefb05663b2b4c63a672ebd4450bbba664cc9f4250969,32,9,"['cx', 'rz']",48,0,e32f3f974fe3592af51ef8cfb99875c0070799b2ffc462d6d1e0fc2ed622c46b,cf567dce22aaace60e045bcc5aff53158cc889d7dfe702b358bb0b67f9f4b451,16,2,qasm_bridge,rep-71f7dc1345f6ef001b3e,data/runs/w4-matched-representation-20260802/representations/rep-71f7dc1345f6ef001b3e/representation_manifest.json,f51147caba21e155aeb2a37b8a1fea6b1a85a3400930247db7ed4f9366d99809,False,106283008,20260812,1008,6811,998,6848,932,completed,"[""cx"",""rz"",""h""]",slice-a-m32,8132,20.0,0.0,0.31766049994621426,0.20813354197889566
8,16,cell-38cf8d090307d9784868,pyzx_rewrite_identity_up_to_global_phase_v1,True,passed,pyzx_full_reduce,OpenQASM2 -> PyZX graph/full_reduce/extract -> target basis,0.5,0.5,logical_all_to_all_no_routing,passed,data/runs/w4-matched-representation-20260802/cells/cell-38cf8d090307d9784868/cell.log,32,2147483648,33,30e54730c69b1e68850377d70b5c9bb4b0b696005cf5eee509f9fe5e5b8692e1,48,34,"['cx', 'h', 'rz']",242,178,1f855ee73e175304722db1cd01fb63e162cab09dc7fa81108bf0818892acc1e6,98e1dd782039e457d44db755ca3a80b4ac90538e27ea3ab6c897b83ca4f96398,16,2,qasm_bridge,rep-9eb9046dce8209def118,data/runs/w4-matched-representation-20260802/representations/rep-9eb9046dce8209def118/representation_manifest.json,68e7e6fac82f09503f8ab563c668c6bbcabcd21c3fd4e4eb6e3774eece7e361f,False,108888064,20260811,1008,6811,2792,31376,2726,completed,"[""cx"",""rz"",""h""]",slice-a-m32,8132,20.0,0.0,0.33806408394593745,0.24409804202150553
8,16,cell-11817861c3538a087a08,pyzx_rewrite_identity_up_to_global_phase_v1,True,passed,pyzx_full_reduce,OpenQASM2 -> PyZX graph/full_reduce/extract -> target basis,0.5,0.5,logical_all_to_all_no_routing,passed,data/runs/w4-matched-representation-20260802/cells/cell-11817861c3538a087a08/cell.log,32,2147483648,33,30e54730c69b1e68850377d70b5c9bb4b0b696005cf5eee509f9fe5e5b8692e1,48,34,"['cx', 'h', 'rz']",242,178,1f855ee73e175304722db1cd01fb63e162cab09dc7fa81108bf0818892acc1e6,98e1dd782039e457d44db755ca3a80b4ac90538e27ea3ab6c897b83ca4f96398,16,2,qasm_bridge,rep-71f7dc1345f6ef001b3e,data/runs/w4-matched-representation-20260802/representations/rep-71f7dc1345f6ef001b3e/representation_manifest.json,f51147caba21e155aeb2a37b8a1fea6b1a85a3400930247db7ed4f9366d99809,False,108773376,20260812,1008,6811,2792,31376,2726,completed,"[""cx"",""rz"",""h""]",slice-a-m32,8132,20.0,0.0,0.33510616689454764,0.2382727910298854
8,16,cell-296ba0be092b72b1ea83,pyzx_rewrite_identity_up_to_global_phase_v1,True,passed,qiskit_opt3,OpenQASM2 -> Qiskit preset level 3 -> target basis,0.5,0.5,logical_all_to_all_no_routing,passed,data/runs/w4-matched-representation-20260802/cells/cell-296ba0be092b72b1ea83/cell.log,32,2147483648,33,9f079b1d838d2c7d2578229b728c2d7afc2194b6be11f62a7e2fe76eb9eff39a,32,9,"['cx', 'rz']",48,0,4acd33ea4a8f2d4695105a2910572260802d71c7193d6e9305a18db57433bb96,cf567dce22aaace60e045bcc5aff53158cc889d7dfe702b358bb0b67f9f4b451,16,2,qasm_bridge,rep-9eb9046dce8209def118,data/runs/w4-matched-representation-20260802/representations/rep-9eb9046dce8209def118/representation_manifest.json,68e7e6fac82f09503f8ab563c668c6bbcabcd21c3fd4e4eb6e3774eece7e361f,False,109117440,20260811,1008,6811,993,6847,932,completed,"[""cx"",""rz"",""h""]",slice-a-m32,8132,20.0,0.0,0.3164522920269519,0.21990054193884134
8,16,cell-53b1be786ba1997e61e9,pyzx_rewrite_identity_up_to_global_phase_v1,True,passed,qiskit_opt3,OpenQASM2 -> Qiskit preset level 3 -> target basis,0.5,0.5,logical_all_to_all_no_routing,passed,data/runs/w4-matched-representation-20260802/cells/cell-53b1be786ba1997e61e9/cell.log,32,2147483648,33,9f079b1d838d2c7d2578229b728c2d7afc2194b6be11f62a7e2fe76eb9eff39a,32,9,"['cx', 'rz']",48,0,4acd33ea4a8f2d4695105a2910572260802d71c7193d6e9305a18db57433bb96,cf567dce22aaace60e045bcc5aff53158cc889d7dfe702b358bb0b67f9f4b451,16,2,qasm_bridge,rep-71f7dc1345f6ef001b3e,data/runs/w4-matched-representation-20260802/representations/rep-71f7dc1345f6ef001b3e/representation_manifest.json,f51147caba21e155aeb2a37b8a1fea6b1a85a3400930247db7ed4f9366d99809,False,109166592,20260812,1008,6811,993,6847,932,completed,"[""cx"",""rz"",""h""]",slice-a-m32,8132,20.0,0.0,0.33354216697625816,0.22334066592156887
8,16,cell-1dce67dd089ac923496f,pyzx_rewrite_identity_up_to_global_phase_v1,True,passed,tket_paulisimp,OpenQASM2 -> TKET DecomposeBoxes/AutoRebase/PauliSimp -> target basis,0.5,0.5,logical_all_to_all_no_routing,passed,data/runs/w4-matched-representation-20260802/cells/cell-1dce67dd089ac923496f/cell.log,32,2147483648,33,bc21de032fb8f75016919e0bc7596ee7cb281a7926809ea740f6290e01487367,42,14,"['cx', 'h', 'rz']",256,66,7d5fd6e2d53c7cc39f00cb189fd04ff12e2e39ab99dbfa3203258155e4bd0483,26e26e944cf4a18c7c8b96885ec553fc7a1d49c871582aefee7fcb1960f8e18b,148,2,qasm_bridge,rep-9eb9046dce8209def118,data/runs/w4-matched-representation-20260802/representations/rep-9eb9046dce8209def118/representation_manifest.json,68e7e6fac82f09503f8ab563c668c6bbcabcd21c3fd4e4eb6e3774eece7e361f,False,156631040,20260811,1008,6811,3923,37604,3859,completed,"[""cx"",""rz"",""h""]",slice-a-m32,8132,20.0,0.0,0.5735690420260653,0.4331054169451818
8,16,cell-72c34440868c4da53177,pyzx_rewrite_identity_up_to_global_phase_v1,True,passed,tket_paulisimp,OpenQASM2 -> TKET DecomposeBoxes/AutoRebase/PauliSimp -> target basis,0.5,0.5,logical_all_to_all_no_routing,passed,data/runs/w4-matched-representation-20260802/cells/cell-72c34440868c4da53177/cell.log,32,2147483648,33,bc21de032fb8f75016919e0bc7596ee7cb281a7926809ea740f6290e01487367,42,14,"['cx', 'h', 'rz']",256,66,7d5fd6e2d53c7cc39f00cb189fd04ff12e2e39ab99dbfa3203258155e4bd0483,26e26e944cf4a18c7c8b96885ec553fc7a1d49c871582aefee7fcb1960f8e18b,148,2,qasm_bridge,rep-71f7dc1345f6ef001b3e,data/runs/w4-matched-representation-20260802/representations/rep-71f7dc1345f6ef001b3e/representation_manifest.json,f51147caba21e155aeb2a37b8a1fea6b1a85a3400930247db7ed4f9366d99809,False,156680192,20260812,1008,6811,3923,37604,3859,completed,"[""cx"",""rz"",""h""]",slice-a-m32,8132,20.0,0.0,0.576559416949749,0.43706354103051126
8,16,cell-e8d342cd029c07d4c3a0,pyzx_rewrite_identity_up_to_global_phase_v1,True,passed,echo_passthrough,literal input circuit -> output,0.5,0.5,logical_all_to_all_no_routing,passed,data/runs/w4-matched-representation-20260802/cells/cell-e8d342cd029c07d4c3a0/cell.log,32,2147483648,33,eab945118bc665979f0a88ecdd00d08d5227e3ea3b9d9569b2a635a06bdebc20,64,15,"['cx', 'rz']",96,0,1586e16619e923574c05540cf963e29c9789463aff36b6ef378202628c7ef632,ed467225198055b056084fa29a71da63f536c0f773c00b847e5aeaac91531f65,32,2,random_commuting_order,rep-464ef8dbf7f04b81d3fb,data/runs/w4-matched-representation-20260802/representations/rep-464ef8dbf7f04b81d3fb/representation_manifest.json,971e8edcb20e58742e518b7079574792f5f172ca4726b5c0cdd6dd432e3d2606,False,106151936,20260811,2909,14231,1895,14237,1829,completed,"[""cx"",""rz"",""h""]",slice-a-m32,8132,20.0,0.0,0.3086145829875022,0.21313104208093137
8,16,cell-3996f25c71069c9cfd84,pyzx_rewrite_identity_up_to_global_phase_v1,True,passed,echo_passthrough,literal input circuit -> output,0.5,0.5,logical_all_to_all_no_routing,passed,data/runs/w4-matched-representation-20260802/cells/cell-3996f25c71069c9cfd84/cell.log,32,2147483648,33,b9758aa819a2f8f075c2b633431b65a26fe7a15cdf3a5fff8e642fe8bf4711df,64,15,"['cx', 'rz']",96,0,5110b207ec1f8c39eb2fcf6c64a20f4b5e1af64a09fc8f71649d9ac07d8e98ac,d0b9b811328ae5e6c79c03324dd42bcd9f7cf4d8917c780d682ab8a70d4a1af2,32,2,random_commuting_order,rep-150771b4cc2bef1423f9,data/runs/w4-matched-representation-20260802/representations/rep-150771b4cc2bef1423f9/representation_manifest.json,691b28a6e41a63f33360b08756f55054e5aaa280a4bf9d98ac00de786481a6ed,False,106135552,20260812,2909,14231,1895,14237,1829,completed,"[""cx"",""rz"",""h""]",slice-a-m32,8132,20.0,0.0,0.316094916081056,0.2149770410032943
8,16,cell-9ab2f13f59564ce747c0,pyzx_rewrite_identity_up_to_global_phase_v1,True,passed,full_aggregation,exact input parity/phase table -> canonical CNOT-Rz,0.5,0.5,logical_all_to_all_no_routing,passed,data/runs/w4-matched-representation-20260802/cells/cell-9ab2f13f59564ce747c0/cell.log,32,2147483648,33,2a230f1048ef07450c5eefb05663b2b4c63a672ebd4450bbba664cc9f4250969,32,9,"['cx', 'rz']",48,0,e32f3f974fe3592af51ef8cfb99875c0070799b2ffc462d6d1e0fc2ed622c46b,cf567dce22aaace60e045bcc5aff53158cc889d7dfe702b358bb0b67f9f4b451,16,2,random_commuting_order,rep-464ef8dbf7f04b81d3fb,data/runs/w4-matched-representation-20260802/representations/rep-464ef8dbf7f04b81d3fb/representation_manifest.json,971e8edcb20e58742e518b7079574792f5f172ca4726b5c0cdd6dd432e3d2606,False,106070016,20260811,2909,14231,998,6848,932,completed,"[""cx"",""rz"",""h""]",slice-a-m32,8132,20.0,0.0,0.317430124967359,0.2090099579654634
8,16,cell-2553f6a795d64217c9c3,pyzx_rewrite_identity_up_to_global_phase_v1,True,passed,full_aggregation,exact input parity/phase table -> canonical CNOT-Rz,0.5,0.5,logical_all_to_all_no_routing,passed,data/runs/w4-matched-representation-20260802/cells/cell-2553f6a795d64217c9c3/cell.log,32,2147483648,33,2a230f1048ef07450c5eefb05663b2b4c63a672ebd4450bbba664cc9f4250969,32,9,"['cx', 'rz']",48,0,e32f3f974fe3592af51ef8cfb99875c0070799b2ffc462d6d1e0fc2ed622c46b,cf567dce22aaace60e045bcc5aff53158cc889d7dfe702b358bb0b67f9f4b451,16,2,random_commuting_order,rep-150771b4cc2bef1423f9,data/runs/w4-matched-representation-20260802/representations/rep-150771b4cc2bef1423f9/representation_manifest.json,691b28a6e41a63f33360b08756f55054e5aaa280a4bf9d98ac00de786481a6ed,False,106053632,20260812,2909,14231,998,6848,932,completed,"[""cx"",""rz"",""h""]",slice-a-m32,8132,20.0,0.0,0.3099932500626892,0.21032575005665421
8,16,cell-c2e241b2980ba90c7fe9,pyzx_rewrite_identity_up_to_global_phase_v1,True,passed,pyzx_full_reduce,OpenQASM2 -> PyZX graph/full_reduce/extract -> target basis,0.5,0.5,logical_all_to_all_no_routing,passed,data/runs/w4-matched-representation-20260802/cells/cell-c2e241b2980ba90c7fe9/cell.log,32,2147483648,33,30e54730c69b1e68850377d70b5c9bb4b0b696005cf5eee509f9fe5e5b8692e1,48,34,"['cx', 'h', 'rz']",242,178,1f855ee73e175304722db1cd01fb63e162cab09dc7fa81108bf0818892acc1e6,98e1dd782039e457d44db755ca3a80b4ac90538e27ea3ab6c897b83ca4f96398,16,2,random_commuting_order,rep-464ef8dbf7f04b81d3fb,data/runs/w4-matched-representation-20260802/representations/rep-464ef8dbf7f04b81d3fb/representation_manifest.json,971e8edcb20e58742e518b7079574792f5f172ca4726b5c0cdd6dd432e3d2606,False,108740608,20260811,2909,14231,2792,31376,2726,completed,"[""cx"",""rz"",""h""]",slice-a-m32,8132,20.0,0.0,0.34020362503360957,0.24153412505984306
8,16,cell-891363078138f945391c,pyzx_rewrite_identity_up_to_global_phase_v1,True,passed,pyzx_full_reduce,OpenQASM2 -> PyZX graph/full_reduce/extract -> target basis,0.5,0.5,logical_all_to_all_no_routing,passed,data/runs/w4-matched-representation-20260802/cells/cell-891363078138f945391c/cell.log,32,2147483648,33,30e54730c69b1e68850377d70b5c9bb4b0b696005cf5eee509f9fe5e5b8692e1,48,34,"['cx', 'h', 'rz']",242,178,1f855ee73e175304722db1cd01fb63e162cab09dc7fa81108bf0818892acc1e6,98e1dd782039e457d44db755ca3a80b4ac90538e27ea3ab6c897b83ca4f96398,16,2,random_commuting_order,rep-150771b4cc2bef1423f9,data/runs/w4-matched-representation-20260802/representations/rep-150771b4cc2bef1423f9/representation_manifest.json,691b28a6e41a63f33360b08756f55054e5aaa280a4bf9d98ac00de786481a6ed,False,108756992,20260812,2909,14231,2792,31376,2726,completed,"[""cx"",""rz"",""h""]",slice-a-m32,8132,20.0,0.0,0.36335183295886964,0.24285495898220688
8,16,cell-e5ceef669a7f956dce7e,pyzx_rewrite_identity_up_to_global_phase_v1,True,passed,qiskit_opt3,OpenQASM2 -> Qiskit preset level 3 -> target basis,0.5,0.5,logical_all_to_all_no_routing,passed,data/runs/w4-matched-representation-20260802/cells/cell-e5ceef669a7f956dce7e/cell.log,32,2147483648,33,f9b5049c0e4760d1a6d3377eacb5ca0f371faee8e4ebb0aa26eb56598fcdf162,50,12,"['cx', 'rz']",75,0,72240ffd967e7374e2db7801ba75d75c75a6a0ba14b3ae066be3882ea2599607,a603f0d43ba08a05cd54fbb294c9b19f5801f3ee638fbe319fddc8338f6f3191,25,2,random_commuting_order,rep-464ef8dbf7f04b81d3fb,data/runs/w4-matched-representation-20260802/representations/rep-464ef8dbf7f04b81d3fb/representation_manifest.json,971e8edcb20e58742e518b7079574792f5f172ca4726b5c0cdd6dd432e3d2606,False,109363200,20260811,2909,14231,1524,11014,1463,completed,"[""cx"",""rz"",""h""]",slice-a-m32,8132,20.0,0.0,0.33213250001426786,0.22438658401370049
8,16,cell-79d25e6609bad48348dd,pyzx_rewrite_identity_up_to_global_phase_v1,True,passed,qiskit_opt3,OpenQASM2 -> Qiskit preset level 3 -> target basis,0.5,0.5,logical_all_to_all_no_routing,passed,data/runs/w4-matched-representation-20260802/cells/cell-79d25e6609bad48348dd/cell.log,32,2147483648,33,c6d8ff6556ba138b90167767df0b0b0c740849a7efa90933db2a5700be6b8158,44,12,"['cx', 'rz']",66,0,a7ab98258391a3a4af83cac47d95b301e3bb122f28f1c363bc5fc97e65e3ae01,aa169f097b58ca2443e2603570035f6f1004dbaede2dcd01b882a302440f12f3,22,2,random_commuting_order,rep-150771b4cc2bef1423f9,data/runs/w4-matched-representation-20260802/representations/rep-150771b4cc2bef1423f9/representation_manifest.json,691b28a6e41a63f33360b08756f55054e5aaa280a4bf9d98ac00de786481a6ed,False,109068288,20260812,2909,14231,1334,9625,1273,completed,"[""cx"",""rz"",""h""]",slice-a-m32,8132,20.0,0.0,0.3194995829835534,0.22497874998953193
8,16,cell-2885c7327b188c9535eb,pyzx_rewrite_identity_up_to_global_phase_v1,True,passed,tket_paulisimp,OpenQASM2 -> TKET DecomposeBoxes/AutoRebase/PauliSimp -> target basis,0.5,0.5,logical_all_to_all_no_routing,passed,data/runs/w4-matched-representation-20260802/cells/cell-2885c7327b188c9535eb/cell.log,32,2147483648,33,bc21de032fb8f75016919e0bc7596ee7cb281a7926809ea740f6290e01487367,42,14,"['cx', 'h', 'rz']",256,66,7d5fd6e2d53c7cc39f00cb189fd04ff12e2e39ab99dbfa3203258155e4bd0483,26e26e944cf4a18c7c8b96885ec553fc7a1d49c871582aefee7fcb1960f8e18b,148,2,random_commuting_order,rep-464ef8dbf7f04b81d3fb,data/runs/w4-matched-representation-20260802/representations/rep-464ef8dbf7f04b81d3fb/representation_manifest.json,971e8edcb20e58742e518b7079574792f5f172ca4726b5c0cdd6dd432e3d2606,False,156844032,20260811,2909,14231,3923,37604,3859,completed,"[""cx"",""rz"",""h""]",slice-a-m32,8132,20.0,0.0,0.5826196670532227,0.43915283295791596
8,16,cell-63178e7aca785d86152f,pyzx_rewrite_identity_up_to_global_phase_v1,True,passed,tket_paulisimp,OpenQASM2 -> TKET DecomposeBoxes/AutoRebase/PauliSimp -> target basis,0.5,0.5,logical_all_to_all_no_routing,passed,data/runs/w4-matched-representation-20260802/cells/cell-63178e7aca785d86152f/cell.log,32,2147483648,33,bc21de032fb8f75016919e0bc7596ee7cb281a7926809ea740f6290e01487367,42,14,"['cx', 'h', 'rz']",256,66,7d5fd6e2d53c7cc39f00cb189fd04ff12e2e39ab99dbfa3203258155e4bd0483,26e26e944cf4a18c7c8b96885ec553fc7a1d49c871582aefee7fcb1960f8e18b,148,2,random_commuting_order,rep-150771b4cc2bef1423f9,data/runs/w4-matched-representation-20260802/representations/rep-150771b4cc2bef1423f9/representation_manifest.json,691b28a6e41a63f33360b08756f55054e5aaa280a4bf9d98ac00de786481a6ed,False,156975104,20260812,2909,14231,3923,37604,3859,completed,"[""cx"",""rz"",""h""]",slice-a-m32,8132,20.0,0.0,0.581570583046414,0.4346659170696512
8,16,cell-792ef6df92c778ad223a,pyzx_rewrite_identity_up_to_global_phase_v1,True,passed,echo_passthrough,literal input circuit -> output,0.5,0.5,logical_all_to_all_no_routing,passed,data/runs/w4-matched-representation-20260802/cells/cell-792ef6df92c778ad223a/cell.log,32,2147483648,33,c0582ff49c55858fe8dcb7adc0d06ec0f49752f9d1e66bce1ffdc201288be5dc,64,15,"['cx', 'rz']",96,0,83476c579c8dd447c76cd2b18d48ad7058430f85d78ff6b3654aba5d05471022,c2cbb8185a9b8c16f570aff7e9a8ad1b89df50aa0e0190d716d163027af46911,32,2,round_robin_flat,rep-f543b7d7f96d519df8b1,data/runs/w4-matched-representation-20260802/representations/rep-f543b7d7f96d519df8b1/representation_manifest.json,63b31f39cd52c5a91f2ee49c6c0b4178df8bf2640e97f0581288a00ceed3e1e4,False,106201088,20260811,2909,14225,1895,14237,1829,completed,"[""cx"",""rz"",""h""]",slice-a-m32,8132,20.0,0.0,0.3168008340289816,0.21635066694580019
8,16,cell-b59e60ab004a339a362b,pyzx_rewrite_identity_up_to_global_phase_v1,True,passed,echo_passthrough,literal input circuit -> output,0.5,0.5,logical_all_to_all_no_routing,passed,data/runs/w4-matched-representation-20260802/cells/cell-b59e60ab004a339a362b/cell.log,32,2147483648,33,c0582ff49c55858fe8dcb7adc0d06ec0f49752f9d1e66bce1ffdc201288be5dc,64,15,"['cx', 'rz']",96,0,83476c579c8dd447c76cd2b18d48ad7058430f85d78ff6b3654aba5d05471022,c2cbb8185a9b8c16f570aff7e9a8ad1b89df50aa0e0190d716d163027af46911,32,2,round_robin_flat,rep-3bf9a84a0ea02221bc2f,data/runs/w4-matched-representation-20260802/representations/rep-3bf9a84a0ea02221bc2f/representation_manifest.json,41651158b5d388924985d7ade98552e54c3b41f3fc7e24d2cfe858f3d9d5f45c,False,106102784,20260812,2909,14225,1895,14237,1829,completed,"[""cx"",""rz"",""h""]",slice-a-m32,8132,20.0,0.0,0.3142490830505267,0.2142155000474304
8,16,cell-770fcaf6093c01ee075d,pyzx_rewrite_identity_up_to_global_phase_v1,True,passed,full_aggregation,exact input parity/phase table -> canonical CNOT-Rz,0.5,0.5,logical_all_to_all_no_routing,passed,data/runs/w4-matched-representation-20260802/cells/cell-770fcaf6093c01ee075d/cell.log,32,2147483648,33,2a230f1048ef07450c5eefb05663b2b4c63a672ebd4450bbba664cc9f4250969,32,9,"['cx', 'rz']",48,0,e32f3f974fe3592af51ef8cfb99875c0070799b2ffc462d6d1e0fc2ed622c46b,cf567dce22aaace60e045bcc5aff53158cc889d7dfe702b358bb0b67f9f4b451,16,2,round_robin_flat,rep-f543b7d7f96d519df8b1,data/runs/w4-matched-representation-20260802/representations/rep-f543b7d7f96d519df8b1/representation_manifest.json,63b31f39cd52c5a91f2ee49c6c0b4178df8bf2640e97f0581288a00ceed3e1e4,False,106135552,20260811,2909,14225,998,6848,932,completed,"[""cx"",""rz"",""h""]",slice-a-m32,8132,20.0,0.0,0.3110040419269353,0.20921629201620817
8,16,cell-0c94c9efd94faafe7856,pyzx_rewrite_identity_up_to_global_phase_v1,True,passed,full_aggregation,exact input parity/phase table -> canonical CNOT-Rz,0.5,0.5,logical_all_to_all_no_routing,passed,data/runs/w4-matched-representation-20260802/cells/cell-0c94c9efd94faafe7856/cell.log,32,2147483648,33,2a230f1048ef07450c5eefb05663b2b4c63a672ebd4450bbba664cc9f4250969,32,9,"['cx', 'rz']",48,0,e32f3f974fe3592af51ef8cfb99875c0070799b2ffc462d6d1e0fc2ed622c46b,cf567dce22aaace60e045bcc5aff53158cc889d7dfe702b358bb0b67f9f4b451,16,2,round_robin_flat,rep-3bf9a84a0ea02221bc2f,data/runs/w4-matched-representation-20260802/representations/rep-3bf9a84a0ea02221bc2f/representation_manifest.json,41651158b5d388924985d7ade98552e54c3b41f3fc7e24d2cfe858f3d9d5f45c,False,106168320,20260812,2909,14225,998,6848,932,completed,"[""cx"",""rz"",""h""]",slice-a-m32,8132,20.0,0.0,0.3172370840329677,0.20917204103898257
8,16,cell-4730df3c06bedfb3dea2,pyzx_rewrite_identity_up_to_global_phase_v1,True,passed,pyzx_full_reduce,OpenQASM2 -> PyZX graph/full_reduce/extract -> target basis,0.5,0.5,logical_all_to_all_no_routing,passed,data/runs/w4-matched-representation-20260802/cells/cell-4730df3c06bedfb3dea2/cell.log,32,2147483648,33,30e54730c69b1e68850377d70b5c9bb4b0b696005cf5eee509f9fe5e5b8692e1,48,34,"['cx', 'h', 'rz']",242,178,1f855ee73e175304722db1cd01fb63e162cab09dc7fa81108bf0818892acc1e6,98e1dd782039e457d44db755ca3a80b4ac90538e27ea3ab6c897b83ca4f96398,16,2,round_robin_flat,rep-f543b7d7f96d519df8b1,data/runs/w4-matched-representation-20260802/representations/rep-f543b7d7f96d519df8b1/representation_manifest.json,63b31f39cd52c5a91f2ee49c6c0b4178df8bf2640e97f0581288a00ceed3e1e4,False,108838912,20260811,2909,14225,2792,31376,2726,completed,"[""cx"",""rz"",""h""]",slice-a-m32,8132,20.0,0.0,0.342854458023794,0.2450497499667108
8,16,cell-18b57f3a723e0deeeea3,pyzx_rewrite_identity_up_to_global_phase_v1,True,passed,pyzx_full_reduce,OpenQASM2 -> PyZX graph/full_reduce/extract -> target basis,0.5,0.5,logical_all_to_all_no_routing,passed,data/runs/w4-matched-representation-20260802/cells/cell-18b57f3a723e0deeeea3/cell.log,32,2147483648,33,30e54730c69b1e68850377d70b5c9bb4b0b696005cf5eee509f9fe5e5b8692e1,48,34,"['cx', 'h', 'rz']",242,178,1f855ee73e175304722db1cd01fb63e162cab09dc7fa81108bf0818892acc1e6,98e1dd782039e457d44db755ca3a80b4ac90538e27ea3ab6c897b83ca4f96398,16,2,round_robin_flat,rep-3bf9a84a0ea02221bc2f,data/runs/w4-matched-representation-20260802/representations/rep-3bf9a84a0ea02221bc2f/representation_manifest.json,41651158b5d388924985d7ade98552e54c3b41f3fc7e24d2cfe858f3d9d5f45c,False,108871680,20260812,2909,14225,2792,31376,2726,completed,"[""cx"",""rz"",""h""]",slice-a-m32,8132,20.0,0.0,0.3401531249983236,0.24224049993790686
8,16,cell-5b6dfac714cddd08c4f8,pyzx_rewrite_identity_up_to_global_phase_v1,True,passed,qiskit_opt3,OpenQASM2 -> Qiskit preset level 3 -> target basis,0.5,0.5,logical_all_to_all_no_routing,passed,data/runs/w4-matched-representation-20260802/cells/cell-5b6dfac714cddd08c4f8/cell.log,32,2147483648,33,be51d996dbef2c9aaedc7d68a2085339f6c71f34529ee61e68722ee3c982e1b0,58,15,"['cx', 'rz']",87,0,87eca1f2d2d216775f98924b9a9e60f8c262a19da01ea0229fd0157de5d347d5,0b5a36d13e4da653bb61084c1bbd39d6bd93595979a3388d754cfd3ef80ce5be,29,2,round_robin_flat,rep-f543b7d7f96d519df8b1,data/runs/w4-matched-representation-20260802/representations/rep-f543b7d7f96d519df8b1/representation_manifest.json,63b31f39cd52c5a91f2ee49c6c0b4178df8bf2640e97f0581288a00ceed3e1e4,False,109297664,20260811,2909,14225,1742,12866,1681,completed,"[""cx"",""rz"",""h""]",slice-a-m32,8132,20.0,0.0,0.32859945902600884,0.22767150006256998
8,16,cell-98134ad0ed621c157353,pyzx_rewrite_identity_up_to_global_phase_v1,True,passed,qiskit_opt3,OpenQASM2 -> Qiskit preset level 3 -> target basis,0.5,0.5,logical_all_to_all_no_routing,passed,data/runs/w4-matched-representation-20260802/cells/cell-98134ad0ed621c157353/cell.log,32,2147483648,33,be51d996dbef2c9aaedc7d68a2085339f6c71f34529ee61e68722ee3c982e1b0,58,15,"['cx', 'rz']",87,0,87eca1f2d2d216775f98924b9a9e60f8c262a19da01ea0229fd0157de5d347d5,0b5a36d13e4da653bb61084c1bbd39d6bd93595979a3388d754cfd3ef80ce5be,29,2,round_robin_flat,rep-3bf9a84a0ea02221bc2f,data/runs/w4-matched-representation-20260802/representations/rep-3bf9a84a0ea02221bc2f/representation_manifest.json,41651158b5d388924985d7ade98552e54c3b41f3fc7e24d2cfe858f3d9d5f45c,False,109264896,20260812,2909,14225,1742,12866,1681,completed,"[""cx"",""rz"",""h""]",slice-a-m32,8132,20.0,0.0,0.32367129204794765,0.23172616690862924
8,16,cell-d9dae336927bed8d8e7c,pyzx_rewrite_identity_up_to_global_phase_v1,True,passed,tket_paulisimp,OpenQASM2 -> TKET DecomposeBoxes/AutoRebase/PauliSimp -> target basis,0.5,0.5,logical_all_to_all_no_routing,passed,data/runs/w4-matched-representation-20260802/cells/cell-d9dae336927bed8d8e7c/cell.log,32,2147483648,33,bc21de032fb8f75016919e0bc7596ee7cb281a7926809ea740f6290e01487367,42,14,"['cx', 'h', 'rz']",256,66,7d5fd6e2d53c7cc39f00cb189fd04ff12e2e39ab99dbfa3203258155e4bd0483,26e26e944cf4a18c7c8b96885ec553fc7a1d49c871582aefee7fcb1960f8e18b,148,2,round_robin_flat,rep-f543b7d7f96d519df8b1,data/runs/w4-matched-representation-20260802/representations/rep-f543b7d7f96d519df8b1/representation_manifest.json,63b31f39cd52c5a91f2ee49c6c0b4178df8bf2640e97f0581288a00ceed3e1e4,False,156893184,20260811,2909,14225,3923,37604,3859,completed,"[""cx"",""rz"",""h""]",slice-a-m32,8132,20.0,0.0,0.5733639999525622,0.43473858304787427
8,16,cell-5274a94b888a4410d417,pyzx_rewrite_identity_up_to_global_phase_v1,True,passed,tket_paulisimp,OpenQASM2 -> TKET DecomposeBoxes/AutoRebase/PauliSimp -> target basis,0.5,0.5,logical_all_to_all_no_routing,passed,data/runs/w4-matched-representation-20260802/cells/cell-5274a94b888a4410d417/cell.log,32,2147483648,33,bc21de032fb8f75016919e0bc7596ee7cb281a7926809ea740f6290e01487367,42,14,"['cx', 'h', 'rz']",256,66,7d5fd6e2d53c7cc39f00cb189fd04ff12e2e39ab99dbfa3203258155e4bd0483,26e26e944cf4a18c7c8b96885ec553fc7a1d49c871582aefee7fcb1960f8e18b,148,2,round_robin_flat,rep-3bf9a84a0ea02221bc2f,data/runs/w4-matched-representation-20260802/representations/rep-3bf9a84a0ea02221bc2f/representation_manifest.json,41651158b5d388924985d7ade98552e54c3b41f3fc7e24d2cfe858f3d9d5f45c,False,156794880,20260812,2909,14225,3923,37604,3859,completed,"[""cx"",""rz"",""h""]",slice-a-m32,8132,20.0,0.0,0.5845413750503212,0.43727899994701147
8,16,cell-8cf6226eb225a1cc25eb,pyzx_rewrite_identity_up_to_global_phase_v1,True,passed,echo_passthrough,literal input circuit -> output,0.5,0.5,logical_all_to_all_no_routing,passed,data/runs/w4-matched-representation-20260802/cells/cell-8cf6226eb225a1cc25eb/cell.log,32,2147483648,33,8f27677cd623396f978393fee473af3bb3032e771b2d8e7ca130816226bf5bad,32,9,"['cx', 'rz']",48,0,29712e3f5935168a815def96e6450fd77861cc6949cb187c171321456f57d071,cf567dce22aaace60e045bcc5aff53158cc889d7dfe702b358bb0b67f9f4b451,16,2,semantic_aggregate,rep-63c92a322c906b7f1d35,data/runs/w4-matched-representation-20260802/representations/rep-63c92a322c906b7f1d35/representation_manifest.json,d70b8fced317ccffd11387ec0016c064aa9e7ac2513edb8e5e5bc46f7e25082d,False,106070016,20260811,1604,6818,998,6828,932,completed,"[""cx"",""rz"",""h""]",slice-a-m32,8132,20.0,0.0,0.31222083303146064,0.20834670797921717
8,16,cell-6c9f8e90437736a59eb8,pyzx_rewrite_identity_up_to_global_phase_v1,True,passed,echo_passthrough,literal input circuit -> output,0.5,0.5,logical_all_to_all_no_routing,passed,data/runs/w4-matched-representation-20260802/cells/cell-6c9f8e90437736a59eb8/cell.log,32,2147483648,33,8f27677cd623396f978393fee473af3bb3032e771b2d8e7ca130816226bf5bad,32,9,"['cx', 'rz']",48,0,29712e3f5935168a815def96e6450fd77861cc6949cb187c171321456f57d071,cf567dce22aaace60e045bcc5aff53158cc889d7dfe702b358bb0b67f9f4b451,16,2,semantic_aggregate,rep-c5ceb11ede032c6c75cd,data/runs/w4-matched-representation-20260802/representations/rep-c5ceb11ede032c6c75cd/representation_manifest.json,ae6746749008d19f310384039b8abec9249edeaf95208d4eb4dce22658b72259,False,106086400,20260812,1604,6818,998,6828,932,completed,"[""cx"",""rz"",""h""]",slice-a-m32,8132,20.0,0.0,0.3106409589527175,0.2089802089612931
8,16,cell-3ef814b392bea2f76c43,pyzx_rewrite_identity_up_to_global_phase_v1,True,passed,full_aggregation,exact input parity/phase table -> canonical CNOT-Rz,0.5,0.5,logical_all_to_all_no_routing,passed,data/runs/w4-matched-representation-20260802/cells/cell-3ef814b392bea2f76c43/cell.log,32,2147483648,33,2a230f1048ef07450c5eefb05663b2b4c63a672ebd4450bbba664cc9f4250969,32,9,"['cx', 'rz']",48,0,e32f3f974fe3592af51ef8cfb99875c0070799b2ffc462d6d1e0fc2ed622c46b,cf567dce22aaace60e045bcc5aff53158cc889d7dfe702b358bb0b67f9f4b451,16,2,semantic_aggregate,rep-63c92a322c906b7f1d35,data/runs/w4-matched-representation-20260802/representations/rep-63c92a322c906b7f1d35/representation_manifest.json,d70b8fced317ccffd11387ec0016c064aa9e7ac2513edb8e5e5bc46f7e25082d,False,106070016,20260811,1604,6818,998,6848,932,completed,"[""cx"",""rz"",""h""]",slice-a-m32,8132,20.0,0.0,0.3156645830022171,0.20983475004322827
8,16,cell-38c2f0cd59f983ebe3dd,pyzx_rewrite_identity_up_to_global_phase_v1,True,passed,full_aggregation,exact input parity/phase table -> canonical CNOT-Rz,0.5,0.5,logical_all_to_all_no_routing,passed,data/runs/w4-matched-representation-20260802/cells/cell-38c2f0cd59f983ebe3dd/cell.log,32,2147483648,33,2a230f1048ef07450c5eefb05663b2b4c63a672ebd4450bbba664cc9f4250969,32,9,"['cx', 'rz']",48,0,e32f3f974fe3592af51ef8cfb99875c0070799b2ffc462d6d1e0fc2ed622c46b,cf567dce22aaace60e045bcc5aff53158cc889d7dfe702b358bb0b67f9f4b451,16,2,semantic_aggregate,rep-c5ceb11ede032c6c75cd,data/runs/w4-matched-representation-20260802/representations/rep-c5ceb11ede032c6c75cd/representation_manifest.json,ae6746749008d19f310384039b8abec9249edeaf95208d4eb4dce22658b72259,False,106168320,20260812,1604,6818,998,6848,932,completed,"[""cx"",""rz"",""h""]",slice-a-m32,8132,20.0,0.0,0.31413712503854185,0.20850299997255206
8,16,cell-2e4861ce1fd17b957696,pyzx_rewrite_identity_up_to_global_phase_v1,True,passed,pyzx_full_reduce,OpenQASM2 -> PyZX graph/full_reduce/extract -> target basis,0.5,0.5,logical_all_to_all_no_routing,passed,data/runs/w4-matched-representation-20260802/cells/cell-2e4861ce1fd17b957696/cell.log,32,2147483648,33,30e54730c69b1e68850377d70b5c9bb4b0b696005cf5eee509f9fe5e5b8692e1,48,34,"['cx', 'h', 'rz']",242,178,1f855ee73e175304722db1cd01fb63e162cab09dc7fa81108bf0818892acc1e6,98e1dd782039e457d44db755ca3a80b4ac90538e27ea3ab6c897b83ca4f96398,16,2,semantic_aggregate,rep-63c92a322c906b7f1d35,data/runs/w4-matched-representation-20260802/representations/rep-63c92a322c906b7f1d35/representation_manifest.json,d70b8fced317ccffd11387ec0016c064aa9e7ac2513edb8e5e5bc46f7e25082d,False,108806144,20260811,1604,6818,2792,31376,2726,completed,"[""cx"",""rz"",""h""]",slice-a-m32,8132,20.0,0.0,0.3356400829507038,0.23943679104559124
8,16,cell-d47880b60c58bb42f055,pyzx_rewrite_identity_up_to_global_phase_v1,True,passed,pyzx_full_reduce,OpenQASM2 -> PyZX graph/full_reduce/extract -> target basis,0.5,0.5,logical_all_to_all_no_routing,passed,data/runs/w4-matched-representation-20260802/cells/cell-d47880b60c58bb42f055/cell.log,32,2147483648,33,30e54730c69b1e68850377d70b5c9bb4b0b696005cf5eee509f9fe5e5b8692e1,48,34,"['cx', 'h', 'rz']",242,178,1f855ee73e175304722db1cd01fb63e162cab09dc7fa81108bf0818892acc1e6,98e1dd782039e457d44db755ca3a80b4ac90538e27ea3ab6c897b83ca4f96398,16,2,semantic_aggregate,rep-c5ceb11ede032c6c75cd,data/runs/w4-matched-representation-20260802/representations/rep-c5ceb11ede032c6c75cd/representation_manifest.json,ae6746749008d19f310384039b8abec9249edeaf95208d4eb4dce22658b72259,False,108789760,20260812,1604,6818,2792,31376,2726,completed,"[""cx"",""rz"",""h""]",slice-a-m32,8132,20.0,0.0,0.35719299991615117,0.24559075001161546
8,16,cell-8b7f12eed5eca66f6ad9,pyzx_rewrite_identity_up_to_global_phase_v1,True,passed,qiskit_opt3,OpenQASM2 -> Qiskit preset level 3 -> target basis,0.5,0.5,logical_all_to_all_no_routing,passed,data/runs/w4-matched-representation-20260802/cells/cell-8b7f12eed5eca66f6ad9/cell.log,32,2147483648,33,9f079b1d838d2c7d2578229b728c2d7afc2194b6be11f62a7e2fe76eb9eff39a,32,9,"['cx', 'rz']",48,0,4acd33ea4a8f2d4695105a2910572260802d71c7193d6e9305a18db57433bb96,cf567dce22aaace60e045bcc5aff53158cc889d7dfe702b358bb0b67f9f4b451,16,2,semantic_aggregate,rep-63c92a322c906b7f1d35,data/runs/w4-matched-representation-20260802/representations/rep-63c92a322c906b7f1d35/representation_manifest.json,d70b8fced317ccffd11387ec0016c064aa9e7ac2513edb8e5e5bc46f7e25082d,False,109248512,20260811,1604,6818,993,6847,932,completed,"[""cx"",""rz"",""h""]",slice-a-m32,8132,20.0,0.0,0.3439525830326602,0.2497571250423789
8,16,cell-e7083b603d2a779180cc,pyzx_rewrite_identity_up_to_global_phase_v1,True,passed,qiskit_opt3,OpenQASM2 -> Qiskit preset level 3 -> target basis,0.5,0.5,logical_all_to_all_no_routing,passed,data/runs/w4-matched-representation-20260802/cells/cell-e7083b603d2a779180cc/cell.log,32,2147483648,33,9f079b1d838d2c7d2578229b728c2d7afc2194b6be11f62a7e2fe76eb9eff39a,32,9,"['cx', 'rz']",48,0,4acd33ea4a8f2d4695105a2910572260802d71c7193d6e9305a18db57433bb96,cf567dce22aaace60e045bcc5aff53158cc889d7dfe702b358bb0b67f9f4b451,16,2,semantic_aggregate,rep-c5ceb11ede032c6c75cd,data/runs/w4-matched-representation-20260802/representations/rep-c5ceb11ede032c6c75cd/representation_manifest.json,ae6746749008d19f310384039b8abec9249edeaf95208d4eb4dce22658b72259,False,109133824,20260812,1604,6818,993,6847,932,completed,"[""cx"",""rz"",""h""]",slice-a-m32,8132,20.0,0.0,0.3548803749727085,0.23002929100766778
8,16,cell-d2e4385e7342e95900e0,pyzx_rewrite_identity_up_to_global_phase_v1,True,passed,tket_paulisimp,OpenQASM2 -> TKET DecomposeBoxes/AutoRebase/PauliSimp -> target basis,0.5,0.5,logical_all_to_all_no_routing,passed,data/runs/w4-matched-representation-20260802/cells/cell-d2e4385e7342e95900e0/cell.log,32,2147483648,33,bc21de032fb8f75016919e0bc7596ee7cb281a7926809ea740f6290e01487367,42,14,"['cx', 'h', 'rz']",256,66,7d5fd6e2d53c7cc39f00cb189fd04ff12e2e39ab99dbfa3203258155e4bd0483,26e26e944cf4a18c7c8b96885ec553fc7a1d49c871582aefee7fcb1960f8e18b,148,2,semantic_aggregate,rep-63c92a322c906b7f1d35,data/runs/w4-matched-representation-20260802/representations/rep-63c92a322c906b7f1d35/representation_manifest.json,d70b8fced317ccffd11387ec0016c064aa9e7ac2513edb8e5e5bc46f7e25082d,False,156827648,20260811,1604,6818,3923,37604,3859,completed,"[""cx"",""rz"",""h""]",slice-a-m32,8132,20.0,0.0,0.6045225000707433,0.45223583304323256
8,16,cell-419df2eb694cb405fa0f,pyzx_rewrite_identity_up_to_global_phase_v1,True,passed,tket_paulisimp,OpenQASM2 -> TKET DecomposeBoxes/AutoRebase/PauliSimp -> target basis,0.5,0.5,logical_all_to_all_no_routing,passed,data/runs/w4-matched-representation-20260802/cells/cell-419df2eb694cb405fa0f/cell.log,32,2147483648,33,bc21de032fb8f75016919e0bc7596ee7cb281a7926809ea740f6290e01487367,42,14,"['cx', 'h', 'rz']",256,66,7d5fd6e2d53c7cc39f00cb189fd04ff12e2e39ab99dbfa3203258155e4bd0483,26e26e944cf4a18c7c8b96885ec553fc7a1d49c871582aefee7fcb1960f8e18b,148,2,semantic_aggregate,rep-c5ceb11ede032c6c75cd,data/runs/w4-matched-representation-20260802/representations/rep-c5ceb11ede032c6c75cd/representation_manifest.json,ae6746749008d19f310384039b8abec9249edeaf95208d4eb4dce22658b72259,False,156794880,20260812,1604,6818,3923,37604,3859,completed,"[""cx"",""rz"",""h""]",slice-a-m32,8132,20.0,0.0,0.585313249961473,0.44160866702441126
8,16,cell-84e53480ed4b22bdc8d6,pyzx_rewrite_identity_up_to_global_phase_v1,True,passed,echo_passthrough,literal input circuit -> output,0.5,0.5,logical_all_to_all_no_routing,passed,data/runs/w4-matched-representation-20260802/cells/cell-84e53480ed4b22bdc8d6/cell.log,32,2147483648,33,56d8c158c22e213b5dc9adacc348a0407c22b5c878517d7abc783fb61249e2d8,32,9,"['cx', 'rz']",48,0,70b6fe2edbe755499af8a1f0f4d3ef8a02c866f2fa06db7f7ad1da8f4b911481,b12fdd9b0628baa4f7a61e8e38748e0a0b1c6f25a20d9c5648e4ea5ba416c5de,16,2,tket_bridge,rep-60b12be8e8d9e23ba8a6,data/runs/w4-matched-representation-20260802/representations/rep-60b12be8e8d9e23ba8a6/representation_manifest.json,edbd242ee9e85b68935d8cdfb9482085091d1f1ca6ab9c3549f0d0c9bbbb52c7,False,106086400,20260811,955,6811,998,6828,932,completed,"[""cx"",""rz"",""h""]",slice-a-m32,8132,20.0,0.0,0.3127375419717282,0.21152670797891915
8,16,cell-ac8204f9ace74f5acc97,pyzx_rewrite_identity_up_to_global_phase_v1,True,passed,echo_passthrough,literal input circuit -> output,0.5,0.5,logical_all_to_all_no_routing,passed,data/runs/w4-matched-representation-20260802/cells/cell-ac8204f9ace74f5acc97/cell.log,32,2147483648,33,56d8c158c22e213b5dc9adacc348a0407c22b5c878517d7abc783fb61249e2d8,32,9,"['cx', 'rz']",48,0,70b6fe2edbe755499af8a1f0f4d3ef8a02c866f2fa06db7f7ad1da8f4b911481,b12fdd9b0628baa4f7a61e8e38748e0a0b1c6f25a20d9c5648e4ea5ba416c5de,16,2,tket_bridge,rep-bc44db97954c9bde348f,data/runs/w4-matched-representation-20260802/representations/rep-bc44db97954c9bde348f/representation_manifest.json,96c988d17089f2f2d6f68d8b1e0834b1640ea1a092c0fffa64fc22e5c8636226,False,106119168,20260812,955,6811,998,6828,932,completed,"[""cx"",""rz"",""h""]",slice-a-m32,8132,20.0,0.0,0.3178593749180436,0.21024979196954519
8,16,cell-403651d1baef32817abe,pyzx_rewrite_identity_up_to_global_phase_v1,True,passed,full_aggregation,exact input parity/phase table -> canonical CNOT-Rz,0.5,0.5,logical_all_to_all_no_routing,passed,data/runs/w4-matched-representation-20260802/cells/cell-403651d1baef32817abe/cell.log,32,2147483648,33,2a230f1048ef07450c5eefb05663b2b4c63a672ebd4450bbba664cc9f4250969,32,9,"['cx', 'rz']",48,0,e32f3f974fe3592af51ef8cfb99875c0070799b2ffc462d6d1e0fc2ed622c46b,cf567dce22aaace60e045bcc5aff53158cc889d7dfe702b358bb0b67f9f4b451,16,2,tket_bridge,rep-60b12be8e8d9e23ba8a6,data/runs/w4-matched-representation-20260802/representations/rep-60b12be8e8d9e23ba8a6/representation_manifest.json,edbd242ee9e85b68935d8cdfb9482085091d1f1ca6ab9c3549f0d0c9bbbb52c7,False,106086400,20260811,955,6811,998,6848,932,completed,"[""cx"",""rz"",""h""]",slice-a-m32,8132,20.0,0.0,0.3066339169163257,0.20797787501942366
8,16,cell-a05be50b1cd345c77c5e,pyzx_rewrite_identity_up_to_global_phase_v1,True,passed,full_aggregation,exact input parity/phase table -> canonical CNOT-Rz,0.5,0.5,logical_all_to_all_no_routing,passed,data/runs/w4-matched-representation-20260802/cells/cell-a05be50b1cd345c77c5e/cell.log,32,2147483648,33,2a230f1048ef07450c5eefb05663b2b4c63a672ebd4450bbba664cc9f4250969,32,9,"['cx', 'rz']",48,0,e32f3f974fe3592af51ef8cfb99875c0070799b2ffc462d6d1e0fc2ed622c46b,cf567dce22aaace60e045bcc5aff53158cc889d7dfe702b358bb0b67f9f4b451,16,2,tket_bridge,rep-bc44db97954c9bde348f,data/runs/w4-matched-representation-20260802/representations/rep-bc44db97954c9bde348f/representation_manifest.json,96c988d17089f2f2d6f68d8b1e0834b1640ea1a092c0fffa64fc22e5c8636226,False,106135552,20260812,955,6811,998,6848,932,completed,"[""cx"",""rz"",""h""]",slice-a-m32,8132,20.0,0.0,0.30888745898846537,0.21030837495345622
8,16,cell-bc43652b5ff7d45486f1,pyzx_rewrite_identity_up_to_global_phase_v1,True,passed,pyzx_full_reduce,OpenQASM2 -> PyZX graph/full_reduce/extract -> target basis,0.5,0.5,logical_all_to_all_no_routing,passed,data/runs/w4-matched-representation-20260802/cells/cell-bc43652b5ff7d45486f1/cell.log,32,2147483648,33,30e54730c69b1e68850377d70b5c9bb4b0b696005cf5eee509f9fe5e5b8692e1,48,34,"['cx', 'h', 'rz']",242,178,1f855ee73e175304722db1cd01fb63e162cab09dc7fa81108bf0818892acc1e6,98e1dd782039e457d44db755ca3a80b4ac90538e27ea3ab6c897b83ca4f96398,16,2,tket_bridge,rep-60b12be8e8d9e23ba8a6,data/runs/w4-matched-representation-20260802/representations/rep-60b12be8e8d9e23ba8a6/representation_manifest.json,edbd242ee9e85b68935d8cdfb9482085091d1f1ca6ab9c3549f0d0c9bbbb52c7,False,108724224,20260811,955,6811,2792,31376,2726,completed,"[""cx"",""rz"",""h""]",slice-a-m32,8132,20.0,0.0,0.32942383305635303,0.24154304200783372
8,16,cell-e59533fd1f3a3b5d184d,pyzx_rewrite_identity_up_to_global_phase_v1,True,passed,pyzx_full_reduce,OpenQASM2 -> PyZX graph/full_reduce/extract -> target basis,0.5,0.5,logical_all_to_all_no_routing,passed,data/runs/w4-matched-representation-20260802/cells/cell-e59533fd1f3a3b5d184d/cell.log,32,2147483648,33,30e54730c69b1e68850377d70b5c9bb4b0b696005cf5eee509f9fe5e5b8692e1,48,34,"['cx', 'h', 'rz']",242,178,1f855ee73e175304722db1cd01fb63e162cab09dc7fa81108bf0818892acc1e6,98e1dd782039e457d44db755ca3a80b4ac90538e27ea3ab6c897b83ca4f96398,16,2,tket_bridge,rep-bc44db97954c9bde348f,data/runs/w4-matched-representation-20260802/representations/rep-bc44db97954c9bde348f/representation_manifest.json,96c988d17089f2f2d6f68d8b1e0834b1640ea1a092c0fffa64fc22e5c8636226,False,108756992,20260812,955,6811,2792,31376,2726,completed,"[""cx"",""rz"",""h""]",slice-a-m32,8132,20.0,0.0,0.33588070794939995,0.23863458400592208
8,16,cell-ded2ce007bf0b6a0b089,pyzx_rewrite_identity_up_to_global_phase_v1,True,passed,qiskit_opt3,OpenQASM2 -> Qiskit preset level 3 -> target basis,0.5,0.5,logical_all_to_all_no_routing,passed,data/runs/w4-matched-representation-20260802/cells/cell-ded2ce007bf0b6a0b089/cell.log,32,2147483648,33,9f079b1d838d2c7d2578229b728c2d7afc2194b6be11f62a7e2fe76eb9eff39a,32,9,"['cx', 'rz']",48,0,4acd33ea4a8f2d4695105a2910572260802d71c7193d6e9305a18db57433bb96,cf567dce22aaace60e045bcc5aff53158cc889d7dfe702b358bb0b67f9f4b451,16,2,tket_bridge,rep-60b12be8e8d9e23ba8a6,data/runs/w4-matched-representation-20260802/representations/rep-60b12be8e8d9e23ba8a6/representation_manifest.json,edbd242ee9e85b68935d8cdfb9482085091d1f1ca6ab9c3549f0d0c9bbbb52c7,False,109068288,20260811,955,6811,993,6847,932,completed,"[""cx"",""rz"",""h""]",slice-a-m32,8132,20.0,0.0,0.31681987503543496,0.21965337498113513
8,16,cell-71a0fa3fb9455f5057a1,pyzx_rewrite_identity_up_to_global_phase_v1,True,passed,qiskit_opt3,OpenQASM2 -> Qiskit preset level 3 -> target basis,0.5,0.5,logical_all_to_all_no_routing,passed,data/runs/w4-matched-representation-20260802/cells/cell-71a0fa3fb9455f5057a1/cell.log,32,2147483648,33,9f079b1d838d2c7d2578229b728c2d7afc2194b6be11f62a7e2fe76eb9eff39a,32,9,"['cx', 'rz']",48,0,4acd33ea4a8f2d4695105a2910572260802d71c7193d6e9305a18db57433bb96,cf567dce22aaace60e045bcc5aff53158cc889d7dfe702b358bb0b67f9f4b451,16,2,tket_bridge,rep-bc44db97954c9bde348f,data/runs/w4-matched-representation-20260802/representations/rep-bc44db97954c9bde348f/representation_manifest.json,96c988d17089f2f2d6f68d8b1e0834b1640ea1a092c0fffa64fc22e5c8636226,False,109150208,20260812,955,6811,993,6847,932,completed,"[""cx"",""rz"",""h""]",slice-a-m32,8132,20.0,0.0,0.3386525410460308,0.22548358398489654
8,16,cell-17294a982f0ce42f8a0c,pyzx_rewrite_identity_up_to_global_phase_v1,True,passed,tket_paulisimp,OpenQASM2 -> TKET DecomposeBoxes/AutoRebase/PauliSimp -> target basis,0.5,0.5,logical_all_to_all_no_routing,passed,data/runs/w4-matched-representation-20260802/cells/cell-17294a982f0ce42f8a0c/cell.log,32,2147483648,33,bc21de032fb8f75016919e0bc7596ee7cb281a7926809ea740f6290e01487367,42,14,"['cx', 'h', 'rz']",256,66,7d5fd6e2d53c7cc39f00cb189fd04ff12e2e39ab99dbfa3203258155e4bd0483,26e26e944cf4a18c7c8b96885ec553fc7a1d49c871582aefee7fcb1960f8e18b,148,2,tket_bridge,rep-60b12be8e8d9e23ba8a6,data/runs/w4-matched-representation-20260802/representations/rep-60b12be8e8d9e23ba8a6/representation_manifest.json,edbd242ee9e85b68935d8cdfb9482085091d1f1ca6ab9c3549f0d0c9bbbb52c7,False,156794880,20260811,955,6811,3923,37604,3859,completed,"[""cx"",""rz"",""h""]",slice-a-m32,8132,20.0,0.0,0.5715274580288678,0.4327272919472307
8,16,cell-9f3372b8ce876c687caa,pyzx_rewrite_identity_up_to_global_phase_v1,True,passed,tket_paulisimp,OpenQASM2 -> TKET DecomposeBoxes/AutoRebase/PauliSimp -> target basis,0.5,0.5,logical_all_to_all_no_routing,passed,data/runs/w4-matched-representation-20260802/cells/cell-9f3372b8ce876c687caa/cell.log,32,2147483648,33,bc21de032fb8f75016919e0bc7596ee7cb281a7926809ea740f6290e01487367,42,14,"['cx', 'h', 'rz']",256,66,7d5fd6e2d53c7cc39f00cb189fd04ff12e2e39ab99dbfa3203258155e4bd0483,26e26e944cf4a18c7c8b96885ec553fc7a1d49c871582aefee7fcb1960f8e18b,148,2,tket_bridge,rep-bc44db97954c9bde348f,data/runs/w4-matched-representation-20260802/representations/rep-bc44db97954c9bde348f/representation_manifest.json,96c988d17089f2f2d6f68d8b1e0834b1640ea1a092c0fffa64fc22e5c8636226,False,156598272,20260812,955,6811,3923,37604,3859,completed,"[""cx"",""rz"",""h""]",slice-a-m32,8132,20.0,0.0,0.576343166991137,0.4382256669923663
8,16,cell-f49f4e47fbece256b0ac,pyzx_rewrite_identity_up_to_global_phase_v1,True,passed,echo_passthrough,literal input circuit -> output,0.5,0.5,logical_all_to_all_no_routing,passed,data/runs/w4-matched-representation-20260802/cells/cell-f49f4e47fbece256b0ac/cell.log,32,2147483648,33,8f27677cd623396f978393fee473af3bb3032e771b2d8e7ca130816226bf5bad,32,9,"['cx', 'rz']",48,0,29712e3f5935168a815def96e6450fd77861cc6949cb187c171321456f57d071,cf567dce22aaace60e045bcc5aff53158cc889d7dfe702b358bb0b67f9f4b451,16,2,zx_bridge,rep-2a42e40ee090f0e7221a,data/runs/w4-matched-representation-20260802/representations/rep-2a42e40ee090f0e7221a/representation_manifest.json,577a3a74b214f49e6cd42dfcfd12eb124aa6059c9a6b5dea904b59401ae528f8,False,106119168,20260811,992,6809,998,6828,932,completed,"[""cx"",""rz"",""h""]",slice-a-m32,8132,20.0,0.0,0.31444395799189806,0.2098732499871403
8,16,cell-4fe07dddaf1dec5848ae,pyzx_rewrite_identity_up_to_global_phase_v1,True,passed,echo_passthrough,literal input circuit -> output,0.5,0.5,logical_all_to_all_no_routing,passed,data/runs/w4-matched-representation-20260802/cells/cell-4fe07dddaf1dec5848ae/cell.log,32,2147483648,33,8f27677cd623396f978393fee473af3bb3032e771b2d8e7ca130816226bf5bad,32,9,"['cx', 'rz']",48,0,29712e3f5935168a815def96e6450fd77861cc6949cb187c171321456f57d071,cf567dce22aaace60e045bcc5aff53158cc889d7dfe702b358bb0b67f9f4b451,16,2,zx_bridge,rep-7ca3425ad116492c7e30,data/runs/w4-matched-representation-20260802/representations/rep-7ca3425ad116492c7e30/representation_manifest.json,3d7d1e37f23ba1bcf3690318d208db17c0a7dff524254e7be92366477083b534,False,106053632,20260812,992,6809,998,6828,932,completed,"[""cx"",""rz"",""h""]",slice-a-m32,8132,20.0,0.0,0.3220962079940364,0.21126725000794977
8,16,cell-085b7d27c9ee95bf80b0,pyzx_rewrite_identity_up_to_global_phase_v1,True,passed,full_aggregation,exact input parity/phase table -> canonical CNOT-Rz,0.5,0.5,logical_all_to_all_no_routing,passed,data/runs/w4-matched-representation-20260802/cells/cell-085b7d27c9ee95bf80b0/cell.log,32,2147483648,33,2a230f1048ef07450c5eefb05663b2b4c63a672ebd4450bbba664cc9f4250969,32,9,"['cx', 'rz']",48,0,e32f3f974fe3592af51ef8cfb99875c0070799b2ffc462d6d1e0fc2ed622c46b,cf567dce22aaace60e045bcc5aff53158cc889d7dfe702b358bb0b67f9f4b451,16,2,zx_bridge,rep-2a42e40ee090f0e7221a,data/runs/w4-matched-representation-20260802/representations/rep-2a42e40ee090f0e7221a/representation_manifest.json,577a3a74b214f49e6cd42dfcfd12eb124aa6059c9a6b5dea904b59401ae528f8,False,106037248,20260811,992,6809,998,6848,932,completed,"[""cx"",""rz"",""h""]",slice-a-m32,8132,20.0,0.0,0.32868645794223994,0.2121490000281483
8,16,cell-426e326b237af0dabacd,pyzx_rewrite_identity_up_to_global_phase_v1,True,passed,full_aggregation,exact input parity/phase table -> canonical CNOT-Rz,0.5,0.5,logical_all_to_all_no_routing,passed,data/runs/w4-matched-representation-20260802/cells/cell-426e326b237af0dabacd/cell.log,32,2147483648,33,2a230f1048ef07450c5eefb05663b2b4c63a672ebd4450bbba664cc9f4250969,32,9,"['cx', 'rz']",48,0,e32f3f974fe3592af51ef8cfb99875c0070799b2ffc462d6d1e0fc2ed622c46b,cf567dce22aaace60e045bcc5aff53158cc889d7dfe702b358bb0b67f9f4b451,16,2,zx_bridge,rep-7ca3425ad116492c7e30,data/runs/w4-matched-representation-20260802/representations/rep-7ca3425ad116492c7e30/representation_manifest.json,3d7d1e37f23ba1bcf3690318d208db17c0a7dff524254e7be92366477083b534,False,106037248,20260812,992,6809,998,6848,932,completed,"[""cx"",""rz"",""h""]",slice-a-m32,8132,20.0,0.0,0.31614416697993875,0.2083317079814151
8,16,cell-a342be6b97f0fc29e33c,pyzx_rewrite_identity_up_to_global_phase_v1,True,passed,pyzx_full_reduce,OpenQASM2 -> PyZX graph/full_reduce/extract -> target basis,0.5,0.5,logical_all_to_all_no_routing,passed,data/runs/w4-matched-representation-20260802/cells/cell-a342be6b97f0fc29e33c/cell.log,32,2147483648,33,30e54730c69b1e68850377d70b5c9bb4b0b696005cf5eee509f9fe5e5b8692e1,48,34,"['cx', 'h', 'rz']",242,178,1f855ee73e175304722db1cd01fb63e162cab09dc7fa81108bf0818892acc1e6,98e1dd782039e457d44db755ca3a80b4ac90538e27ea3ab6c897b83ca4f96398,16,2,zx_bridge,rep-2a42e40ee090f0e7221a,data/runs/w4-matched-representation-20260802/representations/rep-2a42e40ee090f0e7221a/representation_manifest.json,577a3a74b214f49e6cd42dfcfd12eb124aa6059c9a6b5dea904b59401ae528f8,False,108855296,20260811,992,6809,2792,31376,2726,completed,"[""cx"",""rz"",""h""]",slice-a-m32,8132,20.0,0.0,0.33887720794882625,0.23758991609793156
8,16,cell-d345a852da929dc6f867,pyzx_rewrite_identity_up_to_global_phase_v1,True,passed,pyzx_full_reduce,OpenQASM2 -> PyZX graph/full_reduce/extract -> target basis,0.5,0.5,logical_all_to_all_no_routing,passed,data/runs/w4-matched-representation-20260802/cells/cell-d345a852da929dc6f867/cell.log,32,2147483648,33,30e54730c69b1e68850377d70b5c9bb4b0b696005cf5eee509f9fe5e5b8692e1,48,34,"['cx', 'h', 'rz']",242,178,1f855ee73e175304722db1cd01fb63e162cab09dc7fa81108bf0818892acc1e6,98e1dd782039e457d44db755ca3a80b4ac90538e27ea3ab6c897b83ca4f96398,16,2,zx_bridge,rep-7ca3425ad116492c7e30,data/runs/w4-matched-representation-20260802/representations/rep-7ca3425ad116492c7e30/representation_manifest.json,3d7d1e37f23ba1bcf3690318d208db17c0a7dff524254e7be92366477083b534,False,108855296,20260812,992,6809,2792,31376,2726,completed,"[""cx"",""rz"",""h""]",slice-a-m32,8132,20.0,0.0,0.35700995894148946,0.24166108295321465
8,16,cell-560a3f2b9a84eb65c78f,pyzx_rewrite_identity_up_to_global_phase_v1,True,passed,qiskit_opt3,OpenQASM2 -> Qiskit preset level 3 -> target basis,0.5,0.5,logical_all_to_all_no_routing,passed,data/runs/w4-matched-representation-20260802/cells/cell-560a3f2b9a84eb65c78f/cell.log,32,2147483648,33,9f079b1d838d2c7d2578229b728c2d7afc2194b6be11f62a7e2fe76eb9eff39a,32,9,"['cx', 'rz']",48,0,4acd33ea4a8f2d4695105a2910572260802d71c7193d6e9305a18db57433bb96,cf567dce22aaace60e045bcc5aff53158cc889d7dfe702b358bb0b67f9f4b451,16,2,zx_bridge,rep-2a42e40ee090f0e7221a,data/runs/w4-matched-representation-20260802/representations/rep-2a42e40ee090f0e7221a/representation_manifest.json,577a3a74b214f49e6cd42dfcfd12eb124aa6059c9a6b5dea904b59401ae528f8,False,109248512,20260811,992,6809,993,6847,932,completed,"[""cx"",""rz"",""h""]",slice-a-m32,8132,20.0,0.0,0.3337584170512855,0.22244954097550362
8,16,cell-4f92cc51178ca0318143,pyzx_rewrite_identity_up_to_global_phase_v1,True,passed,qiskit_opt3,OpenQASM2 -> Qiskit preset level 3 -> target basis,0.5,0.5,logical_all_to_all_no_routing,passed,data/runs/w4-matched-representation-20260802/cells/cell-4f92cc51178ca0318143/cell.log,32,2147483648,33,9f079b1d838d2c7d2578229b728c2d7afc2194b6be11f62a7e2fe76eb9eff39a,32,9,"['cx', 'rz']",48,0,4acd33ea4a8f2d4695105a2910572260802d71c7193d6e9305a18db57433bb96,cf567dce22aaace60e045bcc5aff53158cc889d7dfe702b358bb0b67f9f4b451,16,2,zx_bridge,rep-7ca3425ad116492c7e30,data/runs/w4-matched-representation-20260802/representations/rep-7ca3425ad116492c7e30/representation_manifest.json,3d7d1e37f23ba1bcf3690318d208db17c0a7dff524254e7be92366477083b534,False,109101056,20260812,992,6809,993,6847,932,completed,"[""cx"",""rz"",""h""]",slice-a-m32,8132,20.0,0.0,0.31374466698616743,0.2203759578987956
8,16,cell-ecf651b7be255d7d5629,pyzx_rewrite_identity_up_to_global_phase_v1,True,passed,tket_paulisimp,OpenQASM2 -> TKET DecomposeBoxes/AutoRebase/PauliSimp -> target basis,0.5,0.5,logical_all_to_all_no_routing,passed,data/runs/w4-matched-representation-20260802/cells/cell-ecf651b7be255d7d5629/cell.log,32,2147483648,33,bc21de032fb8f75016919e0bc7596ee7cb281a7926809ea740f6290e01487367,42,14,"['cx', 'h', 'rz']",256,66,7d5fd6e2d53c7cc39f00cb189fd04ff12e2e39ab99dbfa3203258155e4bd0483,26e26e944cf4a18c7c8b96885ec553fc7a1d49c871582aefee7fcb1960f8e18b,148,2,zx_bridge,rep-2a42e40ee090f0e7221a,data/runs/w4-matched-representation-20260802/representations/rep-2a42e40ee090f0e7221a/representation_manifest.json,577a3a74b214f49e6cd42dfcfd12eb124aa6059c9a6b5dea904b59401ae528f8,False,156811264,20260811,992,6809,3923,37604,3859,completed,"[""cx"",""rz"",""h""]",slice-a-m32,8132,20.0,0.0,0.6037153339711949,0.44033691694494337
8,16,cell-d7f85aae773329727492,pyzx_rewrite_identity_up_to_global_phase_v1,True,passed,tket_paulisimp,OpenQASM2 -> TKET DecomposeBoxes/AutoRebase/PauliSimp -> target basis,0.5,0.5,logical_all_to_all_no_routing,passed,data/runs/w4-matched-representation-20260802/cells/cell-d7f85aae773329727492/cell.log,32,2147483648,33,bc21de032fb8f75016919e0bc7596ee7cb281a7926809ea740f6290e01487367,42,14,"['cx', 'h', 'rz']",256,66,7d5fd6e2d53c7cc39f00cb189fd04ff12e2e39ab99dbfa3203258155e4bd0483,26e26e944cf4a18c7c8b96885ec553fc7a1d49c871582aefee7fcb1960f8e18b,148,2,zx_bridge,rep-7ca3425ad116492c7e30,data/runs/w4-matched-representation-20260802/representations/rep-7ca3425ad116492c7e30/representation_manifest.json,3d7d1e37f23ba1bcf3690318d208db17c0a7dff524254e7be92366477083b534,False,156844032,20260812,992,6809,3923,37604,3859,completed,"[""cx"",""rz"",""h""]",slice-a-m32,8132,20.0,0.0,0.576923125074245,0.4336669590556994
8,32,cell-85ab09e7095e086f53c3,pyzx_rewrite_identity_up_to_global_phase_v1,True,passed,echo_passthrough,literal input circuit -> output,0.5,0.5,logical_all_to_all_no_routing,passed,data/runs/w4-matched-representation-20260802/cells/cell-85ab09e7095e086f53c3/cell.log,64,2147483648,65,c59047cb02cd594a75567e1d24d7404d794af919f8bc65438fe46305fea44410,128,42,"['cx', 'rz']",192,0,4ed8c6254debef41a835fc89fd7fadfc3bbe5c7f32f7cf9368dd4d972f2403c8,4304f6eb9c359719aba76c12855d6728db070a927428277df190154717ee4c6e,64,2,contiguous_flat,rep-7c0bb30b686b2cf4023f,data/runs/w4-matched-representation-20260802/representations/rep-7c0bb30b686b2cf4023f/representation_manifest.json,9a5143c27db751886f248cd5fc0b8ce3ca7256a185bea740c7e4695e1df20024,False,106545152,20260811,5725,28615,3673,28628,3607,completed,"[""cx"",""rz"",""h""]",slice-a-m64,8164,20.0,0.0,0.363704040995799,0.232669125078246
8,32,cell-1c4c62264022df5dd6fc,pyzx_rewrite_identity_up_to_global_phase_v1,True,passed,echo_passthrough,literal input circuit -> output,0.5,0.5,logical_all_to_all_no_routing,passed,data/runs/w4-matched-representation-20260802/cells/cell-1c4c62264022df5dd6fc/cell.log,64,2147483648,65,c59047cb02cd594a75567e1d24d7404d794af919f8bc65438fe46305fea44410,128,42,"['cx', 'rz']",192,0,4ed8c6254debef41a835fc89fd7fadfc3bbe5c7f32f7cf9368dd4d972f2403c8,4304f6eb9c359719aba76c12855d6728db070a927428277df190154717ee4c6e,64,2,contiguous_flat,rep-9b9510368291bd48ec7e,data/runs/w4-matched-representation-20260802/representations/rep-9b9510368291bd48ec7e/representation_manifest.json,e1bcfa09eaf30fb5feb689f4c780cf907b30a3fe08669f56cbd237ddf91b354c,False,106610688,20260812,5725,28615,3673,28628,3607,completed,"[""cx"",""rz"",""h""]",slice-a-m64,8164,20.0,0.0,0.3403673330321908,0.23164524999447167
8,32,cell-18accf6382e127460b48,pyzx_rewrite_identity_up_to_global_phase_v1,True,passed,full_aggregation,exact input parity/phase table -> canonical CNOT-Rz,0.5,0.5,logical_all_to_all_no_routing,passed,data/runs/w4-matched-representation-20260802/cells/cell-18accf6382e127460b48/cell.log,64,2147483648,65,42e9f3037cd46e05a1607cbe12dfaa2498d23a346f6b1cf7c3721e2d4acd5b7e,64,21,"['cx', 'rz']",96,0,0757a5d0f9293b6f42ed154978b915c76aecdc7768bc2bb126fd7bd3afdb55cd,29c6673a5c205383eb6790132af2b854738f60c6503ffb2fb6b5151116698ccf,32,2,contiguous_flat,rep-7c0bb30b686b2cf4023f,data/runs/w4-matched-representation-20260802/representations/rep-7c0bb30b686b2cf4023f/representation_manifest.json,9a5143c27db751886f248cd5fc0b8ce3ca7256a185bea740c7e4695e1df20024,False,106414080,20260811,5725,28615,1838,13581,1772,completed,"[""cx"",""rz"",""h""]",slice-a-m64,8164,20.0,0.0,0.3155839580576867,0.2197015000274405
8,32,cell-12139e55fa49e4b6b6f8,pyzx_rewrite_identity_up_to_global_phase_v1,True,passed,full_aggregation,exact input parity/phase table -> canonical CNOT-Rz,0.5,0.5,logical_all_to_all_no_routing,passed,data/runs/w4-matched-representation-20260802/cells/cell-12139e55fa49e4b6b6f8/cell.log,64,2147483648,65,42e9f3037cd46e05a1607cbe12dfaa2498d23a346f6b1cf7c3721e2d4acd5b7e,64,21,"['cx', 'rz']",96,0,0757a5d0f9293b6f42ed154978b915c76aecdc7768bc2bb126fd7bd3afdb55cd,29c6673a5c205383eb6790132af2b854738f60c6503ffb2fb6b5151116698ccf,32,2,contiguous_flat,rep-9b9510368291bd48ec7e,data/runs/w4-matched-representation-20260802/representations/rep-9b9510368291bd48ec7e/representation_manifest.json,e1bcfa09eaf30fb5feb689f4c780cf907b30a3fe08669f56cbd237ddf91b354c,False,106512384,20260812,5725,28615,1838,13581,1772,completed,"[""cx"",""rz"",""h""]",slice-a-m64,8164,20.0,0.0,0.3195279580540955,0.22024420800153166
8,32,cell-74963a99deb223210dc3,pyzx_rewrite_identity_up_to_global_phase_v1,True,passed,pyzx_full_reduce,OpenQASM2 -> PyZX graph/full_reduce/extract -> target basis,0.5,0.5,logical_all_to_all_no_routing,passed,data/runs/w4-matched-representation-20260802/cells/cell-74963a99deb223210dc3/cell.log,64,2147483648,65,88c90709b30a7670abcd14214c29455cc2a1e1545b70824708475020668e1c13,136,116,"['cx', 'h', 'rz']",604,436,ea6ac5415677422d1d367eb4982714dbf792270d4ff8308744e5778ecebbec6d,986343a46fe71f81c464c17f4669e65e3d92b57bc46fae33c087e5146536fbb7,32,2,contiguous_flat,rep-7c0bb30b686b2cf4023f,data/runs/w4-matched-representation-20260802/representations/rep-7c0bb30b686b2cf4023f/representation_manifest.json,9a5143c27db751886f248cd5fc0b8ce3ca7256a185bea740c7e4695e1df20024,False,109969408,20260811,5725,28615,6884,79327,6818,completed,"[""cx"",""rz"",""h""]",slice-a-m64,8164,20.0,0.0,0.4480763330357149,0.3465035419212654
8,32,cell-4c643cfdcd5df4bfb18f,pyzx_rewrite_identity_up_to_global_phase_v1,True,passed,pyzx_full_reduce,OpenQASM2 -> PyZX graph/full_reduce/extract -> target basis,0.5,0.5,logical_all_to_all_no_routing,passed,data/runs/w4-matched-representation-20260802/cells/cell-4c643cfdcd5df4bfb18f/cell.log,64,2147483648,65,88c90709b30a7670abcd14214c29455cc2a1e1545b70824708475020668e1c13,136,116,"['cx', 'h', 'rz']",604,436,ea6ac5415677422d1d367eb4982714dbf792270d4ff8308744e5778ecebbec6d,986343a46fe71f81c464c17f4669e65e3d92b57bc46fae33c087e5146536fbb7,32,2,contiguous_flat,rep-9b9510368291bd48ec7e,data/runs/w4-matched-representation-20260802/representations/rep-9b9510368291bd48ec7e/representation_manifest.json,e1bcfa09eaf30fb5feb689f4c780cf907b30a3fe08669f56cbd237ddf91b354c,False,109936640,20260812,5725,28615,6884,79327,6818,completed,"[""cx"",""rz"",""h""]",slice-a-m64,8164,20.0,0.0,0.4403645829297602,0.34422383294440806
8,32,cell-762be0a8dd0293c76084,pyzx_rewrite_identity_up_to_global_phase_v1,True,passed,qiskit_opt3,OpenQASM2 -> Qiskit preset level 3 -> target basis,0.5,0.5,logical_all_to_all_no_routing,passed,data/runs/w4-matched-representation-20260802/cells/cell-762be0a8dd0293c76084/cell.log,64,2147483648,65,42bc0f3896d69f31abd7dbe3cc894fa6ec1dc3cf10af8538aa99537a7e09ffc1,64,21,"['cx', 'rz']",96,0,873f60a5f2cfe3f7992d03f41946db001c735f4d185bc16d58a28b566834c395,29c6673a5c205383eb6790132af2b854738f60c6503ffb2fb6b5151116698ccf,32,2,contiguous_flat,rep-7c0bb30b686b2cf4023f,data/runs/w4-matched-representation-20260802/representations/rep-7c0bb30b686b2cf4023f/representation_manifest.json,9a5143c27db751886f248cd5fc0b8ce3ca7256a185bea740c7e4695e1df20024,False,109559808,20260811,5725,28615,1833,13580,1772,completed,"[""cx"",""rz"",""h""]",slice-a-m64,8164,20.0,0.0,0.34388691606000066,0.23707320902030915
8,32,cell-ecf7e856d6674263f3e1,pyzx_rewrite_identity_up_to_global_phase_v1,True,passed,qiskit_opt3,OpenQASM2 -> Qiskit preset level 3 -> target basis,0.5,0.5,logical_all_to_all_no_routing,passed,data/runs/w4-matched-representation-20260802/cells/cell-ecf7e856d6674263f3e1/cell.log,64,2147483648,65,42bc0f3896d69f31abd7dbe3cc894fa6ec1dc3cf10af8538aa99537a7e09ffc1,64,21,"['cx', 'rz']",96,0,873f60a5f2cfe3f7992d03f41946db001c735f4d185bc16d58a28b566834c395,29c6673a5c205383eb6790132af2b854738f60c6503ffb2fb6b5151116698ccf,32,2,contiguous_flat,rep-9b9510368291bd48ec7e,data/runs/w4-matched-representation-20260802/representations/rep-9b9510368291bd48ec7e/representation_manifest.json,e1bcfa09eaf30fb5feb689f4c780cf907b30a3fe08669f56cbd237ddf91b354c,False,109543424,20260812,5725,28615,1833,13580,1772,completed,"[""cx"",""rz"",""h""]",slice-a-m64,8164,20.0,0.0,0.33714433293789625,0.2318748749094084
8,32,cell-425fbcf08d0392239e8f,pyzx_rewrite_identity_up_to_global_phase_v1,True,passed,tket_paulisimp,OpenQASM2 -> TKET DecomposeBoxes/AutoRebase/PauliSimp -> target basis,0.5,0.5,logical_all_to_all_no_routing,passed,data/runs/w4-matched-representation-20260802/cells/cell-425fbcf08d0392239e8f/cell.log,64,2147483648,65,cb0f95418ee6aeb2abf2920f3b985e9b7615c44245f24a5211fe1a60f3009d97,114,51,"['cx', 'h', 'rz']",536,130,fe8fe09c9932ad0ef150a9b2400080fae5d1720e04869d11541e9e85de306b59,bfd9b31bef357220b017616b8c77b1f7ddc148fe8ba704c7e5cf8a684195be62,292,2,contiguous_flat,rep-7c0bb30b686b2cf4023f,data/runs/w4-matched-representation-20260802/representations/rep-7c0bb30b686b2cf4023f/representation_manifest.json,9a5143c27db751886f248cd5fc0b8ce3ca7256a185bea740c7e4695e1df20024,False,158449664,20260811,5725,28615,8166,79336,8102,completed,"[""cx"",""rz"",""h""]",slice-a-m64,8164,20.0,0.0,0.6230795840965584,0.484526582993567
8,32,cell-cd595149570b309a8314,pyzx_rewrite_identity_up_to_global_phase_v1,True,passed,tket_paulisimp,OpenQASM2 -> TKET DecomposeBoxes/AutoRebase/PauliSimp -> target basis,0.5,0.5,logical_all_to_all_no_routing,passed,data/runs/w4-matched-representation-20260802/cells/cell-cd595149570b309a8314/cell.log,64,2147483648,65,cb0f95418ee6aeb2abf2920f3b985e9b7615c44245f24a5211fe1a60f3009d97,114,51,"['cx', 'h', 'rz']",536,130,fe8fe09c9932ad0ef150a9b2400080fae5d1720e04869d11541e9e85de306b59,bfd9b31bef357220b017616b8c77b1f7ddc148fe8ba704c7e5cf8a684195be62,292,2,contiguous_flat,rep-9b9510368291bd48ec7e,data/runs/w4-matched-representation-20260802/representations/rep-9b9510368291bd48ec7e/representation_manifest.json,e1bcfa09eaf30fb5feb689f4c780cf907b30a3fe08669f56cbd237ddf91b354c,False,158580736,20260812,5725,28615,8166,79336,8102,completed,"[""cx"",""rz"",""h""]",slice-a-m64,8164,20.0,0.0,0.6229977910406888,0.4900980000384152
8,32,cell-9ff575cc7cb07fa38e37,pyzx_rewrite_identity_up_to_global_phase_v1,True,passed,echo_passthrough,literal input circuit -> output,0.5,0.5,logical_all_to_all_no_routing,passed,data/runs/w4-matched-representation-20260802/cells/cell-9ff575cc7cb07fa38e37/cell.log,64,2147483648,65,1ba53cc3439517b94ef6c2d69a0400f73f1d85a4f51551746ba8274cac85c894,64,21,"['cx', 'rz']",96,0,63534076a96736f16f1bfa96777c98b54a1d1fac3de7006f6968564cd1fe1dc6,29c6673a5c205383eb6790132af2b854738f60c6503ffb2fb6b5151116698ccf,32,2,locally_folded_flat,rep-bb2248d40ea81d77967f,data/runs/w4-matched-representation-20260802/representations/rep-bb2248d40ea81d77967f/representation_manifest.json,f30037e48b81a36b4c0fe3846347147fc79131a048c103b29b4693bac803f997,False,106397696,20260811,2909,13552,1838,13561,1772,completed,"[""cx"",""rz"",""h""]",slice-a-m64,8164,20.0,0.0,0.31818079098593444,0.22186199994757771
8,32,cell-ae8267080289690ac13f,pyzx_rewrite_identity_up_to_global_phase_v1,True,passed,echo_passthrough,literal input circuit -> output,0.5,0.5,logical_all_to_all_no_routing,passed,data/runs/w4-matched-representation-20260802/cells/cell-ae8267080289690ac13f/cell.log,64,2147483648,65,1ba53cc3439517b94ef6c2d69a0400f73f1d85a4f51551746ba8274cac85c894,64,21,"['cx', 'rz']",96,0,63534076a96736f16f1bfa96777c98b54a1d1fac3de7006f6968564cd1fe1dc6,29c6673a5c205383eb6790132af2b854738f60c6503ffb2fb6b5151116698ccf,32,2,locally_folded_flat,rep-6569c1d73ee2c09af507,data/runs/w4-matched-representation-20260802/representations/rep-6569c1d73ee2c09af507/representation_manifest.json,055997b92a0b6a6d02c654193146fdd026e57e577d125eb3c9a087ad9bb3154f,False,106430464,20260812,2909,13552,1838,13561,1772,completed,"[""cx"",""rz"",""h""]",slice-a-m64,8164,20.0,0.0,0.31855137494858354,0.2238498330116272
8,32,cell-f831671c2b4ed891f6b8,pyzx_rewrite_identity_up_to_global_phase_v1,True,passed,full_aggregation,exact input parity/phase table -> canonical CNOT-Rz,0.5,0.5,logical_all_to_all_no_routing,passed,data/runs/w4-matched-representation-20260802/cells/cell-f831671c2b4ed891f6b8/cell.log,64,2147483648,65,42e9f3037cd46e05a1607cbe12dfaa2498d23a346f6b1cf7c3721e2d4acd5b7e,64,21,"['cx', 'rz']",96,0,0757a5d0f9293b6f42ed154978b915c76aecdc7768bc2bb126fd7bd3afdb55cd,29c6673a5c205383eb6790132af2b854738f60c6503ffb2fb6b5151116698ccf,32,2,locally_folded_flat,rep-bb2248d40ea81d77967f,data/runs/w4-matched-representation-20260802/representations/rep-bb2248d40ea81d77967f/representation_manifest.json,f30037e48b81a36b4c0fe3846347147fc79131a048c103b29b4693bac803f997,False,106364928,20260811,2909,13552,1838,13581,1772,completed,"[""cx"",""rz"",""h""]",slice-a-m64,8164,20.0,0.0,0.31227408291306347,0.22057858400512487
8,32,cell-dc148be2276d862e0813,pyzx_rewrite_identity_up_to_global_phase_v1,True,passed,full_aggregation,exact input parity/phase table -> canonical CNOT-Rz,0.5,0.5,logical_all_to_all_no_routing,passed,data/runs/w4-matched-representation-20260802/cells/cell-dc148be2276d862e0813/cell.log,64,2147483648,65,42e9f3037cd46e05a1607cbe12dfaa2498d23a346f6b1cf7c3721e2d4acd5b7e,64,21,"['cx', 'rz']",96,0,0757a5d0f9293b6f42ed154978b915c76aecdc7768bc2bb126fd7bd3afdb55cd,29c6673a5c205383eb6790132af2b854738f60c6503ffb2fb6b5151116698ccf,32,2,locally_folded_flat,rep-6569c1d73ee2c09af507,data/runs/w4-matched-representation-20260802/representations/rep-6569c1d73ee2c09af507/representation_manifest.json,055997b92a0b6a6d02c654193146fdd026e57e577d125eb3c9a087ad9bb3154f,False,106430464,20260812,2909,13552,1838,13581,1772,completed,"[""cx"",""rz"",""h""]",slice-a-m64,8164,20.0,0.0,0.312336792005226,0.22096633398905396
8,32,cell-a0a53797148276767363,pyzx_rewrite_identity_up_to_global_phase_v1,True,passed,pyzx_full_reduce,OpenQASM2 -> PyZX graph/full_reduce/extract -> target basis,0.5,0.5,logical_all_to_all_no_routing,passed,data/runs/w4-matched-representation-20260802/cells/cell-a0a53797148276767363/cell.log,64,2147483648,65,88c90709b30a7670abcd14214c29455cc2a1e1545b70824708475020668e1c13,136,116,"['cx', 'h', 'rz']",604,436,ea6ac5415677422d1d367eb4982714dbf792270d4ff8308744e5778ecebbec6d,986343a46fe71f81c464c17f4669e65e3d92b57bc46fae33c087e5146536fbb7,32,2,locally_folded_flat,rep-bb2248d40ea81d77967f,data/runs/w4-matched-representation-20260802/representations/rep-bb2248d40ea81d77967f/representation_manifest.json,f30037e48b81a36b4c0fe3846347147fc79131a048c103b29b4693bac803f997,False,109871104,20260811,2909,13552,6884,79327,6818,completed,"[""cx"",""rz"",""h""]",slice-a-m64,8164,20.0,0.0,0.45128891698550433,0.341793708037585
8,32,cell-422f4aefc9c5807d3af9,pyzx_rewrite_identity_up_to_global_phase_v1,True,passed,pyzx_full_reduce,OpenQASM2 -> PyZX graph/full_reduce/extract -> target basis,0.5,0.5,logical_all_to_all_no_routing,passed,data/runs/w4-matched-representation-20260802/cells/cell-422f4aefc9c5807d3af9/cell.log,64,2147483648,65,88c90709b30a7670abcd14214c29455cc2a1e1545b70824708475020668e1c13,136,116,"['cx', 'h', 'rz']",604,436,ea6ac5415677422d1d367eb4982714dbf792270d4ff8308744e5778ecebbec6d,986343a46fe71f81c464c17f4669e65e3d92b57bc46fae33c087e5146536fbb7,32,2,locally_folded_flat,rep-6569c1d73ee2c09af507,data/runs/w4-matched-representation-20260802/representations/rep-6569c1d73ee2c09af507/representation_manifest.json,055997b92a0b6a6d02c654193146fdd026e57e577d125eb3c9a087ad9bb3154f,False,109805568,20260812,2909,13552,6884,79327,6818,completed,"[""cx"",""rz"",""h""]",slice-a-m64,8164,20.0,0.0,0.4339182919356972,0.33911462500691414
8,32,cell-f25bef5d7538d7f1bd29,pyzx_rewrite_identity_up_to_global_phase_v1,True,passed,qiskit_opt3,OpenQASM2 -> Qiskit preset level 3 -> target basis,0.5,0.5,logical_all_to_all_no_routing,passed,data/runs/w4-matched-representation-20260802/cells/cell-f25bef5d7538d7f1bd29/cell.log,64,2147483648,65,42bc0f3896d69f31abd7dbe3cc894fa6ec1dc3cf10af8538aa99537a7e09ffc1,64,21,"['cx', 'rz']",96,0,873f60a5f2cfe3f7992d03f41946db001c735f4d185bc16d58a28b566834c395,29c6673a5c205383eb6790132af2b854738f60c6503ffb2fb6b5151116698ccf,32,2,locally_folded_flat,rep-bb2248d40ea81d77967f,data/runs/w4-matched-representation-20260802/representations/rep-bb2248d40ea81d77967f/representation_manifest.json,f30037e48b81a36b4c0fe3846347147fc79131a048c103b29b4693bac803f997,False,109445120,20260811,2909,13552,1833,13580,1772,completed,"[""cx"",""rz"",""h""]",slice-a-m64,8164,20.0,0.0,0.3354981670854613,0.23741075000725687
8,32,cell-da4016b76a5ab5743c52,pyzx_rewrite_identity_up_to_global_phase_v1,True,passed,qiskit_opt3,OpenQASM2 -> Qiskit preset level 3 -> target basis,0.5,0.5,logical_all_to_all_no_routing,passed,data/runs/w4-matched-representation-20260802/cells/cell-da4016b76a5ab5743c52/cell.log,64,2147483648,65,42bc0f3896d69f31abd7dbe3cc894fa6ec1dc3cf10af8538aa99537a7e09ffc1,64,21,"['cx', 'rz']",96,0,873f60a5f2cfe3f7992d03f41946db001c735f4d185bc16d58a28b566834c395,29c6673a5c205383eb6790132af2b854738f60c6503ffb2fb6b5151116698ccf,32,2,locally_folded_flat,rep-6569c1d73ee2c09af507,data/runs/w4-matched-representation-20260802/representations/rep-6569c1d73ee2c09af507/representation_manifest.json,055997b92a0b6a6d02c654193146fdd026e57e577d125eb3c9a087ad9bb3154f,False,109559808,20260812,2909,13552,1833,13580,1772,completed,"[""cx"",""rz"",""h""]",slice-a-m64,8164,20.0,0.0,0.3380217500962317,0.23498491605278105
8,32,cell-0109e6d1258c44d9f67d,pyzx_rewrite_identity_up_to_global_phase_v1,True,passed,tket_paulisimp,OpenQASM2 -> TKET DecomposeBoxes/AutoRebase/PauliSimp -> target basis,0.5,0.5,logical_all_to_all_no_routing,passed,data/runs/w4-matched-representation-20260802/cells/cell-0109e6d1258c44d9f67d/cell.log,64,2147483648,65,cb0f95418ee6aeb2abf2920f3b985e9b7615c44245f24a5211fe1a60f3009d97,114,51,"['cx', 'h', 'rz']",536,130,fe8fe09c9932ad0ef150a9b2400080fae5d1720e04869d11541e9e85de306b59,bfd9b31bef357220b017616b8c77b1f7ddc148fe8ba704c7e5cf8a684195be62,292,2,locally_folded_flat,rep-bb2248d40ea81d77967f,data/runs/w4-matched-representation-20260802/representations/rep-bb2248d40ea81d77967f/representation_manifest.json,f30037e48b81a36b4c0fe3846347147fc79131a048c103b29b4693bac803f997,False,158466048,20260811,2909,13552,8166,79336,8102,completed,"[""cx"",""rz"",""h""]",slice-a-m64,8164,20.0,0.0,0.6240076249232516,0.48096345900557935
8,32,cell-716cf2ab3cd347ab9ea4,pyzx_rewrite_identity_up_to_global_phase_v1,True,passed,tket_paulisimp,OpenQASM2 -> TKET DecomposeBoxes/AutoRebase/PauliSimp -> target basis,0.5,0.5,logical_all_to_all_no_routing,passed,data/runs/w4-matched-representation-20260802/cells/cell-716cf2ab3cd347ab9ea4/cell.log,64,2147483648,65,cb0f95418ee6aeb2abf2920f3b985e9b7615c44245f24a5211fe1a60f3009d97,114,51,"['cx', 'h', 'rz']",536,130,fe8fe09c9932ad0ef150a9b2400080fae5d1720e04869d11541e9e85de306b59,bfd9b31bef357220b017616b8c77b1f7ddc148fe8ba704c7e5cf8a684195be62,292,2,locally_folded_flat,rep-6569c1d73ee2c09af507,data/runs/w4-matched-representation-20260802/representations/rep-6569c1d73ee2c09af507/representation_manifest.json,055997b92a0b6a6d02c654193146fdd026e57e577d125eb3c9a087ad9bb3154f,False,158482432,20260812,2909,13552,8166,79336,8102,completed,"[""cx"",""rz"",""h""]",slice-a-m64,8164,20.0,0.0,0.6215507499873638,0.48494999995455146
8,32,cell-71a66bb2930b8715d284,pyzx_rewrite_identity_up_to_global_phase_v1,True,passed,echo_passthrough,literal input circuit -> output,0.5,0.5,logical_all_to_all_no_routing,passed,data/runs/w4-matched-representation-20260802/cells/cell-71a66bb2930b8715d284/cell.log,64,2147483648,65,fe6f99a47849c534ad3736e344b6bf8b60a17699add9d70661f7b4c92d64c413,128,27,"['cx', 'rz']",192,0,a33e84bb5f0a247c9471f0d4314c886e56f64f0da0cf8295bb54e3ea5a935432,3ee19ad1e7821939cf6fdf9408f0227cdd1587d246ce7e9366d5373d9ffdc52f,64,2,masked_share_update,rep-3d0a85bc73667519b17b,data/runs/w4-matched-representation-20260802/representations/rep-3d0a85bc73667519b17b/representation_manifest.json,bbf6aa5fd2143f1c5931bcef6c9f17f3958af168888ebf170b3660fb77f11ee8,False,106577920,20260811,5725,28602,3726,28611,3660,completed,"[""cx"",""rz"",""h""]",slice-a-m64,8164,20.0,0.0,0.33040066610556096,0.23202812497038394
8,32,cell-6bf86b926365b46a053b,pyzx_rewrite_identity_up_to_global_phase_v1,True,passed,echo_passthrough,literal input circuit -> output,0.5,0.5,logical_all_to_all_no_routing,passed,data/runs/w4-matched-representation-20260802/cells/cell-6bf86b926365b46a053b/cell.log,64,2147483648,65,49cabbd66413528c85391668c8158e0f74acc1aaf33cc851b176f8fe08018881,128,27,"['cx', 'rz']",192,0,0befcdd50802acceac0dc3a7fff19573153ddac62aca8984e3c8c86a2fbea291,f70bbcbb6bbced7ab660197b10172b790e313017bb9f441c2fbc9d28a6d7545f,64,2,masked_share_update,rep-4ef649f7bd0aa8cdcc24,data/runs/w4-matched-representation-20260802/representations/rep-4ef649f7bd0aa8cdcc24/representation_manifest.json,61b37c657bac0859aaf95c082eccab30777c59aa5479ba5b04cc673a5195ef08,False,106594304,20260812,5725,28608,3760,28617,3694,completed,"[""cx"",""rz"",""h""]",slice-a-m64,8164,20.0,0.0,0.3412437919760123,0.23285245802253485
8,32,cell-8c524826507664a3dbd0,pyzx_rewrite_identity_up_to_global_phase_v1,True,passed,full_aggregation,exact input parity/phase table -> canonical CNOT-Rz,0.5,0.5,logical_all_to_all_no_routing,passed,data/runs/w4-matched-representation-20260802/cells/cell-8c524826507664a3dbd0/cell.log,64,2147483648,65,42e9f3037cd46e05a1607cbe12dfaa2498d23a346f6b1cf7c3721e2d4acd5b7e,64,21,"['cx', 'rz']",96,0,0757a5d0f9293b6f42ed154978b915c76aecdc7768bc2bb126fd7bd3afdb55cd,29c6673a5c205383eb6790132af2b854738f60c6503ffb2fb6b5151116698ccf,32,2,masked_share_update,rep-3d0a85bc73667519b17b,data/runs/w4-matched-representation-20260802/representations/rep-3d0a85bc73667519b17b/representation_manifest.json,bbf6aa5fd2143f1c5931bcef6c9f17f3958af168888ebf170b3660fb77f11ee8,False,106397696,20260811,5725,28602,1838,13581,1772,completed,"[""cx"",""rz"",""h""]",slice-a-m64,8164,20.0,0.0,0.3157974169589579,0.22607624996453524
8,32,cell-0c9342d6632ddba5abdb,pyzx_rewrite_identity_up_to_global_phase_v1,True,passed,full_aggregation,exact input parity/phase table -> canonical CNOT-Rz,0.5,0.5,logical_all_to_all_no_routing,passed,data/runs/w4-matched-representation-20260802/cells/cell-0c9342d6632ddba5abdb/cell.log,64,2147483648,65,42e9f3037cd46e05a1607cbe12dfaa2498d23a346f6b1cf7c3721e2d4acd5b7e,64,21,"['cx', 'rz']",96,0,0757a5d0f9293b6f42ed154978b915c76aecdc7768bc2bb126fd7bd3afdb55cd,29c6673a5c205383eb6790132af2b854738f60c6503ffb2fb6b5151116698ccf,32,2,masked_share_update,rep-4ef649f7bd0aa8cdcc24,data/runs/w4-matched-representation-20260802/representations/rep-4ef649f7bd0aa8cdcc24/representation_manifest.json,61b37c657bac0859aaf95c082eccab30777c59aa5479ba5b04cc673a5195ef08,False,106364928,20260812,5725,28608,1838,13581,1772,completed,"[""cx"",""rz"",""h""]",slice-a-m64,8164,20.0,0.0,0.31073608295992017,0.21956004097592086
8,32,cell-0134ba3a31b647fb7d02,pyzx_rewrite_identity_up_to_global_phase_v1,True,passed,pyzx_full_reduce,OpenQASM2 -> PyZX graph/full_reduce/extract -> target basis,0.5,0.5,logical_all_to_all_no_routing,passed,data/runs/w4-matched-representation-20260802/cells/cell-0134ba3a31b647fb7d02/cell.log,64,2147483648,65,88c90709b30a7670abcd14214c29455cc2a1e1545b70824708475020668e1c13,136,116,"['cx', 'h', 'rz']",604,436,ea6ac5415677422d1d367eb4982714dbf792270d4ff8308744e5778ecebbec6d,986343a46fe71f81c464c17f4669e65e3d92b57bc46fae33c087e5146536fbb7,32,2,masked_share_update,rep-3d0a85bc73667519b17b,data/runs/w4-matched-representation-20260802/representations/rep-3d0a85bc73667519b17b/representation_manifest.json,bbf6aa5fd2143f1c5931bcef6c9f17f3958af168888ebf170b3660fb77f11ee8,False,109903872,20260811,5725,28602,6884,79327,6818,completed,"[""cx"",""rz"",""h""]",slice-a-m64,8164,20.0,0.0,0.445615959004499,0.3505827090702951
8,32,cell-64b98ff9c1c822183de0,pyzx_rewrite_identity_up_to_global_phase_v1,True,passed,pyzx_full_reduce,OpenQASM2 -> PyZX graph/full_reduce/extract -> target basis,0.5,0.5,logical_all_to_all_no_routing,passed,data/runs/w4-matched-representation-20260802/cells/cell-64b98ff9c1c822183de0/cell.log,64,2147483648,65,88c90709b30a7670abcd14214c29455cc2a1e1545b70824708475020668e1c13,136,116,"['cx', 'h', 'rz']",604,436,ea6ac5415677422d1d367eb4982714dbf792270d4ff8308744e5778ecebbec6d,986343a46fe71f81c464c17f4669e65e3d92b57bc46fae33c087e5146536fbb7,32,2,masked_share_update,rep-4ef649f7bd0aa8cdcc24,data/runs/w4-matched-representation-20260802/representations/rep-4ef649f7bd0aa8cdcc24/representation_manifest.json,61b37c657bac0859aaf95c082eccab30777c59aa5479ba5b04cc673a5195ef08,False,109985792,20260812,5725,28608,6884,79327,6818,completed,"[""cx"",""rz"",""h""]",slice-a-m64,8164,20.0,0.0,0.4567298329202458,0.3588999999919906
8,32,cell-994ac261ff558792d9b6,pyzx_rewrite_identity_up_to_global_phase_v1,False,inconclusive,qiskit_opt3,OpenQASM2 -> Qiskit preset level 3 -> target basis,0.5,0.5,logical_all_to_all_no_routing,passed,data/runs/w4-matched-representation-20260802/cells/cell-994ac261ff558792d9b6/cell.log,64,2147483648,65,ef389acc693c52906cc926b6476971373f6dab2e54d8b19b831d4934dbdfa534,99,48,"['cx', 'h', 'rz']",195,14,a6b79ad5699311f231b039e276833e9e0d2f63c94a8203e8266464c3f73ba7ad,a30c16aa2075fc841dc07dde0dd0331996c59dd4a2be5b2830aec720e248824e,82,2,masked_share_update,rep-3d0a85bc73667519b17b,data/runs/w4-matched-representation-20260802/representations/rep-3d0a85bc73667519b17b/representation_manifest.json,bbf6aa5fd2143f1c5931bcef6c9f17f3958af168888ebf170b3660fb77f11ee8,False,110444544,20260811,5725,28602,3751,28783,3690,predicate_error,"[""cx"",""rz"",""h""]",slice-a-m64,8164,20.0,0.0,0.3533547919942066,0.2498039590427652
8,32,cell-eb9af3b0cc65871c7c93,pyzx_rewrite_identity_up_to_global_phase_v1,False,inconclusive,qiskit_opt3,OpenQASM2 -> Qiskit preset level 3 -> target basis,0.5,0.5,logical_all_to_all_no_routing,passed,data/runs/w4-matched-representation-20260802/cells/cell-eb9af3b0cc65871c7c93/cell.log,64,2147483648,65,3a213bda9a79c231d2da38bc509ce7eaeb64e598541b3bd90c50ff4e9ed9fa61,100,40,"['cx', 'h', 'rz']",200,16,ad19ee5423851935d25ef070c33b7a23f0b6ca5ca15fb96ae534f3517bc28463,c7276adcad43078e50307303df6232c38bfe5714aec1ed128654a39a050581be,84,2,masked_share_update,rep-4ef649f7bd0aa8cdcc24,data/runs/w4-matched-representation-20260802/representations/rep-4ef649f7bd0aa8cdcc24/representation_manifest.json,61b37c657bac0859aaf95c082eccab30777c59aa5479ba5b04cc673a5195ef08,False,110608384,20260812,5725,28608,3873,29512,3812,predicate_error,"[""cx"",""rz"",""h""]",slice-a-m64,8164,20.0,0.0,0.3484349169302732,0.25037529098335654
8,32,cell-13522b1360c03c074fe8,pyzx_rewrite_identity_up_to_global_phase_v1,True,passed,tket_paulisimp,OpenQASM2 -> TKET DecomposeBoxes/AutoRebase/PauliSimp -> target basis,0.5,0.5,logical_all_to_all_no_routing,passed,data/runs/w4-matched-representation-20260802/cells/cell-13522b1360c03c074fe8/cell.log,64,2147483648,65,b2f9042f198b7c056ec1cea55ffa0c3dc662068c3a4d9c71e395cb1122811abd,116,51,"['cx', 'h', 'rz']",543,130,021e6b459952329a49a6276442dac9f345569b3a2f93c58d65e4ecd4c8ce15ed,6bc12ed7b1b684849900a7cc766cc66f8ce51a2c80994c8c43871629a74a5014,297,2,masked_share_update,rep-3d0a85bc73667519b17b,data/runs/w4-matched-representation-20260802/representations/rep-3d0a85bc73667519b17b/representation_manifest.json,bbf6aa5fd2143f1c5931bcef6c9f17f3958af168888ebf170b3660fb77f11ee8,False,158449664,20260811,5725,28602,8465,80449,8401,completed,"[""cx"",""rz"",""h""]",slice-a-m64,8164,20.0,0.0,0.6235512910643592,0.4934612079523504
8,32,cell-f2a959d1ccd3aa960ade,pyzx_rewrite_identity_up_to_global_phase_v1,True,passed,tket_paulisimp,OpenQASM2 -> TKET DecomposeBoxes/AutoRebase/PauliSimp -> target basis,0.5,0.5,logical_all_to_all_no_routing,passed,data/runs/w4-matched-representation-20260802/cells/cell-f2a959d1ccd3aa960ade/cell.log,64,2147483648,65,81066ead23d7e73adecaffcf539cfbe299a5dba678a1a1aaf4ec15334744fa8c,118,53,"['cx', 'h', 'rz']",542,130,ebe58be98d4d1a7352b6f5eb4e52f6423de80f64d3345aa8592e95d51511d161,9234208406a853565f2868fd49f85b0218e5924260c1a0264197a2989237c7d0,294,2,masked_share_update,rep-4ef649f7bd0aa8cdcc24,data/runs/w4-matched-representation-20260802/representations/rep-4ef649f7bd0aa8cdcc24/representation_manifest.json,61b37c657bac0859aaf95c082eccab30777c59aa5479ba5b04cc673a5195ef08,False,158531584,20260812,5725,28608,8468,80280,8404,completed,"[""cx"",""rz"",""h""]",slice-a-m64,8164,20.0,0.0,0.6397296249633655,0.4877560419263318
8,32,cell-a6d1c5ebe795b7efc31b,pyzx_rewrite_identity_up_to_global_phase_v1,True,passed,echo_passthrough,literal input circuit -> output,0.5,0.5,logical_all_to_all_no_routing,passed,data/runs/w4-matched-representation-20260802/cells/cell-a6d1c5ebe795b7efc31b/cell.log,64,2147483648,65,1ba53cc3439517b94ef6c2d69a0400f73f1d85a4f51551746ba8274cac85c894,64,21,"['cx', 'rz']",96,0,63534076a96736f16f1bfa96777c98b54a1d1fac3de7006f6968564cd1fe1dc6,29c6673a5c205383eb6790132af2b854738f60c6503ffb2fb6b5151116698ccf,32,2,qasm_bridge,rep-08c3410aefe3c6651e2a,data/runs/w4-matched-representation-20260802/representations/rep-08c3410aefe3c6651e2a/representation_manifest.json,c4f90b9069aa23c40204baa98c8232a749297dfa9c0443938c917cb31fbd0e3c,False,106364928,20260811,1848,13544,1838,13561,1772,completed,"[""cx"",""rz"",""h""]",slice-a-m64,8164,20.0,0.0,0.3320457088993862,0.22516633302439004
8,32,cell-fd9d223a29ed2bdfbcad,pyzx_rewrite_identity_up_to_global_phase_v1,True,passed,echo_passthrough,literal input circuit -> output,0.5,0.5,logical_all_to_all_no_routing,passed,data/runs/w4-matched-representation-20260802/cells/cell-fd9d223a29ed2bdfbcad/cell.log,64,2147483648,65,1ba53cc3439517b94ef6c2d69a0400f73f1d85a4f51551746ba8274cac85c894,64,21,"['cx', 'rz']",96,0,63534076a96736f16f1bfa96777c98b54a1d1fac3de7006f6968564cd1fe1dc6,29c6673a5c205383eb6790132af2b854738f60c6503ffb2fb6b5151116698ccf,32,2,qasm_bridge,rep-254ed10d5b7b390ff92c,data/runs/w4-matched-representation-20260802/representations/rep-254ed10d5b7b390ff92c/representation_manifest.json,e7a5f9323157c3d9e4c794facf5547ec36b3b0f74e4d46f65b4b17e806480a28,False,106479616,20260812,1848,13544,1838,13561,1772,completed,"[""cx"",""rz"",""h""]",slice-a-m64,8164,20.0,0.0,0.3151152089703828,0.22082591697108
8,32,cell-aa3f384601c86f4b70ca,pyzx_rewrite_identity_up_to_global_phase_v1,True,passed,full_aggregation,exact input parity/phase table -> canonical CNOT-Rz,0.5,0.5,logical_all_to_all_no_routing,passed,data/runs/w4-matched-representation-20260802/cells/cell-aa3f384601c86f4b70ca/cell.log,64,2147483648,65,42e9f3037cd46e05a1607cbe12dfaa2498d23a346f6b1cf7c3721e2d4acd5b7e,64,21,"['cx', 'rz']",96,0,0757a5d0f9293b6f42ed154978b915c76aecdc7768bc2bb126fd7bd3afdb55cd,29c6673a5c205383eb6790132af2b854738f60c6503ffb2fb6b5151116698ccf,32,2,qasm_bridge,rep-08c3410aefe3c6651e2a,data/runs/w4-matched-representation-20260802/representations/rep-08c3410aefe3c6651e2a/representation_manifest.json,c4f90b9069aa23c40204baa98c8232a749297dfa9c0443938c917cb31fbd0e3c,False,106364928,20260811,1848,13544,1838,13581,1772,completed,"[""cx"",""rz"",""h""]",slice-a-m64,8164,20.0,0.0,0.3203365410445258,0.2208125829929486
8,32,cell-fc37266130d6d60e2170,pyzx_rewrite_identity_up_to_global_phase_v1,True,passed,full_aggregation,exact input parity/phase table -> canonical CNOT-Rz,0.5,0.5,logical_all_to_all_no_routing,passed,data/runs/w4-matched-representation-20260802/cells/cell-fc37266130d6d60e2170/cell.log,64,2147483648,65,42e9f3037cd46e05a1607cbe12dfaa2498d23a346f6b1cf7c3721e2d4acd5b7e,64,21,"['cx', 'rz']",96,0,0757a5d0f9293b6f42ed154978b915c76aecdc7768bc2bb126fd7bd3afdb55cd,29c6673a5c205383eb6790132af2b854738f60c6503ffb2fb6b5151116698ccf,32,2,qasm_bridge,rep-254ed10d5b7b390ff92c,data/runs/w4-matched-representation-20260802/representations/rep-254ed10d5b7b390ff92c/representation_manifest.json,e7a5f9323157c3d9e4c794facf5547ec36b3b0f74e4d46f65b4b17e806480a28,False,106414080,20260812,1848,13544,1838,13581,1772,completed,"[""cx"",""rz"",""h""]",slice-a-m64,8164,20.0,0.0,0.336327875033021,0.22451791597995907
8,32,cell-9a8d68127140a36ce80f,pyzx_rewrite_identity_up_to_global_phase_v1,True,passed,pyzx_full_reduce,OpenQASM2 -> PyZX graph/full_reduce/extract -> target basis,0.5,0.5,logical_all_to_all_no_routing,passed,data/runs/w4-matched-representation-20260802/cells/cell-9a8d68127140a36ce80f/cell.log,64,2147483648,65,88c90709b30a7670abcd14214c29455cc2a1e1545b70824708475020668e1c13,136,116,"['cx', 'h', 'rz']",604,436,ea6ac5415677422d1d367eb4982714dbf792270d4ff8308744e5778ecebbec6d,986343a46fe71f81c464c17f4669e65e3d92b57bc46fae33c087e5146536fbb7,32,2,qasm_bridge,rep-08c3410aefe3c6651e2a,data/runs/w4-matched-representation-20260802/representations/rep-08c3410aefe3c6651e2a/representation_manifest.json,c4f90b9069aa23c40204baa98c8232a749297dfa9c0443938c917cb31fbd0e3c,False,109854720,20260811,1848,13544,6884,79327,6818,completed,"[""cx"",""rz"",""h""]",slice-a-m64,8164,20.0,0.0,0.4351282089482993,0.3409112080698833
8,32,cell-8922ce1983bbb8f3d6bc,pyzx_rewrite_identity_up_to_global_phase_v1,True,passed,pyzx_full_reduce,OpenQASM2 -> PyZX graph/full_reduce/extract -> target basis,0.5,0.5,logical_all_to_all_no_routing,passed,data/runs/w4-matched-representation-20260802/cells/cell-8922ce1983bbb8f3d6bc/cell.log,64,2147483648,65,88c90709b30a7670abcd14214c29455cc2a1e1545b70824708475020668e1c13,136,116,"['cx', 'h', 'rz']",604,436,ea6ac5415677422d1d367eb4982714dbf792270d4ff8308744e5778ecebbec6d,986343a46fe71f81c464c17f4669e65e3d92b57bc46fae33c087e5146536fbb7,32,2,qasm_bridge,rep-254ed10d5b7b390ff92c,data/runs/w4-matched-representation-20260802/representations/rep-254ed10d5b7b390ff92c/representation_manifest.json,e7a5f9323157c3d9e4c794facf5547ec36b3b0f74e4d46f65b4b17e806480a28,False,109789184,20260812,1848,13544,6884,79327,6818,completed,"[""cx"",""rz"",""h""]",slice-a-m64,8164,20.0,0.0,0.4434054590528831,0.33839595795143396
8,32,cell-4c0ba4233b89d652070b,pyzx_rewrite_identity_up_to_global_phase_v1,True,passed,qiskit_opt3,OpenQASM2 -> Qiskit preset level 3 -> target basis,0.5,0.5,logical_all_to_all_no_routing,passed,data/runs/w4-matched-representation-20260802/cells/cell-4c0ba4233b89d652070b/cell.log,64,2147483648,65,42bc0f3896d69f31abd7dbe3cc894fa6ec1dc3cf10af8538aa99537a7e09ffc1,64,21,"['cx', 'rz']",96,0,873f60a5f2cfe3f7992d03f41946db001c735f4d185bc16d58a28b566834c395,29c6673a5c205383eb6790132af2b854738f60c6503ffb2fb6b5151116698ccf,32,2,qasm_bridge,rep-08c3410aefe3c6651e2a,data/runs/w4-matched-representation-20260802/representations/rep-08c3410aefe3c6651e2a/representation_manifest.json,c4f90b9069aa23c40204baa98c8232a749297dfa9c0443938c917cb31fbd0e3c,False,109576192,20260811,1848,13544,1833,13580,1772,completed,"[""cx"",""rz"",""h""]",slice-a-m64,8164,20.0,0.0,0.34196249989327043,0.23490275000222027
8,32,cell-006199619fe68f7811b0,pyzx_rewrite_identity_up_to_global_phase_v1,True,passed,qiskit_opt3,OpenQASM2 -> Qiskit preset level 3 -> target basis,0.5,0.5,logical_all_to_all_no_routing,passed,data/runs/w4-matched-representation-20260802/cells/cell-006199619fe68f7811b0/cell.log,64,2147483648,65,42bc0f3896d69f31abd7dbe3cc894fa6ec1dc3cf10af8538aa99537a7e09ffc1,64,21,"['cx', 'rz']",96,0,873f60a5f2cfe3f7992d03f41946db001c735f4d185bc16d58a28b566834c395,29c6673a5c205383eb6790132af2b854738f60c6503ffb2fb6b5151116698ccf,32,2,qasm_bridge,rep-254ed10d5b7b390ff92c,data/runs/w4-matched-representation-20260802/representations/rep-254ed10d5b7b390ff92c/representation_manifest.json,e7a5f9323157c3d9e4c794facf5547ec36b3b0f74e4d46f65b4b17e806480a28,False,109527040,20260812,1848,13544,1833,13580,1772,completed,"[""cx"",""rz"",""h""]",slice-a-m64,8164,20.0,0.0,0.3455086660105735,0.23193129198625684
8,32,cell-dbaffe913539cbc79895,pyzx_rewrite_identity_up_to_global_phase_v1,True,passed,tket_paulisimp,OpenQASM2 -> TKET DecomposeBoxes/AutoRebase/PauliSimp -> target basis,0.5,0.5,logical_all_to_all_no_routing,passed,data/runs/w4-matched-representation-20260802/cells/cell-dbaffe913539cbc79895/cell.log,64,2147483648,65,cb0f95418ee6aeb2abf2920f3b985e9b7615c44245f24a5211fe1a60f3009d97,114,51,"['cx', 'h', 'rz']",536,130,fe8fe09c9932ad0ef150a9b2400080fae5d1720e04869d11541e9e85de306b59,bfd9b31bef357220b017616b8c77b1f7ddc148fe8ba704c7e5cf8a684195be62,292,2,qasm_bridge,rep-08c3410aefe3c6651e2a,data/runs/w4-matched-representation-20260802/representations/rep-08c3410aefe3c6651e2a/representation_manifest.json,c4f90b9069aa23c40204baa98c8232a749297dfa9c0443938c917cb31fbd0e3c,False,158400512,20260811,1848,13544,8166,79336,8102,completed,"[""cx"",""rz"",""h""]",slice-a-m64,8164,20.0,0.0,0.6258807090343907,0.48415108397603035
8,32,cell-650d3458b5f0b8f52d0d,pyzx_rewrite_identity_up_to_global_phase_v1,True,passed,tket_paulisimp,OpenQASM2 -> TKET DecomposeBoxes/AutoRebase/PauliSimp -> target basis,0.5,0.5,logical_all_to_all_no_routing,passed,data/runs/w4-matched-representation-20260802/cells/cell-650d3458b5f0b8f52d0d/cell.log,64,2147483648,65,cb0f95418ee6aeb2abf2920f3b985e9b7615c44245f24a5211fe1a60f3009d97,114,51,"['cx', 'h', 'rz']",536,130,fe8fe09c9932ad0ef150a9b2400080fae5d1720e04869d11541e9e85de306b59,bfd9b31bef357220b017616b8c77b1f7ddc148fe8ba704c7e5cf8a684195be62,292,2,qasm_bridge,rep-254ed10d5b7b390ff92c,data/runs/w4-matched-representation-20260802/representations/rep-254ed10d5b7b390ff92c/representation_manifest.json,e7a5f9323157c3d9e4c794facf5547ec36b3b0f74e4d46f65b4b17e806480a28,False,158416896,20260812,1848,13544,8166,79336,8102,completed,"[""cx"",""rz"",""h""]",slice-a-m64,8164,20.0,0.0,0.6161561249755323,0.4821654580300674
8,32,cell-585efb18152c6f82f5b3,pyzx_rewrite_identity_up_to_global_phase_v1,True,passed,echo_passthrough,literal input circuit -> output,0.5,0.5,logical_all_to_all_no_routing,passed,data/runs/w4-matched-representation-20260802/cells/cell-585efb18152c6f82f5b3/cell.log,64,2147483648,65,7d121184b3b94084fdb89445315eefd980a33a5bd1d6c23e5e924a4bf30f957b,128,18,"['cx', 'rz']",192,0,6b7788b3c5cabeec65fdfb3485931ff1ab2c7f30173bcfe7549e2d228af0ca55,073f861d63538e29ba029c82a1aeef2037999f4dabaf2fc04244544f3695e364,64,2,random_commuting_order,rep-d052952ea0d3fa7d0a0a,data/runs/w4-matched-representation-20260802/representations/rep-d052952ea0d3fa7d0a0a/representation_manifest.json,18261fa6a9f558ccbd0e3281dd4735250a087766a7a2a50968de7a6b856906d6,False,106496000,20260811,5725,28611,3673,28617,3607,completed,"[""cx"",""rz"",""h""]",slice-a-m64,8164,20.0,0.0,0.3346872500842437,0.23194116703234613
8,32,cell-4dfeb4c7e4c2c80d7245,pyzx_rewrite_identity_up_to_global_phase_v1,True,passed,echo_passthrough,literal input circuit -> output,0.5,0.5,logical_all_to_all_no_routing,passed,data/runs/w4-matched-representation-20260802/cells/cell-4dfeb4c7e4c2c80d7245/cell.log,64,2147483648,65,32dd09fe39a954d26cf1d5bf8339463ef67adba3963e50cc1c5f0a44e633a971,128,21,"['cx', 'rz']",192,0,5522902f405e1226d09353ab43ceac4365e3c29f6aad386915c5bf026409955a,6c9e6d16e9ece9b1195b93a11f491b22d9fb72a2a553d15260a3de9b0bc43b9c,64,2,random_commuting_order,rep-553f80ac59b5c9f642f4,data/runs/w4-matched-representation-20260802/representations/rep-553f80ac59b5c9f642f4/representation_manifest.json,ed2d1f0bf02a419dd234f70e7ef76db053fb057123353555a0ed2ebb3037f5db,False,106577920,20260812,5725,28616,3673,28622,3607,completed,"[""cx"",""rz"",""h""]",slice-a-m64,8164,20.0,0.0,0.32654933305457234,0.23636479198466986
8,32,cell-482a6dc9bd323dfcf878,pyzx_rewrite_identity_up_to_global_phase_v1,True,passed,full_aggregation,exact input parity/phase table -> canonical CNOT-Rz,0.5,0.5,logical_all_to_all_no_routing,passed,data/runs/w4-matched-representation-20260802/cells/cell-482a6dc9bd323dfcf878/cell.log,64,2147483648,65,42e9f3037cd46e05a1607cbe12dfaa2498d23a346f6b1cf7c3721e2d4acd5b7e,64,21,"['cx', 'rz']",96,0,0757a5d0f9293b6f42ed154978b915c76aecdc7768bc2bb126fd7bd3afdb55cd,29c6673a5c205383eb6790132af2b854738f60c6503ffb2fb6b5151116698ccf,32,2,random_commuting_order,rep-d052952ea0d3fa7d0a0a,data/runs/w4-matched-representation-20260802/representations/rep-d052952ea0d3fa7d0a0a/representation_manifest.json,18261fa6a9f558ccbd0e3281dd4735250a087766a7a2a50968de7a6b856906d6,False,106446848,20260811,5725,28611,1838,13581,1772,completed,"[""cx"",""rz"",""h""]",slice-a-m64,8164,20.0,0.0,0.33130370802246034,0.2189378330949694
8,32,cell-fbcf4e7d703270dc02dc,pyzx_rewrite_identity_up_to_global_phase_v1,True,passed,full_aggregation,exact input parity/phase table -> canonical CNOT-Rz,0.5,0.5,logical_all_to_all_no_routing,passed,data/runs/w4-matched-representation-20260802/cells/cell-fbcf4e7d703270dc02dc/cell.log,64,2147483648,65,42e9f3037cd46e05a1607cbe12dfaa2498d23a346f6b1cf7c3721e2d4acd5b7e,64,21,"['cx', 'rz']",96,0,0757a5d0f9293b6f42ed154978b915c76aecdc7768bc2bb126fd7bd3afdb55cd,29c6673a5c205383eb6790132af2b854738f60c6503ffb2fb6b5151116698ccf,32,2,random_commuting_order,rep-553f80ac59b5c9f642f4,data/runs/w4-matched-representation-20260802/representations/rep-553f80ac59b5c9f642f4/representation_manifest.json,ed2d1f0bf02a419dd234f70e7ef76db053fb057123353555a0ed2ebb3037f5db,False,106446848,20260812,5725,28616,1838,13581,1772,completed,"[""cx"",""rz"",""h""]",slice-a-m64,8164,20.0,0.0,0.33185145899187773,0.21919362503103912
8,32,cell-deff61b7c2196f7c4a42,pyzx_rewrite_identity_up_to_global_phase_v1,True,passed,pyzx_full_reduce,OpenQASM2 -> PyZX graph/full_reduce/extract -> target basis,0.5,0.5,logical_all_to_all_no_routing,passed,data/runs/w4-matched-representation-20260802/cells/cell-deff61b7c2196f7c4a42/cell.log,64,2147483648,65,88c90709b30a7670abcd14214c29455cc2a1e1545b70824708475020668e1c13,136,116,"['cx', 'h', 'rz']",604,436,ea6ac5415677422d1d367eb4982714dbf792270d4ff8308744e5778ecebbec6d,986343a46fe71f81c464c17f4669e65e3d92b57bc46fae33c087e5146536fbb7,32,2,random_commuting_order,rep-d052952ea0d3fa7d0a0a,data/runs/w4-matched-representation-20260802/representations/rep-d052952ea0d3fa7d0a0a/representation_manifest.json,18261fa6a9f558ccbd0e3281dd4735250a087766a7a2a50968de7a6b856906d6,False,109871104,20260811,5725,28611,6884,79327,6818,completed,"[""cx"",""rz"",""h""]",slice-a-m64,8164,20.0,0.0,0.4515974170062691,0.3529168339446187
8,32,cell-5d7f4f3deefef2d8021b,pyzx_rewrite_identity_up_to_global_phase_v1,True,passed,pyzx_full_reduce,OpenQASM2 -> PyZX graph/full_reduce/extract -> target basis,0.5,0.5,logical_all_to_all_no_routing,passed,data/runs/w4-matched-representation-20260802/cells/cell-5d7f4f3deefef2d8021b/cell.log,64,2147483648,65,88c90709b30a7670abcd14214c29455cc2a1e1545b70824708475020668e1c13,136,116,"['cx', 'h', 'rz']",604,436,ea6ac5415677422d1d367eb4982714dbf792270d4ff8308744e5778ecebbec6d,986343a46fe71f81c464c17f4669e65e3d92b57bc46fae33c087e5146536fbb7,32,2,random_commuting_order,rep-553f80ac59b5c9f642f4,data/runs/w4-matched-representation-20260802/representations/rep-553f80ac59b5c9f642f4/representation_manifest.json,ed2d1f0bf02a419dd234f70e7ef76db053fb057123353555a0ed2ebb3037f5db,False,110198784,20260812,5725,28616,6884,79327,6818,completed,"[""cx"",""rz"",""h""]",slice-a-m64,8164,20.0,0.0,0.5203248750185594,0.3920397500041872
8,32,cell-a5a72f3939aca20bd4d4,pyzx_rewrite_identity_up_to_global_phase_v1,True,passed,qiskit_opt3,OpenQASM2 -> Qiskit preset level 3 -> target basis,0.5,0.5,logical_all_to_all_no_routing,passed,data/runs/w4-matched-representation-20260802/cells/cell-a5a72f3939aca20bd4d4/cell.log,64,2147483648,65,2a0357d9cad3804e4ca60172ff466f4078fc6d473c850edcc679ac6f2a5fd9b6,84,12,"['cx', 'rz']",126,0,d4b7abfcc24e0740a766868fee3ac5a2db57b39edbe275e96ba6dbaf0908ab4c,b89b4f06d36c9c5cfc3652b3f87cc818d02da0169f07181490175815f9ff08be,42,2,random_commuting_order,rep-d052952ea0d3fa7d0a0a,data/runs/w4-matched-representation-20260802/representations/rep-d052952ea0d3fa7d0a0a/representation_manifest.json,18261fa6a9f558ccbd0e3281dd4735250a087766a7a2a50968de7a6b856906d6,False,109641728,20260811,5725,28611,2405,18212,2344,completed,"[""cx"",""rz"",""h""]",slice-a-m64,8164,20.0,0.0,0.3846638749819249,0.2700398750603199
8,32,cell-d3650808b1bc8d56c545,pyzx_rewrite_identity_up_to_global_phase_v1,True,passed,qiskit_opt3,OpenQASM2 -> Qiskit preset level 3 -> target basis,0.5,0.5,logical_all_to_all_no_routing,passed,data/runs/w4-matched-representation-20260802/cells/cell-d3650808b1bc8d56c545/cell.log,64,2147483648,65,3fd135346738cedc0c5d5c677663d18967177e4ac8eaa48016b19b837c24daa8,88,15,"['cx', 'rz']",132,0,b91fae2aec7f181bcc347305ba1edaee623bbf3a196077664e3b396403ce8556,2849a07aa9142275a0bb773837e4579a2c72d1809db7ef410532afe4ce421666,44,2,random_commuting_order,rep-553f80ac59b5c9f642f4,data/runs/w4-matched-representation-20260802/representations/rep-553f80ac59b5c9f642f4/representation_manifest.json,ed2d1f0bf02a419dd234f70e7ef76db053fb057123353555a0ed2ebb3037f5db,False,109723648,20260812,5725,28616,2503,19154,2442,completed,"[""cx"",""rz"",""h""]",slice-a-m64,8164,20.0,0.0,0.36489654204342514,0.24509675009176135
8,32,cell-aa55eb847cda37d7196e,pyzx_rewrite_identity_up_to_global_phase_v1,True,passed,tket_paulisimp,OpenQASM2 -> TKET DecomposeBoxes/AutoRebase/PauliSimp -> target basis,0.5,0.5,logical_all_to_all_no_routing,passed,data/runs/w4-matched-representation-20260802/cells/cell-aa55eb847cda37d7196e/cell.log,64,2147483648,65,cb0f95418ee6aeb2abf2920f3b985e9b7615c44245f24a5211fe1a60f3009d97,114,51,"['cx', 'h', 'rz']",536,130,fe8fe09c9932ad0ef150a9b2400080fae5d1720e04869d11541e9e85de306b59,bfd9b31bef357220b017616b8c77b1f7ddc148fe8ba704c7e5cf8a684195be62,292,2,random_commuting_order,rep-d052952ea0d3fa7d0a0a,data/runs/w4-matched-representation-20260802/representations/rep-d052952ea0d3fa7d0a0a/representation_manifest.json,18261fa6a9f558ccbd0e3281dd4735250a087766a7a2a50968de7a6b856906d6,False,158597120,20260811,5725,28611,8166,79336,8102,completed,"[""cx"",""rz"",""h""]",slice-a-m64,8164,20.0,0.0,0.6456971250008792,0.5201583330053836
8,32,cell-3431ef72773c5b151f1d,pyzx_rewrite_identity_up_to_global_phase_v1,True,passed,tket_paulisimp,OpenQASM2 -> TKET DecomposeBoxes/AutoRebase/PauliSimp -> target basis,0.5,0.5,logical_all_to_all_no_routing,passed,data/runs/w4-matched-representation-20260802/cells/cell-3431ef72773c5b151f1d/cell.log,64,2147483648,65,cb0f95418ee6aeb2abf2920f3b985e9b7615c44245f24a5211fe1a60f3009d97,114,51,"['cx', 'h', 'rz']",536,130,fe8fe09c9932ad0ef150a9b2400080fae5d1720e04869d11541e9e85de306b59,bfd9b31bef357220b017616b8c77b1f7ddc148fe8ba704c7e5cf8a684195be62,292,2,random_commuting_order,rep-553f80ac59b5c9f642f4,data/runs/w4-matched-representation-20260802/representations/rep-553f80ac59b5c9f642f4/representation_manifest.json,ed2d1f0bf02a419dd234f70e7ef76db053fb057123353555a0ed2ebb3037f5db,False,158498816,20260812,5725,28616,8166,79336,8102,completed,"[""cx"",""rz"",""h""]",slice-a-m64,8164,20.0,0.0,0.6091541670029983,0.4836673750542104
8,32,cell-3b64c4bd17aa8b53681b,pyzx_rewrite_identity_up_to_global_phase_v1,True,passed,echo_passthrough,literal input circuit -> output,0.5,0.5,logical_all_to_all_no_routing,passed,data/runs/w4-matched-representation-20260802/cells/cell-3b64c4bd17aa8b53681b/cell.log,64,2147483648,65,481c17aeeca52d035ee291deac019113b20d02b4bf5e0e3dea3c839afbfee705,128,27,"['cx', 'rz']",192,0,ce9b90f122f3c7573c61dd02e64b0ed04d0ac0f593fc22409a7ffd547b8a34f8,41c6875e0ab291c0dfc57d25f1cbfaf9e8a35a3d77f00acf7b11005ae55925ea,64,2,round_robin_flat,rep-cf151101e97a6a1ddc3d,data/runs/w4-matched-representation-20260802/representations/rep-cf151101e97a6a1ddc3d/representation_manifest.json,3183e19f9ed4146c17fc83e5476e0fcb80fae35c7e1f9f94bee3399f36b62fa8,False,106610688,20260811,5725,28615,3673,28627,3607,completed,"[""cx"",""rz"",""h""]",slice-a-m64,8164,20.0,0.0,0.321487957960926,0.22289162501692772
8,32,cell-59261c2ee7790f1d3b8a,pyzx_rewrite_identity_up_to_global_phase_v1,True,passed,echo_passthrough,literal input circuit -> output,0.5,0.5,logical_all_to_all_no_routing,passed,data/runs/w4-matched-representation-20260802/cells/cell-59261c2ee7790f1d3b8a/cell.log,64,2147483648,65,481c17aeeca52d035ee291deac019113b20d02b4bf5e0e3dea3c839afbfee705,128,27,"['cx', 'rz']",192,0,ce9b90f122f3c7573c61dd02e64b0ed04d0ac0f593fc22409a7ffd547b8a34f8,41c6875e0ab291c0dfc57d25f1cbfaf9e8a35a3d77f00acf7b11005ae55925ea,64,2,round_robin_flat,rep-dd66b12ce5e9ae151dee,data/runs/w4-matched-representation-20260802/representations/rep-dd66b12ce5e9ae151dee/representation_manifest.json,cf629da4a626c0c61f1287e03d974bc6a7b876dfd583ac4dcf725bb1b3eecc12,False,106627072,20260812,5725,28615,3673,28627,3607,completed,"[""cx"",""rz"",""h""]",slice-a-m64,8164,20.0,0.0,0.329133708961308,0.22620375000406057
8,32,cell-7a7f12646c0c2b4dbdd5,pyzx_rewrite_identity_up_to_global_phase_v1,True,passed,full_aggregation,exact input parity/phase table -> canonical CNOT-Rz,0.5,0.5,logical_all_to_all_no_routing,passed,data/runs/w4-matched-representation-20260802/cells/cell-7a7f12646c0c2b4dbdd5/cell.log,64,2147483648,65,42e9f3037cd46e05a1607cbe12dfaa2498d23a346f6b1cf7c3721e2d4acd5b7e,64,21,"['cx', 'rz']",96,0,0757a5d0f9293b6f42ed154978b915c76aecdc7768bc2bb126fd7bd3afdb55cd,29c6673a5c205383eb6790132af2b854738f60c6503ffb2fb6b5151116698ccf,32,2,round_robin_flat,rep-cf151101e97a6a1ddc3d,data/runs/w4-matched-representation-20260802/representations/rep-cf151101e97a6a1ddc3d/representation_manifest.json,3183e19f9ed4146c17fc83e5476e0fcb80fae35c7e1f9f94bee3399f36b62fa8,False,106446848,20260811,5725,28615,1838,13581,1772,completed,"[""cx"",""rz"",""h""]",slice-a-m64,8164,20.0,0.0,0.29207666707225144,0.21093920897692442
8,32,cell-26791480eae53cabf66f,pyzx_rewrite_identity_up_to_global_phase_v1,True,passed,full_aggregation,exact input parity/phase table -> canonical CNOT-Rz,0.5,0.5,logical_all_to_all_no_routing,passed,data/runs/w4-matched-representation-20260802/cells/cell-26791480eae53cabf66f/cell.log,64,2147483648,65,42e9f3037cd46e05a1607cbe12dfaa2498d23a346f6b1cf7c3721e2d4acd5b7e,64,21,"['cx', 'rz']",96,0,0757a5d0f9293b6f42ed154978b915c76aecdc7768bc2bb126fd7bd3afdb55cd,29c6673a5c205383eb6790132af2b854738f60c6503ffb2fb6b5151116698ccf,32,2,round_robin_flat,rep-dd66b12ce5e9ae151dee,data/runs/w4-matched-representation-20260802/representations/rep-dd66b12ce5e9ae151dee/representation_manifest.json,cf629da4a626c0c61f1287e03d974bc6a7b876dfd583ac4dcf725bb1b3eecc12,False,106381312,20260812,5725,28615,1838,13581,1772,completed,"[""cx"",""rz"",""h""]",slice-a-m64,8164,20.0,0.0,0.29892620793543756,0.2118634160142392
8,32,cell-1a4ecb29f5762617f949,pyzx_rewrite_identity_up_to_global_phase_v1,True,passed,pyzx_full_reduce,OpenQASM2 -> PyZX graph/full_reduce/extract -> target basis,0.5,0.5,logical_all_to_all_no_routing,passed,data/runs/w4-matched-representation-20260802/cells/cell-1a4ecb29f5762617f949/cell.log,64,2147483648,65,88c90709b30a7670abcd14214c29455cc2a1e1545b70824708475020668e1c13,136,116,"['cx', 'h', 'rz']",604,436,ea6ac5415677422d1d367eb4982714dbf792270d4ff8308744e5778ecebbec6d,986343a46fe71f81c464c17f4669e65e3d92b57bc46fae33c087e5146536fbb7,32,2,round_robin_flat,rep-cf151101e97a6a1ddc3d,data/runs/w4-matched-representation-20260802/representations/rep-cf151101e97a6a1ddc3d/representation_manifest.json,3183e19f9ed4146c17fc83e5476e0fcb80fae35c7e1f9f94bee3399f36b62fa8,False,109920256,20260811,5725,28615,6884,79327,6818,completed,"[""cx"",""rz"",""h""]",slice-a-m64,8164,20.0,0.0,0.45140224997885525,0.34954570897389203
8,32,cell-cb83e05ce0f5489e627d,pyzx_rewrite_identity_up_to_global_phase_v1,True,passed,pyzx_full_reduce,OpenQASM2 -> PyZX graph/full_reduce/extract -> target basis,0.5,0.5,logical_all_to_all_no_routing,passed,data/runs/w4-matched-representation-20260802/cells/cell-cb83e05ce0f5489e627d/cell.log,64,2147483648,65,88c90709b30a7670abcd14214c29455cc2a1e1545b70824708475020668e1c13,136,116,"['cx', 'h', 'rz']",604,436,ea6ac5415677422d1d367eb4982714dbf792270d4ff8308744e5778ecebbec6d,986343a46fe71f81c464c17f4669e65e3d92b57bc46fae33c087e5146536fbb7,32,2,round_robin_flat,rep-dd66b12ce5e9ae151dee,data/runs/w4-matched-representation-20260802/representations/rep-dd66b12ce5e9ae151dee/representation_manifest.json,cf629da4a626c0c61f1287e03d974bc6a7b876dfd583ac4dcf725bb1b3eecc12,False,109953024,20260812,5725,28615,6884,79327,6818,completed,"[""cx"",""rz"",""h""]",slice-a-m64,8164,20.0,0.0,0.42841116595081985,0.3424023340921849
8,32,cell-7ed2cb26a96e1c6d1a66,pyzx_rewrite_identity_up_to_global_phase_v1,True,passed,qiskit_opt3,OpenQASM2 -> Qiskit preset level 3 -> target basis,0.5,0.5,logical_all_to_all_no_routing,passed,data/runs/w4-matched-representation-20260802/cells/cell-7ed2cb26a96e1c6d1a66/cell.log,64,2147483648,65,772586b46be32ddb8b0a510125ad2bf8f3cddc482b1b3b05b5ef925f3e29e826,102,27,"['cx', 'rz']",153,0,c0bcd9522486fa402ce66f5a1135ab786f36c2f8d59e571a2783d59b6f609192,51fc8ffb2de0a0dccfb614c699eb354a2039cd9e978099c972d337dad1431bfe,51,2,round_robin_flat,rep-cf151101e97a6a1ddc3d,data/runs/w4-matched-representation-20260802/representations/rep-cf151101e97a6a1ddc3d/representation_manifest.json,3183e19f9ed4146c17fc83e5476e0fcb80fae35c7e1f9f94bee3399f36b62fa8,False,109789184,20260811,5725,28615,2914,22471,2853,completed,"[""cx"",""rz"",""h""]",slice-a-m64,8164,20.0,0.0,0.32373029191512614,0.23072999995201826
8,32,cell-329cdf96783d2e1fab85,pyzx_rewrite_identity_up_to_global_phase_v1,True,passed,qiskit_opt3,OpenQASM2 -> Qiskit preset level 3 -> target basis,0.5,0.5,logical_all_to_all_no_routing,passed,data/runs/w4-matched-representation-20260802/cells/cell-329cdf96783d2e1fab85/cell.log,64,2147483648,65,772586b46be32ddb8b0a510125ad2bf8f3cddc482b1b3b05b5ef925f3e29e826,102,27,"['cx', 'rz']",153,0,c0bcd9522486fa402ce66f5a1135ab786f36c2f8d59e571a2783d59b6f609192,51fc8ffb2de0a0dccfb614c699eb354a2039cd9e978099c972d337dad1431bfe,51,2,round_robin_flat,rep-dd66b12ce5e9ae151dee,data/runs/w4-matched-representation-20260802/representations/rep-dd66b12ce5e9ae151dee/representation_manifest.json,cf629da4a626c0c61f1287e03d974bc6a7b876dfd583ac4dcf725bb1b3eecc12,False,109658112,20260812,5725,28615,2914,22471,2853,completed,"[""cx"",""rz"",""h""]",slice-a-m64,8164,20.0,0.0,0.3235686250263825,0.23349087499082088
8,32,cell-be2975fe4889415069cb,pyzx_rewrite_identity_up_to_global_phase_v1,True,passed,tket_paulisimp,OpenQASM2 -> TKET DecomposeBoxes/AutoRebase/PauliSimp -> target basis,0.5,0.5,logical_all_to_all_no_routing,passed,data/runs/w4-matched-representation-20260802/cells/cell-be2975fe4889415069cb/cell.log,64,2147483648,65,cb0f95418ee6aeb2abf2920f3b985e9b7615c44245f24a5211fe1a60f3009d97,114,51,"['cx', 'h', 'rz']",536,130,fe8fe09c9932ad0ef150a9b2400080fae5d1720e04869d11541e9e85de306b59,bfd9b31bef357220b017616b8c77b1f7ddc148fe8ba704c7e5cf8a684195be62,292,2,round_robin_flat,rep-cf151101e97a6a1ddc3d,data/runs/w4-matched-representation-20260802/representations/rep-cf151101e97a6a1ddc3d/representation_manifest.json,3183e19f9ed4146c17fc83e5476e0fcb80fae35c7e1f9f94bee3399f36b62fa8,False,158629888,20260811,5725,28615,8166,79336,8102,completed,"[""cx"",""rz"",""h""]",slice-a-m64,8164,20.0,0.0,0.59635916701518,0.4655310839880258
8,32,cell-a4f23f9b68a15b350ed4,pyzx_rewrite_identity_up_to_global_phase_v1,True,passed,tket_paulisimp,OpenQASM2 -> TKET DecomposeBoxes/AutoRebase/PauliSimp -> target basis,0.5,0.5,logical_all_to_all_no_routing,passed,data/runs/w4-matched-representation-20260802/cells/cell-a4f23f9b68a15b350ed4/cell.log,64,2147483648,65,cb0f95418ee6aeb2abf2920f3b985e9b7615c44245f24a5211fe1a60f3009d97,114,51,"['cx', 'h', 'rz']",536,130,fe8fe09c9932ad0ef150a9b2400080fae5d1720e04869d11541e9e85de306b59,bfd9b31bef357220b017616b8c77b1f7ddc148fe8ba704c7e5cf8a684195be62,292,2,round_robin_flat,rep-dd66b12ce5e9ae151dee,data/runs/w4-matched-representation-20260802/representations/rep-dd66b12ce5e9ae151dee/representation_manifest.json,cf629da4a626c0c61f1287e03d974bc6a7b876dfd583ac4dcf725bb1b3eecc12,False,158711808,20260812,5725,28615,8166,79336,8102,completed,"[""cx"",""rz"",""h""]",slice-a-m64,8164,20.0,0.0,0.5925860001007095,0.469310124986805
8,32,cell-1b76a7e190e294522302,pyzx_rewrite_identity_up_to_global_phase_v1,True,passed,echo_passthrough,literal input circuit -> output,0.5,0.5,logical_all_to_all_no_routing,passed,data/runs/w4-matched-representation-20260802/cells/cell-1b76a7e190e294522302/cell.log,64,2147483648,65,1ba53cc3439517b94ef6c2d69a0400f73f1d85a4f51551746ba8274cac85c894,64,21,"['cx', 'rz']",96,0,63534076a96736f16f1bfa96777c98b54a1d1fac3de7006f6968564cd1fe1dc6,29c6673a5c205383eb6790132af2b854738f60c6503ffb2fb6b5151116698ccf,32,2,semantic_aggregate,rep-7d3bb45392dcb1fe91ce,data/runs/w4-matched-representation-20260802/representations/rep-7d3bb45392dcb1fe91ce/representation_manifest.json,d8392322126de83175f7f30f88777c8941261f8e4839e40faf9c62814e932ee3,False,106446848,20260811,3124,13551,1838,13561,1772,completed,"[""cx"",""rz"",""h""]",slice-a-m64,8164,20.0,0.0,0.3038748750695959,0.21022479108069092
8,32,cell-4509657ad331ab0c85ac,pyzx_rewrite_identity_up_to_global_phase_v1,True,passed,echo_passthrough,literal input circuit -> output,0.5,0.5,logical_all_to_all_no_routing,passed,data/runs/w4-matched-representation-20260802/cells/cell-4509657ad331ab0c85ac/cell.log,64,2147483648,65,1ba53cc3439517b94ef6c2d69a0400f73f1d85a4f51551746ba8274cac85c894,64,21,"['cx', 'rz']",96,0,63534076a96736f16f1bfa96777c98b54a1d1fac3de7006f6968564cd1fe1dc6,29c6673a5c205383eb6790132af2b854738f60c6503ffb2fb6b5151116698ccf,32,2,semantic_aggregate,rep-60cd369f56253fb77337,data/runs/w4-matched-representation-20260802/representations/rep-60cd369f56253fb77337/representation_manifest.json,fcfef81cf5cf20f1e6fc24eec1b62467551fcccd994942d345d7c95a92cea426,False,106479616,20260812,3124,13551,1838,13561,1772,completed,"[""cx"",""rz"",""h""]",slice-a-m64,8164,20.0,0.0,0.2989068330498412,0.21323316602502018
8,32,cell-65fd6ed13fc5e447b925,pyzx_rewrite_identity_up_to_global_phase_v1,True,passed,full_aggregation,exact input parity/phase table -> canonical CNOT-Rz,0.5,0.5,logical_all_to_all_no_routing,passed,data/runs/w4-matched-representation-20260802/cells/cell-65fd6ed13fc5e447b925/cell.log,64,2147483648,65,42e9f3037cd46e05a1607cbe12dfaa2498d23a346f6b1cf7c3721e2d4acd5b7e,64,21,"['cx', 'rz']",96,0,0757a5d0f9293b6f42ed154978b915c76aecdc7768bc2bb126fd7bd3afdb55cd,29c6673a5c205383eb6790132af2b854738f60c6503ffb2fb6b5151116698ccf,32,2,semantic_aggregate,rep-7d3bb45392dcb1fe91ce,data/runs/w4-matched-representation-20260802/representations/rep-7d3bb45392dcb1fe91ce/representation_manifest.json,d8392322126de83175f7f30f88777c8941261f8e4839e40faf9c62814e932ee3,False,106496000,20260811,3124,13551,1838,13581,1772,completed,"[""cx"",""rz"",""h""]",slice-a-m64,8164,20.0,0.0,0.3233731669606641,0.21637437504250556
8,32,cell-70d9b881ae26a26c8b56,pyzx_rewrite_identity_up_to_global_phase_v1,True,passed,full_aggregation,exact input parity/phase table -> canonical CNOT-Rz,0.5,0.5,logical_all_to_all_no_routing,passed,data/runs/w4-matched-representation-20260802/cells/cell-70d9b881ae26a26c8b56/cell.log,64,2147483648,65,42e9f3037cd46e05a1607cbe12dfaa2498d23a346f6b1cf7c3721e2d4acd5b7e,64,21,"['cx', 'rz']",96,0,0757a5d0f9293b6f42ed154978b915c76aecdc7768bc2bb126fd7bd3afdb55cd,29c6673a5c205383eb6790132af2b854738f60c6503ffb2fb6b5151116698ccf,32,2,semantic_aggregate,rep-60cd369f56253fb77337,data/runs/w4-matched-representation-20260802/representations/rep-60cd369f56253fb77337/representation_manifest.json,fcfef81cf5cf20f1e6fc24eec1b62467551fcccd994942d345d7c95a92cea426,False,106446848,20260812,3124,13551,1838,13581,1772,completed,"[""cx"",""rz"",""h""]",slice-a-m64,8164,20.0,0.0,0.3037607920123264,0.21093545795883983
8,32,cell-d3bc7ae232e69af73ef2,pyzx_rewrite_identity_up_to_global_phase_v1,True,passed,pyzx_full_reduce,OpenQASM2 -> PyZX graph/full_reduce/extract -> target basis,0.5,0.5,logical_all_to_all_no_routing,passed,data/runs/w4-matched-representation-20260802/cells/cell-d3bc7ae232e69af73ef2/cell.log,64,2147483648,65,88c90709b30a7670abcd14214c29455cc2a1e1545b70824708475020668e1c13,136,116,"['cx', 'h', 'rz']",604,436,ea6ac5415677422d1d367eb4982714dbf792270d4ff8308744e5778ecebbec6d,986343a46fe71f81c464c17f4669e65e3d92b57bc46fae33c087e5146536fbb7,32,2,semantic_aggregate,rep-7d3bb45392dcb1fe91ce,data/runs/w4-matched-representation-20260802/representations/rep-7d3bb45392dcb1fe91ce/representation_manifest.json,d8392322126de83175f7f30f88777c8941261f8e4839e40faf9c62814e932ee3,False,109887488,20260811,3124,13551,6884,79327,6818,completed,"[""cx"",""rz"",""h""]",slice-a-m64,8164,20.0,0.0,0.42040554096456617,0.3271113330265507
8,32,cell-fe5e7a67568ad2854525,pyzx_rewrite_identity_up_to_global_phase_v1,True,passed,pyzx_full_reduce,OpenQASM2 -> PyZX graph/full_reduce/extract -> target basis,0.5,0.5,logical_all_to_all_no_routing,passed,data/runs/w4-matched-representation-20260802/cells/cell-fe5e7a67568ad2854525/cell.log,64,2147483648,65,88c90709b30a7670abcd14214c29455cc2a1e1545b70824708475020668e1c13,136,116,"['cx', 'h', 'rz']",604,436,ea6ac5415677422d1d367eb4982714dbf792270d4ff8308744e5778ecebbec6d,986343a46fe71f81c464c17f4669e65e3d92b57bc46fae33c087e5146536fbb7,32,2,semantic_aggregate,rep-60cd369f56253fb77337,data/runs/w4-matched-representation-20260802/representations/rep-60cd369f56253fb77337/representation_manifest.json,fcfef81cf5cf20f1e6fc24eec1b62467551fcccd994942d345d7c95a92cea426,False,109789184,20260812,3124,13551,6884,79327,6818,completed,"[""cx"",""rz"",""h""]",slice-a-m64,8164,20.0,0.0,0.4225738749373704,0.3267482080264017
8,32,cell-9370cba3002cbc30df5e,pyzx_rewrite_identity_up_to_global_phase_v1,True,passed,qiskit_opt3,OpenQASM2 -> Qiskit preset level 3 -> target basis,0.5,0.5,logical_all_to_all_no_routing,passed,data/runs/w4-matched-representation-20260802/cells/cell-9370cba3002cbc30df5e/cell.log,64,2147483648,65,42bc0f3896d69f31abd7dbe3cc894fa6ec1dc3cf10af8538aa99537a7e09ffc1,64,21,"['cx', 'rz']",96,0,873f60a5f2cfe3f7992d03f41946db001c735f4d185bc16d58a28b566834c395,29c6673a5c205383eb6790132af2b854738f60c6503ffb2fb6b5151116698ccf,32,2,semantic_aggregate,rep-7d3bb45392dcb1fe91ce,data/runs/w4-matched-representation-20260802/representations/rep-7d3bb45392dcb1fe91ce/representation_manifest.json,d8392322126de83175f7f30f88777c8941261f8e4839e40faf9c62814e932ee3,False,109379584,20260811,3124,13551,1833,13580,1772,completed,"[""cx"",""rz"",""h""]",slice-a-m64,8164,20.0,0.0,0.32008137507364154,0.22207887494005263
8,32,cell-928071bb50932f48cfc5,pyzx_rewrite_identity_up_to_global_phase_v1,True,passed,qiskit_opt3,OpenQASM2 -> Qiskit preset level 3 -> target basis,0.5,0.5,logical_all_to_all_no_routing,passed,data/runs/w4-matched-representation-20260802/cells/cell-928071bb50932f48cfc5/cell.log,64,2147483648,65,42bc0f3896d69f31abd7dbe3cc894fa6ec1dc3cf10af8538aa99537a7e09ffc1,64,21,"['cx', 'rz']",96,0,873f60a5f2cfe3f7992d03f41946db001c735f4d185bc16d58a28b566834c395,29c6673a5c205383eb6790132af2b854738f60c6503ffb2fb6b5151116698ccf,32,2,semantic_aggregate,rep-60cd369f56253fb77337,data/runs/w4-matched-representation-20260802/representations/rep-60cd369f56253fb77337/representation_manifest.json,fcfef81cf5cf20f1e6fc24eec1b62467551fcccd994942d345d7c95a92cea426,False,109494272,20260812,3124,13551,1833,13580,1772,completed,"[""cx"",""rz"",""h""]",slice-a-m64,8164,20.0,0.0,0.3029042079579085,0.22177474992349744
8,32,cell-a6450d58142086e4f96b,pyzx_rewrite_identity_up_to_global_phase_v1,True,passed,tket_paulisimp,OpenQASM2 -> TKET DecomposeBoxes/AutoRebase/PauliSimp -> target basis,0.5,0.5,logical_all_to_all_no_routing,passed,data/runs/w4-matched-representation-20260802/cells/cell-a6450d58142086e4f96b/cell.log,64,2147483648,65,cb0f95418ee6aeb2abf2920f3b985e9b7615c44245f24a5211fe1a60f3009d97,114,51,"['cx', 'h', 'rz']",536,130,fe8fe09c9932ad0ef150a9b2400080fae5d1720e04869d11541e9e85de306b59,bfd9b31bef357220b017616b8c77b1f7ddc148fe8ba704c7e5cf8a684195be62,292,2,semantic_aggregate,rep-7d3bb45392dcb1fe91ce,data/runs/w4-matched-representation-20260802/representations/rep-7d3bb45392dcb1fe91ce/representation_manifest.json,d8392322126de83175f7f30f88777c8941261f8e4839e40faf9c62814e932ee3,False,158351360,20260811,3124,13551,8166,79336,8102,completed,"[""cx"",""rz"",""h""]",slice-a-m64,8164,20.0,0.0,0.6235972909489647,0.4905388749903068
8,32,cell-622567f679f6870fe336,pyzx_rewrite_identity_up_to_global_phase_v1,True,passed,tket_paulisimp,OpenQASM2 -> TKET DecomposeBoxes/AutoRebase/PauliSimp -> target basis,0.5,0.5,logical_all_to_all_no_routing,passed,data/runs/w4-matched-representation-20260802/cells/cell-622567f679f6870fe336/cell.log,64,2147483648,65,cb0f95418ee6aeb2abf2920f3b985e9b7615c44245f24a5211fe1a60f3009d97,114,51,"['cx', 'h', 'rz']",536,130,fe8fe09c9932ad0ef150a9b2400080fae5d1720e04869d11541e9e85de306b59,bfd9b31bef357220b017616b8c77b1f7ddc148fe8ba704c7e5cf8a684195be62,292,2,semantic_aggregate,rep-60cd369f56253fb77337,data/runs/w4-matched-representation-20260802/representations/rep-60cd369f56253fb77337/representation_manifest.json,fcfef81cf5cf20f1e6fc24eec1b62467551fcccd994942d345d7c95a92cea426,False,159318016,20260812,3124,13551,8166,79336,8102,completed,"[""cx"",""rz"",""h""]",slice-a-m64,8164,20.0,0.0,0.6454802500084043,0.4987861670088023
8,32,cell-0cee1ac11381d30e07a7,pyzx_rewrite_identity_up_to_global_phase_v1,True,passed,echo_passthrough,literal input circuit -> output,0.5,0.5,logical_all_to_all_no_routing,passed,data/runs/w4-matched-representation-20260802/cells/cell-0cee1ac11381d30e07a7/cell.log,64,2147483648,65,2e3d729fb2e9b7c37b3b83d7f400ee77274b5aeee96ec87fa469abc29a5f6cbc,64,21,"['cx', 'rz']",96,0,1c7a8837e0aa0ae33511d53c294679964eee3d4009fcd0129f9b051a31e53996,ed098b5a879067b63fb75033872278940945a9242146eb98b0f5840cbbfee724,32,2,tket_bridge,rep-99323951df8279ee7eed,data/runs/w4-matched-representation-20260802/representations/rep-99323951df8279ee7eed/representation_manifest.json,cbcf49c49538561c90b1f0a38d09400602e04cd9486d4a501d88df7e1b7473c9,False,106414080,20260811,1821,13544,1838,13561,1772,completed,"[""cx"",""rz"",""h""]",slice-a-m64,8164,20.0,0.0,0.3181832500267774,0.23030112497508526
8,32,cell-37525a0adcb24def4da4,pyzx_rewrite_identity_up_to_global_phase_v1,True,passed,echo_passthrough,literal input circuit -> output,0.5,0.5,logical_all_to_all_no_routing,passed,data/runs/w4-matched-representation-20260802/cells/cell-37525a0adcb24def4da4/cell.log,64,2147483648,65,2e3d729fb2e9b7c37b3b83d7f400ee77274b5aeee96ec87fa469abc29a5f6cbc,64,21,"['cx', 'rz']",96,0,1c7a8837e0aa0ae33511d53c294679964eee3d4009fcd0129f9b051a31e53996,ed098b5a879067b63fb75033872278940945a9242146eb98b0f5840cbbfee724,32,2,tket_bridge,rep-554dfa996f1648d72929,data/runs/w4-matched-representation-20260802/representations/rep-554dfa996f1648d72929/representation_manifest.json,198b21b28023bfba2a69698d463693d69148ce6a95ec69126a38f8b34502cd16,False,106430464,20260812,1821,13544,1838,13561,1772,completed,"[""cx"",""rz"",""h""]",slice-a-m64,8164,20.0,0.0,0.29862374998629093,0.20916812494397163
8,32,cell-9059fea6a6553a96c1c6,pyzx_rewrite_identity_up_to_global_phase_v1,True,passed,full_aggregation,exact input parity/phase table -> canonical CNOT-Rz,0.5,0.5,logical_all_to_all_no_routing,passed,data/runs/w4-matched-representation-20260802/cells/cell-9059fea6a6553a96c1c6/cell.log,64,2147483648,65,42e9f3037cd46e05a1607cbe12dfaa2498d23a346f6b1cf7c3721e2d4acd5b7e,64,21,"['cx', 'rz']",96,0,0757a5d0f9293b6f42ed154978b915c76aecdc7768bc2bb126fd7bd3afdb55cd,29c6673a5c205383eb6790132af2b854738f60c6503ffb2fb6b5151116698ccf,32,2,tket_bridge,rep-99323951df8279ee7eed,data/runs/w4-matched-representation-20260802/representations/rep-99323951df8279ee7eed/representation_manifest.json,cbcf49c49538561c90b1f0a38d09400602e04cd9486d4a501d88df7e1b7473c9,False,106364928,20260811,1821,13544,1838,13581,1772,completed,"[""cx"",""rz"",""h""]",slice-a-m64,8164,20.0,0.0,0.32078850001562387,0.2235832919832319
8,32,cell-e42f42a519813c2a6b2f,pyzx_rewrite_identity_up_to_global_phase_v1,True,passed,full_aggregation,exact input parity/phase table -> canonical CNOT-Rz,0.5,0.5,logical_all_to_all_no_routing,passed,data/runs/w4-matched-representation-20260802/cells/cell-e42f42a519813c2a6b2f/cell.log,64,2147483648,65,42e9f3037cd46e05a1607cbe12dfaa2498d23a346f6b1cf7c3721e2d4acd5b7e,64,21,"['cx', 'rz']",96,0,0757a5d0f9293b6f42ed154978b915c76aecdc7768bc2bb126fd7bd3afdb55cd,29c6673a5c205383eb6790132af2b854738f60c6503ffb2fb6b5151116698ccf,32,2,tket_bridge,rep-554dfa996f1648d72929,data/runs/w4-matched-representation-20260802/representations/rep-554dfa996f1648d72929/representation_manifest.json,198b21b28023bfba2a69698d463693d69148ce6a95ec69126a38f8b34502cd16,False,106266624,20260812,1821,13544,1838,13581,1772,completed,"[""cx"",""rz"",""h""]",slice-a-m64,8164,20.0,0.0,0.3254644999979064,0.23551429202780128
8,32,cell-a42601391b2db05f0ff1,pyzx_rewrite_identity_up_to_global_phase_v1,True,passed,pyzx_full_reduce,OpenQASM2 -> PyZX graph/full_reduce/extract -> target basis,0.5,0.5,logical_all_to_all_no_routing,passed,data/runs/w4-matched-representation-20260802/cells/cell-a42601391b2db05f0ff1/cell.log,64,2147483648,65,88c90709b30a7670abcd14214c29455cc2a1e1545b70824708475020668e1c13,136,116,"['cx', 'h', 'rz']",604,436,ea6ac5415677422d1d367eb4982714dbf792270d4ff8308744e5778ecebbec6d,986343a46fe71f81c464c17f4669e65e3d92b57bc46fae33c087e5146536fbb7,32,2,tket_bridge,rep-99323951df8279ee7eed,data/runs/w4-matched-representation-20260802/representations/rep-99323951df8279ee7eed/representation_manifest.json,cbcf49c49538561c90b1f0a38d09400602e04cd9486d4a501d88df7e1b7473c9,False,109871104,20260811,1821,13544,6884,79327,6818,completed,"[""cx"",""rz"",""h""]",slice-a-m64,8164,20.0,0.0,0.42429687501862645,0.32721554208546877
8,32,cell-3bda9b6df149e1111597,pyzx_rewrite_identity_up_to_global_phase_v1,True,passed,pyzx_full_reduce,OpenQASM2 -> PyZX graph/full_reduce/extract -> target basis,0.5,0.5,logical_all_to_all_no_routing,passed,data/runs/w4-matched-representation-20260802/cells/cell-3bda9b6df149e1111597/cell.log,64,2147483648,65,88c90709b30a7670abcd14214c29455cc2a1e1545b70824708475020668e1c13,136,116,"['cx', 'h', 'rz']",604,436,ea6ac5415677422d1d367eb4982714dbf792270d4ff8308744e5778ecebbec6d,986343a46fe71f81c464c17f4669e65e3d92b57bc46fae33c087e5146536fbb7,32,2,tket_bridge,rep-554dfa996f1648d72929,data/runs/w4-matched-representation-20260802/representations/rep-554dfa996f1648d72929/representation_manifest.json,198b21b28023bfba2a69698d463693d69148ce6a95ec69126a38f8b34502cd16,False,109854720,20260812,1821,13544,6884,79327,6818,completed,"[""cx"",""rz"",""h""]",slice-a-m64,8164,20.0,0.0,0.4616149580106139,0.3266452500829473
8,32,cell-a6d815eec23741746040,pyzx_rewrite_identity_up_to_global_phase_v1,True,passed,qiskit_opt3,OpenQASM2 -> Qiskit preset level 3 -> target basis,0.5,0.5,logical_all_to_all_no_routing,passed,data/runs/w4-matched-representation-20260802/cells/cell-a6d815eec23741746040/cell.log,64,2147483648,65,42bc0f3896d69f31abd7dbe3cc894fa6ec1dc3cf10af8538aa99537a7e09ffc1,64,21,"['cx', 'rz']",96,0,873f60a5f2cfe3f7992d03f41946db001c735f4d185bc16d58a28b566834c395,29c6673a5c205383eb6790132af2b854738f60c6503ffb2fb6b5151116698ccf,32,2,tket_bridge,rep-99323951df8279ee7eed,data/runs/w4-matched-representation-20260802/representations/rep-99323951df8279ee7eed/representation_manifest.json,cbcf49c49538561c90b1f0a38d09400602e04cd9486d4a501d88df7e1b7473c9,False,109445120,20260811,1821,13544,1833,13580,1772,completed,"[""cx"",""rz"",""h""]",slice-a-m64,8164,20.0,0.0,0.34360479190945625,0.2515252500306815
8,32,cell-0ef9df46677e56bc4ec7,pyzx_rewrite_identity_up_to_global_phase_v1,True,passed,qiskit_opt3,OpenQASM2 -> Qiskit preset level 3 -> target basis,0.5,0.5,logical_all_to_all_no_routing,passed,data/runs/w4-matched-representation-20260802/cells/cell-0ef9df46677e56bc4ec7/cell.log,64,2147483648,65,42bc0f3896d69f31abd7dbe3cc894fa6ec1dc3cf10af8538aa99537a7e09ffc1,64,21,"['cx', 'rz']",96,0,873f60a5f2cfe3f7992d03f41946db001c735f4d185bc16d58a28b566834c395,29c6673a5c205383eb6790132af2b854738f60c6503ffb2fb6b5151116698ccf,32,2,tket_bridge,rep-554dfa996f1648d72929,data/runs/w4-matched-representation-20260802/representations/rep-554dfa996f1648d72929/representation_manifest.json,198b21b28023bfba2a69698d463693d69148ce6a95ec69126a38f8b34502cd16,False,109445120,20260812,1821,13544,1833,13580,1772,completed,"[""cx"",""rz"",""h""]",slice-a-m64,8164,20.0,0.0,0.3039297080831602,0.22416375007014722
8,32,cell-db0802d8c7f613104470,pyzx_rewrite_identity_up_to_global_phase_v1,True,passed,tket_paulisimp,OpenQASM2 -> TKET DecomposeBoxes/AutoRebase/PauliSimp -> target basis,0.5,0.5,logical_all_to_all_no_routing,passed,data/runs/w4-matched-representation-20260802/cells/cell-db0802d8c7f613104470/cell.log,64,2147483648,65,cb0f95418ee6aeb2abf2920f3b985e9b7615c44245f24a5211fe1a60f3009d97,114,51,"['cx', 'h', 'rz']",536,130,fe8fe09c9932ad0ef150a9b2400080fae5d1720e04869d11541e9e85de306b59,bfd9b31bef357220b017616b8c77b1f7ddc148fe8ba704c7e5cf8a684195be62,292,2,tket_bridge,rep-99323951df8279ee7eed,data/runs/w4-matched-representation-20260802/representations/rep-99323951df8279ee7eed/representation_manifest.json,cbcf49c49538561c90b1f0a38d09400602e04cd9486d4a501d88df7e1b7473c9,False,158449664,20260811,1821,13544,8166,79336,8102,completed,"[""cx"",""rz"",""h""]",slice-a-m64,8164,20.0,0.0,0.6053358329227194,0.48486458405386657
8,32,cell-91f1e753fafc880ab177,pyzx_rewrite_identity_up_to_global_phase_v1,True,passed,tket_paulisimp,OpenQASM2 -> TKET DecomposeBoxes/AutoRebase/PauliSimp -> target basis,0.5,0.5,logical_all_to_all_no_routing,passed,data/runs/w4-matched-representation-20260802/cells/cell-91f1e753fafc880ab177/cell.log,64,2147483648,65,cb0f95418ee6aeb2abf2920f3b985e9b7615c44245f24a5211fe1a60f3009d97,114,51,"['cx', 'h', 'rz']",536,130,fe8fe09c9932ad0ef150a9b2400080fae5d1720e04869d11541e9e85de306b59,bfd9b31bef357220b017616b8c77b1f7ddc148fe8ba704c7e5cf8a684195be62,292,2,tket_bridge,rep-554dfa996f1648d72929,data/runs/w4-matched-representation-20260802/representations/rep-554dfa996f1648d72929/representation_manifest.json,198b21b28023bfba2a69698d463693d69148ce6a95ec69126a38f8b34502cd16,False,158597120,20260812,1821,13544,8166,79336,8102,completed,"[""cx"",""rz"",""h""]",slice-a-m64,8164,20.0,0.0,0.6482313749147579,0.5083551669958979
8,32,cell-d4864b27b52560d85b59,pyzx_rewrite_identity_up_to_global_phase_v1,True,passed,echo_passthrough,literal input circuit -> output,0.5,0.5,logical_all_to_all_no_routing,passed,data/runs/w4-matched-representation-20260802/cells/cell-d4864b27b52560d85b59/cell.log,64,2147483648,65,1ba53cc3439517b94ef6c2d69a0400f73f1d85a4f51551746ba8274cac85c894,64,21,"['cx', 'rz']",96,0,63534076a96736f16f1bfa96777c98b54a1d1fac3de7006f6968564cd1fe1dc6,29c6673a5c205383eb6790132af2b854738f60c6503ffb2fb6b5151116698ccf,32,2,zx_bridge,rep-84c54569eeba97b6c290,data/runs/w4-matched-representation-20260802/representations/rep-84c54569eeba97b6c290/representation_manifest.json,6baac328cfa41f3bd47defe2545b378dbdb7eddc7dafbb90e47eb123c7d3cb72,False,106381312,20260811,1890,13542,1838,13561,1772,completed,"[""cx"",""rz"",""h""]",slice-a-m64,8164,20.0,0.0,0.2966305000009015,0.2108731670305133
8,32,cell-fe6b4eda3cfcd250a973,pyzx_rewrite_identity_up_to_global_phase_v1,True,passed,echo_passthrough,literal input circuit -> output,0.5,0.5,logical_all_to_all_no_routing,passed,data/runs/w4-matched-representation-20260802/cells/cell-fe6b4eda3cfcd250a973/cell.log,64,2147483648,65,1ba53cc3439517b94ef6c2d69a0400f73f1d85a4f51551746ba8274cac85c894,64,21,"['cx', 'rz']",96,0,63534076a96736f16f1bfa96777c98b54a1d1fac3de7006f6968564cd1fe1dc6,29c6673a5c205383eb6790132af2b854738f60c6503ffb2fb6b5151116698ccf,32,2,zx_bridge,rep-e1f23911e62bca755e91,data/runs/w4-matched-representation-20260802/representations/rep-e1f23911e62bca755e91/representation_manifest.json,bb76189677533cabea2ea13fece5d8b5f5f14ef4ae0632265c02015f15276fb6,False,106381312,20260812,1890,13542,1838,13561,1772,completed,"[""cx"",""rz"",""h""]",slice-a-m64,8164,20.0,0.0,0.3004354579607025,0.21425162500236183
8,32,cell-49f92394be0b7d75c3be,pyzx_rewrite_identity_up_to_global_phase_v1,True,passed,full_aggregation,exact input parity/phase table -> canonical CNOT-Rz,0.5,0.5,logical_all_to_all_no_routing,passed,data/runs/w4-matched-representation-20260802/cells/cell-49f92394be0b7d75c3be/cell.log,64,2147483648,65,42e9f3037cd46e05a1607cbe12dfaa2498d23a346f6b1cf7c3721e2d4acd5b7e,64,21,"['cx', 'rz']",96,0,0757a5d0f9293b6f42ed154978b915c76aecdc7768bc2bb126fd7bd3afdb55cd,29c6673a5c205383eb6790132af2b854738f60c6503ffb2fb6b5151116698ccf,32,2,zx_bridge,rep-84c54569eeba97b6c290,data/runs/w4-matched-representation-20260802/representations/rep-84c54569eeba97b6c290/representation_manifest.json,6baac328cfa41f3bd47defe2545b378dbdb7eddc7dafbb90e47eb123c7d3cb72,False,106479616,20260811,1890,13542,1838,13581,1772,completed,"[""cx"",""rz"",""h""]",slice-a-m64,8164,20.0,0.0,0.29561562498565763,0.21307166700717062
8,32,cell-4176ea9cf490d0261415,pyzx_rewrite_identity_up_to_global_phase_v1,True,passed,full_aggregation,exact input parity/phase table -> canonical CNOT-Rz,0.5,0.5,logical_all_to_all_no_routing,passed,data/runs/w4-matched-representation-20260802/cells/cell-4176ea9cf490d0261415/cell.log,64,2147483648,65,42e9f3037cd46e05a1607cbe12dfaa2498d23a346f6b1cf7c3721e2d4acd5b7e,64,21,"['cx', 'rz']",96,0,0757a5d0f9293b6f42ed154978b915c76aecdc7768bc2bb126fd7bd3afdb55cd,29c6673a5c205383eb6790132af2b854738f60c6503ffb2fb6b5151116698ccf,32,2,zx_bridge,rep-e1f23911e62bca755e91,data/runs/w4-matched-representation-20260802/representations/rep-e1f23911e62bca755e91/representation_manifest.json,bb76189677533cabea2ea13fece5d8b5f5f14ef4ae0632265c02015f15276fb6,False,106414080,20260812,1890,13542,1838,13581,1772,completed,"[""cx"",""rz"",""h""]",slice-a-m64,8164,20.0,0.0,0.3022805410437286,0.21322237490676343
8,32,cell-f09c9108f5d4a43f9553,pyzx_rewrite_identity_up_to_global_phase_v1,True,passed,pyzx_full_reduce,OpenQASM2 -> PyZX graph/full_reduce/extract -> target basis,0.5,0.5,logical_all_to_all_no_routing,passed,data/runs/w4-matched-representation-20260802/cells/cell-f09c9108f5d4a43f9553/cell.log,64,2147483648,65,88c90709b30a7670abcd14214c29455cc2a1e1545b70824708475020668e1c13,136,116,"['cx', 'h', 'rz']",604,436,ea6ac5415677422d1d367eb4982714dbf792270d4ff8308744e5778ecebbec6d,986343a46fe71f81c464c17f4669e65e3d92b57bc46fae33c087e5146536fbb7,32,2,zx_bridge,rep-84c54569eeba97b6c290,data/runs/w4-matched-representation-20260802/representations/rep-84c54569eeba97b6c290/representation_manifest.json,6baac328cfa41f3bd47defe2545b378dbdb7eddc7dafbb90e47eb123c7d3cb72,False,109953024,20260811,1890,13542,6884,79327,6818,completed,"[""cx"",""rz"",""h""]",slice-a-m64,8164,20.0,0.0,0.4484101670095697,0.3433822499355301
8,32,cell-8380a5af3ad71922f583,pyzx_rewrite_identity_up_to_global_phase_v1,True,passed,pyzx_full_reduce,OpenQASM2 -> PyZX graph/full_reduce/extract -> target basis,0.5,0.5,logical_all_to_all_no_routing,passed,data/runs/w4-matched-representation-20260802/cells/cell-8380a5af3ad71922f583/cell.log,64,2147483648,65,88c90709b30a7670abcd14214c29455cc2a1e1545b70824708475020668e1c13,136,116,"['cx', 'h', 'rz']",604,436,ea6ac5415677422d1d367eb4982714dbf792270d4ff8308744e5778ecebbec6d,986343a46fe71f81c464c17f4669e65e3d92b57bc46fae33c087e5146536fbb7,32,2,zx_bridge,rep-e1f23911e62bca755e91,data/runs/w4-matched-representation-20260802/representations/rep-e1f23911e62bca755e91/representation_manifest.json,bb76189677533cabea2ea13fece5d8b5f5f14ef4ae0632265c02015f15276fb6,False,109740032,20260812,1890,13542,6884,79327,6818,completed,"[""cx"",""rz"",""h""]",slice-a-m64,8164,20.0,0.0,0.4294924159767106,0.3288198329973966
8,32,cell-98e6be4f8581ec2aedec,pyzx_rewrite_identity_up_to_global_phase_v1,True,passed,qiskit_opt3,OpenQASM2 -> Qiskit preset level 3 -> target basis,0.5,0.5,logical_all_to_all_no_routing,passed,data/runs/w4-matched-representation-20260802/cells/cell-98e6be4f8581ec2aedec/cell.log,64,2147483648,65,42bc0f3896d69f31abd7dbe3cc894fa6ec1dc3cf10af8538aa99537a7e09ffc1,64,21,"['cx', 'rz']",96,0,873f60a5f2cfe3f7992d03f41946db001c735f4d185bc16d58a28b566834c395,29c6673a5c205383eb6790132af2b854738f60c6503ffb2fb6b5151116698ccf,32,2,zx_bridge,rep-84c54569eeba97b6c290,data/runs/w4-matched-representation-20260802/representations/rep-84c54569eeba97b6c290/representation_manifest.json,6baac328cfa41f3bd47defe2545b378dbdb7eddc7dafbb90e47eb123c7d3cb72,False,109559808,20260811,1890,13542,1833,13580,1772,completed,"[""cx"",""rz"",""h""]",slice-a-m64,8164,20.0,0.0,0.3260523750213906,0.2241298749577254
8,32,cell-530b8174dea25da7ddfd,pyzx_rewrite_identity_up_to_global_phase_v1,True,passed,qiskit_opt3,OpenQASM2 -> Qiskit preset level 3 -> target basis,0.5,0.5,logical_all_to_all_no_routing,passed,data/runs/w4-matched-representation-20260802/cells/cell-530b8174dea25da7ddfd/cell.log,64,2147483648,65,42bc0f3896d69f31abd7dbe3cc894fa6ec1dc3cf10af8538aa99537a7e09ffc1,64,21,"['cx', 'rz']",96,0,873f60a5f2cfe3f7992d03f41946db001c735f4d185bc16d58a28b566834c395,29c6673a5c205383eb6790132af2b854738f60c6503ffb2fb6b5151116698ccf,32,2,zx_bridge,rep-e1f23911e62bca755e91,data/runs/w4-matched-representation-20260802/representations/rep-e1f23911e62bca755e91/representation_manifest.json,bb76189677533cabea2ea13fece5d8b5f5f14ef4ae0632265c02015f15276fb6,False,109494272,20260812,1890,13542,1833,13580,1772,completed,"[""cx"",""rz"",""h""]",slice-a-m64,8164,20.0,0.0,0.31887062499299645,0.22932512511033565
8,32,cell-d7206f9ec67e961b58d2,pyzx_rewrite_identity_up_to_global_phase_v1,True,passed,tket_paulisimp,OpenQASM2 -> TKET DecomposeBoxes/AutoRebase/PauliSimp -> target basis,0.5,0.5,logical_all_to_all_no_routing,passed,data/runs/w4-matched-representation-20260802/cells/cell-d7206f9ec67e961b58d2/cell.log,64,2147483648,65,cb0f95418ee6aeb2abf2920f3b985e9b7615c44245f24a5211fe1a60f3009d97,114,51,"['cx', 'h', 'rz']",536,130,fe8fe09c9932ad0ef150a9b2400080fae5d1720e04869d11541e9e85de306b59,bfd9b31bef357220b017616b8c77b1f7ddc148fe8ba704c7e5cf8a684195be62,292,2,zx_bridge,rep-84c54569eeba97b6c290,data/runs/w4-matched-representation-20260802/representations/rep-84c54569eeba97b6c290/representation_manifest.json,6baac328cfa41f3bd47defe2545b378dbdb7eddc7dafbb90e47eb123c7d3cb72,False,158498816,20260811,1890,13542,8166,79336,8102,completed,"[""cx"",""rz"",""h""]",slice-a-m64,8164,20.0,0.0,0.6023740420350805,0.46447600005194545
8,32,cell-3496597883ed4b3250e7,pyzx_rewrite_identity_up_to_global_phase_v1,True,passed,tket_paulisimp,OpenQASM2 -> TKET DecomposeBoxes/AutoRebase/PauliSimp -> target basis,0.5,0.5,logical_all_to_all_no_routing,passed,data/runs/w4-matched-representation-20260802/cells/cell-3496597883ed4b3250e7/cell.log,64,2147483648,65,cb0f95418ee6aeb2abf2920f3b985e9b7615c44245f24a5211fe1a60f3009d97,114,51,"['cx', 'h', 'rz']",536,130,fe8fe09c9932ad0ef150a9b2400080fae5d1720e04869d11541e9e85de306b59,bfd9b31bef357220b017616b8c77b1f7ddc148fe8ba704c7e5cf8a684195be62,292,2,zx_bridge,rep-e1f23911e62bca755e91,data/runs/w4-matched-representation-20260802/representations/rep-e1f23911e62bca755e91/representation_manifest.json,bb76189677533cabea2ea13fece5d8b5f5f14ef4ae0632265c02015f15276fb6,False,158449664,20260812,1890,13542,8166,79336,8102,completed,"[""cx"",""rz"",""h""]",slice-a-m64,8164,20.0,0.0,0.5968592499848455,0.46941816702019423
4,2,cell-c732de2e5d848217ef36,pyzx_rewrite_identity_up_to_global_phase_v1,True,passed,echo_passthrough,literal input circuit -> output,0.25,0.25,logical_all_to_all_no_routing,passed,data/runs/w4-matched-representation-20260802/cells/cell-c732de2e5d848217ef36/cell.log,8,2147483648,9,56030f1265fad7ba5305b4e583f4144a30f5f846a3f49394d17d49063fc2dd58,16,24,"['cx', 'rz']",24,0,b61f35b45dfcd2ebfb2c0727f0ada0222c93bed4526b2e32547c7a34b0239320,5b241fe0b255b8ae55b3f8f777f3dc9bebd182d0a18ced9ba66d5cce4c3f636e,8,4,contiguous_flat,rep-c9852bce819ddaf26d50,data/runs/w4-matched-representation-20260802/representations/rep-c9852bce819ddaf26d50/representation_manifest.json,07fa37df93a67e73ced784c5d6c420efd2b8a192622b10a36c4970bdb0c082d3,False,105955328,20260811,797,3705,464,3718,398,completed,"[""cx"",""rz"",""h""]",slice-b-m08,8208,20.0,0.0,0.27709445892833173,0.19709391600918025
4,2,cell-7106439a6a8f402812d4,pyzx_rewrite_identity_up_to_global_phase_v1,True,passed,echo_passthrough,literal input circuit -> output,0.25,0.25,logical_all_to_all_no_routing,passed,data/runs/w4-matched-representation-20260802/cells/cell-7106439a6a8f402812d4/cell.log,8,2147483648,9,56030f1265fad7ba5305b4e583f4144a30f5f846a3f49394d17d49063fc2dd58,16,24,"['cx', 'rz']",24,0,b61f35b45dfcd2ebfb2c0727f0ada0222c93bed4526b2e32547c7a34b0239320,5b241fe0b255b8ae55b3f8f777f3dc9bebd182d0a18ced9ba66d5cce4c3f636e,8,4,contiguous_flat,rep-1c855f8d8ced018617ed,data/runs/w4-matched-representation-20260802/representations/rep-1c855f8d8ced018617ed/representation_manifest.json,407884481971737fd1b01bf334e48096ea421d9d8f99d84b6a951be643444f0f,False,106053632,20260812,797,3705,464,3718,398,completed,"[""cx"",""rz"",""h""]",slice-b-m08,8208,20.0,0.0,0.30407683295197785,0.19989437505137175
4,2,cell-1280d664dd93fb3d0021,pyzx_rewrite_identity_up_to_global_phase_v1,True,passed,full_aggregation,exact input parity/phase table -> canonical CNOT-Rz,0.25,0.25,logical_all_to_all_no_routing,passed,data/runs/w4-matched-representation-20260802/cells/cell-1280d664dd93fb3d0021/cell.log,8,2147483648,9,47e5d290b7303f7b967e1867bcfe4778d7f0e60ede3b3909c63d339eab04a3ca,4,6,"['cx', 'rz']",6,0,130928614ebbb915a515e4c0c92016344ca47ffff990cf9d074f0ed526826874,7d1b1f911b31cf62c1af3332b1893242377c8a0530484f7f5ec2a67118bace28,2,4,contiguous_flat,rep-c9852bce819ddaf26d50,data/runs/w4-matched-representation-20260802/representations/rep-c9852bce819ddaf26d50/representation_manifest.json,07fa37df93a67e73ced784c5d6c420efd2b8a192622b10a36c4970bdb0c082d3,False,105955328,20260811,797,3705,199,960,133,completed,"[""cx"",""rz"",""h""]",slice-b-m08,8208,20.0,0.0,0.2954348340863362,0.20453691703733057
4,2,cell-fdf9314d03b08b7df50e,pyzx_rewrite_identity_up_to_global_phase_v1,True,passed,full_aggregation,exact input parity/phase table -> canonical CNOT-Rz,0.25,0.25,logical_all_to_all_no_routing,passed,data/runs/w4-matched-representation-20260802/cells/cell-fdf9314d03b08b7df50e/cell.log,8,2147483648,9,47e5d290b7303f7b967e1867bcfe4778d7f0e60ede3b3909c63d339eab04a3ca,4,6,"['cx', 'rz']",6,0,130928614ebbb915a515e4c0c92016344ca47ffff990cf9d074f0ed526826874,7d1b1f911b31cf62c1af3332b1893242377c8a0530484f7f5ec2a67118bace28,2,4,contiguous_flat,rep-1c855f8d8ced018617ed,data/runs/w4-matched-representation-20260802/representations/rep-1c855f8d8ced018617ed/representation_manifest.json,407884481971737fd1b01bf334e48096ea421d9d8f99d84b6a951be643444f0f,False,106020864,20260812,797,3705,199,960,133,completed,"[""cx"",""rz"",""h""]",slice-b-m08,8208,20.0,0.0,0.30203158396761864,0.20337783300783485
4,2,cell-041915cf451f8211a0a5,pyzx_rewrite_identity_up_to_global_phase_v1,True,passed,pyzx_full_reduce,OpenQASM2 -> PyZX graph/full_reduce/extract -> target basis,0.25,0.25,logical_all_to_all_no_routing,passed,data/runs/w4-matched-representation-20260802/cells/cell-041915cf451f8211a0a5/cell.log,8,2147483648,9,9d61e543a2fc2c5cf9a3ad40569e9e2b8d3b89e1742cdd0dbe4a0cb9dc18a12c,6,21,"['cx', 'h', 'rz']",30,22,834df89d8067b8201edbc7bb8390593484e464fea3771ffc56c1f78dd811cc38,6b1d2de08c48109687150b4d7ccf2b5c632d9269c677a53226704dd64c0fbc46,2,4,contiguous_flat,rep-c9852bce819ddaf26d50,data/runs/w4-matched-representation-20260802/representations/rep-c9852bce819ddaf26d50/representation_manifest.json,07fa37df93a67e73ced784c5d6c420efd2b8a192622b10a36c4970bdb0c082d3,False,108118016,20260811,797,3705,403,3956,337,completed,"[""cx"",""rz"",""h""]",slice-b-m08,8208,20.0,0.0,0.32351150002796203,0.21629616699647158
4,2,cell-645a2e1c073d06a1a41c,pyzx_rewrite_identity_up_to_global_phase_v1,True,passed,pyzx_full_reduce,OpenQASM2 -> PyZX graph/full_reduce/extract -> target basis,0.25,0.25,logical_all_to_all_no_routing,passed,data/runs/w4-matched-representation-20260802/cells/cell-645a2e1c073d06a1a41c/cell.log,8,2147483648,9,9d61e543a2fc2c5cf9a3ad40569e9e2b8d3b89e1742cdd0dbe4a0cb9dc18a12c,6,21,"['cx', 'h', 'rz']",30,22,834df89d8067b8201edbc7bb8390593484e464fea3771ffc56c1f78dd811cc38,6b1d2de08c48109687150b4d7ccf2b5c632d9269c677a53226704dd64c0fbc46,2,4,contiguous_flat,rep-1c855f8d8ced018617ed,data/runs/w4-matched-representation-20260802/representations/rep-1c855f8d8ced018617ed/representation_manifest.json,407884481971737fd1b01bf334e48096ea421d9d8f99d84b6a951be643444f0f,False,108036096,20260812,797,3705,403,3956,337,completed,"[""cx"",""rz"",""h""]",slice-b-m08,8208,20.0,0.0,0.29466237500309944,0.21172237501014024
4,2,cell-77645515106ab16da6d1,pyzx_rewrite_identity_up_to_global_phase_v1,True,passed,qiskit_opt3,OpenQASM2 -> Qiskit preset level 3 -> target basis,0.25,0.25,logical_all_to_all_no_routing,passed,data/runs/w4-matched-representation-20260802/cells/cell-77645515106ab16da6d1/cell.log,8,2147483648,9,6db7881bcda831a8d455577a15b53cbb52f246e4472d2197b20679cf3a0aa3e6,4,6,"['cx', 'rz']",6,0,3e018a39db4412e3223d85bb4445f53287354294348e9035659b4a3bd15ba4f2,7d1b1f911b31cf62c1af3332b1893242377c8a0530484f7f5ec2a67118bace28,2,4,contiguous_flat,rep-c9852bce819ddaf26d50,data/runs/w4-matched-representation-20260802/representations/rep-c9852bce819ddaf26d50/representation_manifest.json,07fa37df93a67e73ced784c5d6c420efd2b8a192622b10a36c4970bdb0c082d3,False,108871680,20260811,797,3705,194,959,133,completed,"[""cx"",""rz"",""h""]",slice-b-m08,8208,20.0,0.0,0.31902479205746204,0.21201183390803635
4,2,cell-6a450b3da7630c35a037,pyzx_rewrite_identity_up_to_global_phase_v1,True,passed,qiskit_opt3,OpenQASM2 -> Qiskit preset level 3 -> target basis,0.25,0.25,logical_all_to_all_no_routing,passed,data/runs/w4-matched-representation-20260802/cells/cell-6a450b3da7630c35a037/cell.log,8,2147483648,9,6db7881bcda831a8d455577a15b53cbb52f246e4472d2197b20679cf3a0aa3e6,4,6,"['cx', 'rz']",6,0,3e018a39db4412e3223d85bb4445f53287354294348e9035659b4a3bd15ba4f2,7d1b1f911b31cf62c1af3332b1893242377c8a0530484f7f5ec2a67118bace28,2,4,contiguous_flat,rep-1c855f8d8ced018617ed,data/runs/w4-matched-representation-20260802/representations/rep-1c855f8d8ced018617ed/representation_manifest.json,407884481971737fd1b01bf334e48096ea421d9d8f99d84b6a951be643444f0f,False,108756992,20260812,797,3705,194,959,133,completed,"[""cx"",""rz"",""h""]",slice-b-m08,8208,20.0,0.0,0.29850204195827246,0.20560241595376283
4,2,cell-c58f923083f94b1298d5,pyzx_rewrite_identity_up_to_global_phase_v1,True,passed,tket_paulisimp,OpenQASM2 -> TKET DecomposeBoxes/AutoRebase/PauliSimp -> target basis,0.25,0.25,logical_all_to_all_no_routing,passed,data/runs/w4-matched-representation-20260802/cells/cell-c58f923083f94b1298d5/cell.log,8,2147483648,9,b8d60b9f94f5e65a2526ae6598281da9abca42c835c5b9f8d4db97edba00519a,4,12,"['cx', 'h', 'rz']",60,18,4e65ce0e19cf4f3a5182dff6de647939be2cba4ac99791c622018abc097388dc,75601561a012ee5645636a618238a0f8f6983e4a6e03212befcf0942a344fd54,38,4,contiguous_flat,rep-c9852bce819ddaf26d50,data/runs/w4-matched-representation-20260802/representations/rep-c9852bce819ddaf26d50/representation_manifest.json,07fa37df93a67e73ced784c5d6c420efd2b8a192622b10a36c4970bdb0c082d3,False,155353088,20260811,797,3705,917,8736,853,completed,"[""cx"",""rz"",""h""]",slice-b-m08,8208,20.0,0.0,0.5182692080270499,0.3948788339039311
4,2,cell-548ad033430aebeac942,pyzx_rewrite_identity_up_to_global_phase_v1,True,passed,tket_paulisimp,OpenQASM2 -> TKET DecomposeBoxes/AutoRebase/PauliSimp -> target basis,0.25,0.25,logical_all_to_all_no_routing,passed,data/runs/w4-matched-representation-20260802/cells/cell-548ad033430aebeac942/cell.log,8,2147483648,9,b8d60b9f94f5e65a2526ae6598281da9abca42c835c5b9f8d4db97edba00519a,4,12,"['cx', 'h', 'rz']",60,18,4e65ce0e19cf4f3a5182dff6de647939be2cba4ac99791c622018abc097388dc,75601561a012ee5645636a618238a0f8f6983e4a6e03212befcf0942a344fd54,38,4,contiguous_flat,rep-1c855f8d8ced018617ed,data/runs/w4-matched-representation-20260802/representations/rep-1c855f8d8ced018617ed/representation_manifest.json,407884481971737fd1b01bf334e48096ea421d9d8f99d84b6a951be643444f0f,False,155484160,20260812,797,3705,917,8736,853,completed,"[""cx"",""rz"",""h""]",slice-b-m08,8208,20.0,0.0,0.5029730830574408,0.3932233330560848
4,2,cell-a9fab03098ecbe468f45,pyzx_rewrite_identity_up_to_global_phase_v1,True,passed,echo_passthrough,literal input circuit -> output,0.25,0.25,logical_all_to_all_no_routing,passed,data/runs/w4-matched-representation-20260802/cells/cell-a9fab03098ecbe468f45/cell.log,8,2147483648,9,e8601468915a631815676dc9adb2b61b5e86ccd3e00253d7cec81dab7836e86a,8,12,"['cx', 'rz']",12,0,c303b54ed817ec6db721a5365026a0b3d88a73c6239d37efa61666c795f774bf,c46362de5756aed1c5b0b60243ed02c6d01eba067b33ec400f46f4093a4fa04d,4,4,locally_folded_flat,rep-5e43c527c989a44dfe28,data/runs/w4-matched-representation-20260802/representations/rep-5e43c527c989a44dfe28/representation_manifest.json,ee9914b700876d7f01bddf11c5a60d5d1b714244b0523dd523717cc479e43fca,False,105938944,20260811,445,1857,288,1866,222,completed,"[""cx"",""rz"",""h""]",slice-b-m08,8208,20.0,0.0,0.2745004160096869,0.19245791691355407
4,2,cell-3190cdfa2e493ae5b256,pyzx_rewrite_identity_up_to_global_phase_v1,True,passed,echo_passthrough,literal input circuit -> output,0.25,0.25,logical_all_to_all_no_routing,passed,data/runs/w4-matched-representation-20260802/cells/cell-3190cdfa2e493ae5b256/cell.log,8,2147483648,9,e8601468915a631815676dc9adb2b61b5e86ccd3e00253d7cec81dab7836e86a,8,12,"['cx', 'rz']",12,0,c303b54ed817ec6db721a5365026a0b3d88a73c6239d37efa61666c795f774bf,c46362de5756aed1c5b0b60243ed02c6d01eba067b33ec400f46f4093a4fa04d,4,4,locally_folded_flat,rep-777a3acb1d4d6f7f9d5b,data/runs/w4-matched-representation-20260802/representations/rep-777a3acb1d4d6f7f9d5b/representation_manifest.json,a8ba4088e465687a750e9885c4155d9d97181fc29f6c5a0886767e4236c9654f,False,105955328,20260812,445,1857,288,1866,222,completed,"[""cx"",""rz"",""h""]",slice-b-m08,8208,20.0,0.0,0.28587987506762147,0.19274666695855558
4,2,cell-31d3c41f181d184075f3,pyzx_rewrite_identity_up_to_global_phase_v1,True,passed,full_aggregation,exact input parity/phase table -> canonical CNOT-Rz,0.25,0.25,logical_all_to_all_no_routing,passed,data/runs/w4-matched-representation-20260802/cells/cell-31d3c41f181d184075f3/cell.log,8,2147483648,9,47e5d290b7303f7b967e1867bcfe4778d7f0e60ede3b3909c63d339eab04a3ca,4,6,"['cx', 'rz']",6,0,130928614ebbb915a515e4c0c92016344ca47ffff990cf9d074f0ed526826874,7d1b1f911b31cf62c1af3332b1893242377c8a0530484f7f5ec2a67118bace28,2,4,locally_folded_flat,rep-5e43c527c989a44dfe28,data/runs/w4-matched-representation-20260802/representations/rep-5e43c527c989a44dfe28/representation_manifest.json,ee9914b700876d7f01bddf11c5a60d5d1b714244b0523dd523717cc479e43fca,False,105922560,20260811,445,1857,199,960,133,completed,"[""cx"",""rz"",""h""]",slice-b-m08,8208,20.0,0.0,0.2775327080162242,0.19500870804768056
4,2,cell-32af8ffa02442e824339,pyzx_rewrite_identity_up_to_global_phase_v1,True,passed,full_aggregation,exact input parity/phase table -> canonical CNOT-Rz,0.25,0.25,logical_all_to_all_no_routing,passed,data/runs/w4-matched-representation-20260802/cells/cell-32af8ffa02442e824339/cell.log,8,2147483648,9,47e5d290b7303f7b967e1867bcfe4778d7f0e60ede3b3909c63d339eab04a3ca,4,6,"['cx', 'rz']",6,0,130928614ebbb915a515e4c0c92016344ca47ffff990cf9d074f0ed526826874,7d1b1f911b31cf62c1af3332b1893242377c8a0530484f7f5ec2a67118bace28,2,4,locally_folded_flat,rep-777a3acb1d4d6f7f9d5b,data/runs/w4-matched-representation-20260802/representations/rep-777a3acb1d4d6f7f9d5b/representation_manifest.json,a8ba4088e465687a750e9885c4155d9d97181fc29f6c5a0886767e4236c9654f,False,105988096,20260812,445,1857,199,960,133,completed,"[""cx"",""rz"",""h""]",slice-b-m08,8208,20.0,0.0,0.27392950002104044,0.1932235419517383
4,2,cell-aec86bed7806a0ba5e86,pyzx_rewrite_identity_up_to_global_phase_v1,True,passed,pyzx_full_reduce,OpenQASM2 -> PyZX graph/full_reduce/extract -> target basis,0.25,0.25,logical_all_to_all_no_routing,passed,data/runs/w4-matched-representation-20260802/cells/cell-aec86bed7806a0ba5e86/cell.log,8,2147483648,9,9d61e543a2fc2c5cf9a3ad40569e9e2b8d3b89e1742cdd0dbe4a0cb9dc18a12c,6,21,"['cx', 'h', 'rz']",30,22,834df89d8067b8201edbc7bb8390593484e464fea3771ffc56c1f78dd811cc38,6b1d2de08c48109687150b4d7ccf2b5c632d9269c677a53226704dd64c0fbc46,2,4,locally_folded_flat,rep-5e43c527c989a44dfe28,data/runs/w4-matched-representation-20260802/representations/rep-5e43c527c989a44dfe28/representation_manifest.json,ee9914b700876d7f01bddf11c5a60d5d1b714244b0523dd523717cc479e43fca,False,108036096,20260811,445,1857,403,3956,337,completed,"[""cx"",""rz"",""h""]",slice-b-m08,8208,20.0,0.0,0.2978633330203593,0.20555866695940495
4,2,cell-14074aef6fd11ba688c0,pyzx_rewrite_identity_up_to_global_phase_v1,True,passed,pyzx_full_reduce,OpenQASM2 -> PyZX graph/full_reduce/extract -> target basis,0.25,0.25,logical_all_to_all_no_routing,passed,data/runs/w4-matched-representation-20260802/cells/cell-14074aef6fd11ba688c0/cell.log,8,2147483648,9,9d61e543a2fc2c5cf9a3ad40569e9e2b8d3b89e1742cdd0dbe4a0cb9dc18a12c,6,21,"['cx', 'h', 'rz']",30,22,834df89d8067b8201edbc7bb8390593484e464fea3771ffc56c1f78dd811cc38,6b1d2de08c48109687150b4d7ccf2b5c632d9269c677a53226704dd64c0fbc46,2,4,locally_folded_flat,rep-777a3acb1d4d6f7f9d5b,data/runs/w4-matched-representation-20260802/representations/rep-777a3acb1d4d6f7f9d5b/representation_manifest.json,a8ba4088e465687a750e9885c4155d9d97181fc29f6c5a0886767e4236c9654f,False,108232704,20260812,445,1857,403,3956,337,completed,"[""cx"",""rz"",""h""]",slice-b-m08,8208,20.0,0.0,0.29866666602902114,0.20733754197135568
4,2,cell-420fc2eb467e3a957f90,pyzx_rewrite_identity_up_to_global_phase_v1,True,passed,qiskit_opt3,OpenQASM2 -> Qiskit preset level 3 -> target basis,0.25,0.25,logical_all_to_all_no_routing,passed,data/runs/w4-matched-representation-20260802/cells/cell-420fc2eb467e3a957f90/cell.log,8,2147483648,9,6db7881bcda831a8d455577a15b53cbb52f246e4472d2197b20679cf3a0aa3e6,4,6,"['cx', 'rz']",6,0,3e018a39db4412e3223d85bb4445f53287354294348e9035659b4a3bd15ba4f2,7d1b1f911b31cf62c1af3332b1893242377c8a0530484f7f5ec2a67118bace28,2,4,locally_folded_flat,rep-5e43c527c989a44dfe28,data/runs/w4-matched-representation-20260802/representations/rep-5e43c527c989a44dfe28/representation_manifest.json,ee9914b700876d7f01bddf11c5a60d5d1b714244b0523dd523717cc479e43fca,False,108855296,20260811,445,1857,194,959,133,completed,"[""cx"",""rz"",""h""]",slice-b-m08,8208,20.0,0.0,0.30384241696447134,0.20485308300703764
4,2,cell-c8e301731793d04aa97e,pyzx_rewrite_identity_up_to_global_phase_v1,True,passed,qiskit_opt3,OpenQASM2 -> Qiskit preset level 3 -> target basis,0.25,0.25,logical_all_to_all_no_routing,passed,data/runs/w4-matched-representation-20260802/cells/cell-c8e301731793d04aa97e/cell.log,8,2147483648,9,6db7881bcda831a8d455577a15b53cbb52f246e4472d2197b20679cf3a0aa3e6,4,6,"['cx', 'rz']",6,0,3e018a39db4412e3223d85bb4445f53287354294348e9035659b4a3bd15ba4f2,7d1b1f911b31cf62c1af3332b1893242377c8a0530484f7f5ec2a67118bace28,2,4,locally_folded_flat,rep-777a3acb1d4d6f7f9d5b,data/runs/w4-matched-representation-20260802/representations/rep-777a3acb1d4d6f7f9d5b/representation_manifest.json,a8ba4088e465687a750e9885c4155d9d97181fc29f6c5a0886767e4236c9654f,False,108855296,20260812,445,1857,194,959,133,completed,"[""cx"",""rz"",""h""]",slice-b-m08,8208,20.0,0.0,0.301617416087538,0.20475149992853403
4,2,cell-1caddd3f81f94845b3f2,pyzx_rewrite_identity_up_to_global_phase_v1,True,passed,tket_paulisimp,OpenQASM2 -> TKET DecomposeBoxes/AutoRebase/PauliSimp -> target basis,0.25,0.25,logical_all_to_all_no_routing,passed,data/runs/w4-matched-representation-20260802/cells/cell-1caddd3f81f94845b3f2/cell.log,8,2147483648,9,b8d60b9f94f5e65a2526ae6598281da9abca42c835c5b9f8d4db97edba00519a,4,12,"['cx', 'h', 'rz']",60,18,4e65ce0e19cf4f3a5182dff6de647939be2cba4ac99791c622018abc097388dc,75601561a012ee5645636a618238a0f8f6983e4a6e03212befcf0942a344fd54,38,4,locally_folded_flat,rep-5e43c527c989a44dfe28,data/runs/w4-matched-representation-20260802/representations/rep-5e43c527c989a44dfe28/representation_manifest.json,ee9914b700876d7f01bddf11c5a60d5d1b714244b0523dd523717cc479e43fca,False,155336704,20260811,445,1857,917,8736,853,completed,"[""cx"",""rz"",""h""]",slice-b-m08,8208,20.0,0.0,0.5147527920780703,0.39416133402846754
4,2,cell-813239a0b3464bcc3f4b,pyzx_rewrite_identity_up_to_global_phase_v1,True,passed,tket_paulisimp,OpenQASM2 -> TKET DecomposeBoxes/AutoRebase/PauliSimp -> target basis,0.25,0.25,logical_all_to_all_no_routing,passed,data/runs/w4-matched-representation-20260802/cells/cell-813239a0b3464bcc3f4b/cell.log,8,2147483648,9,b8d60b9f94f5e65a2526ae6598281da9abca42c835c5b9f8d4db97edba00519a,4,12,"['cx', 'h', 'rz']",60,18,4e65ce0e19cf4f3a5182dff6de647939be2cba4ac99791c622018abc097388dc,75601561a012ee5645636a618238a0f8f6983e4a6e03212befcf0942a344fd54,38,4,locally_folded_flat,rep-777a3acb1d4d6f7f9d5b,data/runs/w4-matched-representation-20260802/representations/rep-777a3acb1d4d6f7f9d5b/representation_manifest.json,a8ba4088e465687a750e9885c4155d9d97181fc29f6c5a0886767e4236c9654f,False,155435008,20260812,445,1857,917,8736,853,completed,"[""cx"",""rz"",""h""]",slice-b-m08,8208,20.0,0.0,0.4990159999579191,0.39117029099725187
4,2,cell-81ba42c1c02d5fbd2213,pyzx_rewrite_identity_up_to_global_phase_v1,True,passed,echo_passthrough,literal input circuit -> output,0.25,0.25,logical_all_to_all_no_routing,passed,data/runs/w4-matched-representation-20260802/cells/cell-81ba42c1c02d5fbd2213/cell.log,8,2147483648,9,c3b9bafc769a1ee653061c66b25a0dab43cd93fb1cdebdcd03f88a66b5f699b3,16,24,"['cx', 'rz']",24,0,57e23164dd92abe8e9905e97fdbc6fe21594439e9d2f7393223011906a79e411,2a8565ad8bd5152f8923ea69c3fc0c058f5eaeb67f9a8244909af74d67101373,8,4,masked_share_update,rep-625bfa7896aabd835710,data/runs/w4-matched-representation-20260802/representations/rep-625bfa7896aabd835710/representation_manifest.json,da995bfaf06f1da994b1fdb71f3ae896e84b1c6ab31f0154f215a4b7fb0b2d80,False,106053632,20260811,797,3706,494,3715,428,completed,"[""cx"",""rz"",""h""]",slice-b-m08,8208,20.0,0.0,0.2732774579199031,0.19276058301329613
4,2,cell-4330da97d5c5b1313e63,pyzx_rewrite_identity_up_to_global_phase_v1,True,passed,echo_passthrough,literal input circuit -> output,0.25,0.25,logical_all_to_all_no_routing,passed,data/runs/w4-matched-representation-20260802/cells/cell-4330da97d5c5b1313e63/cell.log,8,2147483648,9,f56e80ae1addab2e1ffd4cb0b8c815c5856db24c98519686e1a46de25e279c23,16,24,"['cx', 'rz']",24,0,9222bf3e7060094f696a5dcb7e82c399d5ed0b91ecb6d2b544a33da185a0e180,605c5d92d82840577cfe2b3b796854f5529f5ce32b84d5fa9c8f47ed19bd7816,8,4,masked_share_update,rep-5ff3f5eb266df29d7bcc,data/runs/w4-matched-representation-20260802/representations/rep-5ff3f5eb266df29d7bcc/representation_manifest.json,336850f3793a8b80edb2c101538b4c7e46ec49a95cfe3158aa2fa684d095d684,False,106004480,20260812,797,3706,519,3715,453,completed,"[""cx"",""rz"",""h""]",slice-b-m08,8208,20.0,0.0,0.2960249580210075,0.1954845420550555
4,2,cell-19fd8989d80937940507,pyzx_rewrite_identity_up_to_global_phase_v1,True,passed,full_aggregation,exact input parity/phase table -> canonical CNOT-Rz,0.25,0.25,logical_all_to_all_no_routing,passed,data/runs/w4-matched-representation-20260802/cells/cell-19fd8989d80937940507/cell.log,8,2147483648,9,47e5d290b7303f7b967e1867bcfe4778d7f0e60ede3b3909c63d339eab04a3ca,4,6,"['cx', 'rz']",6,0,130928614ebbb915a515e4c0c92016344ca47ffff990cf9d074f0ed526826874,7d1b1f911b31cf62c1af3332b1893242377c8a0530484f7f5ec2a67118bace28,2,4,masked_share_update,rep-625bfa7896aabd835710,data/runs/w4-matched-representation-20260802/representations/rep-625bfa7896aabd835710/representation_manifest.json,da995bfaf06f1da994b1fdb71f3ae896e84b1c6ab31f0154f215a4b7fb0b2d80,False,105988096,20260811,797,3706,199,960,133,completed,"[""cx"",""rz"",""h""]",slice-b-m08,8208,20.0,0.0,0.2761798750143498,0.1935524579603225
4,2,cell-e90fef93689a7fccb715,pyzx_rewrite_identity_up_to_global_phase_v1,True,passed,full_aggregation,exact input parity/phase table -> canonical CNOT-Rz,0.25,0.25,logical_all_to_all_no_routing,passed,data/runs/w4-matched-representation-20260802/cells/cell-e90fef93689a7fccb715/cell.log,8,2147483648,9,47e5d290b7303f7b967e1867bcfe4778d7f0e60ede3b3909c63d339eab04a3ca,4,6,"['cx', 'rz']",6,0,130928614ebbb915a515e4c0c92016344ca47ffff990cf9d074f0ed526826874,7d1b1f911b31cf62c1af3332b1893242377c8a0530484f7f5ec2a67118bace28,2,4,masked_share_update,rep-5ff3f5eb266df29d7bcc,data/runs/w4-matched-representation-20260802/representations/rep-5ff3f5eb266df29d7bcc/representation_manifest.json,336850f3793a8b80edb2c101538b4c7e46ec49a95cfe3158aa2fa684d095d684,False,105922560,20260812,797,3706,199,960,133,completed,"[""cx"",""rz"",""h""]",slice-b-m08,8208,20.0,0.0,0.275048290961422,0.19305008393712342
4,2,cell-d6b0a82de3bdb646d259,pyzx_rewrite_identity_up_to_global_phase_v1,True,passed,pyzx_full_reduce,OpenQASM2 -> PyZX graph/full_reduce/extract -> target basis,0.25,0.25,logical_all_to_all_no_routing,passed,data/runs/w4-matched-representation-20260802/cells/cell-d6b0a82de3bdb646d259/cell.log,8,2147483648,9,9d61e543a2fc2c5cf9a3ad40569e9e2b8d3b89e1742cdd0dbe4a0cb9dc18a12c,6,21,"['cx', 'h', 'rz']",30,22,834df89d8067b8201edbc7bb8390593484e464fea3771ffc56c1f78dd811cc38,6b1d2de08c48109687150b4d7ccf2b5c632d9269c677a53226704dd64c0fbc46,2,4,masked_share_update,rep-625bfa7896aabd835710,data/runs/w4-matched-representation-20260802/representations/rep-625bfa7896aabd835710/representation_manifest.json,da995bfaf06f1da994b1fdb71f3ae896e84b1c6ab31f0154f215a4b7fb0b2d80,False,108068864,20260811,797,3706,403,3956,337,completed,"[""cx"",""rz"",""h""]",slice-b-m08,8208,20.0,0.0,0.301879542064853,0.20744550006929785
4,2,cell-c5c68a5757f0e89ecacf,pyzx_rewrite_identity_up_to_global_phase_v1,True,passed,pyzx_full_reduce,OpenQASM2 -> PyZX graph/full_reduce/extract -> target basis,0.25,0.25,logical_all_to_all_no_routing,passed,data/runs/w4-matched-representation-20260802/cells/cell-c5c68a5757f0e89ecacf/cell.log,8,2147483648,9,9d61e543a2fc2c5cf9a3ad40569e9e2b8d3b89e1742cdd0dbe4a0cb9dc18a12c,6,21,"['cx', 'h', 'rz']",30,22,834df89d8067b8201edbc7bb8390593484e464fea3771ffc56c1f78dd811cc38,6b1d2de08c48109687150b4d7ccf2b5c632d9269c677a53226704dd64c0fbc46,2,4,masked_share_update,rep-5ff3f5eb266df29d7bcc,data/runs/w4-matched-representation-20260802/representations/rep-5ff3f5eb266df29d7bcc/representation_manifest.json,336850f3793a8b80edb2c101538b4c7e46ec49a95cfe3158aa2fa684d095d684,False,108052480,20260812,797,3706,403,3956,337,completed,"[""cx"",""rz"",""h""]",slice-b-m08,8208,20.0,0.0,0.30253037496004254,0.21046854101587087
4,2,cell-10cff255fefa5afddf83,pyzx_rewrite_identity_up_to_global_phase_v1,False,inconclusive,qiskit_opt3,OpenQASM2 -> Qiskit preset level 3 -> target basis,0.25,0.25,logical_all_to_all_no_routing,passed,data/runs/w4-matched-representation-20260802/cells/cell-10cff255fefa5afddf83/cell.log,8,2147483648,9,e3bbfd5ea4a58bf96026310c07d9dbd04b0bc1ff5a92da85e012e36b5686fd5e,15,45,"['cx', 'h', 'rz']",63,10,322875bbf3978be350659030f87cb9ef90c133464f5dd541bfea2cc308f844ce,beac125e5a427d92baf5d8a86cb64d11c7bb339a01f1332dc4e72326a0aab320,38,4,masked_share_update,rep-625bfa7896aabd835710,data/runs/w4-matched-representation-20260802/representations/rep-625bfa7896aabd835710/representation_manifest.json,da995bfaf06f1da994b1fdb71f3ae896e84b1c6ab31f0154f215a4b7fb0b2d80,False,109625344,20260811,797,3706,1130,9562,1069,predicate_error,"[""cx"",""rz"",""h""]",slice-b-m08,8208,20.0,0.0,0.2977741670329124,0.2110197499860078
4,2,cell-25f046dfca3901d0b6dd,pyzx_rewrite_identity_up_to_global_phase_v1,True,passed,qiskit_opt3,OpenQASM2 -> Qiskit preset level 3 -> target basis,0.25,0.25,logical_all_to_all_no_routing,passed,data/runs/w4-matched-representation-20260802/cells/cell-25f046dfca3901d0b6dd/cell.log,8,2147483648,9,88084744db09b3b5cb6184cc8ab35cbd71066c6290431ca6e399306b88c097c6,11,23,"['cx', 'h', 'rz']",28,4,28a6a44409b82edd6690492efe27aff675c7934850d04e287d420af754481569,eec49689dce3914f58e027a8f1f8c7eeacc73b5049fb2a0f43ff32e03d7bfe76,13,4,masked_share_update,rep-5ff3f5eb266df29d7bcc,data/runs/w4-matched-representation-20260802/representations/rep-5ff3f5eb266df29d7bcc/representation_manifest.json,336850f3793a8b80edb2c101538b4c7e46ec49a95cfe3158aa2fa684d095d684,False,109658112,20260812,797,3706,559,4258,498,completed,"[""cx"",""rz"",""h""]",slice-b-m08,8208,20.0,0.0,0.2990294999908656,0.20618616708088666
4,2,cell-f46e3bac0791fff24b0f,pyzx_rewrite_identity_up_to_global_phase_v1,True,passed,tket_paulisimp,OpenQASM2 -> TKET DecomposeBoxes/AutoRebase/PauliSimp -> target basis,0.25,0.25,logical_all_to_all_no_routing,passed,data/runs/w4-matched-representation-20260802/cells/cell-f46e3bac0791fff24b0f/cell.log,8,2147483648,9,adc131fc0de8afc01c4c63c7c081f3af2e57525f5b5bff53ada7597af2d9c3d5,6,16,"['cx', 'h', 'rz']",65,18,4c10648f0c6cfb01fe1331da1e6ef02f1e8cad87926d2d4b611bd4a2c0e998ba,ca4320b7f147b38878248f9b09d330511c171e57d67aa74759dee60e3a55bc6f,41,4,masked_share_update,rep-625bfa7896aabd835710,data/runs/w4-matched-representation-20260802/representations/rep-625bfa7896aabd835710/representation_manifest.json,da995bfaf06f1da994b1fdb71f3ae896e84b1c6ab31f0154f215a4b7fb0b2d80,False,155500544,20260811,797,3706,998,9515,934,completed,"[""cx"",""rz"",""h""]",slice-b-m08,8208,20.0,0.0,0.5150484590558335,0.39371258404571563
4,2,cell-2154245a9a8877aac8f5,pyzx_rewrite_identity_up_to_global_phase_v1,True,passed,tket_paulisimp,OpenQASM2 -> TKET DecomposeBoxes/AutoRebase/PauliSimp -> target basis,0.25,0.25,logical_all_to_all_no_routing,passed,data/runs/w4-matched-representation-20260802/cells/cell-2154245a9a8877aac8f5/cell.log,8,2147483648,9,e1140582365c3f0d17963f4b96d1426406ee6785be2e6947fe9aabae7e6a2a08,4,13,"['cx', 'h', 'rz']",62,18,5e1239115f8466200512b70986800b50af9d668016985531df047793156e8fda,c2260cf34410faa949ce927be916710806f94f3f4f9b8e26d87746f6c17d5eaf,40,4,masked_share_update,rep-5ff3f5eb266df29d7bcc,data/runs/w4-matched-representation-20260802/representations/rep-5ff3f5eb266df29d7bcc/representation_manifest.json,336850f3793a8b80edb2c101538b4c7e46ec49a95cfe3158aa2fa684d095d684,False,155516928,20260812,797,3706,957,9051,893,completed,"[""cx"",""rz"",""h""]",slice-b-m08,8208,20.0,0.0,0.5138522080378607,0.39242333301808685
4,2,cell-da6a716a2e062022cd5d,pyzx_rewrite_identity_up_to_global_phase_v1,True,passed,echo_passthrough,literal input circuit -> output,0.25,0.25,logical_all_to_all_no_routing,passed,data/runs/w4-matched-representation-20260802/cells/cell-da6a716a2e062022cd5d/cell.log,8,2147483648,9,2a8e243d92a5aecc60dc02c22d96ef99d6c8dfd087d9077f28624020f66ccc79,4,6,"['cx', 'rz']",6,0,f7e92a3c05740108511201aa77b8551d025f381d9af43e438f020fa65b123a82,7d1b1f911b31cf62c1af3332b1893242377c8a0530484f7f5ec2a67118bace28,2,4,qasm_bridge,rep-e352152cfec418ba30e7,data/runs/w4-matched-representation-20260802/representations/rep-e352152cfec418ba30e7/representation_manifest.json,c6696c0fcd2575628db2fb1b8926775e4354d028a99c653bb1bb93df12d927e8,False,105906176,20260811,209,923,199,940,133,completed,"[""cx"",""rz"",""h""]",slice-b-m08,8208,20.0,0.0,0.2761663330020383,0.1911641659680754
4,2,cell-4ca439163ba2bb471fbe,pyzx_rewrite_identity_up_to_global_phase_v1,True,passed,echo_passthrough,literal input circuit -> output,0.25,0.25,logical_all_to_all_no_routing,passed,data/runs/w4-matched-representation-20260802/cells/cell-4ca439163ba2bb471fbe/cell.log,8,2147483648,9,2a8e243d92a5aecc60dc02c22d96ef99d6c8dfd087d9077f28624020f66ccc79,4,6,"['cx', 'rz']",6,0,f7e92a3c05740108511201aa77b8551d025f381d9af43e438f020fa65b123a82,7d1b1f911b31cf62c1af3332b1893242377c8a0530484f7f5ec2a67118bace28,2,4,qasm_bridge,rep-a60d2f159bc4eaf42e23,data/runs/w4-matched-representation-20260802/representations/rep-a60d2f159bc4eaf42e23/representation_manifest.json,7ae1d2657418efd27ffe8f5414458c0bf055eebb17a447ed33c9ad085b95e4f9,False,105971712,20260812,209,923,199,940,133,completed,"[""cx"",""rz"",""h""]",slice-b-m08,8208,20.0,0.0,0.2974257089663297,0.19420570810325444
4,2,cell-8f0e520441513d68fd8a,pyzx_rewrite_identity_up_to_global_phase_v1,True,passed,full_aggregation,exact input parity/phase table -> canonical CNOT-Rz,0.25,0.25,logical_all_to_all_no_routing,passed,data/runs/w4-matched-representation-20260802/cells/cell-8f0e520441513d68fd8a/cell.log,8,2147483648,9,47e5d290b7303f7b967e1867bcfe4778d7f0e60ede3b3909c63d339eab04a3ca,4,6,"['cx', 'rz']",6,0,130928614ebbb915a515e4c0c92016344ca47ffff990cf9d074f0ed526826874,7d1b1f911b31cf62c1af3332b1893242377c8a0530484f7f5ec2a67118bace28,2,4,qasm_bridge,rep-e352152cfec418ba30e7,data/runs/w4-matched-representation-20260802/representations/rep-e352152cfec418ba30e7/representation_manifest.json,c6696c0fcd2575628db2fb1b8926775e4354d028a99c653bb1bb93df12d927e8,False,105955328,20260811,209,923,199,960,133,completed,"[""cx"",""rz"",""h""]",slice-b-m08,8208,20.0,0.0,0.2708980409661308,0.1928407499799505
4,2,cell-ba0581620b393e58dd2f,pyzx_rewrite_identity_up_to_global_phase_v1,True,passed,full_aggregation,exact input parity/phase table -> canonical CNOT-Rz,0.25,0.25,logical_all_to_all_no_routing,passed,data/runs/w4-matched-representation-20260802/cells/cell-ba0581620b393e58dd2f/cell.log,8,2147483648,9,47e5d290b7303f7b967e1867bcfe4778d7f0e60ede3b3909c63d339eab04a3ca,4,6,"['cx', 'rz']",6,0,130928614ebbb915a515e4c0c92016344ca47ffff990cf9d074f0ed526826874,7d1b1f911b31cf62c1af3332b1893242377c8a0530484f7f5ec2a67118bace28,2,4,qasm_bridge,rep-a60d2f159bc4eaf42e23,data/runs/w4-matched-representation-20260802/representations/rep-a60d2f159bc4eaf42e23/representation_manifest.json,7ae1d2657418efd27ffe8f5414458c0bf055eebb17a447ed33c9ad085b95e4f9,False,105955328,20260812,209,923,199,960,133,completed,"[""cx"",""rz"",""h""]",slice-b-m08,8208,20.0,0.0,0.27653666702099144,0.19215220806654543
4,2,cell-db98ebb45900e61e1beb,pyzx_rewrite_identity_up_to_global_phase_v1,True,passed,pyzx_full_reduce,OpenQASM2 -> PyZX graph/full_reduce/extract -> target basis,0.25,0.25,logical_all_to_all_no_routing,passed,data/runs/w4-matched-representation-20260802/cells/cell-db98ebb45900e61e1beb/cell.log,8,2147483648,9,9d61e543a2fc2c5cf9a3ad40569e9e2b8d3b89e1742cdd0dbe4a0cb9dc18a12c,6,21,"['cx', 'h', 'rz']",30,22,834df89d8067b8201edbc7bb8390593484e464fea3771ffc56c1f78dd811cc38,6b1d2de08c48109687150b4d7ccf2b5c632d9269c677a53226704dd64c0fbc46,2,4,qasm_bridge,rep-e352152cfec418ba30e7,data/runs/w4-matched-representation-20260802/representations/rep-e352152cfec418ba30e7/representation_manifest.json,c6696c0fcd2575628db2fb1b8926775e4354d028a99c653bb1bb93df12d927e8,False,108085248,20260811,209,923,403,3956,337,completed,"[""cx"",""rz"",""h""]",slice-b-m08,8208,20.0,0.0,0.2983260831097141,0.203378124977462
4,2,cell-d19f4c0baf596baf1007,pyzx_rewrite_identity_up_to_global_phase_v1,True,passed,pyzx_full_reduce,OpenQASM2 -> PyZX graph/full_reduce/extract -> target basis,0.25,0.25,logical_all_to_all_no_routing,passed,data/runs/w4-matched-representation-20260802/cells/cell-d19f4c0baf596baf1007/cell.log,8,2147483648,9,9d61e543a2fc2c5cf9a3ad40569e9e2b8d3b89e1742cdd0dbe4a0cb9dc18a12c,6,21,"['cx', 'h', 'rz']",30,22,834df89d8067b8201edbc7bb8390593484e464fea3771ffc56c1f78dd811cc38,6b1d2de08c48109687150b4d7ccf2b5c632d9269c677a53226704dd64c0fbc46,2,4,qasm_bridge,rep-a60d2f159bc4eaf42e23,data/runs/w4-matched-representation-20260802/representations/rep-a60d2f159bc4eaf42e23/representation_manifest.json,7ae1d2657418efd27ffe8f5414458c0bf055eebb17a447ed33c9ad085b95e4f9,False,108085248,20260812,209,923,403,3956,337,completed,"[""cx"",""rz"",""h""]",slice-b-m08,8208,20.0,0.0,0.2896027499809861,0.20803279103711247
4,2,cell-0595caa88879ddc77aee,pyzx_rewrite_identity_up_to_global_phase_v1,True,passed,qiskit_opt3,OpenQASM2 -> Qiskit preset level 3 -> target basis,0.25,0.25,logical_all_to_all_no_routing,passed,data/runs/w4-matched-representation-20260802/cells/cell-0595caa88879ddc77aee/cell.log,8,2147483648,9,6db7881bcda831a8d455577a15b53cbb52f246e4472d2197b20679cf3a0aa3e6,4,6,"['cx', 'rz']",6,0,3e018a39db4412e3223d85bb4445f53287354294348e9035659b4a3bd15ba4f2,7d1b1f911b31cf62c1af3332b1893242377c8a0530484f7f5ec2a67118bace28,2,4,qasm_bridge,rep-e352152cfec418ba30e7,data/runs/w4-matched-representation-20260802/representations/rep-e352152cfec418ba30e7/representation_manifest.json,c6696c0fcd2575628db2fb1b8926775e4354d028a99c653bb1bb93df12d927e8,False,108806144,20260811,209,923,194,959,133,completed,"[""cx"",""rz"",""h""]",slice-b-m08,8208,20.0,0.0,0.30238095798995346,0.20404137508012354
4,2,cell-3f05ccaff46c4fb241a7,pyzx_rewrite_identity_up_to_global_phase_v1,True,passed,qiskit_opt3,OpenQASM2 -> Qiskit preset level 3 -> target basis,0.25,0.25,logical_all_to_all_no_routing,passed,data/runs/w4-matched-representation-20260802/cells/cell-3f05ccaff46c4fb241a7/cell.log,8,2147483648,9,6db7881bcda831a8d455577a15b53cbb52f246e4472d2197b20679cf3a0aa3e6,4,6,"['cx', 'rz']",6,0,3e018a39db4412e3223d85bb4445f53287354294348e9035659b4a3bd15ba4f2,7d1b1f911b31cf62c1af3332b1893242377c8a0530484f7f5ec2a67118bace28,2,4,qasm_bridge,rep-a60d2f159bc4eaf42e23,data/runs/w4-matched-representation-20260802/representations/rep-a60d2f159bc4eaf42e23/representation_manifest.json,7ae1d2657418efd27ffe8f5414458c0bf055eebb17a447ed33c9ad085b95e4f9,False,108937216,20260812,209,923,194,959,133,completed,"[""cx"",""rz"",""h""]",slice-b-m08,8208,20.0,0.0,0.29573524999432266,0.20417279098182917
4,2,cell-001048f3ac61b1116719,pyzx_rewrite_identity_up_to_global_phase_v1,True,passed,tket_paulisimp,OpenQASM2 -> TKET DecomposeBoxes/AutoRebase/PauliSimp -> target basis,0.25,0.25,logical_all_to_all_no_routing,passed,data/runs/w4-matched-representation-20260802/cells/cell-001048f3ac61b1116719/cell.log,8,2147483648,9,b8d60b9f94f5e65a2526ae6598281da9abca42c835c5b9f8d4db97edba00519a,4,12,"['cx', 'h', 'rz']",60,18,4e65ce0e19cf4f3a5182dff6de647939be2cba4ac99791c622018abc097388dc,75601561a012ee5645636a618238a0f8f6983e4a6e03212befcf0942a344fd54,38,4,qasm_bridge,rep-e352152cfec418ba30e7,data/runs/w4-matched-representation-20260802/representations/rep-e352152cfec418ba30e7/representation_manifest.json,c6696c0fcd2575628db2fb1b8926775e4354d028a99c653bb1bb93df12d927e8,False,155320320,20260811,209,923,917,8736,853,completed,"[""cx"",""rz"",""h""]",slice-b-m08,8208,20.0,0.0,0.5210441669914871,0.39566158410161734
4,2,cell-5b4a50f3236435ce9740,pyzx_rewrite_identity_up_to_global_phase_v1,True,passed,tket_paulisimp,OpenQASM2 -> TKET DecomposeBoxes/AutoRebase/PauliSimp -> target basis,0.25,0.25,logical_all_to_all_no_routing,passed,data/runs/w4-matched-representation-20260802/cells/cell-5b4a50f3236435ce9740/cell.log,8,2147483648,9,b8d60b9f94f5e65a2526ae6598281da9abca42c835c5b9f8d4db97edba00519a,4,12,"['cx', 'h', 'rz']",60,18,4e65ce0e19cf4f3a5182dff6de647939be2cba4ac99791c622018abc097388dc,75601561a012ee5645636a618238a0f8f6983e4a6e03212befcf0942a344fd54,38,4,qasm_bridge,rep-a60d2f159bc4eaf42e23,data/runs/w4-matched-representation-20260802/representations/rep-a60d2f159bc4eaf42e23/representation_manifest.json,7ae1d2657418efd27ffe8f5414458c0bf055eebb17a447ed33c9ad085b95e4f9,False,156499968,20260812,209,923,917,8736,853,completed,"[""cx"",""rz"",""h""]",slice-b-m08,8208,20.0,0.0,0.5643418750260025,0.4139530420070514
4,2,cell-583fd66e1c5b2eaa18cd,pyzx_rewrite_identity_up_to_global_phase_v1,True,passed,echo_passthrough,literal input circuit -> output,0.25,0.25,logical_all_to_all_no_routing,passed,data/runs/w4-matched-representation-20260802/cells/cell-583fd66e1c5b2eaa18cd/cell.log,8,2147483648,9,a9391c87b7066eac225283bc85370536bd9b6bd88b55398dda60c4c7e60eb0b3,16,24,"['cx', 'rz']",24,0,1dd6f3b6c3efacc20548625b31937bc0fd4061fe4884f3b43365e9c16983614b,519bfadb81f065dc45b567deb639e35fbecb893875ba0ddb020cfade7aae28fc,8,4,random_commuting_order,rep-16f2b2c5400af5ebf570,data/runs/w4-matched-representation-20260802/representations/rep-16f2b2c5400af5ebf570/representation_manifest.json,d19496f26950f5b468f4acd2c225192386eb15284dc7b7ee2bed9e47a154bec1,False,105906176,20260811,797,3712,464,3718,398,completed,"[""cx"",""rz"",""h""]",slice-b-m08,8208,20.0,0.0,0.2894174170214683,0.20365966705139726
4,2,cell-1af7c7ec22efc23f612d,pyzx_rewrite_identity_up_to_global_phase_v1,True,passed,echo_passthrough,literal input circuit -> output,0.25,0.25,logical_all_to_all_no_routing,passed,data/runs/w4-matched-representation-20260802/cells/cell-1af7c7ec22efc23f612d/cell.log,8,2147483648,9,c64377bfd4684935f3b881114ce48b6410255858c748ae03cd99c421a6e561ba,16,24,"['cx', 'rz']",24,0,73e44d189d16cc409c8c410532104397526885e3b053ae130752dcad2cc53a8f,f1e972d14bf4f3a9bb5b0da45604fa9c05e1831f99a4ea0e42043f2da1315fa5,8,4,random_commuting_order,rep-df6177dbf81ad8327b1f,data/runs/w4-matched-representation-20260802/representations/rep-df6177dbf81ad8327b1f/representation_manifest.json,a45d9e492a03cf12facb84520c1c0ad43cf15d41154c6f96063dc0defeeac691,False,106020864,20260812,797,3712,464,3718,398,completed,"[""cx"",""rz"",""h""]",slice-b-m08,8208,20.0,0.0,0.30236387497279793,0.1998456249712035
4,2,cell-3a5ee828f281e0a941e3,pyzx_rewrite_identity_up_to_global_phase_v1,True,passed,full_aggregation,exact input parity/phase table -> canonical CNOT-Rz,0.25,0.25,logical_all_to_all_no_routing,passed,data/runs/w4-matched-representation-20260802/cells/cell-3a5ee828f281e0a941e3/cell.log,8,2147483648,9,47e5d290b7303f7b967e1867bcfe4778d7f0e60ede3b3909c63d339eab04a3ca,4,6,"['cx', 'rz']",6,0,130928614ebbb915a515e4c0c92016344ca47ffff990cf9d074f0ed526826874,7d1b1f911b31cf62c1af3332b1893242377c8a0530484f7f5ec2a67118bace28,2,4,random_commuting_order,rep-16f2b2c5400af5ebf570,data/runs/w4-matched-representation-20260802/representations/rep-16f2b2c5400af5ebf570/representation_manifest.json,d19496f26950f5b468f4acd2c225192386eb15284dc7b7ee2bed9e47a154bec1,False,105873408,20260811,797,3712,199,960,133,completed,"[""cx"",""rz"",""h""]",slice-b-m08,8208,20.0,0.0,0.2730582921067253,0.19201766594778746
4,2,cell-332101237cd819b40122,pyzx_rewrite_identity_up_to_global_phase_v1,True,passed,full_aggregation,exact input parity/phase table -> canonical CNOT-Rz,0.25,0.25,logical_all_to_all_no_routing,passed,data/runs/w4-matched-representation-20260802/cells/cell-332101237cd819b40122/cell.log,8,2147483648,9,47e5d290b7303f7b967e1867bcfe4778d7f0e60ede3b3909c63d339eab04a3ca,4,6,"['cx', 'rz']",6,0,130928614ebbb915a515e4c0c92016344ca47ffff990cf9d074f0ed526826874,7d1b1f911b31cf62c1af3332b1893242377c8a0530484f7f5ec2a67118bace28,2,4,random_commuting_order,rep-df6177dbf81ad8327b1f,data/runs/w4-matched-representation-20260802/representations/rep-df6177dbf81ad8327b1f/representation_manifest.json,a45d9e492a03cf12facb84520c1c0ad43cf15d41154c6f96063dc0defeeac691,False,105889792,20260812,797,3712,199,960,133,completed,"[""cx"",""rz"",""h""]",slice-b-m08,8208,20.0,0.0,0.2722742499317974,0.19270908297039568
4,2,cell-7d4b699bbdeccee0e0e8,pyzx_rewrite_identity_up_to_global_phase_v1,True,passed,pyzx_full_reduce,OpenQASM2 -> PyZX graph/full_reduce/extract -> target basis,0.25,0.25,logical_all_to_all_no_routing,passed,data/runs/w4-matched-representation-20260802/cells/cell-7d4b699bbdeccee0e0e8/cell.log,8,2147483648,9,9d61e543a2fc2c5cf9a3ad40569e9e2b8d3b89e1742cdd0dbe4a0cb9dc18a12c,6,21,"['cx', 'h', 'rz']",30,22,834df89d8067b8201edbc7bb8390593484e464fea3771ffc56c1f78dd811cc38,6b1d2de08c48109687150b4d7ccf2b5c632d9269c677a53226704dd64c0fbc46,2,4,random_commuting_order,rep-16f2b2c5400af5ebf570,data/runs/w4-matched-representation-20260802/representations/rep-16f2b2c5400af5ebf570/representation_manifest.json,d19496f26950f5b468f4acd2c225192386eb15284dc7b7ee2bed9e47a154bec1,False,108052480,20260811,797,3712,403,3956,337,completed,"[""cx"",""rz"",""h""]",slice-b-m08,8208,20.0,0.0,0.2991013329010457,0.20577179198153317
4,2,cell-67368522c76575c643fb,pyzx_rewrite_identity_up_to_global_phase_v1,True,passed,pyzx_full_reduce,OpenQASM2 -> PyZX graph/full_reduce/extract -> target basis,0.25,0.25,logical_all_to_all_no_routing,passed,data/runs/w4-matched-representation-20260802/cells/cell-67368522c76575c643fb/cell.log,8,2147483648,9,9d61e543a2fc2c5cf9a3ad40569e9e2b8d3b89e1742cdd0dbe4a0cb9dc18a12c,6,21,"['cx', 'h', 'rz']",30,22,834df89d8067b8201edbc7bb8390593484e464fea3771ffc56c1f78dd811cc38,6b1d2de08c48109687150b4d7ccf2b5c632d9269c677a53226704dd64c0fbc46,2,4,random_commuting_order,rep-df6177dbf81ad8327b1f,data/runs/w4-matched-representation-20260802/representations/rep-df6177dbf81ad8327b1f/representation_manifest.json,a45d9e492a03cf12facb84520c1c0ad43cf15d41154c6f96063dc0defeeac691,False,108134400,20260812,797,3712,403,3956,337,completed,"[""cx"",""rz"",""h""]",slice-b-m08,8208,20.0,0.0,0.2954566250555217,0.2091345840599388
4,2,cell-548b29248f7514e0a106,pyzx_rewrite_identity_up_to_global_phase_v1,True,passed,qiskit_opt3,OpenQASM2 -> Qiskit preset level 3 -> target basis,0.25,0.25,logical_all_to_all_no_routing,passed,data/runs/w4-matched-representation-20260802/cells/cell-548b29248f7514e0a106/cell.log,8,2147483648,9,6005d0a1020dab799129e0bc79b8fb13a33612e382eb6c9e884a2ee137a56441,10,15,"['cx', 'rz']",15,0,811599ca6918dc17ad85633154d1b82c5d0870ca118bfe75af103886e5187b0c,b8e180ec0778999d7e91b3ea4a08af9c376d7805ecc0cdd9687ada652195f30a,5,4,random_commuting_order,rep-16f2b2c5400af5ebf570,data/runs/w4-matched-representation-20260802/representations/rep-16f2b2c5400af5ebf570/representation_manifest.json,d19496f26950f5b468f4acd2c225192386eb15284dc7b7ee2bed9e47a154bec1,False,108953600,20260811,797,3712,341,2348,280,completed,"[""cx"",""rz"",""h""]",slice-b-m08,8208,20.0,0.0,0.2991283329902217,0.20506879105232656
4,2,cell-a477b1f878bd0c7976d3,pyzx_rewrite_identity_up_to_global_phase_v1,True,passed,qiskit_opt3,OpenQASM2 -> Qiskit preset level 3 -> target basis,0.25,0.25,logical_all_to_all_no_routing,passed,data/runs/w4-matched-representation-20260802/cells/cell-a477b1f878bd0c7976d3/cell.log,8,2147483648,9,33b8d417ef2989ea9e1acfb8bb438570d81f8a5ec4cd1b8ae24be855ccc85956,10,15,"['cx', 'rz']",15,0,67a7729bfbf470cdd214a10596b1fde5c778ae416a8d33ae16238490f1493d20,637aaf10c44730d628f406ba80f59067d16fa74437a4f56cabd07d77be438efd,5,4,random_commuting_order,rep-df6177dbf81ad8327b1f,data/runs/w4-matched-representation-20260802/representations/rep-df6177dbf81ad8327b1f/representation_manifest.json,a45d9e492a03cf12facb84520c1c0ad43cf15d41154c6f96063dc0defeeac691,False,108904448,20260812,797,3712,341,2348,280,completed,"[""cx"",""rz"",""h""]",slice-b-m08,8208,20.0,0.0,0.30155862495303154,0.20463008293882012
4,2,cell-01d876707ae59369e601,pyzx_rewrite_identity_up_to_global_phase_v1,True,passed,tket_paulisimp,OpenQASM2 -> TKET DecomposeBoxes/AutoRebase/PauliSimp -> target basis,0.25,0.25,logical_all_to_all_no_routing,passed,data/runs/w4-matched-representation-20260802/cells/cell-01d876707ae59369e601/cell.log,8,2147483648,9,b8d60b9f94f5e65a2526ae6598281da9abca42c835c5b9f8d4db97edba00519a,4,12,"['cx', 'h', 'rz']",60,18,4e65ce0e19cf4f3a5182dff6de647939be2cba4ac99791c622018abc097388dc,75601561a012ee5645636a618238a0f8f6983e4a6e03212befcf0942a344fd54,38,4,random_commuting_order,rep-16f2b2c5400af5ebf570,data/runs/w4-matched-representation-20260802/representations/rep-16f2b2c5400af5ebf570/representation_manifest.json,d19496f26950f5b468f4acd2c225192386eb15284dc7b7ee2bed9e47a154bec1,False,155533312,20260811,797,3712,917,8736,853,completed,"[""cx"",""rz"",""h""]",slice-b-m08,8208,20.0,0.0,0.5146860420936719,0.39658295805566013
4,2,cell-67c16183dec20979dba7,pyzx_rewrite_identity_up_to_global_phase_v1,True,passed,tket_paulisimp,OpenQASM2 -> TKET DecomposeBoxes/AutoRebase/PauliSimp -> target basis,0.25,0.25,logical_all_to_all_no_routing,passed,data/runs/w4-matched-representation-20260802/cells/cell-67c16183dec20979dba7/cell.log,8,2147483648,9,b8d60b9f94f5e65a2526ae6598281da9abca42c835c5b9f8d4db97edba00519a,4,12,"['cx', 'h', 'rz']",60,18,4e65ce0e19cf4f3a5182dff6de647939be2cba4ac99791c622018abc097388dc,75601561a012ee5645636a618238a0f8f6983e4a6e03212befcf0942a344fd54,38,4,random_commuting_order,rep-df6177dbf81ad8327b1f,data/runs/w4-matched-representation-20260802/representations/rep-df6177dbf81ad8327b1f/representation_manifest.json,a45d9e492a03cf12facb84520c1c0ad43cf15d41154c6f96063dc0defeeac691,False,155418624,20260812,797,3712,917,8736,853,completed,"[""cx"",""rz"",""h""]",slice-b-m08,8208,20.0,0.0,0.5075947089353576,0.3916187089635059
4,2,cell-fc1f62b8b0e1b4ac36d8,pyzx_rewrite_identity_up_to_global_phase_v1,True,passed,echo_passthrough,literal input circuit -> output,0.25,0.25,logical_all_to_all_no_routing,passed,data/runs/w4-matched-representation-20260802/cells/cell-fc1f62b8b0e1b4ac36d8/cell.log,8,2147483648,9,eb346cce6b940319853cdf3222289259cb7230d51046e7517bc204a6ddf4914d,16,24,"['cx', 'rz']",24,0,9ca5363f6ec8f756adce83bfd806fb22e31794d0c05ee76e474729f6f7ee5d73,e7244380346a2e85ddf58ad159234ae191609f1f3e0c3a7834f480cfb7babcc3,8,4,round_robin_flat,rep-cfb945959866bc4f69db,data/runs/w4-matched-representation-20260802/representations/rep-cfb945959866bc4f69db/representation_manifest.json,90bb0b9031981516f5b81cf36d039bcae24b2364156e707084f8fcc7a82c43d3,False,106004480,20260811,797,3706,464,3718,398,completed,"[""cx"",""rz"",""h""]",slice-b-m08,8208,20.0,0.0,0.2739954999415204,0.1936455830000341
4,2,cell-bc2fe722d1f1dc47d549,pyzx_rewrite_identity_up_to_global_phase_v1,True,passed,echo_passthrough,literal input circuit -> output,0.25,0.25,logical_all_to_all_no_routing,passed,data/runs/w4-matched-representation-20260802/cells/cell-bc2fe722d1f1dc47d549/cell.log,8,2147483648,9,eb346cce6b940319853cdf3222289259cb7230d51046e7517bc204a6ddf4914d,16,24,"['cx', 'rz']",24,0,9ca5363f6ec8f756adce83bfd806fb22e31794d0c05ee76e474729f6f7ee5d73,e7244380346a2e85ddf58ad159234ae191609f1f3e0c3a7834f480cfb7babcc3,8,4,round_robin_flat,rep-9c2ab9d360033465d931,data/runs/w4-matched-representation-20260802/representations/rep-9c2ab9d360033465d931/representation_manifest.json,9e0dde5a0c429dad10adda2babdd085e4fa7cdd337d5a8a3c312f25a2134f105,False,105955328,20260812,797,3706,464,3718,398,completed,"[""cx"",""rz"",""h""]",slice-b-m08,8208,20.0,0.0,0.2869255830300972,0.19611941697075963
4,2,cell-5ad336708d7c4f4145e8,pyzx_rewrite_identity_up_to_global_phase_v1,True,passed,full_aggregation,exact input parity/phase table -> canonical CNOT-Rz,0.25,0.25,logical_all_to_all_no_routing,passed,data/runs/w4-matched-representation-20260802/cells/cell-5ad336708d7c4f4145e8/cell.log,8,2147483648,9,47e5d290b7303f7b967e1867bcfe4778d7f0e60ede3b3909c63d339eab04a3ca,4,6,"['cx', 'rz']",6,0,130928614ebbb915a515e4c0c92016344ca47ffff990cf9d074f0ed526826874,7d1b1f911b31cf62c1af3332b1893242377c8a0530484f7f5ec2a67118bace28,2,4,round_robin_flat,rep-cfb945959866bc4f69db,data/runs/w4-matched-representation-20260802/representations/rep-cfb945959866bc4f69db/representation_manifest.json,90bb0b9031981516f5b81cf36d039bcae24b2364156e707084f8fcc7a82c43d3,False,106004480,20260811,797,3706,199,960,133,completed,"[""cx"",""rz"",""h""]",slice-b-m08,8208,20.0,0.0,0.29341091704554856,0.1928974170004949
4,2,cell-562d871701d2cde9caf6,pyzx_rewrite_identity_up_to_global_phase_v1,True,passed,full_aggregation,exact input parity/phase table -> canonical CNOT-Rz,0.25,0.25,logical_all_to_all_no_routing,passed,data/runs/w4-matched-representation-20260802/cells/cell-562d871701d2cde9caf6/cell.log,8,2147483648,9,47e5d290b7303f7b967e1867bcfe4778d7f0e60ede3b3909c63d339eab04a3ca,4,6,"['cx', 'rz']",6,0,130928614ebbb915a515e4c0c92016344ca47ffff990cf9d074f0ed526826874,7d1b1f911b31cf62c1af3332b1893242377c8a0530484f7f5ec2a67118bace28,2,4,round_robin_flat,rep-9c2ab9d360033465d931,data/runs/w4-matched-representation-20260802/representations/rep-9c2ab9d360033465d931/representation_manifest.json,9e0dde5a0c429dad10adda2babdd085e4fa7cdd337d5a8a3c312f25a2134f105,False,105906176,20260812,797,3706,199,960,133,completed,"[""cx"",""rz"",""h""]",slice-b-m08,8208,20.0,0.0,0.27251629205420613,0.19138724997173995
4,2,cell-f9cdb72890aed5711ecb,pyzx_rewrite_identity_up_to_global_phase_v1,True,passed,pyzx_full_reduce,OpenQASM2 -> PyZX graph/full_reduce/extract -> target basis,0.25,0.25,logical_all_to_all_no_routing,passed,data/runs/w4-matched-representation-20260802/cells/cell-f9cdb72890aed5711ecb/cell.log,8,2147483648,9,9d61e543a2fc2c5cf9a3ad40569e9e2b8d3b89e1742cdd0dbe4a0cb9dc18a12c,6,21,"['cx', 'h', 'rz']",30,22,834df89d8067b8201edbc7bb8390593484e464fea3771ffc56c1f78dd811cc38,6b1d2de08c48109687150b4d7ccf2b5c632d9269c677a53226704dd64c0fbc46,2,4,round_robin_flat,rep-cfb945959866bc4f69db,data/runs/w4-matched-representation-20260802/representations/rep-cfb945959866bc4f69db/representation_manifest.json,90bb0b9031981516f5b81cf36d039bcae24b2364156e707084f8fcc7a82c43d3,False,108134400,20260811,797,3706,403,3956,337,completed,"[""cx"",""rz"",""h""]",slice-b-m08,8208,20.0,0.0,0.2872351249679923,0.20522216707468033
4,2,cell-905c6363608974ecbc6e,pyzx_rewrite_identity_up_to_global_phase_v1,True,passed,pyzx_full_reduce,OpenQASM2 -> PyZX graph/full_reduce/extract -> target basis,0.25,0.25,logical_all_to_all_no_routing,passed,data/runs/w4-matched-representation-20260802/cells/cell-905c6363608974ecbc6e/cell.log,8,2147483648,9,9d61e543a2fc2c5cf9a3ad40569e9e2b8d3b89e1742cdd0dbe4a0cb9dc18a12c,6,21,"['cx', 'h', 'rz']",30,22,834df89d8067b8201edbc7bb8390593484e464fea3771ffc56c1f78dd811cc38,6b1d2de08c48109687150b4d7ccf2b5c632d9269c677a53226704dd64c0fbc46,2,4,round_robin_flat,rep-9c2ab9d360033465d931,data/runs/w4-matched-representation-20260802/representations/rep-9c2ab9d360033465d931/representation_manifest.json,9e0dde5a0c429dad10adda2babdd085e4fa7cdd337d5a8a3c312f25a2134f105,False,108314624,20260812,797,3706,403,3956,337,completed,"[""cx"",""rz"",""h""]",slice-b-m08,8208,20.0,0.0,0.32923162495717406,0.22918666596524417
4,2,cell-2e1921c5967e234cacf4,pyzx_rewrite_identity_up_to_global_phase_v1,True,passed,qiskit_opt3,OpenQASM2 -> Qiskit preset level 3 -> target basis,0.25,0.25,logical_all_to_all_no_routing,passed,data/runs/w4-matched-representation-20260802/cells/cell-2e1921c5967e234cacf4/cell.log,8,2147483648,9,35462d79924cbaef75f3afa11ddfd545e5549245245f4e49b6beb6597808d9a3,16,24,"['cx', 'rz']",24,0,68fcb535c46b235bd6ad3aec634043d87d9545dd4835243c83b70d5cbce83e02,e7244380346a2e85ddf58ad159234ae191609f1f3e0c3a7834f480cfb7babcc3,8,4,round_robin_flat,rep-cfb945959866bc4f69db,data/runs/w4-matched-representation-20260802/representations/rep-cfb945959866bc4f69db/representation_manifest.json,90bb0b9031981516f5b81cf36d039bcae24b2364156e707084f8fcc7a82c43d3,False,108888064,20260811,797,3706,459,3737,398,completed,"[""cx"",""rz"",""h""]",slice-b-m08,8208,20.0,0.0,0.2961221250006929,0.20538429194130003
4,2,cell-8165ad2d6f04296ad713,pyzx_rewrite_identity_up_to_global_phase_v1,True,passed,qiskit_opt3,OpenQASM2 -> Qiskit preset level 3 -> target basis,0.25,0.25,logical_all_to_all_no_routing,passed,data/runs/w4-matched-representation-20260802/cells/cell-8165ad2d6f04296ad713/cell.log,8,2147483648,9,35462d79924cbaef75f3afa11ddfd545e5549245245f4e49b6beb6597808d9a3,16,24,"['cx', 'rz']",24,0,68fcb535c46b235bd6ad3aec634043d87d9545dd4835243c83b70d5cbce83e02,e7244380346a2e85ddf58ad159234ae191609f1f3e0c3a7834f480cfb7babcc3,8,4,round_robin_flat,rep-9c2ab9d360033465d931,data/runs/w4-matched-representation-20260802/representations/rep-9c2ab9d360033465d931/representation_manifest.json,9e0dde5a0c429dad10adda2babdd085e4fa7cdd337d5a8a3c312f25a2134f105,False,108920832,20260812,797,3706,459,3737,398,completed,"[""cx"",""rz"",""h""]",slice-b-m08,8208,20.0,0.0,0.31804670905694366,0.2115224580047652
4,2,cell-6f7669e9915fe07f2987,pyzx_rewrite_identity_up_to_global_phase_v1,True,passed,tket_paulisimp,OpenQASM2 -> TKET DecomposeBoxes/AutoRebase/PauliSimp -> target basis,0.25,0.25,logical_all_to_all_no_routing,passed,data/runs/w4-matched-representation-20260802/cells/cell-6f7669e9915fe07f2987/cell.log,8,2147483648,9,b8d60b9f94f5e65a2526ae6598281da9abca42c835c5b9f8d4db97edba00519a,4,12,"['cx', 'h', 'rz']",60,18,4e65ce0e19cf4f3a5182dff6de647939be2cba4ac99791c622018abc097388dc,75601561a012ee5645636a618238a0f8f6983e4a6e03212befcf0942a344fd54,38,4,round_robin_flat,rep-cfb945959866bc4f69db,data/runs/w4-matched-representation-20260802/representations/rep-cfb945959866bc4f69db/representation_manifest.json,90bb0b9031981516f5b81cf36d039bcae24b2364156e707084f8fcc7a82c43d3,False,155435008,20260811,797,3706,917,8736,853,completed,"[""cx"",""rz"",""h""]",slice-b-m08,8208,20.0,0.0,0.5207119999686256,0.3988115000538528
4,2,cell-18a242e9c0cb126c3b08,pyzx_rewrite_identity_up_to_global_phase_v1,True,passed,tket_paulisimp,OpenQASM2 -> TKET DecomposeBoxes/AutoRebase/PauliSimp -> target basis,0.25,0.25,logical_all_to_all_no_routing,passed,data/runs/w4-matched-representation-20260802/cells/cell-18a242e9c0cb126c3b08/cell.log,8,2147483648,9,b8d60b9f94f5e65a2526ae6598281da9abca42c835c5b9f8d4db97edba00519a,4,12,"['cx', 'h', 'rz']",60,18,4e65ce0e19cf4f3a5182dff6de647939be2cba4ac99791c622018abc097388dc,75601561a012ee5645636a618238a0f8f6983e4a6e03212befcf0942a344fd54,38,4,round_robin_flat,rep-9c2ab9d360033465d931,data/runs/w4-matched-representation-20260802/representations/rep-9c2ab9d360033465d931/representation_manifest.json,9e0dde5a0c429dad10adda2babdd085e4fa7cdd337d5a8a3c312f25a2134f105,False,155418624,20260812,797,3706,917,8736,853,completed,"[""cx"",""rz"",""h""]",slice-b-m08,8208,20.0,0.0,0.5204457090003416,0.3920715410495177
4,2,cell-675d83977fedb5d4d177,pyzx_rewrite_identity_up_to_global_phase_v1,True,passed,echo_passthrough,literal input circuit -> output,0.25,0.25,logical_all_to_all_no_routing,passed,data/runs/w4-matched-representation-20260802/cells/cell-675d83977fedb5d4d177/cell.log,8,2147483648,9,2a8e243d92a5aecc60dc02c22d96ef99d6c8dfd087d9077f28624020f66ccc79,4,6,"['cx', 'rz']",6,0,f7e92a3c05740108511201aa77b8551d025f381d9af43e438f020fa65b123a82,7d1b1f911b31cf62c1af3332b1893242377c8a0530484f7f5ec2a67118bace28,2,4,semantic_aggregate,rep-ed95725555b9135a629b,data/runs/w4-matched-representation-20260802/representations/rep-ed95725555b9135a629b/representation_manifest.json,fa238174241585c9c5cddd7ed2b1cf660f114920e57bd5a0fb68307dcbae40c3,False,105938944,20260811,274,930,199,940,133,completed,"[""cx"",""rz"",""h""]",slice-b-m08,8208,20.0,0.0,0.29676804202608764,0.19667900004424155
4,2,cell-fefef95bda67b1ccc5c9,pyzx_rewrite_identity_up_to_global_phase_v1,True,passed,echo_passthrough,literal input circuit -> output,0.25,0.25,logical_all_to_all_no_routing,passed,data/runs/w4-matched-representation-20260802/cells/cell-fefef95bda67b1ccc5c9/cell.log,8,2147483648,9,2a8e243d92a5aecc60dc02c22d96ef99d6c8dfd087d9077f28624020f66ccc79,4,6,"['cx', 'rz']",6,0,f7e92a3c05740108511201aa77b8551d025f381d9af43e438f020fa65b123a82,7d1b1f911b31cf62c1af3332b1893242377c8a0530484f7f5ec2a67118bace28,2,4,semantic_aggregate,rep-b2d1113344ab3ba7f47a,data/runs/w4-matched-representation-20260802/representations/rep-b2d1113344ab3ba7f47a/representation_manifest.json,3bb701c31261bdefd3ced4f2a56c52af5b2bd562d03357f3c74224adc65da21b,False,106020864,20260812,274,930,199,940,133,completed,"[""cx"",""rz"",""h""]",slice-b-m08,8208,20.0,0.0,0.2944603329524398,0.1979772080667317
4,2,cell-68415bff535f7f8a9861,pyzx_rewrite_identity_up_to_global_phase_v1,True,passed,full_aggregation,exact input parity/phase table -> canonical CNOT-Rz,0.25,0.25,logical_all_to_all_no_routing,passed,data/runs/w4-matched-representation-20260802/cells/cell-68415bff535f7f8a9861/cell.log,8,2147483648,9,47e5d290b7303f7b967e1867bcfe4778d7f0e60ede3b3909c63d339eab04a3ca,4,6,"['cx', 'rz']",6,0,130928614ebbb915a515e4c0c92016344ca47ffff990cf9d074f0ed526826874,7d1b1f911b31cf62c1af3332b1893242377c8a0530484f7f5ec2a67118bace28,2,4,semantic_aggregate,rep-ed95725555b9135a629b,data/runs/w4-matched-representation-20260802/representations/rep-ed95725555b9135a629b/representation_manifest.json,fa238174241585c9c5cddd7ed2b1cf660f114920e57bd5a0fb68307dcbae40c3,False,105922560,20260811,274,930,199,960,133,completed,"[""cx"",""rz"",""h""]",slice-b-m08,8208,20.0,0.0,0.29876758402679116,0.19476066599600017
4,2,cell-b68fbc30609e8dd4c62e,pyzx_rewrite_identity_up_to_global_phase_v1,True,passed,full_aggregation,exact input parity/phase table -> canonical CNOT-Rz,0.25,0.25,logical_all_to_all_no_routing,passed,data/runs/w4-matched-representation-20260802/cells/cell-b68fbc30609e8dd4c62e/cell.log,8,2147483648,9,47e5d290b7303f7b967e1867bcfe4778d7f0e60ede3b3909c63d339eab04a3ca,4,6,"['cx', 'rz']",6,0,130928614ebbb915a515e4c0c92016344ca47ffff990cf9d074f0ed526826874,7d1b1f911b31cf62c1af3332b1893242377c8a0530484f7f5ec2a67118bace28,2,4,semantic_aggregate,rep-b2d1113344ab3ba7f47a,data/runs/w4-matched-representation-20260802/representations/rep-b2d1113344ab3ba7f47a/representation_manifest.json,3bb701c31261bdefd3ced4f2a56c52af5b2bd562d03357f3c74224adc65da21b,False,105938944,20260812,274,930,199,960,133,completed,"[""cx"",""rz"",""h""]",slice-b-m08,8208,20.0,0.0,0.27328608301468194,0.19283241708762944
4,2,cell-9da9ce9d9e5b47dbf397,pyzx_rewrite_identity_up_to_global_phase_v1,True,passed,pyzx_full_reduce,OpenQASM2 -> PyZX graph/full_reduce/extract -> target basis,0.25,0.25,logical_all_to_all_no_routing,passed,data/runs/w4-matched-representation-20260802/cells/cell-9da9ce9d9e5b47dbf397/cell.log,8,2147483648,9,9d61e543a2fc2c5cf9a3ad40569e9e2b8d3b89e1742cdd0dbe4a0cb9dc18a12c,6,21,"['cx', 'h', 'rz']",30,22,834df89d8067b8201edbc7bb8390593484e464fea3771ffc56c1f78dd811cc38,6b1d2de08c48109687150b4d7ccf2b5c632d9269c677a53226704dd64c0fbc46,2,4,semantic_aggregate,rep-ed95725555b9135a629b,data/runs/w4-matched-representation-20260802/representations/rep-ed95725555b9135a629b/representation_manifest.json,fa238174241585c9c5cddd7ed2b1cf660f114920e57bd5a0fb68307dcbae40c3,False,108183552,20260811,274,930,403,3956,337,completed,"[""cx"",""rz"",""h""]",slice-b-m08,8208,20.0,0.0,0.31514483294449747,0.20783612504601479
4,2,cell-2f31c72059f525243e93,pyzx_rewrite_identity_up_to_global_phase_v1,True,passed,pyzx_full_reduce,OpenQASM2 -> PyZX graph/full_reduce/extract -> target basis,0.25,0.25,logical_all_to_all_no_routing,passed,data/runs/w4-matched-representation-20260802/cells/cell-2f31c72059f525243e93/cell.log,8,2147483648,9,9d61e543a2fc2c5cf9a3ad40569e9e2b8d3b89e1742cdd0dbe4a0cb9dc18a12c,6,21,"['cx', 'h', 'rz']",30,22,834df89d8067b8201edbc7bb8390593484e464fea3771ffc56c1f78dd811cc38,6b1d2de08c48109687150b4d7ccf2b5c632d9269c677a53226704dd64c0fbc46,2,4,semantic_aggregate,rep-b2d1113344ab3ba7f47a,data/runs/w4-matched-representation-20260802/representations/rep-b2d1113344ab3ba7f47a/representation_manifest.json,3bb701c31261bdefd3ced4f2a56c52af5b2bd562d03357f3c74224adc65da21b,False,108036096,20260812,274,930,403,3956,337,completed,"[""cx"",""rz"",""h""]",slice-b-m08,8208,20.0,0.0,0.29875462502241135,0.20572462503332645
4,2,cell-bae9a88a45ab27e6d38d,pyzx_rewrite_identity_up_to_global_phase_v1,True,passed,qiskit_opt3,OpenQASM2 -> Qiskit preset level 3 -> target basis,0.25,0.25,logical_all_to_all_no_routing,passed,data/runs/w4-matched-representation-20260802/cells/cell-bae9a88a45ab27e6d38d/cell.log,8,2147483648,9,6db7881bcda831a8d455577a15b53cbb52f246e4472d2197b20679cf3a0aa3e6,4,6,"['cx', 'rz']",6,0,3e018a39db4412e3223d85bb4445f53287354294348e9035659b4a3bd15ba4f2,7d1b1f911b31cf62c1af3332b1893242377c8a0530484f7f5ec2a67118bace28,2,4,semantic_aggregate,rep-ed95725555b9135a629b,data/runs/w4-matched-representation-20260802/representations/rep-ed95725555b9135a629b/representation_manifest.json,fa238174241585c9c5cddd7ed2b1cf660f114920e57bd5a0fb68307dcbae40c3,False,108888064,20260811,274,930,194,959,133,completed,"[""cx"",""rz"",""h""]",slice-b-m08,8208,20.0,0.0,0.2986182499444112,0.2046895830426365
4,2,cell-cf5bd06e89348dbb2ead,pyzx_rewrite_identity_up_to_global_phase_v1,True,passed,qiskit_opt3,OpenQASM2 -> Qiskit preset level 3 -> target basis,0.25,0.25,logical_all_to_all_no_routing,passed,data/runs/w4-matched-representation-20260802/cells/cell-cf5bd06e89348dbb2ead/cell.log,8,2147483648,9,6db7881bcda831a8d455577a15b53cbb52f246e4472d2197b20679cf3a0aa3e6,4,6,"['cx', 'rz']",6,0,3e018a39db4412e3223d85bb4445f53287354294348e9035659b4a3bd15ba4f2,7d1b1f911b31cf62c1af3332b1893242377c8a0530484f7f5ec2a67118bace28,2,4,semantic_aggregate,rep-b2d1113344ab3ba7f47a,data/runs/w4-matched-representation-20260802/representations/rep-b2d1113344ab3ba7f47a/representation_manifest.json,3bb701c31261bdefd3ced4f2a56c52af5b2bd562d03357f3c74224adc65da21b,False,108855296,20260812,274,930,194,959,133,completed,"[""cx"",""rz"",""h""]",slice-b-m08,8208,20.0,0.0,0.29783308296464384,0.20356812502723187
4,2,cell-69d85f0e69468075e0ea,pyzx_rewrite_identity_up_to_global_phase_v1,True,passed,tket_paulisimp,OpenQASM2 -> TKET DecomposeBoxes/AutoRebase/PauliSimp -> target basis,0.25,0.25,logical_all_to_all_no_routing,passed,data/runs/w4-matched-representation-20260802/cells/cell-69d85f0e69468075e0ea/cell.log,8,2147483648,9,b8d60b9f94f5e65a2526ae6598281da9abca42c835c5b9f8d4db97edba00519a,4,12,"['cx', 'h', 'rz']",60,18,4e65ce0e19cf4f3a5182dff6de647939be2cba4ac99791c622018abc097388dc,75601561a012ee5645636a618238a0f8f6983e4a6e03212befcf0942a344fd54,38,4,semantic_aggregate,rep-ed95725555b9135a629b,data/runs/w4-matched-representation-20260802/representations/rep-ed95725555b9135a629b/representation_manifest.json,fa238174241585c9c5cddd7ed2b1cf660f114920e57bd5a0fb68307dcbae40c3,False,155385856,20260811,274,930,917,8736,853,completed,"[""cx"",""rz"",""h""]",slice-b-m08,8208,20.0,0.0,0.5155477920779958,0.39408354193437845
4,2,cell-c026f0801a276bb722a6,pyzx_rewrite_identity_up_to_global_phase_v1,True,passed,tket_paulisimp,OpenQASM2 -> TKET DecomposeBoxes/AutoRebase/PauliSimp -> target basis,0.25,0.25,logical_all_to_all_no_routing,passed,data/runs/w4-matched-representation-20260802/cells/cell-c026f0801a276bb722a6/cell.log,8,2147483648,9,b8d60b9f94f5e65a2526ae6598281da9abca42c835c5b9f8d4db97edba00519a,4,12,"['cx', 'h', 'rz']",60,18,4e65ce0e19cf4f3a5182dff6de647939be2cba4ac99791c622018abc097388dc,75601561a012ee5645636a618238a0f8f6983e4a6e03212befcf0942a344fd54,38,4,semantic_aggregate,rep-b2d1113344ab3ba7f47a,data/runs/w4-matched-representation-20260802/representations/rep-b2d1113344ab3ba7f47a/representation_manifest.json,3bb701c31261bdefd3ced4f2a56c52af5b2bd562d03357f3c74224adc65da21b,False,155402240,20260812,274,930,917,8736,853,completed,"[""cx"",""rz"",""h""]",slice-b-m08,8208,20.0,0.0,0.5172388750361279,0.3983792499639094
4,2,cell-bdda1a6fab628c762624,pyzx_rewrite_identity_up_to_global_phase_v1,True,passed,echo_passthrough,literal input circuit -> output,0.25,0.25,logical_all_to_all_no_routing,passed,data/runs/w4-matched-representation-20260802/cells/cell-bdda1a6fab628c762624/cell.log,8,2147483648,9,2a8e243d92a5aecc60dc02c22d96ef99d6c8dfd087d9077f28624020f66ccc79,4,6,"['cx', 'rz']",6,0,f7e92a3c05740108511201aa77b8551d025f381d9af43e438f020fa65b123a82,7d1b1f911b31cf62c1af3332b1893242377c8a0530484f7f5ec2a67118bace28,2,4,tket_bridge,rep-8514b322e5a3f7e43dd7,data/runs/w4-matched-representation-20260802/representations/rep-8514b322e5a3f7e43dd7/representation_manifest.json,6200eb23ab9c1b6694b55d4d2cb78acfd4312ad33eb3d6333e49569aa8676404,False,106004480,20260811,219,923,199,940,133,completed,"[""cx"",""rz"",""h""]",slice-b-m08,8208,20.0,0.0,0.27474920789245516,0.1928060830105096
4,2,cell-6d3e68b2b9fd4beced0b,pyzx_rewrite_identity_up_to_global_phase_v1,True,passed,echo_passthrough,literal input circuit -> output,0.25,0.25,logical_all_to_all_no_routing,passed,data/runs/w4-matched-representation-20260802/cells/cell-6d3e68b2b9fd4beced0b/cell.log,8,2147483648,9,2a8e243d92a5aecc60dc02c22d96ef99d6c8dfd087d9077f28624020f66ccc79,4,6,"['cx', 'rz']",6,0,f7e92a3c05740108511201aa77b8551d025f381d9af43e438f020fa65b123a82,7d1b1f911b31cf62c1af3332b1893242377c8a0530484f7f5ec2a67118bace28,2,4,tket_bridge,rep-ff1348ddc19c576ca245,data/runs/w4-matched-representation-20260802/representations/rep-ff1348ddc19c576ca245/representation_manifest.json,1166f4e5bfc3a8154f1cb55d961d228fd9e5997544f621faadd771060c508586,False,105889792,20260812,219,923,199,940,133,completed,"[""cx"",""rz"",""h""]",slice-b-m08,8208,20.0,0.0,0.27533879200927913,0.19497408403549343
4,2,cell-86fee900c2989552aed0,pyzx_rewrite_identity_up_to_global_phase_v1,True,passed,full_aggregation,exact input parity/phase table -> canonical CNOT-Rz,0.25,0.25,logical_all_to_all_no_routing,passed,data/runs/w4-matched-representation-20260802/cells/cell-86fee900c2989552aed0/cell.log,8,2147483648,9,47e5d290b7303f7b967e1867bcfe4778d7f0e60ede3b3909c63d339eab04a3ca,4,6,"['cx', 'rz']",6,0,130928614ebbb915a515e4c0c92016344ca47ffff990cf9d074f0ed526826874,7d1b1f911b31cf62c1af3332b1893242377c8a0530484f7f5ec2a67118bace28,2,4,tket_bridge,rep-8514b322e5a3f7e43dd7,data/runs/w4-matched-representation-20260802/representations/rep-8514b322e5a3f7e43dd7/representation_manifest.json,6200eb23ab9c1b6694b55d4d2cb78acfd4312ad33eb3d6333e49569aa8676404,False,105857024,20260811,219,923,199,960,133,completed,"[""cx"",""rz"",""h""]",slice-b-m08,8208,20.0,0.0,0.27619000000413507,0.1941099159885198
4,2,cell-da2b9eb2df26c73de446,pyzx_rewrite_identity_up_to_global_phase_v1,True,passed,full_aggregation,exact input parity/phase table -> canonical CNOT-Rz,0.25,0.25,logical_all_to_all_no_routing,passed,data/runs/w4-matched-representation-20260802/cells/cell-da2b9eb2df26c73de446/cell.log,8,2147483648,9,47e5d290b7303f7b967e1867bcfe4778d7f0e60ede3b3909c63d339eab04a3ca,4,6,"['cx', 'rz']",6,0,130928614ebbb915a515e4c0c92016344ca47ffff990cf9d074f0ed526826874,7d1b1f911b31cf62c1af3332b1893242377c8a0530484f7f5ec2a67118bace28,2,4,tket_bridge,rep-ff1348ddc19c576ca245,data/runs/w4-matched-representation-20260802/representations/rep-ff1348ddc19c576ca245/representation_manifest.json,1166f4e5bfc3a8154f1cb55d961d228fd9e5997544f621faadd771060c508586,False,105955328,20260812,219,923,199,960,133,completed,"[""cx"",""rz"",""h""]",slice-b-m08,8208,20.0,0.0,0.2734694159589708,0.19352229102514684
4,2,cell-0b1fa148999692627931,pyzx_rewrite_identity_up_to_global_phase_v1,True,passed,pyzx_full_reduce,OpenQASM2 -> PyZX graph/full_reduce/extract -> target basis,0.25,0.25,logical_all_to_all_no_routing,passed,data/runs/w4-matched-representation-20260802/cells/cell-0b1fa148999692627931/cell.log,8,2147483648,9,9d61e543a2fc2c5cf9a3ad40569e9e2b8d3b89e1742cdd0dbe4a0cb9dc18a12c,6,21,"['cx', 'h', 'rz']",30,22,834df89d8067b8201edbc7bb8390593484e464fea3771ffc56c1f78dd811cc38,6b1d2de08c48109687150b4d7ccf2b5c632d9269c677a53226704dd64c0fbc46,2,4,tket_bridge,rep-8514b322e5a3f7e43dd7,data/runs/w4-matched-representation-20260802/representations/rep-8514b322e5a3f7e43dd7/representation_manifest.json,6200eb23ab9c1b6694b55d4d2cb78acfd4312ad33eb3d6333e49569aa8676404,False,108068864,20260811,219,923,403,3956,337,completed,"[""cx"",""rz"",""h""]",slice-b-m08,8208,20.0,0.0,0.2905605420237407,0.20601787499617785
4,2,cell-ffada7c3f8882f1373ca,pyzx_rewrite_identity_up_to_global_phase_v1,True,passed,pyzx_full_reduce,OpenQASM2 -> PyZX graph/full_reduce/extract -> target basis,0.25,0.25,logical_all_to_all_no_routing,passed,data/runs/w4-matched-representation-20260802/cells/cell-ffada7c3f8882f1373ca/cell.log,8,2147483648,9,9d61e543a2fc2c5cf9a3ad40569e9e2b8d3b89e1742cdd0dbe4a0cb9dc18a12c,6,21,"['cx', 'h', 'rz']",30,22,834df89d8067b8201edbc7bb8390593484e464fea3771ffc56c1f78dd811cc38,6b1d2de08c48109687150b4d7ccf2b5c632d9269c677a53226704dd64c0fbc46,2,4,tket_bridge,rep-ff1348ddc19c576ca245,data/runs/w4-matched-representation-20260802/representations/rep-ff1348ddc19c576ca245/representation_manifest.json,1166f4e5bfc3a8154f1cb55d961d228fd9e5997544f621faadd771060c508586,False,108085248,20260812,219,923,403,3956,337,completed,"[""cx"",""rz"",""h""]",slice-b-m08,8208,20.0,0.0,0.29772791592404246,0.20772041694726795
4,2,cell-3e9e084ede099f2596ee,pyzx_rewrite_identity_up_to_global_phase_v1,True,passed,qiskit_opt3,OpenQASM2 -> Qiskit preset level 3 -> target basis,0.25,0.25,logical_all_to_all_no_routing,passed,data/runs/w4-matched-representation-20260802/cells/cell-3e9e084ede099f2596ee/cell.log,8,2147483648,9,6db7881bcda831a8d455577a15b53cbb52f246e4472d2197b20679cf3a0aa3e6,4,6,"['cx', 'rz']",6,0,3e018a39db4412e3223d85bb4445f53287354294348e9035659b4a3bd15ba4f2,7d1b1f911b31cf62c1af3332b1893242377c8a0530484f7f5ec2a67118bace28,2,4,tket_bridge,rep-8514b322e5a3f7e43dd7,data/runs/w4-matched-representation-20260802/representations/rep-8514b322e5a3f7e43dd7/representation_manifest.json,6200eb23ab9c1b6694b55d4d2cb78acfd4312ad33eb3d6333e49569aa8676404,False,108888064,20260811,219,923,194,959,133,completed,"[""cx"",""rz"",""h""]",slice-b-m08,8208,20.0,0.0,0.29978937504347414,0.20605862501543015
4,2,cell-0d7f7da621a10be7e8d0,pyzx_rewrite_identity_up_to_global_phase_v1,True,passed,qiskit_opt3,OpenQASM2 -> Qiskit preset level 3 -> target basis,0.25,0.25,logical_all_to_all_no_routing,passed,data/runs/w4-matched-representation-20260802/cells/cell-0d7f7da621a10be7e8d0/cell.log,8,2147483648,9,6db7881bcda831a8d455577a15b53cbb52f246e4472d2197b20679cf3a0aa3e6,4,6,"['cx', 'rz']",6,0,3e018a39db4412e3223d85bb4445f53287354294348e9035659b4a3bd15ba4f2,7d1b1f911b31cf62c1af3332b1893242377c8a0530484f7f5ec2a67118bace28,2,4,tket_bridge,rep-ff1348ddc19c576ca245,data/runs/w4-matched-representation-20260802/representations/rep-ff1348ddc19c576ca245/representation_manifest.json,1166f4e5bfc3a8154f1cb55d961d228fd9e5997544f621faadd771060c508586,False,108904448,20260812,219,923,194,959,133,completed,"[""cx"",""rz"",""h""]",slice-b-m08,8208,20.0,0.0,0.29845087497960776,0.20542195800226182
4,2,cell-59725a295bbeda83d870,pyzx_rewrite_identity_up_to_global_phase_v1,True,passed,tket_paulisimp,OpenQASM2 -> TKET DecomposeBoxes/AutoRebase/PauliSimp -> target basis,0.25,0.25,logical_all_to_all_no_routing,passed,data/runs/w4-matched-representation-20260802/cells/cell-59725a295bbeda83d870/cell.log,8,2147483648,9,b8d60b9f94f5e65a2526ae6598281da9abca42c835c5b9f8d4db97edba00519a,4,12,"['cx', 'h', 'rz']",60,18,4e65ce0e19cf4f3a5182dff6de647939be2cba4ac99791c622018abc097388dc,75601561a012ee5645636a618238a0f8f6983e4a6e03212befcf0942a344fd54,38,4,tket_bridge,rep-8514b322e5a3f7e43dd7,data/runs/w4-matched-representation-20260802/representations/rep-8514b322e5a3f7e43dd7/representation_manifest.json,6200eb23ab9c1b6694b55d4d2cb78acfd4312ad33eb3d6333e49569aa8676404,False,155516928,20260811,219,923,917,8736,853,completed,"[""cx"",""rz"",""h""]",slice-b-m08,8208,20.0,0.0,0.5154238749528304,0.3951847089920193
4,2,cell-99c45e6744e318c28923,pyzx_rewrite_identity_up_to_global_phase_v1,True,passed,tket_paulisimp,OpenQASM2 -> TKET DecomposeBoxes/AutoRebase/PauliSimp -> target basis,0.25,0.25,logical_all_to_all_no_routing,passed,data/runs/w4-matched-representation-20260802/cells/cell-99c45e6744e318c28923/cell.log,8,2147483648,9,b8d60b9f94f5e65a2526ae6598281da9abca42c835c5b9f8d4db97edba00519a,4,12,"['cx', 'h', 'rz']",60,18,4e65ce0e19cf4f3a5182dff6de647939be2cba4ac99791c622018abc097388dc,75601561a012ee5645636a618238a0f8f6983e4a6e03212befcf0942a344fd54,38,4,tket_bridge,rep-ff1348ddc19c576ca245,data/runs/w4-matched-representation-20260802/representations/rep-ff1348ddc19c576ca245/representation_manifest.json,1166f4e5bfc3a8154f1cb55d961d228fd9e5997544f621faadd771060c508586,False,155385856,20260812,219,923,917,8736,853,completed,"[""cx"",""rz"",""h""]",slice-b-m08,8208,20.0,0.0,0.5048222499899566,0.3923966250149533
4,2,cell-d2a497d797c8bc7b9e7f,pyzx_rewrite_identity_up_to_global_phase_v1,True,passed,echo_passthrough,literal input circuit -> output,0.25,0.25,logical_all_to_all_no_routing,passed,data/runs/w4-matched-representation-20260802/cells/cell-d2a497d797c8bc7b9e7f/cell.log,8,2147483648,9,2a8e243d92a5aecc60dc02c22d96ef99d6c8dfd087d9077f28624020f66ccc79,4,6,"['cx', 'rz']",6,0,f7e92a3c05740108511201aa77b8551d025f381d9af43e438f020fa65b123a82,7d1b1f911b31cf62c1af3332b1893242377c8a0530484f7f5ec2a67118bace28,2,4,zx_bridge,rep-e20ded17e1f1a6a6212e,data/runs/w4-matched-representation-20260802/representations/rep-e20ded17e1f1a6a6212e/representation_manifest.json,e4385642529723375ae3ce15ed4dc029380bfeb4cc09d4fd210af8b789606a45,False,106004480,20260811,228,921,199,940,133,completed,"[""cx"",""rz"",""h""]",slice-b-m08,8208,20.0,0.0,0.297350374981761,0.19758833292871714
4,2,cell-f3ad030f679ed4715ad4,pyzx_rewrite_identity_up_to_global_phase_v1,True,passed,echo_passthrough,literal input circuit -> output,0.25,0.25,logical_all_to_all_no_routing,passed,data/runs/w4-matched-representation-20260802/cells/cell-f3ad030f679ed4715ad4/cell.log,8,2147483648,9,2a8e243d92a5aecc60dc02c22d96ef99d6c8dfd087d9077f28624020f66ccc79,4,6,"['cx', 'rz']",6,0,f7e92a3c05740108511201aa77b8551d025f381d9af43e438f020fa65b123a82,7d1b1f911b31cf62c1af3332b1893242377c8a0530484f7f5ec2a67118bace28,2,4,zx_bridge,rep-ebba04cfbc2d84447ac5,data/runs/w4-matched-representation-20260802/representations/rep-ebba04cfbc2d84447ac5/representation_manifest.json,aa2d8bc5c6ce428fa2ddcedb0950bef4540466792e4ed3d0eb615a5dd992207a,False,105955328,20260812,228,921,199,940,133,completed,"[""cx"",""rz"",""h""]",slice-b-m08,8208,20.0,0.0,0.2927557500079274,0.19426095800008625
4,2,cell-793662a1443a37842803,pyzx_rewrite_identity_up_to_global_phase_v1,True,passed,full_aggregation,exact input parity/phase table -> canonical CNOT-Rz,0.25,0.25,logical_all_to_all_no_routing,passed,data/runs/w4-matched-representation-20260802/cells/cell-793662a1443a37842803/cell.log,8,2147483648,9,47e5d290b7303f7b967e1867bcfe4778d7f0e60ede3b3909c63d339eab04a3ca,4,6,"['cx', 'rz']",6,0,130928614ebbb915a515e4c0c92016344ca47ffff990cf9d074f0ed526826874,7d1b1f911b31cf62c1af3332b1893242377c8a0530484f7f5ec2a67118bace28,2,4,zx_bridge,rep-e20ded17e1f1a6a6212e,data/runs/w4-matched-representation-20260802/representations/rep-e20ded17e1f1a6a6212e/representation_manifest.json,e4385642529723375ae3ce15ed4dc029380bfeb4cc09d4fd210af8b789606a45,False,105873408,20260811,228,921,199,960,133,completed,"[""cx"",""rz"",""h""]",slice-b-m08,8208,20.0,0.0,0.27319020905997604,0.19219050009269267
4,2,cell-50d596437aadacba2f0e,pyzx_rewrite_identity_up_to_global_phase_v1,True,passed,full_aggregation,exact input parity/phase table -> canonical CNOT-Rz,0.25,0.25,logical_all_to_all_no_routing,passed,data/runs/w4-matched-representation-20260802/cells/cell-50d596437aadacba2f0e/cell.log,8,2147483648,9,47e5d290b7303f7b967e1867bcfe4778d7f0e60ede3b3909c63d339eab04a3ca,4,6,"['cx', 'rz']",6,0,130928614ebbb915a515e4c0c92016344ca47ffff990cf9d074f0ed526826874,7d1b1f911b31cf62c1af3332b1893242377c8a0530484f7f5ec2a67118bace28,2,4,zx_bridge,rep-ebba04cfbc2d84447ac5,data/runs/w4-matched-representation-20260802/representations/rep-ebba04cfbc2d84447ac5/representation_manifest.json,aa2d8bc5c6ce428fa2ddcedb0950bef4540466792e4ed3d0eb615a5dd992207a,False,105906176,20260812,228,921,199,960,133,completed,"[""cx"",""rz"",""h""]",slice-b-m08,8208,20.0,0.0,0.27455500001087785,0.19241149991285056
4,2,cell-4d46dfe2e38469241044,pyzx_rewrite_identity_up_to_global_phase_v1,True,passed,pyzx_full_reduce,OpenQASM2 -> PyZX graph/full_reduce/extract -> target basis,0.25,0.25,logical_all_to_all_no_routing,passed,data/runs/w4-matched-representation-20260802/cells/cell-4d46dfe2e38469241044/cell.log,8,2147483648,9,9d61e543a2fc2c5cf9a3ad40569e9e2b8d3b89e1742cdd0dbe4a0cb9dc18a12c,6,21,"['cx', 'h', 'rz']",30,22,834df89d8067b8201edbc7bb8390593484e464fea3771ffc56c1f78dd811cc38,6b1d2de08c48109687150b4d7ccf2b5c632d9269c677a53226704dd64c0fbc46,2,4,zx_bridge,rep-e20ded17e1f1a6a6212e,data/runs/w4-matched-representation-20260802/representations/rep-e20ded17e1f1a6a6212e/representation_manifest.json,e4385642529723375ae3ce15ed4dc029380bfeb4cc09d4fd210af8b789606a45,False,108085248,20260811,228,921,403,3956,337,completed,"[""cx"",""rz"",""h""]",slice-b-m08,8208,20.0,0.0,0.2953110419912264,0.20688275003340095
4,2,cell-c5f61f5c8614c5b4e974,pyzx_rewrite_identity_up_to_global_phase_v1,True,passed,pyzx_full_reduce,OpenQASM2 -> PyZX graph/full_reduce/extract -> target basis,0.25,0.25,logical_all_to_all_no_routing,passed,data/runs/w4-matched-representation-20260802/cells/cell-c5f61f5c8614c5b4e974/cell.log,8,2147483648,9,9d61e543a2fc2c5cf9a3ad40569e9e2b8d3b89e1742cdd0dbe4a0cb9dc18a12c,6,21,"['cx', 'h', 'rz']",30,22,834df89d8067b8201edbc7bb8390593484e464fea3771ffc56c1f78dd811cc38,6b1d2de08c48109687150b4d7ccf2b5c632d9269c677a53226704dd64c0fbc46,2,4,zx_bridge,rep-ebba04cfbc2d84447ac5,data/runs/w4-matched-representation-20260802/representations/rep-ebba04cfbc2d84447ac5/representation_manifest.json,aa2d8bc5c6ce428fa2ddcedb0950bef4540466792e4ed3d0eb615a5dd992207a,False,108134400,20260812,228,921,403,3956,337,completed,"[""cx"",""rz"",""h""]",slice-b-m08,8208,20.0,0.0,0.2926509170792997,0.2059831660008058
4,2,cell-58250a47f34bec35e21c,pyzx_rewrite_identity_up_to_global_phase_v1,True,passed,qiskit_opt3,OpenQASM2 -> Qiskit preset level 3 -> target basis,0.25,0.25,logical_all_to_all_no_routing,passed,data/runs/w4-matched-representation-20260802/cells/cell-58250a47f34bec35e21c/cell.log,8,2147483648,9,6db7881bcda831a8d455577a15b53cbb52f246e4472d2197b20679cf3a0aa3e6,4,6,"['cx', 'rz']",6,0,3e018a39db4412e3223d85bb4445f53287354294348e9035659b4a3bd15ba4f2,7d1b1f911b31cf62c1af3332b1893242377c8a0530484f7f5ec2a67118bace28,2,4,zx_bridge,rep-e20ded17e1f1a6a6212e,data/runs/w4-matched-representation-20260802/representations/rep-e20ded17e1f1a6a6212e/representation_manifest.json,e4385642529723375ae3ce15ed4dc029380bfeb4cc09d4fd210af8b789606a45,False,108888064,20260811,228,921,194,959,133,completed,"[""cx"",""rz"",""h""]",slice-b-m08,8208,20.0,0.0,0.29865775001235306,0.20621158299036324
4,2,cell-23d72889247f4353d5b5,pyzx_rewrite_identity_up_to_global_phase_v1,True,passed,qiskit_opt3,OpenQASM2 -> Qiskit preset level 3 -> target basis,0.25,0.25,logical_all_to_all_no_routing,passed,data/runs/w4-matched-representation-20260802/cells/cell-23d72889247f4353d5b5/cell.log,8,2147483648,9,6db7881bcda831a8d455577a15b53cbb52f246e4472d2197b20679cf3a0aa3e6,4,6,"['cx', 'rz']",6,0,3e018a39db4412e3223d85bb4445f53287354294348e9035659b4a3bd15ba4f2,7d1b1f911b31cf62c1af3332b1893242377c8a0530484f7f5ec2a67118bace28,2,4,zx_bridge,rep-ebba04cfbc2d84447ac5,data/runs/w4-matched-representation-20260802/representations/rep-ebba04cfbc2d84447ac5/representation_manifest.json,aa2d8bc5c6ce428fa2ddcedb0950bef4540466792e4ed3d0eb615a5dd992207a,False,108855296,20260812,228,921,194,959,133,completed,"[""cx"",""rz"",""h""]",slice-b-m08,8208,20.0,0.0,0.2986041250405833,0.20406854210887104
4,2,cell-e07528c667cecf5872a1,pyzx_rewrite_identity_up_to_global_phase_v1,True,passed,tket_paulisimp,OpenQASM2 -> TKET DecomposeBoxes/AutoRebase/PauliSimp -> target basis,0.25,0.25,logical_all_to_all_no_routing,passed,data/runs/w4-matched-representation-20260802/cells/cell-e07528c667cecf5872a1/cell.log,8,2147483648,9,b8d60b9f94f5e65a2526ae6598281da9abca42c835c5b9f8d4db97edba00519a,4,12,"['cx', 'h', 'rz']",60,18,4e65ce0e19cf4f3a5182dff6de647939be2cba4ac99791c622018abc097388dc,75601561a012ee5645636a618238a0f8f6983e4a6e03212befcf0942a344fd54,38,4,zx_bridge,rep-e20ded17e1f1a6a6212e,data/runs/w4-matched-representation-20260802/representations/rep-e20ded17e1f1a6a6212e/representation_manifest.json,e4385642529723375ae3ce15ed4dc029380bfeb4cc09d4fd210af8b789606a45,False,155353088,20260811,228,921,917,8736,853,completed,"[""cx"",""rz"",""h""]",slice-b-m08,8208,20.0,0.0,0.5238236249424517,0.3960131669882685
4,2,cell-42035e2724ee0298b209,pyzx_rewrite_identity_up_to_global_phase_v1,True,passed,tket_paulisimp,OpenQASM2 -> TKET DecomposeBoxes/AutoRebase/PauliSimp -> target basis,0.25,0.25,logical_all_to_all_no_routing,passed,data/runs/w4-matched-representation-20260802/cells/cell-42035e2724ee0298b209/cell.log,8,2147483648,9,b8d60b9f94f5e65a2526ae6598281da9abca42c835c5b9f8d4db97edba00519a,4,12,"['cx', 'h', 'rz']",60,18,4e65ce0e19cf4f3a5182dff6de647939be2cba4ac99791c622018abc097388dc,75601561a012ee5645636a618238a0f8f6983e4a6e03212befcf0942a344fd54,38,4,zx_bridge,rep-ebba04cfbc2d84447ac5,data/runs/w4-matched-representation-20260802/representations/rep-ebba04cfbc2d84447ac5/representation_manifest.json,aa2d8bc5c6ce428fa2ddcedb0950bef4540466792e4ed3d0eb615a5dd992207a,False,155484160,20260812,228,921,917,8736,853,completed,"[""cx"",""rz"",""h""]",slice-b-m08,8208,20.0,0.0,0.5145303339231759,0.4016567920334637
4,4,cell-957e7b22340e0e8ea655,pyzx_rewrite_identity_up_to_global_phase_v1,True,passed,echo_passthrough,literal input circuit -> output,0.25,0.25,logical_all_to_all_no_routing,passed,data/runs/w4-matched-representation-20260802/cells/cell-957e7b22340e0e8ea655/cell.log,16,2147483648,17,edf4ff67dd29730a73960578fb3bf33ab157cb1ab486cb5303d9ee13cb75a329,32,24,"['cx', 'rz']",48,0,8d228d20b07c24d15d4f8b3b334c43a4140b62b6bcc16821dad6a46b180bc4d5,8ed9159d244060b03fcbfeb0dfb68b2d2bd6c88e6ca982070ab493f424557059,16,4,contiguous_flat,rep-aeec88e0b0c67b57da94,data/runs/w4-matched-representation-20260802/representations/rep-aeec88e0b0c67b57da94/representation_manifest.json,e91820e39bace66deee5c0ac334d7d6c497c1b41342c50578b0983e2fd7c032a,False,106053632,20260811,1501,7301,837,7314,771,completed,"[""cx"",""rz"",""h""]",slice-b-m16,8216,20.0,0.0,0.2982247909530997,0.19663287501316518
4,4,cell-b5cc2e977c8b092edb8d,pyzx_rewrite_identity_up_to_global_phase_v1,True,passed,echo_passthrough,literal input circuit -> output,0.25,0.25,logical_all_to_all_no_routing,passed,data/runs/w4-matched-representation-20260802/cells/cell-b5cc2e977c8b092edb8d/cell.log,16,2147483648,17,edf4ff67dd29730a73960578fb3bf33ab157cb1ab486cb5303d9ee13cb75a329,32,24,"['cx', 'rz']",48,0,8d228d20b07c24d15d4f8b3b334c43a4140b62b6bcc16821dad6a46b180bc4d5,8ed9159d244060b03fcbfeb0dfb68b2d2bd6c88e6ca982070ab493f424557059,16,4,contiguous_flat,rep-7ca0cc7eef1a77eb83cd,data/runs/w4-matched-representation-20260802/representations/rep-7ca0cc7eef1a77eb83cd/representation_manifest.json,2d38ceca9e057ba0984076f898adb6aa729724e5995de677d71a373a798957ad,False,105971712,20260812,1501,7301,837,7314,771,completed,"[""cx"",""rz"",""h""]",slice-b-m16,8216,20.0,0.0,0.2905403330223635,0.19880516699049622
4,4,cell-ddf74f9fe426b33eabff,pyzx_rewrite_identity_up_to_global_phase_v1,True,passed,full_aggregation,exact input parity/phase table -> canonical CNOT-Rz,0.25,0.25,logical_all_to_all_no_routing,passed,data/runs/w4-matched-representation-20260802/cells/cell-ddf74f9fe426b33eabff/cell.log,16,2147483648,17,c8a4752d685275c7a5c51d35588b61cd779769f926ffbfbe691848b5437e2dc3,8,6,"['cx', 'rz']",12,0,33d4e88fd00045d824cc17b8b91ef907810520ab86d0d7a3cd8a58507d62ca2a,c15e756ea7fc5e1754acb5aebc595dd0f040f7701d0770412366ad518bf5a209,4,4,contiguous_flat,rep-aeec88e0b0c67b57da94,data/runs/w4-matched-representation-20260802/representations/rep-aeec88e0b0c67b57da94/representation_manifest.json,e91820e39bace66deee5c0ac334d7d6c497c1b41342c50578b0983e2fd7c032a,False,105971712,20260811,1501,7301,291,1778,225,completed,"[""cx"",""rz"",""h""]",slice-b-m16,8216,20.0,0.0,0.28996541700325906,0.19226787495426834
4,4,cell-19c7a69eab02c6ae825f,pyzx_rewrite_identity_up_to_global_phase_v1,True,passed,full_aggregation,exact input parity/phase table -> canonical CNOT-Rz,0.25,0.25,logical_all_to_all_no_routing,passed,data/runs/w4-matched-representation-20260802/cells/cell-19c7a69eab02c6ae825f/cell.log,16,2147483648,17,c8a4752d685275c7a5c51d35588b61cd779769f926ffbfbe691848b5437e2dc3,8,6,"['cx', 'rz']",12,0,33d4e88fd00045d824cc17b8b91ef907810520ab86d0d7a3cd8a58507d62ca2a,c15e756ea7fc5e1754acb5aebc595dd0f040f7701d0770412366ad518bf5a209,4,4,contiguous_flat,rep-7ca0cc7eef1a77eb83cd,data/runs/w4-matched-representation-20260802/representations/rep-7ca0cc7eef1a77eb83cd/representation_manifest.json,2d38ceca9e057ba0984076f898adb6aa729724e5995de677d71a373a798957ad,False,106020864,20260812,1501,7301,291,1778,225,completed,"[""cx"",""rz"",""h""]",slice-b-m16,8216,20.0,0.0,0.27873287501279265,0.1921203340170905
4,4,cell-9b5ee57f4cd8e67ca9c5,pyzx_rewrite_identity_up_to_global_phase_v1,True,passed,pyzx_full_reduce,OpenQASM2 -> PyZX graph/full_reduce/extract -> target basis,0.25,0.25,logical_all_to_all_no_routing,passed,data/runs/w4-matched-representation-20260802/cells/cell-9b5ee57f4cd8e67ca9c5/cell.log,16,2147483648,17,a745324259993faee575b5c10cd05281d9c0e294f741b06b42bad9b805d213d3,10,21,"['cx', 'h', 'rz']",56,42,9d09660b4498faa76188a92a58b36d00ece9268622a46f47c2a97a15b7994dd8,d29d5a8eeab04b63f8374bea7b515fc4f48244327a80a8d665db1b5244a22af8,4,4,contiguous_flat,rep-aeec88e0b0c67b57da94,data/runs/w4-matched-representation-20260802/representations/rep-aeec88e0b0c67b57da94/representation_manifest.json,e91820e39bace66deee5c0ac334d7d6c497c1b41342c50578b0983e2fd7c032a,False,108183552,20260811,1501,7301,665,7214,599,completed,"[""cx"",""rz"",""h""]",slice-b-m16,8216,20.0,0.0,0.29353883292060345,0.20859941595699638
4,4,cell-988c33c38d12768c8baa,pyzx_rewrite_identity_up_to_global_phase_v1,True,passed,pyzx_full_reduce,OpenQASM2 -> PyZX graph/full_reduce/extract -> target basis,0.25,0.25,logical_all_to_all_no_routing,passed,data/runs/w4-matched-representation-20260802/cells/cell-988c33c38d12768c8baa/cell.log,16,2147483648,17,a745324259993faee575b5c10cd05281d9c0e294f741b06b42bad9b805d213d3,10,21,"['cx', 'h', 'rz']",56,42,9d09660b4498faa76188a92a58b36d00ece9268622a46f47c2a97a15b7994dd8,d29d5a8eeab04b63f8374bea7b515fc4f48244327a80a8d665db1b5244a22af8,4,4,contiguous_flat,rep-7ca0cc7eef1a77eb83cd,data/runs/w4-matched-representation-20260802/representations/rep-7ca0cc7eef1a77eb83cd/representation_manifest.json,2d38ceca9e057ba0984076f898adb6aa729724e5995de677d71a373a798957ad,False,108199936,20260812,1501,7301,665,7214,599,completed,"[""cx"",""rz"",""h""]",slice-b-m16,8216,20.0,0.0,0.2987443330930546,0.2084360410226509
4,4,cell-8a5a8ea105c25d3eee01,pyzx_rewrite_identity_up_to_global_phase_v1,True,passed,qiskit_opt3,OpenQASM2 -> Qiskit preset level 3 -> target basis,0.25,0.25,logical_all_to_all_no_routing,passed,data/runs/w4-matched-representation-20260802/cells/cell-8a5a8ea105c25d3eee01/cell.log,16,2147483648,17,a716f2ca34e35d8071de07abea4bd190731a4f09dadb08388c74ce94ca2df9b7,8,6,"['cx', 'rz']",12,0,b53850a0366c25588bbbc18a1552efe82f5017017fb76ee9cb2091f77f3cd402,c15e756ea7fc5e1754acb5aebc595dd0f040f7701d0770412366ad518bf5a209,4,4,contiguous_flat,rep-aeec88e0b0c67b57da94,data/runs/w4-matched-representation-20260802/representations/rep-aeec88e0b0c67b57da94/representation_manifest.json,e91820e39bace66deee5c0ac334d7d6c497c1b41342c50578b0983e2fd7c032a,False,108871680,20260811,1501,7301,286,1777,225,completed,"[""cx"",""rz"",""h""]",slice-b-m16,8216,20.0,0.0,0.298959624953568,0.20546991692390293
4,4,cell-7a7a7feeb10c6880f8b2,pyzx_rewrite_identity_up_to_global_phase_v1,True,passed,qiskit_opt3,OpenQASM2 -> Qiskit preset level 3 -> target basis,0.25,0.25,logical_all_to_all_no_routing,passed,data/runs/w4-matched-representation-20260802/cells/cell-7a7a7feeb10c6880f8b2/cell.log,16,2147483648,17,a716f2ca34e35d8071de07abea4bd190731a4f09dadb08388c74ce94ca2df9b7,8,6,"['cx', 'rz']",12,0,b53850a0366c25588bbbc18a1552efe82f5017017fb76ee9cb2091f77f3cd402,c15e756ea7fc5e1754acb5aebc595dd0f040f7701d0770412366ad518bf5a209,4,4,contiguous_flat,rep-7ca0cc7eef1a77eb83cd,data/runs/w4-matched-representation-20260802/representations/rep-7ca0cc7eef1a77eb83cd/representation_manifest.json,2d38ceca9e057ba0984076f898adb6aa729724e5995de677d71a373a798957ad,False,109051904,20260812,1501,7301,286,1777,225,completed,"[""cx"",""rz"",""h""]",slice-b-m16,8216,20.0,0.0,0.29066912503913045,0.2048769590910524
4,4,cell-d04c52d9c3781d1f528d,pyzx_rewrite_identity_up_to_global_phase_v1,True,passed,tket_paulisimp,OpenQASM2 -> TKET DecomposeBoxes/AutoRebase/PauliSimp -> target basis,0.25,0.25,logical_all_to_all_no_routing,passed,data/runs/w4-matched-representation-20260802/cells/cell-d04c52d9c3781d1f528d/cell.log,16,2147483648,17,d149aa8a014b205de15b3eb113cdfe4030b1f2720d74c39ce196f8bc42925b9d,10,14,"['cx', 'h', 'rz']",116,34,ca0209ea4675f6264248f52d2006a2f5278a8d1c685d0ea60d932e7ebea13f36,2e8bdabe94f5daec8a912692e3d7094cc316af2df5d59eef2dafc5731d87d5a4,72,4,contiguous_flat,rep-aeec88e0b0c67b57da94,data/runs/w4-matched-representation-20260802/representations/rep-aeec88e0b0c67b57da94/representation_manifest.json,e91820e39bace66deee5c0ac334d7d6c497c1b41342c50578b0983e2fd7c032a,False,155860992,20260811,1501,7301,1719,16791,1655,completed,"[""cx"",""rz"",""h""]",slice-b-m16,8216,20.0,0.0,0.5226804579142481,0.39923179207835346
4,4,cell-2964747315aefc199732,pyzx_rewrite_identity_up_to_global_phase_v1,True,passed,tket_paulisimp,OpenQASM2 -> TKET DecomposeBoxes/AutoRebase/PauliSimp -> target basis,0.25,0.25,logical_all_to_all_no_routing,passed,data/runs/w4-matched-representation-20260802/cells/cell-2964747315aefc199732/cell.log,16,2147483648,17,d149aa8a014b205de15b3eb113cdfe4030b1f2720d74c39ce196f8bc42925b9d,10,14,"['cx', 'h', 'rz']",116,34,ca0209ea4675f6264248f52d2006a2f5278a8d1c685d0ea60d932e7ebea13f36,2e8bdabe94f5daec8a912692e3d7094cc316af2df5d59eef2dafc5731d87d5a4,72,4,contiguous_flat,rep-7ca0cc7eef1a77eb83cd,data/runs/w4-matched-representation-20260802/representations/rep-7ca0cc7eef1a77eb83cd/representation_manifest.json,2d38ceca9e057ba0984076f898adb6aa729724e5995de677d71a373a798957ad,False,155779072,20260812,1501,7301,1719,16791,1655,completed,"[""cx"",""rz"",""h""]",slice-b-m16,8216,20.0,0.0,0.5213769170222804,0.4037485410226509
4,4,cell-966a06a30eb4ba2eaa8b,pyzx_rewrite_identity_up_to_global_phase_v1,True,passed,echo_passthrough,literal input circuit -> output,0.25,0.25,logical_all_to_all_no_routing,passed,data/runs/w4-matched-representation-20260802/cells/cell-966a06a30eb4ba2eaa8b/cell.log,16,2147483648,17,021d8e2aeb036caeb9246f28b8ce7022fd63e3d53d6eb7b42c06f596c5f42a23,16,12,"['cx', 'rz']",24,0,6e4bc49b00a638b6fb3d3f3e4a66a10008f919a92286e58547fd0f64e3f861ea,f13d5a4d423d2131a6ceadc20a5e357c53cbf2d7b7defccd9f4350171d910fac,8,4,locally_folded_flat,rep-37ce9056245e948ce277,data/runs/w4-matched-representation-20260802/representations/rep-37ce9056245e948ce277/representation_manifest.json,eac93fd93bb8417246dca63bb1cc64f0160991740a28e5af0231ac237c8ec29b,False,105938944,20260811,797,3601,475,3610,409,completed,"[""cx"",""rz"",""h""]",slice-b-m16,8216,20.0,0.0,0.30123387498315424,0.19749975006561726
4,4,cell-df8864a2d7121e9b4285,pyzx_rewrite_identity_up_to_global_phase_v1,True,passed,echo_passthrough,literal input circuit -> output,0.25,0.25,logical_all_to_all_no_routing,passed,data/runs/w4-matched-representation-20260802/cells/cell-df8864a2d7121e9b4285/cell.log,16,2147483648,17,021d8e2aeb036caeb9246f28b8ce7022fd63e3d53d6eb7b42c06f596c5f42a23,16,12,"['cx', 'rz']",24,0,6e4bc49b00a638b6fb3d3f3e4a66a10008f919a92286e58547fd0f64e3f861ea,f13d5a4d423d2131a6ceadc20a5e357c53cbf2d7b7defccd9f4350171d910fac,8,4,locally_folded_flat,rep-1970f17097ae91d104eb,data/runs/w4-matched-representation-20260802/representations/rep-1970f17097ae91d104eb/representation_manifest.json,560ee7f52be51bff8f3c906d0bddbfd3f6cb3084c0eb89ceff6cbef76df85075,False,106119168,20260812,797,3601,475,3610,409,completed,"[""cx"",""rz"",""h""]",slice-b-m16,8216,20.0,0.0,0.298726583016105,0.19645195791963488
4,4,cell-718eb14cfb905fada150,pyzx_rewrite_identity_up_to_global_phase_v1,True,passed,full_aggregation,exact input parity/phase table -> canonical CNOT-Rz,0.25,0.25,logical_all_to_all_no_routing,passed,data/runs/w4-matched-representation-20260802/cells/cell-718eb14cfb905fada150/cell.log,16,2147483648,17,c8a4752d685275c7a5c51d35588b61cd779769f926ffbfbe691848b5437e2dc3,8,6,"['cx', 'rz']",12,0,33d4e88fd00045d824cc17b8b91ef907810520ab86d0d7a3cd8a58507d62ca2a,c15e756ea7fc5e1754acb5aebc595dd0f040f7701d0770412366ad518bf5a209,4,4,locally_folded_flat,rep-37ce9056245e948ce277,data/runs/w4-matched-representation-20260802/representations/rep-37ce9056245e948ce277/representation_manifest.json,eac93fd93bb8417246dca63bb1cc64f0160991740a28e5af0231ac237c8ec29b,False,106004480,20260811,797,3601,291,1778,225,completed,"[""cx"",""rz"",""h""]",slice-b-m16,8216,20.0,0.0,0.297924124985002,0.19462150009348989
4,4,cell-2e3e89013ad5e6820ef4,pyzx_rewrite_identity_up_to_global_phase_v1,True,passed,full_aggregation,exact input parity/phase table -> canonical CNOT-Rz,0.25,0.25,logical_all_to_all_no_routing,passed,data/runs/w4-matched-representation-20260802/cells/cell-2e3e89013ad5e6820ef4/cell.log,16,2147483648,17,c8a4752d685275c7a5c51d35588b61cd779769f926ffbfbe691848b5437e2dc3,8,6,"['cx', 'rz']",12,0,33d4e88fd00045d824cc17b8b91ef907810520ab86d0d7a3cd8a58507d62ca2a,c15e756ea7fc5e1754acb5aebc595dd0f040f7701d0770412366ad518bf5a209,4,4,locally_folded_flat,rep-1970f17097ae91d104eb,data/runs/w4-matched-representation-20260802/representations/rep-1970f17097ae91d104eb/representation_manifest.json,560ee7f52be51bff8f3c906d0bddbfd3f6cb3084c0eb89ceff6cbef76df85075,False,105906176,20260812,797,3601,291,1778,225,completed,"[""cx"",""rz"",""h""]",slice-b-m16,8216,20.0,0.0,0.28972179198171943,0.19345412496477365
4,4,cell-a703dece6cd68a7e1387,pyzx_rewrite_identity_up_to_global_phase_v1,True,passed,pyzx_full_reduce,OpenQASM2 -> PyZX graph/full_reduce/extract -> target basis,0.25,0.25,logical_all_to_all_no_routing,passed,data/runs/w4-matched-representation-20260802/cells/cell-a703dece6cd68a7e1387/cell.log,16,2147483648,17,a745324259993faee575b5c10cd05281d9c0e294f741b06b42bad9b805d213d3,10,21,"['cx', 'h', 'rz']",56,42,9d09660b4498faa76188a92a58b36d00ece9268622a46f47c2a97a15b7994dd8,d29d5a8eeab04b63f8374bea7b515fc4f48244327a80a8d665db1b5244a22af8,4,4,locally_folded_flat,rep-37ce9056245e948ce277,data/runs/w4-matched-representation-20260802/representations/rep-37ce9056245e948ce277/representation_manifest.json,eac93fd93bb8417246dca63bb1cc64f0160991740a28e5af0231ac237c8ec29b,False,108183552,20260811,797,3601,665,7214,599,completed,"[""cx"",""rz"",""h""]",slice-b-m16,8216,20.0,0.0,0.3142464170232415,0.21070362499449402
4,4,cell-e825d659e26ee4acd74e,pyzx_rewrite_identity_up_to_global_phase_v1,True,passed,pyzx_full_reduce,OpenQASM2 -> PyZX graph/full_reduce/extract -> target basis,0.25,0.25,logical_all_to_all_no_routing,passed,data/runs/w4-matched-representation-20260802/cells/cell-e825d659e26ee4acd74e/cell.log,16,2147483648,17,a745324259993faee575b5c10cd05281d9c0e294f741b06b42bad9b805d213d3,10,21,"['cx', 'h', 'rz']",56,42,9d09660b4498faa76188a92a58b36d00ece9268622a46f47c2a97a15b7994dd8,d29d5a8eeab04b63f8374bea7b515fc4f48244327a80a8d665db1b5244a22af8,4,4,locally_folded_flat,rep-1970f17097ae91d104eb,data/runs/w4-matched-representation-20260802/representations/rep-1970f17097ae91d104eb/representation_manifest.json,560ee7f52be51bff8f3c906d0bddbfd3f6cb3084c0eb89ceff6cbef76df85075,False,108183552,20260812,797,3601,665,7214,599,completed,"[""cx"",""rz"",""h""]",slice-b-m16,8216,20.0,0.0,0.29930904204957187,0.2068632080918178
4,4,cell-51c07867d3e58a456a20,pyzx_rewrite_identity_up_to_global_phase_v1,True,passed,qiskit_opt3,OpenQASM2 -> Qiskit preset level 3 -> target basis,0.25,0.25,logical_all_to_all_no_routing,passed,data/runs/w4-matched-representation-20260802/cells/cell-51c07867d3e58a456a20/cell.log,16,2147483648,17,a716f2ca34e35d8071de07abea4bd190731a4f09dadb08388c74ce94ca2df9b7,8,6,"['cx', 'rz']",12,0,b53850a0366c25588bbbc18a1552efe82f5017017fb76ee9cb2091f77f3cd402,c15e756ea7fc5e1754acb5aebc595dd0f040f7701d0770412366ad518bf5a209,4,4,locally_folded_flat,rep-37ce9056245e948ce277,data/runs/w4-matched-representation-20260802/representations/rep-37ce9056245e948ce277/representation_manifest.json,eac93fd93bb8417246dca63bb1cc64f0160991740a28e5af0231ac237c8ec29b,False,108888064,20260811,797,3601,286,1777,225,completed,"[""cx"",""rz"",""h""]",slice-b-m16,8216,20.0,0.0,0.29485720896627754,0.2053549160482362
4,4,cell-761d97b78e48403047cf,pyzx_rewrite_identity_up_to_global_phase_v1,True,passed,qiskit_opt3,OpenQASM2 -> Qiskit preset level 3 -> target basis,0.25,0.25,logical_all_to_all_no_routing,passed,data/runs/w4-matched-representation-20260802/cells/cell-761d97b78e48403047cf/cell.log,16,2147483648,17,a716f2ca34e35d8071de07abea4bd190731a4f09dadb08388c74ce94ca2df9b7,8,6,"['cx', 'rz']",12,0,b53850a0366c25588bbbc18a1552efe82f5017017fb76ee9cb2091f77f3cd402,c15e756ea7fc5e1754acb5aebc595dd0f040f7701d0770412366ad518bf5a209,4,4,locally_folded_flat,rep-1970f17097ae91d104eb,data/runs/w4-matched-representation-20260802/representations/rep-1970f17097ae91d104eb/representation_manifest.json,560ee7f52be51bff8f3c906d0bddbfd3f6cb3084c0eb89ceff6cbef76df85075,False,108969984,20260812,797,3601,286,1777,225,completed,"[""cx"",""rz"",""h""]",slice-b-m16,8216,20.0,0.0,0.301265790942125,0.20516600005794317
4,4,cell-93b97a255757937176f9,pyzx_rewrite_identity_up_to_global_phase_v1,True,passed,tket_paulisimp,OpenQASM2 -> TKET DecomposeBoxes/AutoRebase/PauliSimp -> target basis,0.25,0.25,logical_all_to_all_no_routing,passed,data/runs/w4-matched-representation-20260802/cells/cell-93b97a255757937176f9/cell.log,16,2147483648,17,d149aa8a014b205de15b3eb113cdfe4030b1f2720d74c39ce196f8bc42925b9d,10,14,"['cx', 'h', 'rz']",116,34,ca0209ea4675f6264248f52d2006a2f5278a8d1c685d0ea60d932e7ebea13f36,2e8bdabe94f5daec8a912692e3d7094cc316af2df5d59eef2dafc5731d87d5a4,72,4,locally_folded_flat,rep-37ce9056245e948ce277,data/runs/w4-matched-representation-20260802/representations/rep-37ce9056245e948ce277/representation_manifest.json,eac93fd93bb8417246dca63bb1cc64f0160991740a28e5af0231ac237c8ec29b,False,155762688,20260811,797,3601,1719,16791,1655,completed,"[""cx"",""rz"",""h""]",slice-b-m16,8216,20.0,0.0,0.5253941249102354,0.40038537501823157
4,4,cell-a9b04d735446092bc870,pyzx_rewrite_identity_up_to_global_phase_v1,True,passed,tket_paulisimp,OpenQASM2 -> TKET DecomposeBoxes/AutoRebase/PauliSimp -> target basis,0.25,0.25,logical_all_to_all_no_routing,passed,data/runs/w4-matched-representation-20260802/cells/cell-a9b04d735446092bc870/cell.log,16,2147483648,17,d149aa8a014b205de15b3eb113cdfe4030b1f2720d74c39ce196f8bc42925b9d,10,14,"['cx', 'h', 'rz']",116,34,ca0209ea4675f6264248f52d2006a2f5278a8d1c685d0ea60d932e7ebea13f36,2e8bdabe94f5daec8a912692e3d7094cc316af2df5d59eef2dafc5731d87d5a4,72,4,locally_folded_flat,rep-1970f17097ae91d104eb,data/runs/w4-matched-representation-20260802/representations/rep-1970f17097ae91d104eb/representation_manifest.json,560ee7f52be51bff8f3c906d0bddbfd3f6cb3084c0eb89ceff6cbef76df85075,False,155877376,20260812,797,3601,1719,16791,1655,completed,"[""cx"",""rz"",""h""]",slice-b-m16,8216,20.0,0.0,0.5477026669541374,0.4019062080187723
4,4,cell-98471c7568d6f99e3873,pyzx_rewrite_identity_up_to_global_phase_v1,True,passed,echo_passthrough,literal input circuit -> output,0.25,0.25,logical_all_to_all_no_routing,passed,data/runs/w4-matched-representation-20260802/cells/cell-98471c7568d6f99e3873/cell.log,16,2147483648,17,598fb445d0cde4a9157ad3fa2e08789d8cbe4212801bebefdf35445dbe74dd93,32,24,"['cx', 'rz']",48,0,a8c543e2b2cb3eb5ad83826add0c24d759916cb15d8a6359b0b34640871a2a6c,deec357ceefc9e715695c154495a4466e41fcf2ba0f98827b67425e015f08960,16,4,masked_share_update,rep-1bd9d969175ffea2dc85,data/runs/w4-matched-representation-20260802/representations/rep-1bd9d969175ffea2dc85/representation_manifest.json,86899c83da6a1a7f760230d3461dfb4fe5c3f703c45d44d04e745aba8e1bed1d,False,105971712,20260811,1501,7302,875,7311,809,completed,"[""cx"",""rz"",""h""]",slice-b-m16,8216,20.0,0.0,0.2997386250644922,0.202234375057742
4,4,cell-2597f4beb572d41a0178,pyzx_rewrite_identity_up_to_global_phase_v1,True,passed,echo_passthrough,literal input circuit -> output,0.25,0.25,logical_all_to_all_no_routing,passed,data/runs/w4-matched-representation-20260802/cells/cell-2597f4beb572d41a0178/cell.log,16,2147483648,17,e91b3fe027d1758f66ffa4b9082b5a42e16f5bc67ea0050f7f8776be98ac58a9,32,24,"['cx', 'rz']",48,0,0531f86e1923500bc41498098c9f8e961dbc8bb59cad8bd205eab2a09e487038,a93c68a1d9be2d035ab98fd696aa77b9397a1470b6ca914d0f00e226a7cffdd1,16,4,masked_share_update,rep-9c8ff4fb69f923a947ac,data/runs/w4-matched-representation-20260802/representations/rep-9c8ff4fb69f923a947ac/representation_manifest.json,791a8cce460813005d560167f01e4a4bb26b1888cec77ff555ce33f562689603,False,106004480,20260812,1501,7300,936,7309,870,completed,"[""cx"",""rz"",""h""]",slice-b-m16,8216,20.0,0.0,0.2970520000671968,0.19805691705550998
4,4,cell-b50ddd18519c3af8d6f1,pyzx_rewrite_identity_up_to_global_phase_v1,True,passed,full_aggregation,exact input parity/phase table -> canonical CNOT-Rz,0.25,0.25,logical_all_to_all_no_routing,passed,data/runs/w4-matched-representation-20260802/cells/cell-b50ddd18519c3af8d6f1/cell.log,16,2147483648,17,c8a4752d685275c7a5c51d35588b61cd779769f926ffbfbe691848b5437e2dc3,8,6,"['cx', 'rz']",12,0,33d4e88fd00045d824cc17b8b91ef907810520ab86d0d7a3cd8a58507d62ca2a,c15e756ea7fc5e1754acb5aebc595dd0f040f7701d0770412366ad518bf5a209,4,4,masked_share_update,rep-1bd9d969175ffea2dc85,data/runs/w4-matched-representation-20260802/representations/rep-1bd9d969175ffea2dc85/representation_manifest.json,86899c83da6a1a7f760230d3461dfb4fe5c3f703c45d44d04e745aba8e1bed1d,False,105955328,20260811,1501,7302,291,1778,225,completed,"[""cx"",""rz"",""h""]",slice-b-m16,8216,20.0,0.0,0.273985999985598,0.19214299996383488
4,4,cell-67de30ee789ad0a64393,pyzx_rewrite_identity_up_to_global_phase_v1,True,passed,full_aggregation,exact input parity/phase table -> canonical CNOT-Rz,0.25,0.25,logical_all_to_all_no_routing,passed,data/runs/w4-matched-representation-20260802/cells/cell-67de30ee789ad0a64393/cell.log,16,2147483648,17,c8a4752d685275c7a5c51d35588b61cd779769f926ffbfbe691848b5437e2dc3,8,6,"['cx', 'rz']",12,0,33d4e88fd00045d824cc17b8b91ef907810520ab86d0d7a3cd8a58507d62ca2a,c15e756ea7fc5e1754acb5aebc595dd0f040f7701d0770412366ad518bf5a209,4,4,masked_share_update,rep-9c8ff4fb69f923a947ac,data/runs/w4-matched-representation-20260802/representations/rep-9c8ff4fb69f923a947ac/representation_manifest.json,791a8cce460813005d560167f01e4a4bb26b1888cec77ff555ce33f562689603,False,105922560,20260812,1501,7300,291,1778,225,completed,"[""cx"",""rz"",""h""]",slice-b-m16,8216,20.0,0.0,0.27355945901945233,0.1940138339996338
4,4,cell-69946614bfc4007834b2,pyzx_rewrite_identity_up_to_global_phase_v1,True,passed,pyzx_full_reduce,OpenQASM2 -> PyZX graph/full_reduce/extract -> target basis,0.25,0.25,logical_all_to_all_no_routing,passed,data/runs/w4-matched-representation-20260802/cells/cell-69946614bfc4007834b2/cell.log,16,2147483648,17,a745324259993faee575b5c10cd05281d9c0e294f741b06b42bad9b805d213d3,10,21,"['cx', 'h', 'rz']",56,42,9d09660b4498faa76188a92a58b36d00ece9268622a46f47c2a97a15b7994dd8,d29d5a8eeab04b63f8374bea7b515fc4f48244327a80a8d665db1b5244a22af8,4,4,masked_share_update,rep-1bd9d969175ffea2dc85,data/runs/w4-matched-representation-20260802/representations/rep-1bd9d969175ffea2dc85/representation_manifest.json,86899c83da6a1a7f760230d3461dfb4fe5c3f703c45d44d04e745aba8e1bed1d,False,108216320,20260811,1501,7302,665,7214,599,completed,"[""cx"",""rz"",""h""]",slice-b-m16,8216,20.0,0.0,0.29594804102089256,0.21076945797540247
4,4,cell-5a2a49c734307ae1e863,pyzx_rewrite_identity_up_to_global_phase_v1,True,passed,pyzx_full_reduce,OpenQASM2 -> PyZX graph/full_reduce/extract -> target basis,0.25,0.25,logical_all_to_all_no_routing,passed,data/runs/w4-matched-representation-20260802/cells/cell-5a2a49c734307ae1e863/cell.log,16,2147483648,17,a745324259993faee575b5c10cd05281d9c0e294f741b06b42bad9b805d213d3,10,21,"['cx', 'h', 'rz']",56,42,9d09660b4498faa76188a92a58b36d00ece9268622a46f47c2a97a15b7994dd8,d29d5a8eeab04b63f8374bea7b515fc4f48244327a80a8d665db1b5244a22af8,4,4,masked_share_update,rep-9c8ff4fb69f923a947ac,data/runs/w4-matched-representation-20260802/representations/rep-9c8ff4fb69f923a947ac/representation_manifest.json,791a8cce460813005d560167f01e4a4bb26b1888cec77ff555ce33f562689603,False,108298240,20260812,1501,7300,665,7214,599,completed,"[""cx"",""rz"",""h""]",slice-b-m16,8216,20.0,0.0,0.3009424159536138,0.20860262506175786
4,4,cell-8c559ad4de4f7544d1b1,pyzx_rewrite_identity_up_to_global_phase_v1,False,inconclusive,qiskit_opt3,OpenQASM2 -> Qiskit preset level 3 -> target basis,0.25,0.25,logical_all_to_all_no_routing,passed,data/runs/w4-matched-representation-20260802/cells/cell-8c559ad4de4f7544d1b1/cell.log,16,2147483648,17,b7a644a72b0d789eafb4fcfbbd193d0885ce420b01eda0159eb3eb7457ed3211,19,45,"['cx', 'h', 'rz']",69,10,481030cbe7614307e4b3137873f28cc26b0018460a200aeb6be2bd8053e7db52,08e9e4dd1f378b2c186180327b098b10441ad34c4c72e4f505b6703565b39a1e,40,4,masked_share_update,rep-1bd9d969175ffea2dc85,data/runs/w4-matched-representation-20260802/representations/rep-1bd9d969175ffea2dc85/representation_manifest.json,86899c83da6a1a7f760230d3461dfb4fe5c3f703c45d44d04e745aba8e1bed1d,False,109658112,20260811,1501,7302,1248,10378,1187,predicate_error,"[""cx"",""rz"",""h""]",slice-b-m16,8216,20.0,0.0,0.29857016599271446,0.21352783392649144
4,4,cell-d08d15cd60f5fa38ae8e,pyzx_rewrite_identity_up_to_global_phase_v1,True,passed,qiskit_opt3,OpenQASM2 -> Qiskit preset level 3 -> target basis,0.25,0.25,logical_all_to_all_no_routing,passed,data/runs/w4-matched-representation-20260802/cells/cell-d08d15cd60f5fa38ae8e/cell.log,16,2147483648,17,9f8469e29cd3506addde6876b2e1f60f358382251fc06c5ad53f4c791df22e31,15,23,"['cx', 'h', 'rz']",34,4,d04d96973a8a561593014eb302e77736b2e46d5788767f227096a889f90b07e1,5d022765164c9b6dcff44935596dfc930b75fa45bc5c9fc031bf92ae8e19d6a0,15,4,masked_share_update,rep-9c8ff4fb69f923a947ac,data/runs/w4-matched-representation-20260802/representations/rep-9c8ff4fb69f923a947ac/representation_manifest.json,791a8cce460813005d560167f01e4a4bb26b1888cec77ff555ce33f562689603,False,109707264,20260812,1501,7300,679,5072,618,completed,"[""cx"",""rz"",""h""]",slice-b-m16,8216,20.0,0.0,0.2979213750222698,0.20660249993670732
4,4,cell-052096693223ff442b09,pyzx_rewrite_identity_up_to_global_phase_v1,True,passed,tket_paulisimp,OpenQASM2 -> TKET DecomposeBoxes/AutoRebase/PauliSimp -> target basis,0.25,0.25,logical_all_to_all_no_routing,passed,data/runs/w4-matched-representation-20260802/cells/cell-052096693223ff442b09/cell.log,16,2147483648,17,0211ac26ae48dc583b2e7b05d38a7299c3cb24f3c6490fc873ab2e24d21e93de,12,18,"['cx', 'h', 'rz']",121,34,b6e14ffcead7a24661f229655e41c57cd2c60973d97056a5397712f603349eb2,f0a25a316b9b93e3ac40f728ed9d4a29422ca24513767b5f0d6b054cc4b18046,75,4,masked_share_update,rep-1bd9d969175ffea2dc85,data/runs/w4-matched-representation-20260802/representations/rep-1bd9d969175ffea2dc85/representation_manifest.json,86899c83da6a1a7f760230d3461dfb4fe5c3f703c45d44d04e745aba8e1bed1d,False,155893760,20260811,1501,7302,1813,17570,1749,completed,"[""cx"",""rz"",""h""]",slice-b-m16,8216,20.0,0.0,0.5149848751025274,0.39895762503147125
4,4,cell-5b7f03d354bd16e58421,pyzx_rewrite_identity_up_to_global_phase_v1,True,passed,tket_paulisimp,OpenQASM2 -> TKET DecomposeBoxes/AutoRebase/PauliSimp -> target basis,0.25,0.25,logical_all_to_all_no_routing,passed,data/runs/w4-matched-representation-20260802/cells/cell-5b7f03d354bd16e58421/cell.log,16,2147483648,17,73f4504b6f33ce42d19798a7afbb604c9b1ea2500e4760e3afd3d47b69fe456b,10,15,"['cx', 'h', 'rz']",118,34,c88f3fc601e49b1b978e32b71eb35b9d5ddfbb0efd344897af027659a846065a,79d9a2b57d041810f2c4605b40f37aff1800c30163a449a80f6265ad12842c0d,74,4,masked_share_update,rep-9c8ff4fb69f923a947ac,data/runs/w4-matched-representation-20260802/representations/rep-9c8ff4fb69f923a947ac/representation_manifest.json,791a8cce460813005d560167f01e4a4bb26b1888cec77ff555ce33f562689603,False,155910144,20260812,1501,7300,1759,17106,1695,completed,"[""cx"",""rz"",""h""]",slice-b-m16,8216,20.0,0.0,0.5163137499475852,0.39733754098415375
4,4,cell-d3e7fb1773a626456c9e,pyzx_rewrite_identity_up_to_global_phase_v1,True,passed,echo_passthrough,literal input circuit -> output,0.25,0.25,logical_all_to_all_no_routing,passed,data/runs/w4-matched-representation-20260802/cells/cell-d3e7fb1773a626456c9e/cell.log,16,2147483648,17,6c678f86a3824b554d4515b409d9b26871ff0b3cc69e2bd2fc78d0d6e3324ba3,8,6,"['cx', 'rz']",12,0,0f414ea76035df4f541d1cb94fedffb1b95a4410a896804ea2b9c2d00bdef205,c15e756ea7fc5e1754acb5aebc595dd0f040f7701d0770412366ad518bf5a209,4,4,qasm_bridge,rep-c737009046cc7af2e7e1,data/runs/w4-matched-representation-20260802/representations/rep-c737009046cc7af2e7e1/representation_manifest.json,19572afb916452edf7e74b17d7f36cbbf6fb825caccbd09443c364abb1c86821,False,105906176,20260811,301,1741,291,1758,225,completed,"[""cx"",""rz"",""h""]",slice-b-m16,8216,20.0,0.0,0.2731981249526143,0.1923539579147473
4,4,cell-7d34c427e167d677ddd3,pyzx_rewrite_identity_up_to_global_phase_v1,True,passed,echo_passthrough,literal input circuit -> output,0.25,0.25,logical_all_to_all_no_routing,passed,data/runs/w4-matched-representation-20260802/cells/cell-7d34c427e167d677ddd3/cell.log,16,2147483648,17,6c678f86a3824b554d4515b409d9b26871ff0b3cc69e2bd2fc78d0d6e3324ba3,8,6,"['cx', 'rz']",12,0,0f414ea76035df4f541d1cb94fedffb1b95a4410a896804ea2b9c2d00bdef205,c15e756ea7fc5e1754acb5aebc595dd0f040f7701d0770412366ad518bf5a209,4,4,qasm_bridge,rep-6bc3f27304c31f98548a,data/runs/w4-matched-representation-20260802/representations/rep-6bc3f27304c31f98548a/representation_manifest.json,1f5cc7e3f510953132cc2a118a039bad7cab4ac4cf5d1f4e0394e7d1f38df473,False,105988096,20260812,301,1741,291,1758,225,completed,"[""cx"",""rz"",""h""]",slice-b-m16,8216,20.0,0.0,0.2951673329807818,0.1950310419779271
4,4,cell-d5b330ef30e737712eab,pyzx_rewrite_identity_up_to_global_phase_v1,True,passed,full_aggregation,exact input parity/phase table -> canonical CNOT-Rz,0.25,0.25,logical_all_to_all_no_routing,passed,data/runs/w4-matched-representation-20260802/cells/cell-d5b330ef30e737712eab/cell.log,16,2147483648,17,c8a4752d685275c7a5c51d35588b61cd779769f926ffbfbe691848b5437e2dc3,8,6,"['cx', 'rz']",12,0,33d4e88fd00045d824cc17b8b91ef907810520ab86d0d7a3cd8a58507d62ca2a,c15e756ea7fc5e1754acb5aebc595dd0f040f7701d0770412366ad518bf5a209,4,4,qasm_bridge,rep-c737009046cc7af2e7e1,data/runs/w4-matched-representation-20260802/representations/rep-c737009046cc7af2e7e1/representation_manifest.json,19572afb916452edf7e74b17d7f36cbbf6fb825caccbd09443c364abb1c86821,False,106070016,20260811,301,1741,291,1778,225,completed,"[""cx"",""rz"",""h""]",slice-b-m16,8216,20.0,0.0,0.29355499998200685,0.19226104102563113
4,4,cell-79b6ca4b8b2422f26cb3,pyzx_rewrite_identity_up_to_global_phase_v1,True,passed,full_aggregation,exact input parity/phase table -> canonical CNOT-Rz,0.25,0.25,logical_all_to_all_no_routing,passed,data/runs/w4-matched-representation-20260802/cells/cell-79b6ca4b8b2422f26cb3/cell.log,16,2147483648,17,c8a4752d685275c7a5c51d35588b61cd779769f926ffbfbe691848b5437e2dc3,8,6,"['cx', 'rz']",12,0,33d4e88fd00045d824cc17b8b91ef907810520ab86d0d7a3cd8a58507d62ca2a,c15e756ea7fc5e1754acb5aebc595dd0f040f7701d0770412366ad518bf5a209,4,4,qasm_bridge,rep-6bc3f27304c31f98548a,data/runs/w4-matched-representation-20260802/representations/rep-6bc3f27304c31f98548a/representation_manifest.json,1f5cc7e3f510953132cc2a118a039bad7cab4ac4cf5d1f4e0394e7d1f38df473,False,106037248,20260812,301,1741,291,1778,225,completed,"[""cx"",""rz"",""h""]",slice-b-m16,8216,20.0,0.0,0.2960620829835534,0.19233300001360476
4,4,cell-7e2f388bffc8bed253ef,pyzx_rewrite_identity_up_to_global_phase_v1,True,passed,pyzx_full_reduce,OpenQASM2 -> PyZX graph/full_reduce/extract -> target basis,0.25,0.25,logical_all_to_all_no_routing,passed,data/runs/w4-matched-representation-20260802/cells/cell-7e2f388bffc8bed253ef/cell.log,16,2147483648,17,a745324259993faee575b5c10cd05281d9c0e294f741b06b42bad9b805d213d3,10,21,"['cx', 'h', 'rz']",56,42,9d09660b4498faa76188a92a58b36d00ece9268622a46f47c2a97a15b7994dd8,d29d5a8eeab04b63f8374bea7b515fc4f48244327a80a8d665db1b5244a22af8,4,4,qasm_bridge,rep-c737009046cc7af2e7e1,data/runs/w4-matched-representation-20260802/representations/rep-c737009046cc7af2e7e1/representation_manifest.json,19572afb916452edf7e74b17d7f36cbbf6fb825caccbd09443c364abb1c86821,False,108085248,20260811,301,1741,665,7214,599,completed,"[""cx"",""rz"",""h""]",slice-b-m16,8216,20.0,0.0,0.2923716250807047,0.20955179200973362
4,4,cell-3075a87f479e93778e29,pyzx_rewrite_identity_up_to_global_phase_v1,True,passed,pyzx_full_reduce,OpenQASM2 -> PyZX graph/full_reduce/extract -> target basis,0.25,0.25,logical_all_to_all_no_routing,passed,data/runs/w4-matched-representation-20260802/cells/cell-3075a87f479e93778e29/cell.log,16,2147483648,17,a745324259993faee575b5c10cd05281d9c0e294f741b06b42bad9b805d213d3,10,21,"['cx', 'h', 'rz']",56,42,9d09660b4498faa76188a92a58b36d00ece9268622a46f47c2a97a15b7994dd8,d29d5a8eeab04b63f8374bea7b515fc4f48244327a80a8d665db1b5244a22af8,4,4,qasm_bridge,rep-6bc3f27304c31f98548a,data/runs/w4-matched-representation-20260802/representations/rep-6bc3f27304c31f98548a/representation_manifest.json,1f5cc7e3f510953132cc2a118a039bad7cab4ac4cf5d1f4e0394e7d1f38df473,False,108199936,20260812,301,1741,665,7214,599,completed,"[""cx"",""rz"",""h""]",slice-b-m16,8216,20.0,0.0,0.2987960840109736,0.20865179202519357
4,4,cell-be1bab032a9fad48c304,pyzx_rewrite_identity_up_to_global_phase_v1,True,passed,qiskit_opt3,OpenQASM2 -> Qiskit preset level 3 -> target basis,0.25,0.25,logical_all_to_all_no_routing,passed,data/runs/w4-matched-representation-20260802/cells/cell-be1bab032a9fad48c304/cell.log,16,2147483648,17,a716f2ca34e35d8071de07abea4bd190731a4f09dadb08388c74ce94ca2df9b7,8,6,"['cx', 'rz']",12,0,b53850a0366c25588bbbc18a1552efe82f5017017fb76ee9cb2091f77f3cd402,c15e756ea7fc5e1754acb5aebc595dd0f040f7701d0770412366ad518bf5a209,4,4,qasm_bridge,rep-c737009046cc7af2e7e1,data/runs/w4-matched-representation-20260802/representations/rep-c737009046cc7af2e7e1/representation_manifest.json,19572afb916452edf7e74b17d7f36cbbf6fb825caccbd09443c364abb1c86821,False,108822528,20260811,301,1741,286,1777,225,completed,"[""cx"",""rz"",""h""]",slice-b-m16,8216,20.0,0.0,0.29046874993946403,0.20709999999962747
4,4,cell-6c7c9bc33240d202956a,pyzx_rewrite_identity_up_to_global_phase_v1,True,passed,qiskit_opt3,OpenQASM2 -> Qiskit preset level 3 -> target basis,0.25,0.25,logical_all_to_all_no_routing,passed,data/runs/w4-matched-representation-20260802/cells/cell-6c7c9bc33240d202956a/cell.log,16,2147483648,17,a716f2ca34e35d8071de07abea4bd190731a4f09dadb08388c74ce94ca2df9b7,8,6,"['cx', 'rz']",12,0,b53850a0366c25588bbbc18a1552efe82f5017017fb76ee9cb2091f77f3cd402,c15e756ea7fc5e1754acb5aebc595dd0f040f7701d0770412366ad518bf5a209,4,4,qasm_bridge,rep-6bc3f27304c31f98548a,data/runs/w4-matched-representation-20260802/representations/rep-6bc3f27304c31f98548a/representation_manifest.json,1f5cc7e3f510953132cc2a118a039bad7cab4ac4cf5d1f4e0394e7d1f38df473,False,108888064,20260812,301,1741,286,1777,225,completed,"[""cx"",""rz"",""h""]",slice-b-m16,8216,20.0,0.0,0.29380929202307016,0.204253040952608
4,4,cell-8b041bdc8fc4c7eefb99,pyzx_rewrite_identity_up_to_global_phase_v1,True,passed,tket_paulisimp,OpenQASM2 -> TKET DecomposeBoxes/AutoRebase/PauliSimp -> target basis,0.25,0.25,logical_all_to_all_no_routing,passed,data/runs/w4-matched-representation-20260802/cells/cell-8b041bdc8fc4c7eefb99/cell.log,16,2147483648,17,d149aa8a014b205de15b3eb113cdfe4030b1f2720d74c39ce196f8bc42925b9d,10,14,"['cx', 'h', 'rz']",116,34,ca0209ea4675f6264248f52d2006a2f5278a8d1c685d0ea60d932e7ebea13f36,2e8bdabe94f5daec8a912692e3d7094cc316af2df5d59eef2dafc5731d87d5a4,72,4,qasm_bridge,rep-c737009046cc7af2e7e1,data/runs/w4-matched-representation-20260802/representations/rep-c737009046cc7af2e7e1/representation_manifest.json,19572afb916452edf7e74b17d7f36cbbf6fb825caccbd09443c364abb1c86821,False,155779072,20260811,301,1741,1719,16791,1655,completed,"[""cx"",""rz"",""h""]",slice-b-m16,8216,20.0,0.0,0.5205732919275761,0.39980149990879
4,4,cell-ccae7aacc1b89dbaf4b6,pyzx_rewrite_identity_up_to_global_phase_v1,True,passed,tket_paulisimp,OpenQASM2 -> TKET DecomposeBoxes/AutoRebase/PauliSimp -> target basis,0.25,0.25,logical_all_to_all_no_routing,passed,data/runs/w4-matched-representation-20260802/cells/cell-ccae7aacc1b89dbaf4b6/cell.log,16,2147483648,17,d149aa8a014b205de15b3eb113cdfe4030b1f2720d74c39ce196f8bc42925b9d,10,14,"['cx', 'h', 'rz']",116,34,ca0209ea4675f6264248f52d2006a2f5278a8d1c685d0ea60d932e7ebea13f36,2e8bdabe94f5daec8a912692e3d7094cc316af2df5d59eef2dafc5731d87d5a4,72,4,qasm_bridge,rep-6bc3f27304c31f98548a,data/runs/w4-matched-representation-20260802/representations/rep-6bc3f27304c31f98548a/representation_manifest.json,1f5cc7e3f510953132cc2a118a039bad7cab4ac4cf5d1f4e0394e7d1f38df473,False,155697152,20260812,301,1741,1719,16791,1655,completed,"[""cx"",""rz"",""h""]",slice-b-m16,8216,20.0,0.0,0.5149388749850914,0.39722437504678965
4,4,cell-f576f9989a84df4b9a09,pyzx_rewrite_identity_up_to_global_phase_v1,True,passed,echo_passthrough,literal input circuit -> output,0.25,0.25,logical_all_to_all_no_routing,passed,data/runs/w4-matched-representation-20260802/cells/cell-f576f9989a84df4b9a09/cell.log,16,2147483648,17,775a4dfc57f1720ae5ecb230a7cac6024dd013563b99b03ed6f2350e47abcb1b,32,24,"['cx', 'rz']",48,0,6aa0ac9b02dcf014478efd168c3ab282daf68498de936cd60721bc09291e6567,d3e8533d39ff270db2bc77a0c005b642afa51a27121e3769b5abad723485e986,16,4,random_commuting_order,rep-381efb7f78f07fdf648c,data/runs/w4-matched-representation-20260802/representations/rep-381efb7f78f07fdf648c/representation_manifest.json,5a3de8b58f8b204e598d8423557cffe60f0e6a9da57f1fd5edd16f453de9065c,False,105955328,20260811,1501,7308,837,7314,771,completed,"[""cx"",""rz"",""h""]",slice-b-m16,8216,20.0,0.0,0.2894675830611959,0.1973569169640541
4,4,cell-25da63bc76d28aa7a402,pyzx_rewrite_identity_up_to_global_phase_v1,True,passed,echo_passthrough,literal input circuit -> output,0.25,0.25,logical_all_to_all_no_routing,passed,data/runs/w4-matched-representation-20260802/cells/cell-25da63bc76d28aa7a402/cell.log,16,2147483648,17,e4daf715b3f5566335351ed85347e26f53672dc4783ecc3f7da4ae0b18385cc3,32,24,"['cx', 'rz']",48,0,928db79026774bbf642edd252ec2781381387472d0c724f5413d689705fdea05,77a3e78edbaa0c31bab819b6eca3ce533ef48919f68bcfd3515b43ef6faa37f6,16,4,random_commuting_order,rep-26d73983dd00965214d0,data/runs/w4-matched-representation-20260802/representations/rep-26d73983dd00965214d0/representation_manifest.json,defa12e2078625d47adba0c367a0965bb6a300b413545ab6d871a51bb74254f2,False,105938944,20260812,1501,7308,837,7314,771,completed,"[""cx"",""rz"",""h""]",slice-b-m16,8216,20.0,0.0,0.29802874999586493,0.20014787488617003
4,4,cell-96957bad45615b67c38d,pyzx_rewrite_identity_up_to_global_phase_v1,True,passed,full_aggregation,exact input parity/phase table -> canonical CNOT-Rz,0.25,0.25,logical_all_to_all_no_routing,passed,data/runs/w4-matched-representation-20260802/cells/cell-96957bad45615b67c38d/cell.log,16,2147483648,17,c8a4752d685275c7a5c51d35588b61cd779769f926ffbfbe691848b5437e2dc3,8,6,"['cx', 'rz']",12,0,33d4e88fd00045d824cc17b8b91ef907810520ab86d0d7a3cd8a58507d62ca2a,c15e756ea7fc5e1754acb5aebc595dd0f040f7701d0770412366ad518bf5a209,4,4,random_commuting_order,rep-381efb7f78f07fdf648c,data/runs/w4-matched-representation-20260802/representations/rep-381efb7f78f07fdf648c/representation_manifest.json,5a3de8b58f8b204e598d8423557cffe60f0e6a9da57f1fd5edd16f453de9065c,False,105955328,20260811,1501,7308,291,1778,225,completed,"[""cx"",""rz"",""h""]",slice-b-m16,8216,20.0,0.0,0.27433887496590614,0.19232137501239777
4,4,cell-501c5e0df79e09172690,pyzx_rewrite_identity_up_to_global_phase_v1,True,passed,full_aggregation,exact input parity/phase table -> canonical CNOT-Rz,0.25,0.25,logical_all_to_all_no_routing,passed,data/runs/w4-matched-representation-20260802/cells/cell-501c5e0df79e09172690/cell.log,16,2147483648,17,c8a4752d685275c7a5c51d35588b61cd779769f926ffbfbe691848b5437e2dc3,8,6,"['cx', 'rz']",12,0,33d4e88fd00045d824cc17b8b91ef907810520ab86d0d7a3cd8a58507d62ca2a,c15e756ea7fc5e1754acb5aebc595dd0f040f7701d0770412366ad518bf5a209,4,4,random_commuting_order,rep-26d73983dd00965214d0,data/runs/w4-matched-representation-20260802/representations/rep-26d73983dd00965214d0/representation_manifest.json,defa12e2078625d47adba0c367a0965bb6a300b413545ab6d871a51bb74254f2,False,105906176,20260812,1501,7308,291,1778,225,completed,"[""cx"",""rz"",""h""]",slice-b-m16,8216,20.0,0.0,0.2915169589687139,0.20150858303532004
4,4,cell-278cd6eb03202474a421,pyzx_rewrite_identity_up_to_global_phase_v1,True,passed,pyzx_full_reduce,OpenQASM2 -> PyZX graph/full_reduce/extract -> target basis,0.25,0.25,logical_all_to_all_no_routing,passed,data/runs/w4-matched-representation-20260802/cells/cell-278cd6eb03202474a421/cell.log,16,2147483648,17,a745324259993faee575b5c10cd05281d9c0e294f741b06b42bad9b805d213d3,10,21,"['cx', 'h', 'rz']",56,42,9d09660b4498faa76188a92a58b36d00ece9268622a46f47c2a97a15b7994dd8,d29d5a8eeab04b63f8374bea7b515fc4f48244327a80a8d665db1b5244a22af8,4,4,random_commuting_order,rep-381efb7f78f07fdf648c,data/runs/w4-matched-representation-20260802/representations/rep-381efb7f78f07fdf648c/representation_manifest.json,5a3de8b58f8b204e598d8423557cffe60f0e6a9da57f1fd5edd16f453de9065c,False,108183552,20260811,1501,7308,665,7214,599,completed,"[""cx"",""rz"",""h""]",slice-b-m16,8216,20.0,0.0,0.3218924580141902,0.21670412493404
4,4,cell-c7eddb9ffe3db9635289,pyzx_rewrite_identity_up_to_global_phase_v1,True,passed,pyzx_full_reduce,OpenQASM2 -> PyZX graph/full_reduce/extract -> target basis,0.25,0.25,logical_all_to_all_no_routing,passed,data/runs/w4-matched-representation-20260802/cells/cell-c7eddb9ffe3db9635289/cell.log,16,2147483648,17,a745324259993faee575b5c10cd05281d9c0e294f741b06b42bad9b805d213d3,10,21,"['cx', 'h', 'rz']",56,42,9d09660b4498faa76188a92a58b36d00ece9268622a46f47c2a97a15b7994dd8,d29d5a8eeab04b63f8374bea7b515fc4f48244327a80a8d665db1b5244a22af8,4,4,random_commuting_order,rep-26d73983dd00965214d0,data/runs/w4-matched-representation-20260802/representations/rep-26d73983dd00965214d0/representation_manifest.json,defa12e2078625d47adba0c367a0965bb6a300b413545ab6d871a51bb74254f2,False,108036096,20260812,1501,7308,665,7214,599,completed,"[""cx"",""rz"",""h""]",slice-b-m16,8216,20.0,0.0,0.2985364170745015,0.20914333302062005
4,4,cell-eed9a685f5caed963944,pyzx_rewrite_identity_up_to_global_phase_v1,True,passed,qiskit_opt3,OpenQASM2 -> Qiskit preset level 3 -> target basis,0.25,0.25,logical_all_to_all_no_routing,passed,data/runs/w4-matched-representation-20260802/cells/cell-eed9a685f5caed963944/cell.log,16,2147483648,17,7608b1aa37957c2c30d77270032ddaebc1a70ee9838f882f69520deee6be3774,14,15,"['cx', 'rz']",21,0,f5091716fef8a2ea77fd90e985f216da3cd50017948360cb3394a678b32602ce,1f26665591f17a23ee937baafb68c656632559a1eb0ac8ab5ed5edc6f3f20fa4,7,4,random_commuting_order,rep-381efb7f78f07fdf648c,data/runs/w4-matched-representation-20260802/representations/rep-381efb7f78f07fdf648c/representation_manifest.json,5a3de8b58f8b204e598d8423557cffe60f0e6a9da57f1fd5edd16f453de9065c,False,108871680,20260811,1501,7308,432,3166,371,completed,"[""cx"",""rz"",""h""]",slice-b-m16,8216,20.0,0.0,0.30390545807313174,0.2057697920827195
4,4,cell-a61c28b0003fbf92e033,pyzx_rewrite_identity_up_to_global_phase_v1,True,passed,qiskit_opt3,OpenQASM2 -> Qiskit preset level 3 -> target basis,0.25,0.25,logical_all_to_all_no_routing,passed,data/runs/w4-matched-representation-20260802/cells/cell-a61c28b0003fbf92e033/cell.log,16,2147483648,17,1aa01948f795f7c7758811695dac0e419620b50c04078a08b41dab5127f139c7,16,18,"['cx', 'rz']",24,0,993ae5cb7e1eff3ad641af5382082b770ec444386d43d0a659f4c8fb1d86e0ff,61c543d5b91d2c2845a4be4fc6c5e17cfa1f9d331413e44d08edfdb0cb780cfc,8,4,random_commuting_order,rep-26d73983dd00965214d0,data/runs/w4-matched-representation-20260802/representations/rep-26d73983dd00965214d0/representation_manifest.json,defa12e2078625d47adba0c367a0965bb6a300b413545ab6d871a51bb74254f2,False,109002752,20260812,1501,7308,463,3629,402,completed,"[""cx"",""rz"",""h""]",slice-b-m16,8216,20.0,0.0,0.3011314590694383,0.20551241701468825
4,4,cell-7b62018846d086679d6b,pyzx_rewrite_identity_up_to_global_phase_v1,True,passed,tket_paulisimp,OpenQASM2 -> TKET DecomposeBoxes/AutoRebase/PauliSimp -> target basis,0.25,0.25,logical_all_to_all_no_routing,passed,data/runs/w4-matched-representation-20260802/cells/cell-7b62018846d086679d6b/cell.log,16,2147483648,17,d149aa8a014b205de15b3eb113cdfe4030b1f2720d74c39ce196f8bc42925b9d,10,14,"['cx', 'h', 'rz']",116,34,ca0209ea4675f6264248f52d2006a2f5278a8d1c685d0ea60d932e7ebea13f36,2e8bdabe94f5daec8a912692e3d7094cc316af2df5d59eef2dafc5731d87d5a4,72,4,random_commuting_order,rep-381efb7f78f07fdf648c,data/runs/w4-matched-representation-20260802/representations/rep-381efb7f78f07fdf648c/representation_manifest.json,5a3de8b58f8b204e598d8423557cffe60f0e6a9da57f1fd5edd16f453de9065c,False,155828224,20260811,1501,7308,1719,16791,1655,completed,"[""cx"",""rz"",""h""]",slice-b-m16,8216,20.0,0.0,0.5182580000255257,0.39808312500827014
4,4,cell-e9bd59a483e447603e8c,pyzx_rewrite_identity_up_to_global_phase_v1,True,passed,tket_paulisimp,OpenQASM2 -> TKET DecomposeBoxes/AutoRebase/PauliSimp -> target basis,0.25,0.25,logical_all_to_all_no_routing,passed,data/runs/w4-matched-representation-20260802/cells/cell-e9bd59a483e447603e8c/cell.log,16,2147483648,17,d149aa8a014b205de15b3eb113cdfe4030b1f2720d74c39ce196f8bc42925b9d,10,14,"['cx', 'h', 'rz']",116,34,ca0209ea4675f6264248f52d2006a2f5278a8d1c685d0ea60d932e7ebea13f36,2e8bdabe94f5daec8a912692e3d7094cc316af2df5d59eef2dafc5731d87d5a4,72,4,random_commuting_order,rep-26d73983dd00965214d0,data/runs/w4-matched-representation-20260802/representations/rep-26d73983dd00965214d0/representation_manifest.json,defa12e2078625d47adba0c367a0965bb6a300b413545ab6d871a51bb74254f2,False,155844608,20260812,1501,7308,1719,16791,1655,completed,"[""cx"",""rz"",""h""]",slice-b-m16,8216,20.0,0.0,0.5034700830001384,0.3958934999536723
4,4,cell-94672042402d8e33bc30,pyzx_rewrite_identity_up_to_global_phase_v1,True,passed,echo_passthrough,literal input circuit -> output,0.25,0.25,logical_all_to_all_no_routing,passed,data/runs/w4-matched-representation-20260802/cells/cell-94672042402d8e33bc30/cell.log,16,2147483648,17,f77c02ff386aefa4014d08670e9de6c3880b46ade9b5755982bccc648d01122a,32,24,"['cx', 'rz']",48,0,1deb608ee82ff7d2bd59f4c371e4036662510d237000eb4d5d9475e213e78a24,64fdf22c7a09634764c6a8e68369997abec2ee337227829a15d23df7561833c3,16,4,round_robin_flat,rep-2b751dba074bcb9de16d,data/runs/w4-matched-representation-20260802/representations/rep-2b751dba074bcb9de16d/representation_manifest.json,a446f741b8044b86cb0e34c72fb449ac9bad0573afd8ce55157fca0d39467a5f,False,105971712,20260811,1501,7302,837,7314,771,completed,"[""cx"",""rz"",""h""]",slice-b-m16,8216,20.0,0.0,0.2984627499245107,0.19610658299643546
4,4,cell-2e5830c1245cc25ab90f,pyzx_rewrite_identity_up_to_global_phase_v1,True,passed,echo_passthrough,literal input circuit -> output,0.25,0.25,logical_all_to_all_no_routing,passed,data/runs/w4-matched-representation-20260802/cells/cell-2e5830c1245cc25ab90f/cell.log,16,2147483648,17,f77c02ff386aefa4014d08670e9de6c3880b46ade9b5755982bccc648d01122a,32,24,"['cx', 'rz']",48,0,1deb608ee82ff7d2bd59f4c371e4036662510d237000eb4d5d9475e213e78a24,64fdf22c7a09634764c6a8e68369997abec2ee337227829a15d23df7561833c3,16,4,round_robin_flat,rep-5c23a0abad0dbaf46b04,data/runs/w4-matched-representation-20260802/representations/rep-5c23a0abad0dbaf46b04/representation_manifest.json,87a2da38adb6b04b4399afb38b45723101440179272e893b9437d333aa284b9f,False,105938944,20260812,1501,7302,837,7314,771,completed,"[""cx"",""rz"",""h""]",slice-b-m16,8216,20.0,0.0,0.29914074996486306,0.19911070901434869
4,4,cell-90255da116e9c06cb21c,pyzx_rewrite_identity_up_to_global_phase_v1,True,passed,full_aggregation,exact input parity/phase table -> canonical CNOT-Rz,0.25,0.25,logical_all_to_all_no_routing,passed,data/runs/w4-matched-representation-20260802/cells/cell-90255da116e9c06cb21c/cell.log,16,2147483648,17,c8a4752d685275c7a5c51d35588b61cd779769f926ffbfbe691848b5437e2dc3,8,6,"['cx', 'rz']",12,0,33d4e88fd00045d824cc17b8b91ef907810520ab86d0d7a3cd8a58507d62ca2a,c15e756ea7fc5e1754acb5aebc595dd0f040f7701d0770412366ad518bf5a209,4,4,round_robin_flat,rep-2b751dba074bcb9de16d,data/runs/w4-matched-representation-20260802/representations/rep-2b751dba074bcb9de16d/representation_manifest.json,a446f741b8044b86cb0e34c72fb449ac9bad0573afd8ce55157fca0d39467a5f,False,105955328,20260811,1501,7302,291,1778,225,completed,"[""cx"",""rz"",""h""]",slice-b-m16,8216,20.0,0.0,0.2778894159710035,0.19241333391983062
4,4,cell-a13458be105e3fe82de0,pyzx_rewrite_identity_up_to_global_phase_v1,True,passed,full_aggregation,exact input parity/phase table -> canonical CNOT-Rz,0.25,0.25,logical_all_to_all_no_routing,passed,data/runs/w4-matched-representation-20260802/cells/cell-a13458be105e3fe82de0/cell.log,16,2147483648,17,c8a4752d685275c7a5c51d35588b61cd779769f926ffbfbe691848b5437e2dc3,8,6,"['cx', 'rz']",12,0,33d4e88fd00045d824cc17b8b91ef907810520ab86d0d7a3cd8a58507d62ca2a,c15e756ea7fc5e1754acb5aebc595dd0f040f7701d0770412366ad518bf5a209,4,4,round_robin_flat,rep-5c23a0abad0dbaf46b04,data/runs/w4-matched-representation-20260802/representations/rep-5c23a0abad0dbaf46b04/representation_manifest.json,87a2da38adb6b04b4399afb38b45723101440179272e893b9437d333aa284b9f,False,106020864,20260812,1501,7302,291,1778,225,completed,"[""cx"",""rz"",""h""]",slice-b-m16,8216,20.0,0.0,0.27342779107857496,0.19311462494079024
4,4,cell-6d303980b34118f89e6b,pyzx_rewrite_identity_up_to_global_phase_v1,True,passed,pyzx_full_reduce,OpenQASM2 -> PyZX graph/full_reduce/extract -> target basis,0.25,0.25,logical_all_to_all_no_routing,passed,data/runs/w4-matched-representation-20260802/cells/cell-6d303980b34118f89e6b/cell.log,16,2147483648,17,a745324259993faee575b5c10cd05281d9c0e294f741b06b42bad9b805d213d3,10,21,"['cx', 'h', 'rz']",56,42,9d09660b4498faa76188a92a58b36d00ece9268622a46f47c2a97a15b7994dd8,d29d5a8eeab04b63f8374bea7b515fc4f48244327a80a8d665db1b5244a22af8,4,4,round_robin_flat,rep-2b751dba074bcb9de16d,data/runs/w4-matched-representation-20260802/representations/rep-2b751dba074bcb9de16d/representation_manifest.json,a446f741b8044b86cb0e34c72fb449ac9bad0573afd8ce55157fca0d39467a5f,False,108150784,20260811,1501,7302,665,7214,599,completed,"[""cx"",""rz"",""h""]",slice-b-m16,8216,20.0,0.0,0.2981823750305921,0.21056612499523908
4,4,cell-ec5c0e54e4d13a8e5d14,pyzx_rewrite_identity_up_to_global_phase_v1,True,passed,pyzx_full_reduce,OpenQASM2 -> PyZX graph/full_reduce/extract -> target basis,0.25,0.25,logical_all_to_all_no_routing,passed,data/runs/w4-matched-representation-20260802/cells/cell-ec5c0e54e4d13a8e5d14/cell.log,16,2147483648,17,a745324259993faee575b5c10cd05281d9c0e294f741b06b42bad9b805d213d3,10,21,"['cx', 'h', 'rz']",56,42,9d09660b4498faa76188a92a58b36d00ece9268622a46f47c2a97a15b7994dd8,d29d5a8eeab04b63f8374bea7b515fc4f48244327a80a8d665db1b5244a22af8,4,4,round_robin_flat,rep-5c23a0abad0dbaf46b04,data/runs/w4-matched-representation-20260802/representations/rep-5c23a0abad0dbaf46b04/representation_manifest.json,87a2da38adb6b04b4399afb38b45723101440179272e893b9437d333aa284b9f,False,108216320,20260812,1501,7302,665,7214,599,completed,"[""cx"",""rz"",""h""]",slice-b-m16,8216,20.0,0.0,0.30297525005880743,0.20925149996764958
4,4,cell-10f25f3e1edf47c13786,pyzx_rewrite_identity_up_to_global_phase_v1,True,passed,qiskit_opt3,OpenQASM2 -> Qiskit preset level 3 -> target basis,0.25,0.25,logical_all_to_all_no_routing,passed,data/runs/w4-matched-representation-20260802/cells/cell-10f25f3e1edf47c13786/cell.log,16,2147483648,17,0a3026f72cce8c4e5eb918a144f681fefe4e77baf4fbac60648fdb2220acefc0,20,24,"['cx', 'rz']",30,0,05c45d9b1684325cf8f68c904d61aae8700150a6ab24b8e3a6e24574cf84de3f,322cae315d1a422cf09d20b3b9387ea31cae777233e376efeff9b7a375b172f3,10,4,round_robin_flat,rep-2b751dba074bcb9de16d,data/runs/w4-matched-representation-20260802/representations/rep-2b751dba074bcb9de16d/representation_manifest.json,a446f741b8044b86cb0e34c72fb449ac9bad0573afd8ce55157fca0d39467a5f,False,108937216,20260811,1501,7302,551,4555,490,completed,"[""cx"",""rz"",""h""]",slice-b-m16,8216,20.0,0.0,0.2978424590546638,0.20684795803390443
4,4,cell-7d2724fbe29708fbcd4b,pyzx_rewrite_identity_up_to_global_phase_v1,True,passed,qiskit_opt3,OpenQASM2 -> Qiskit preset level 3 -> target basis,0.25,0.25,logical_all_to_all_no_routing,passed,data/runs/w4-matched-representation-20260802/cells/cell-7d2724fbe29708fbcd4b/cell.log,16,2147483648,17,0a3026f72cce8c4e5eb918a144f681fefe4e77baf4fbac60648fdb2220acefc0,20,24,"['cx', 'rz']",30,0,05c45d9b1684325cf8f68c904d61aae8700150a6ab24b8e3a6e24574cf84de3f,322cae315d1a422cf09d20b3b9387ea31cae777233e376efeff9b7a375b172f3,10,4,round_robin_flat,rep-5c23a0abad0dbaf46b04,data/runs/w4-matched-representation-20260802/representations/rep-5c23a0abad0dbaf46b04/representation_manifest.json,87a2da38adb6b04b4399afb38b45723101440179272e893b9437d333aa284b9f,False,108888064,20260812,1501,7302,551,4555,490,completed,"[""cx"",""rz"",""h""]",slice-b-m16,8216,20.0,0.0,0.2903917079092935,0.20600154192652553
4,4,cell-2bfbe000cf670822d84a,pyzx_rewrite_identity_up_to_global_phase_v1,True,passed,tket_paulisimp,OpenQASM2 -> TKET DecomposeBoxes/AutoRebase/PauliSimp -> target basis,0.25,0.25,logical_all_to_all_no_routing,passed,data/runs/w4-matched-representation-20260802/cells/cell-2bfbe000cf670822d84a/cell.log,16,2147483648,17,d149aa8a014b205de15b3eb113cdfe4030b1f2720d74c39ce196f8bc42925b9d,10,14,"['cx', 'h', 'rz']",116,34,ca0209ea4675f6264248f52d2006a2f5278a8d1c685d0ea60d932e7ebea13f36,2e8bdabe94f5daec8a912692e3d7094cc316af2df5d59eef2dafc5731d87d5a4,72,4,round_robin_flat,rep-2b751dba074bcb9de16d,data/runs/w4-matched-representation-20260802/representations/rep-2b751dba074bcb9de16d/representation_manifest.json,a446f741b8044b86cb0e34c72fb449ac9bad0573afd8ce55157fca0d39467a5f,False,155860992,20260811,1501,7302,1719,16791,1655,completed,"[""cx"",""rz"",""h""]",slice-b-m16,8216,20.0,0.0,0.5239765829173848,0.40136045904364437
4,4,cell-7b58994f6141d4db26bb,pyzx_rewrite_identity_up_to_global_phase_v1,True,passed,tket_paulisimp,OpenQASM2 -> TKET DecomposeBoxes/AutoRebase/PauliSimp -> target basis,0.25,0.25,logical_all_to_all_no_routing,passed,data/runs/w4-matched-representation-20260802/cells/cell-7b58994f6141d4db26bb/cell.log,16,2147483648,17,d149aa8a014b205de15b3eb113cdfe4030b1f2720d74c39ce196f8bc42925b9d,10,14,"['cx', 'h', 'rz']",116,34,ca0209ea4675f6264248f52d2006a2f5278a8d1c685d0ea60d932e7ebea13f36,2e8bdabe94f5daec8a912692e3d7094cc316af2df5d59eef2dafc5731d87d5a4,72,4,round_robin_flat,rep-5c23a0abad0dbaf46b04,data/runs/w4-matched-representation-20260802/representations/rep-5c23a0abad0dbaf46b04/representation_manifest.json,87a2da38adb6b04b4399afb38b45723101440179272e893b9437d333aa284b9f,False,155795456,20260812,1501,7302,1719,16791,1655,completed,"[""cx"",""rz"",""h""]",slice-b-m16,8216,20.0,0.0,0.5231348340166733,0.40366362500935793
4,4,cell-9b320ff5a5d8b481d318,pyzx_rewrite_identity_up_to_global_phase_v1,True,passed,echo_passthrough,literal input circuit -> output,0.25,0.25,logical_all_to_all_no_routing,passed,data/runs/w4-matched-representation-20260802/cells/cell-9b320ff5a5d8b481d318/cell.log,16,2147483648,17,6c678f86a3824b554d4515b409d9b26871ff0b3cc69e2bd2fc78d0d6e3324ba3,8,6,"['cx', 'rz']",12,0,0f414ea76035df4f541d1cb94fedffb1b95a4410a896804ea2b9c2d00bdef205,c15e756ea7fc5e1754acb5aebc595dd0f040f7701d0770412366ad518bf5a209,4,4,semantic_aggregate,rep-a1b650044d5604548441,data/runs/w4-matched-representation-20260802/representations/rep-a1b650044d5604548441/representation_manifest.json,3cc2e443ed14265a4dc9d70e3fc84752c20430f68070673a53e6b4050fd29164,False,105906176,20260811,464,1748,291,1758,225,completed,"[""cx"",""rz"",""h""]",slice-b-m16,8216,20.0,0.0,0.2737187909660861,0.19207791704684496
4,4,cell-68adcb2744bac728f319,pyzx_rewrite_identity_up_to_global_phase_v1,True,passed,echo_passthrough,literal input circuit -> output,0.25,0.25,logical_all_to_all_no_routing,passed,data/runs/w4-matched-representation-20260802/cells/cell-68adcb2744bac728f319/cell.log,16,2147483648,17,6c678f86a3824b554d4515b409d9b26871ff0b3cc69e2bd2fc78d0d6e3324ba3,8,6,"['cx', 'rz']",12,0,0f414ea76035df4f541d1cb94fedffb1b95a4410a896804ea2b9c2d00bdef205,c15e756ea7fc5e1754acb5aebc595dd0f040f7701d0770412366ad518bf5a209,4,4,semantic_aggregate,rep-f7bf6ca9daf8fa0622f6,data/runs/w4-matched-representation-20260802/representations/rep-f7bf6ca9daf8fa0622f6/representation_manifest.json,c23c3e393df8a4d480c396b136418c1c08e5f1c285526e7d38a190b137e77567,False,105922560,20260812,464,1748,291,1758,225,completed,"[""cx"",""rz"",""h""]",slice-b-m16,8216,20.0,0.0,0.298484459053725,0.19469520798884332
4,4,cell-fc3f06284d27c9cdb893,pyzx_rewrite_identity_up_to_global_phase_v1,True,passed,full_aggregation,exact input parity/phase table -> canonical CNOT-Rz,0.25,0.25,logical_all_to_all_no_routing,passed,data/runs/w4-matched-representation-20260802/cells/cell-fc3f06284d27c9cdb893/cell.log,16,2147483648,17,c8a4752d685275c7a5c51d35588b61cd779769f926ffbfbe691848b5437e2dc3,8,6,"['cx', 'rz']",12,0,33d4e88fd00045d824cc17b8b91ef907810520ab86d0d7a3cd8a58507d62ca2a,c15e756ea7fc5e1754acb5aebc595dd0f040f7701d0770412366ad518bf5a209,4,4,semantic_aggregate,rep-a1b650044d5604548441,data/runs/w4-matched-representation-20260802/representations/rep-a1b650044d5604548441/representation_manifest.json,3cc2e443ed14265a4dc9d70e3fc84752c20430f68070673a53e6b4050fd29164,False,105971712,20260811,464,1748,291,1778,225,completed,"[""cx"",""rz"",""h""]",slice-b-m16,8216,20.0,0.0,0.296903167036362,0.1927442499436438
4,4,cell-8376d43d92cf84f6dacd,pyzx_rewrite_identity_up_to_global_phase_v1,True,passed,full_aggregation,exact input parity/phase table -> canonical CNOT-Rz,0.25,0.25,logical_all_to_all_no_routing,passed,data/runs/w4-matched-representation-20260802/cells/cell-8376d43d92cf84f6dacd/cell.log,16,2147483648,17,c8a4752d685275c7a5c51d35588b61cd779769f926ffbfbe691848b5437e2dc3,8,6,"['cx', 'rz']",12,0,33d4e88fd00045d824cc17b8b91ef907810520ab86d0d7a3cd8a58507d62ca2a,c15e756ea7fc5e1754acb5aebc595dd0f040f7701d0770412366ad518bf5a209,4,4,semantic_aggregate,rep-f7bf6ca9daf8fa0622f6,data/runs/w4-matched-representation-20260802/representations/rep-f7bf6ca9daf8fa0622f6/representation_manifest.json,c23c3e393df8a4d480c396b136418c1c08e5f1c285526e7d38a190b137e77567,False,106020864,20260812,464,1748,291,1778,225,completed,"[""cx"",""rz"",""h""]",slice-b-m16,8216,20.0,0.0,0.27208158397115767,0.19209000002592802
4,4,cell-66eaeb452512f4331be7,pyzx_rewrite_identity_up_to_global_phase_v1,True,passed,pyzx_full_reduce,OpenQASM2 -> PyZX graph/full_reduce/extract -> target basis,0.25,0.25,logical_all_to_all_no_routing,passed,data/runs/w4-matched-representation-20260802/cells/cell-66eaeb452512f4331be7/cell.log,16,2147483648,17,a745324259993faee575b5c10cd05281d9c0e294f741b06b42bad9b805d213d3,10,21,"['cx', 'h', 'rz']",56,42,9d09660b4498faa76188a92a58b36d00ece9268622a46f47c2a97a15b7994dd8,d29d5a8eeab04b63f8374bea7b515fc4f48244327a80a8d665db1b5244a22af8,4,4,semantic_aggregate,rep-a1b650044d5604548441,data/runs/w4-matched-representation-20260802/representations/rep-a1b650044d5604548441/representation_manifest.json,3cc2e443ed14265a4dc9d70e3fc84752c20430f68070673a53e6b4050fd29164,False,108183552,20260811,464,1748,665,7214,599,completed,"[""cx"",""rz"",""h""]",slice-b-m16,8216,20.0,0.0,0.3012408339418471,0.20895333401858807
4,4,cell-545422de5dc2286d1bd6,pyzx_rewrite_identity_up_to_global_phase_v1,True,passed,pyzx_full_reduce,OpenQASM2 -> PyZX graph/full_reduce/extract -> target basis,0.25,0.25,logical_all_to_all_no_routing,passed,data/runs/w4-matched-representation-20260802/cells/cell-545422de5dc2286d1bd6/cell.log,16,2147483648,17,a745324259993faee575b5c10cd05281d9c0e294f741b06b42bad9b805d213d3,10,21,"['cx', 'h', 'rz']",56,42,9d09660b4498faa76188a92a58b36d00ece9268622a46f47c2a97a15b7994dd8,d29d5a8eeab04b63f8374bea7b515fc4f48244327a80a8d665db1b5244a22af8,4,4,semantic_aggregate,rep-f7bf6ca9daf8fa0622f6,data/runs/w4-matched-representation-20260802/representations/rep-f7bf6ca9daf8fa0622f6/representation_manifest.json,c23c3e393df8a4d480c396b136418c1c08e5f1c285526e7d38a190b137e77567,False,108150784,20260812,464,1748,665,7214,599,completed,"[""cx"",""rz"",""h""]",slice-b-m16,8216,20.0,0.0,0.3154447079868987,0.21129970799665898
4,4,cell-f9ecae15f31fe6dfd04d,pyzx_rewrite_identity_up_to_global_phase_v1,True,passed,qiskit_opt3,OpenQASM2 -> Qiskit preset level 3 -> target basis,0.25,0.25,logical_all_to_all_no_routing,passed,data/runs/w4-matched-representation-20260802/cells/cell-f9ecae15f31fe6dfd04d/cell.log,16,2147483648,17,a716f2ca34e35d8071de07abea4bd190731a4f09dadb08388c74ce94ca2df9b7,8,6,"['cx', 'rz']",12,0,b53850a0366c25588bbbc18a1552efe82f5017017fb76ee9cb2091f77f3cd402,c15e756ea7fc5e1754acb5aebc595dd0f040f7701d0770412366ad518bf5a209,4,4,semantic_aggregate,rep-a1b650044d5604548441,data/runs/w4-matched-representation-20260802/representations/rep-a1b650044d5604548441/representation_manifest.json,3cc2e443ed14265a4dc9d70e3fc84752c20430f68070673a53e6b4050fd29164,False,108888064,20260811,464,1748,286,1777,225,completed,"[""cx"",""rz"",""h""]",slice-b-m16,8216,20.0,0.0,0.29710316692944616,0.20549616601783782
4,4,cell-9f67194507d130d2f1bb,pyzx_rewrite_identity_up_to_global_phase_v1,True,passed,qiskit_opt3,OpenQASM2 -> Qiskit preset level 3 -> target basis,0.25,0.25,logical_all_to_all_no_routing,passed,data/runs/w4-matched-representation-20260802/cells/cell-9f67194507d130d2f1bb/cell.log,16,2147483648,17,a716f2ca34e35d8071de07abea4bd190731a4f09dadb08388c74ce94ca2df9b7,8,6,"['cx', 'rz']",12,0,b53850a0366c25588bbbc18a1552efe82f5017017fb76ee9cb2091f77f3cd402,c15e756ea7fc5e1754acb5aebc595dd0f040f7701d0770412366ad518bf5a209,4,4,semantic_aggregate,rep-f7bf6ca9daf8fa0622f6,data/runs/w4-matched-representation-20260802/representations/rep-f7bf6ca9daf8fa0622f6/representation_manifest.json,c23c3e393df8a4d480c396b136418c1c08e5f1c285526e7d38a190b137e77567,False,108822528,20260812,464,1748,286,1777,225,completed,"[""cx"",""rz"",""h""]",slice-b-m16,8216,20.0,0.0,0.29790237499400973,0.20551591704133898
4,4,cell-168e3ebe41670d6f255b,pyzx_rewrite_identity_up_to_global_phase_v1,True,passed,tket_paulisimp,OpenQASM2 -> TKET DecomposeBoxes/AutoRebase/PauliSimp -> target basis,0.25,0.25,logical_all_to_all_no_routing,passed,data/runs/w4-matched-representation-20260802/cells/cell-168e3ebe41670d6f255b/cell.log,16,2147483648,17,d149aa8a014b205de15b3eb113cdfe4030b1f2720d74c39ce196f8bc42925b9d,10,14,"['cx', 'h', 'rz']",116,34,ca0209ea4675f6264248f52d2006a2f5278a8d1c685d0ea60d932e7ebea13f36,2e8bdabe94f5daec8a912692e3d7094cc316af2df5d59eef2dafc5731d87d5a4,72,4,semantic_aggregate,rep-a1b650044d5604548441,data/runs/w4-matched-representation-20260802/representations/rep-a1b650044d5604548441/representation_manifest.json,3cc2e443ed14265a4dc9d70e3fc84752c20430f68070673a53e6b4050fd29164,False,155746304,20260811,464,1748,1719,16791,1655,completed,"[""cx"",""rz"",""h""]",slice-b-m16,8216,20.0,0.0,0.5172788330819458,0.40615441696718335
4,4,cell-df343b2406890b85e6ba,pyzx_rewrite_identity_up_to_global_phase_v1,True,passed,tket_paulisimp,OpenQASM2 -> TKET DecomposeBoxes/AutoRebase/PauliSimp -> target basis,0.25,0.25,logical_all_to_all_no_routing,passed,data/runs/w4-matched-representation-20260802/cells/cell-df343b2406890b85e6ba/cell.log,16,2147483648,17,d149aa8a014b205de15b3eb113cdfe4030b1f2720d74c39ce196f8bc42925b9d,10,14,"['cx', 'h', 'rz']",116,34,ca0209ea4675f6264248f52d2006a2f5278a8d1c685d0ea60d932e7ebea13f36,2e8bdabe94f5daec8a912692e3d7094cc316af2df5d59eef2dafc5731d87d5a4,72,4,semantic_aggregate,rep-f7bf6ca9daf8fa0622f6,data/runs/w4-matched-representation-20260802/representations/rep-f7bf6ca9daf8fa0622f6/representation_manifest.json,c23c3e393df8a4d480c396b136418c1c08e5f1c285526e7d38a190b137e77567,False,155713536,20260812,464,1748,1719,16791,1655,completed,"[""cx"",""rz"",""h""]",slice-b-m16,8216,20.0,0.0,0.521656833938323,0.39513045793864876
4,4,cell-78f45d7f2eafbb7ca0d7,pyzx_rewrite_identity_up_to_global_phase_v1,True,passed,echo_passthrough,literal input circuit -> output,0.25,0.25,logical_all_to_all_no_routing,passed,data/runs/w4-matched-representation-20260802/cells/cell-78f45d7f2eafbb7ca0d7/cell.log,16,2147483648,17,26b6f96673b6f77dce79778e1442b2f45d922ff56b45d3e5874bb7e4d61623f8,8,6,"['cx', 'rz']",12,0,a404bd3db9adf97a18ddde0f90efa02db4d1e9d46f104f3b7bcb2bd8db50c750,478c1d671f0940bc787c85f5a38c03010185100d2f8b2b9075c062e4c90165d0,4,4,tket_bridge,rep-6c187635d568f65ca2b5,data/runs/w4-matched-representation-20260802/representations/rep-6c187635d568f65ca2b5/representation_manifest.json,8772e815b09d9694563d39233e9ff1ebd8f07443709ed4f33bae81881e335ae4,False,105938944,20260811,319,1741,291,1758,225,completed,"[""cx"",""rz"",""h""]",slice-b-m16,8216,20.0,0.0,0.2730659170774743,0.19356141705065966
4,4,cell-90e44b1b3785e41bb11e,pyzx_rewrite_identity_up_to_global_phase_v1,True,passed,echo_passthrough,literal input circuit -> output,0.25,0.25,logical_all_to_all_no_routing,passed,data/runs/w4-matched-representation-20260802/cells/cell-90e44b1b3785e41bb11e/cell.log,16,2147483648,17,26b6f96673b6f77dce79778e1442b2f45d922ff56b45d3e5874bb7e4d61623f8,8,6,"['cx', 'rz']",12,0,a404bd3db9adf97a18ddde0f90efa02db4d1e9d46f104f3b7bcb2bd8db50c750,478c1d671f0940bc787c85f5a38c03010185100d2f8b2b9075c062e4c90165d0,4,4,tket_bridge,rep-262136ba1fe210caa9d7,data/runs/w4-matched-representation-20260802/representations/rep-262136ba1fe210caa9d7/representation_manifest.json,3a69f15bc6a919a175dd9b183fa03e9255476fce572a59c943f9dfa50230c3e8,False,105988096,20260812,319,1741,291,1758,225,completed,"[""cx"",""rz"",""h""]",slice-b-m16,8216,20.0,0.0,0.2959502920275554,0.1969770829891786
4,4,cell-05e5311283127143d088,pyzx_rewrite_identity_up_to_global_phase_v1,True,passed,full_aggregation,exact input parity/phase table -> canonical CNOT-Rz,0.25,0.25,logical_all_to_all_no_routing,passed,data/runs/w4-matched-representation-20260802/cells/cell-05e5311283127143d088/cell.log,16,2147483648,17,c8a4752d685275c7a5c51d35588b61cd779769f926ffbfbe691848b5437e2dc3,8,6,"['cx', 'rz']",12,0,33d4e88fd00045d824cc17b8b91ef907810520ab86d0d7a3cd8a58507d62ca2a,c15e756ea7fc5e1754acb5aebc595dd0f040f7701d0770412366ad518bf5a209,4,4,tket_bridge,rep-6c187635d568f65ca2b5,data/runs/w4-matched-representation-20260802/representations/rep-6c187635d568f65ca2b5/representation_manifest.json,8772e815b09d9694563d39233e9ff1ebd8f07443709ed4f33bae81881e335ae4,False,105971712,20260811,319,1741,291,1778,225,completed,"[""cx"",""rz"",""h""]",slice-b-m16,8216,20.0,0.0,0.2782202500384301,0.19546216703020036
4,4,cell-f3098626c08c24c29e44,pyzx_rewrite_identity_up_to_global_phase_v1,True,passed,full_aggregation,exact input parity/phase table -> canonical CNOT-Rz,0.25,0.25,logical_all_to_all_no_routing,passed,data/runs/w4-matched-representation-20260802/cells/cell-f3098626c08c24c29e44/cell.log,16,2147483648,17,c8a4752d685275c7a5c51d35588b61cd779769f926ffbfbe691848b5437e2dc3,8,6,"['cx', 'rz']",12,0,33d4e88fd00045d824cc17b8b91ef907810520ab86d0d7a3cd8a58507d62ca2a,c15e756ea7fc5e1754acb5aebc595dd0f040f7701d0770412366ad518bf5a209,4,4,tket_bridge,rep-262136ba1fe210caa9d7,data/runs/w4-matched-representation-20260802/representations/rep-262136ba1fe210caa9d7/representation_manifest.json,3a69f15bc6a919a175dd9b183fa03e9255476fce572a59c943f9dfa50230c3e8,False,105971712,20260812,319,1741,291,1778,225,completed,"[""cx"",""rz"",""h""]",slice-b-m16,8216,20.0,0.0,0.27408374997321516,0.1934100000653416
4,4,cell-a109734fbaa791b746e1,pyzx_rewrite_identity_up_to_global_phase_v1,True,passed,pyzx_full_reduce,OpenQASM2 -> PyZX graph/full_reduce/extract -> target basis,0.25,0.25,logical_all_to_all_no_routing,passed,data/runs/w4-matched-representation-20260802/cells/cell-a109734fbaa791b746e1/cell.log,16,2147483648,17,a745324259993faee575b5c10cd05281d9c0e294f741b06b42bad9b805d213d3,10,21,"['cx', 'h', 'rz']",56,42,9d09660b4498faa76188a92a58b36d00ece9268622a46f47c2a97a15b7994dd8,d29d5a8eeab04b63f8374bea7b515fc4f48244327a80a8d665db1b5244a22af8,4,4,tket_bridge,rep-6c187635d568f65ca2b5,data/runs/w4-matched-representation-20260802/representations/rep-6c187635d568f65ca2b5/representation_manifest.json,8772e815b09d9694563d39233e9ff1ebd8f07443709ed4f33bae81881e335ae4,False,108167168,20260811,319,1741,665,7214,599,completed,"[""cx"",""rz"",""h""]",slice-b-m16,8216,20.0,0.0,0.2989652908872813,0.21044812502805144
4,4,cell-778eed5942c3903a5186,pyzx_rewrite_identity_up_to_global_phase_v1,True,passed,pyzx_full_reduce,OpenQASM2 -> PyZX graph/full_reduce/extract -> target basis,0.25,0.25,logical_all_to_all_no_routing,passed,data/runs/w4-matched-representation-20260802/cells/cell-778eed5942c3903a5186/cell.log,16,2147483648,17,a745324259993faee575b5c10cd05281d9c0e294f741b06b42bad9b805d213d3,10,21,"['cx', 'h', 'rz']",56,42,9d09660b4498faa76188a92a58b36d00ece9268622a46f47c2a97a15b7994dd8,d29d5a8eeab04b63f8374bea7b515fc4f48244327a80a8d665db1b5244a22af8,4,4,tket_bridge,rep-262136ba1fe210caa9d7,data/runs/w4-matched-representation-20260802/representations/rep-262136ba1fe210caa9d7/representation_manifest.json,3a69f15bc6a919a175dd9b183fa03e9255476fce572a59c943f9dfa50230c3e8,False,108118016,20260812,319,1741,665,7214,599,completed,"[""cx"",""rz"",""h""]",slice-b-m16,8216,20.0,0.0,0.289708458003588,0.20857745897956192
4,4,cell-51c4f2b1f604e3dc52df,pyzx_rewrite_identity_up_to_global_phase_v1,True,passed,qiskit_opt3,OpenQASM2 -> Qiskit preset level 3 -> target basis,0.25,0.25,logical_all_to_all_no_routing,passed,data/runs/w4-matched-representation-20260802/cells/cell-51c4f2b1f604e3dc52df/cell.log,16,2147483648,17,a716f2ca34e35d8071de07abea4bd190731a4f09dadb08388c74ce94ca2df9b7,8,6,"['cx', 'rz']",12,0,b53850a0366c25588bbbc18a1552efe82f5017017fb76ee9cb2091f77f3cd402,c15e756ea7fc5e1754acb5aebc595dd0f040f7701d0770412366ad518bf5a209,4,4,tket_bridge,rep-6c187635d568f65ca2b5,data/runs/w4-matched-representation-20260802/representations/rep-6c187635d568f65ca2b5/representation_manifest.json,8772e815b09d9694563d39233e9ff1ebd8f07443709ed4f33bae81881e335ae4,False,108937216,20260811,319,1741,286,1777,225,completed,"[""cx"",""rz"",""h""]",slice-b-m16,8216,20.0,0.0,0.29761912499088794,0.20488724997267127
4,4,cell-1771042648672be7df11,pyzx_rewrite_identity_up_to_global_phase_v1,True,passed,qiskit_opt3,OpenQASM2 -> Qiskit preset level 3 -> target basis,0.25,0.25,logical_all_to_all_no_routing,passed,data/runs/w4-matched-representation-20260802/cells/cell-1771042648672be7df11/cell.log,16,2147483648,17,a716f2ca34e35d8071de07abea4bd190731a4f09dadb08388c74ce94ca2df9b7,8,6,"['cx', 'rz']",12,0,b53850a0366c25588bbbc18a1552efe82f5017017fb76ee9cb2091f77f3cd402,c15e756ea7fc5e1754acb5aebc595dd0f040f7701d0770412366ad518bf5a209,4,4,tket_bridge,rep-262136ba1fe210caa9d7,data/runs/w4-matched-representation-20260802/representations/rep-262136ba1fe210caa9d7/representation_manifest.json,3a69f15bc6a919a175dd9b183fa03e9255476fce572a59c943f9dfa50230c3e8,False,108888064,20260812,319,1741,286,1777,225,completed,"[""cx"",""rz"",""h""]",slice-b-m16,8216,20.0,0.0,0.29921670793555677,0.2051848340779543
4,4,cell-91410447eb1f2cb96cdd,pyzx_rewrite_identity_up_to_global_phase_v1,True,passed,tket_paulisimp,OpenQASM2 -> TKET DecomposeBoxes/AutoRebase/PauliSimp -> target basis,0.25,0.25,logical_all_to_all_no_routing,passed,data/runs/w4-matched-representation-20260802/cells/cell-91410447eb1f2cb96cdd/cell.log,16,2147483648,17,d149aa8a014b205de15b3eb113cdfe4030b1f2720d74c39ce196f8bc42925b9d,10,14,"['cx', 'h', 'rz']",116,34,ca0209ea4675f6264248f52d2006a2f5278a8d1c685d0ea60d932e7ebea13f36,2e8bdabe94f5daec8a912692e3d7094cc316af2df5d59eef2dafc5731d87d5a4,72,4,tket_bridge,rep-6c187635d568f65ca2b5,data/runs/w4-matched-representation-20260802/representations/rep-6c187635d568f65ca2b5/representation_manifest.json,8772e815b09d9694563d39233e9ff1ebd8f07443709ed4f33bae81881e335ae4,False,155762688,20260811,319,1741,1719,16791,1655,completed,"[""cx"",""rz"",""h""]",slice-b-m16,8216,20.0,0.0,0.5318185409996659,0.4021065419074148
4,4,cell-e67f4cded5a5ff3a0ab8,pyzx_rewrite_identity_up_to_global_phase_v1,True,passed,tket_paulisimp,OpenQASM2 -> TKET DecomposeBoxes/AutoRebase/PauliSimp -> target basis,0.25,0.25,logical_all_to_all_no_routing,passed,data/runs/w4-matched-representation-20260802/cells/cell-e67f4cded5a5ff3a0ab8/cell.log,16,2147483648,17,d149aa8a014b205de15b3eb113cdfe4030b1f2720d74c39ce196f8bc42925b9d,10,14,"['cx', 'h', 'rz']",116,34,ca0209ea4675f6264248f52d2006a2f5278a8d1c685d0ea60d932e7ebea13f36,2e8bdabe94f5daec8a912692e3d7094cc316af2df5d59eef2dafc5731d87d5a4,72,4,tket_bridge,rep-262136ba1fe210caa9d7,data/runs/w4-matched-representation-20260802/representations/rep-262136ba1fe210caa9d7/representation_manifest.json,3a69f15bc6a919a175dd9b183fa03e9255476fce572a59c943f9dfa50230c3e8,False,155713536,20260812,319,1741,1719,16791,1655,completed,"[""cx"",""rz"",""h""]",slice-b-m16,8216,20.0,0.0,0.523586375056766,0.4006492500193417
4,4,cell-6acfac7eff2dcec1d8d0,pyzx_rewrite_identity_up_to_global_phase_v1,True,passed,echo_passthrough,literal input circuit -> output,0.25,0.25,logical_all_to_all_no_routing,passed,data/runs/w4-matched-representation-20260802/cells/cell-6acfac7eff2dcec1d8d0/cell.log,16,2147483648,17,6c678f86a3824b554d4515b409d9b26871ff0b3cc69e2bd2fc78d0d6e3324ba3,8,6,"['cx', 'rz']",12,0,0f414ea76035df4f541d1cb94fedffb1b95a4410a896804ea2b9c2d00bdef205,c15e756ea7fc5e1754acb5aebc595dd0f040f7701d0770412366ad518bf5a209,4,4,zx_bridge,rep-ad1d48a9d7e0584ab005,data/runs/w4-matched-representation-20260802/representations/rep-ad1d48a9d7e0584ab005/representation_manifest.json,e36a630719de3a181c3ad2ba99e01763856b0ffbe000d3b8b096bae8fc879af7,False,106020864,20260811,332,1739,291,1758,225,completed,"[""cx"",""rz"",""h""]",slice-b-m16,8216,20.0,0.0,0.2977646669605747,0.19283675006590784
4,4,cell-16e4f8197c6b03e4a474,pyzx_rewrite_identity_up_to_global_phase_v1,True,passed,echo_passthrough,literal input circuit -> output,0.25,0.25,logical_all_to_all_no_routing,passed,data/runs/w4-matched-representation-20260802/cells/cell-16e4f8197c6b03e4a474/cell.log,16,2147483648,17,6c678f86a3824b554d4515b409d9b26871ff0b3cc69e2bd2fc78d0d6e3324ba3,8,6,"['cx', 'rz']",12,0,0f414ea76035df4f541d1cb94fedffb1b95a4410a896804ea2b9c2d00bdef205,c15e756ea7fc5e1754acb5aebc595dd0f040f7701d0770412366ad518bf5a209,4,4,zx_bridge,rep-1bf96275a915c05d32f2,data/runs/w4-matched-representation-20260802/representations/rep-1bf96275a915c05d32f2/representation_manifest.json,2bfed4c6d47b59bf90b9c14558c182f5ca05e99cc2b2f258a96d7bfb5ba04204,False,105857024,20260812,332,1739,291,1758,225,completed,"[""cx"",""rz"",""h""]",slice-b-m16,8216,20.0,0.0,0.2744578750571236,0.19516066706273705
4,4,cell-9dfeda996679895a24f7,pyzx_rewrite_identity_up_to_global_phase_v1,True,passed,full_aggregation,exact input parity/phase table -> canonical CNOT-Rz,0.25,0.25,logical_all_to_all_no_routing,passed,data/runs/w4-matched-representation-20260802/cells/cell-9dfeda996679895a24f7/cell.log,16,2147483648,17,c8a4752d685275c7a5c51d35588b61cd779769f926ffbfbe691848b5437e2dc3,8,6,"['cx', 'rz']",12,0,33d4e88fd00045d824cc17b8b91ef907810520ab86d0d7a3cd8a58507d62ca2a,c15e756ea7fc5e1754acb5aebc595dd0f040f7701d0770412366ad518bf5a209,4,4,zx_bridge,rep-ad1d48a9d7e0584ab005,data/runs/w4-matched-representation-20260802/representations/rep-ad1d48a9d7e0584ab005/representation_manifest.json,e36a630719de3a181c3ad2ba99e01763856b0ffbe000d3b8b096bae8fc879af7,False,105971712,20260811,332,1739,291,1778,225,completed,"[""cx"",""rz"",""h""]",slice-b-m16,8216,20.0,0.0,0.2729304579552263,0.19261649996042252
4,4,cell-bde54a8ca8775acf4bc2,pyzx_rewrite_identity_up_to_global_phase_v1,True,passed,full_aggregation,exact input parity/phase table -> canonical CNOT-Rz,0.25,0.25,logical_all_to_all_no_routing,passed,data/runs/w4-matched-representation-20260802/cells/cell-bde54a8ca8775acf4bc2/cell.log,16,2147483648,17,c8a4752d685275c7a5c51d35588b61cd779769f926ffbfbe691848b5437e2dc3,8,6,"['cx', 'rz']",12,0,33d4e88fd00045d824cc17b8b91ef907810520ab86d0d7a3cd8a58507d62ca2a,c15e756ea7fc5e1754acb5aebc595dd0f040f7701d0770412366ad518bf5a209,4,4,zx_bridge,rep-1bf96275a915c05d32f2,data/runs/w4-matched-representation-20260802/representations/rep-1bf96275a915c05d32f2/representation_manifest.json,2bfed4c6d47b59bf90b9c14558c182f5ca05e99cc2b2f258a96d7bfb5ba04204,False,105906176,20260812,332,1739,291,1778,225,completed,"[""cx"",""rz"",""h""]",slice-b-m16,8216,20.0,0.0,0.2734470840077847,0.19376724993344396
4,4,cell-5cf705ab8b8bec56cfbd,pyzx_rewrite_identity_up_to_global_phase_v1,True,passed,pyzx_full_reduce,OpenQASM2 -> PyZX graph/full_reduce/extract -> target basis,0.25,0.25,logical_all_to_all_no_routing,passed,data/runs/w4-matched-representation-20260802/cells/cell-5cf705ab8b8bec56cfbd/cell.log,16,2147483648,17,a745324259993faee575b5c10cd05281d9c0e294f741b06b42bad9b805d213d3,10,21,"['cx', 'h', 'rz']",56,42,9d09660b4498faa76188a92a58b36d00ece9268622a46f47c2a97a15b7994dd8,d29d5a8eeab04b63f8374bea7b515fc4f48244327a80a8d665db1b5244a22af8,4,4,zx_bridge,rep-ad1d48a9d7e0584ab005,data/runs/w4-matched-representation-20260802/representations/rep-ad1d48a9d7e0584ab005/representation_manifest.json,e36a630719de3a181c3ad2ba99e01763856b0ffbe000d3b8b096bae8fc879af7,False,108232704,20260811,332,1739,665,7214,599,completed,"[""cx"",""rz"",""h""]",slice-b-m16,8216,20.0,0.0,0.2946836659684777,0.20927500003017485
4,4,cell-80a392a23f27f67133ec,pyzx_rewrite_identity_up_to_global_phase_v1,True,passed,pyzx_full_reduce,OpenQASM2 -> PyZX graph/full_reduce/extract -> target basis,0.25,0.25,logical_all_to_all_no_routing,passed,data/runs/w4-matched-representation-20260802/cells/cell-80a392a23f27f67133ec/cell.log,16,2147483648,17,a745324259993faee575b5c10cd05281d9c0e294f741b06b42bad9b805d213d3,10,21,"['cx', 'h', 'rz']",56,42,9d09660b4498faa76188a92a58b36d00ece9268622a46f47c2a97a15b7994dd8,d29d5a8eeab04b63f8374bea7b515fc4f48244327a80a8d665db1b5244a22af8,4,4,zx_bridge,rep-1bf96275a915c05d32f2,data/runs/w4-matched-representation-20260802/representations/rep-1bf96275a915c05d32f2/representation_manifest.json,2bfed4c6d47b59bf90b9c14558c182f5ca05e99cc2b2f258a96d7bfb5ba04204,False,108167168,20260812,332,1739,665,7214,599,completed,"[""cx"",""rz"",""h""]",slice-b-m16,8216,20.0,0.0,0.29370995808858424,0.2082653749966994
4,4,cell-bd049201840c33de5adb,pyzx_rewrite_identity_up_to_global_phase_v1,True,passed,qiskit_opt3,OpenQASM2 -> Qiskit preset level 3 -> target basis,0.25,0.25,logical_all_to_all_no_routing,passed,data/runs/w4-matched-representation-20260802/cells/cell-bd049201840c33de5adb/cell.log,16,2147483648,17,a716f2ca34e35d8071de07abea4bd190731a4f09dadb08388c74ce94ca2df9b7,8,6,"['cx', 'rz']",12,0,b53850a0366c25588bbbc18a1552efe82f5017017fb76ee9cb2091f77f3cd402,c15e756ea7fc5e1754acb5aebc595dd0f040f7701d0770412366ad518bf5a209,4,4,zx_bridge,rep-ad1d48a9d7e0584ab005,data/runs/w4-matched-representation-20260802/representations/rep-ad1d48a9d7e0584ab005/representation_manifest.json,e36a630719de3a181c3ad2ba99e01763856b0ffbe000d3b8b096bae8fc879af7,False,108855296,20260811,332,1739,286,1777,225,completed,"[""cx"",""rz"",""h""]",slice-b-m16,8216,20.0,0.0,0.29803733399603516,0.20525333401747048
4,4,cell-c3bdf8c35fd549345916,pyzx_rewrite_identity_up_to_global_phase_v1,True,passed,qiskit_opt3,OpenQASM2 -> Qiskit preset level 3 -> target basis,0.25,0.25,logical_all_to_all_no_routing,passed,data/runs/w4-matched-representation-20260802/cells/cell-c3bdf8c35fd549345916/cell.log,16,2147483648,17,a716f2ca34e35d8071de07abea4bd190731a4f09dadb08388c74ce94ca2df9b7,8,6,"['cx', 'rz']",12,0,b53850a0366c25588bbbc18a1552efe82f5017017fb76ee9cb2091f77f3cd402,c15e756ea7fc5e1754acb5aebc595dd0f040f7701d0770412366ad518bf5a209,4,4,zx_bridge,rep-1bf96275a915c05d32f2,data/runs/w4-matched-representation-20260802/representations/rep-1bf96275a915c05d32f2/representation_manifest.json,2bfed4c6d47b59bf90b9c14558c182f5ca05e99cc2b2f258a96d7bfb5ba04204,False,108789760,20260812,332,1739,286,1777,225,completed,"[""cx"",""rz"",""h""]",slice-b-m16,8216,20.0,0.0,0.30093504197429866,0.2053308750037104
4,4,cell-1c264382861352317f48,pyzx_rewrite_identity_up_to_global_phase_v1,True,passed,tket_paulisimp,OpenQASM2 -> TKET DecomposeBoxes/AutoRebase/PauliSimp -> target basis,0.25,0.25,logical_all_to_all_no_routing,passed,data/runs/w4-matched-representation-20260802/cells/cell-1c264382861352317f48/cell.log,16,2147483648,17,d149aa8a014b205de15b3eb113cdfe4030b1f2720d74c39ce196f8bc42925b9d,10,14,"['cx', 'h', 'rz']",116,34,ca0209ea4675f6264248f52d2006a2f5278a8d1c685d0ea60d932e7ebea13f36,2e8bdabe94f5daec8a912692e3d7094cc316af2df5d59eef2dafc5731d87d5a4,72,4,zx_bridge,rep-ad1d48a9d7e0584ab005,data/runs/w4-matched-representation-20260802/representations/rep-ad1d48a9d7e0584ab005/representation_manifest.json,e36a630719de3a181c3ad2ba99e01763856b0ffbe000d3b8b096bae8fc879af7,False,155664384,20260811,332,1739,1719,16791,1655,completed,"[""cx"",""rz"",""h""]",slice-b-m16,8216,20.0,0.0,0.5225835419259965,0.4020042499760166
4,4,cell-f73226dfba04ee067080,pyzx_rewrite_identity_up_to_global_phase_v1,True,passed,tket_paulisimp,OpenQASM2 -> TKET DecomposeBoxes/AutoRebase/PauliSimp -> target basis,0.25,0.25,logical_all_to_all_no_routing,passed,data/runs/w4-matched-representation-20260802/cells/cell-f73226dfba04ee067080/cell.log,16,2147483648,17,d149aa8a014b205de15b3eb113cdfe4030b1f2720d74c39ce196f8bc42925b9d,10,14,"['cx', 'h', 'rz']",116,34,ca0209ea4675f6264248f52d2006a2f5278a8d1c685d0ea60d932e7ebea13f36,2e8bdabe94f5daec8a912692e3d7094cc316af2df5d59eef2dafc5731d87d5a4,72,4,zx_bridge,rep-1bf96275a915c05d32f2,data/runs/w4-matched-representation-20260802/representations/rep-1bf96275a915c05d32f2/representation_manifest.json,2bfed4c6d47b59bf90b9c14558c182f5ca05e99cc2b2f258a96d7bfb5ba04204,False,155648000,20260812,332,1739,1719,16791,1655,completed,"[""cx"",""rz"",""h""]",slice-b-m16,8216,20.0,0.0,0.5194054590538144,0.3971335421083495
4,8,cell-2c1f44aeac6b9ee902f9,pyzx_rewrite_identity_up_to_global_phase_v1,True,passed,echo_passthrough,literal input circuit -> output,0.25,0.25,logical_all_to_all_no_routing,passed,data/runs/w4-matched-representation-20260802/cells/cell-2c1f44aeac6b9ee902f9/cell.log,32,2147483648,33,c5869d6a675b828b8f4e1941789d63a29161ed15bce85ecc9681fb0a36155649,64,24,"['cx', 'rz']",96,0,1db89da03ec2584c21613a87f7787865220495d902abd50df92e7e51e2d6e03f,bbf2e4b4536c44ce817382a0c00d0ebc948405af2941488b92dd54c097e8740b,32,4,contiguous_flat,rep-38c9a4588225b8ea8d81,data/runs/w4-matched-representation-20260802/representations/rep-38c9a4588225b8ea8d81/representation_manifest.json,039fe82feff11033a07751606b9aa3ea4e1960aa0c73db74a6f41ce961685225,False,106119168,20260811,2909,14494,1753,14507,1687,completed,"[""cx"",""rz"",""h""]",slice-b-m32,8232,20.0,0.0,0.3029391249874607,0.20009454200044274
4,8,cell-4ffc700c5769f3aec9e0,pyzx_rewrite_identity_up_to_global_phase_v1,True,passed,echo_passthrough,literal input circuit -> output,0.25,0.25,logical_all_to_all_no_routing,passed,data/runs/w4-matched-representation-20260802/cells/cell-4ffc700c5769f3aec9e0/cell.log,32,2147483648,33,c5869d6a675b828b8f4e1941789d63a29161ed15bce85ecc9681fb0a36155649,64,24,"['cx', 'rz']",96,0,1db89da03ec2584c21613a87f7787865220495d902abd50df92e7e51e2d6e03f,bbf2e4b4536c44ce817382a0c00d0ebc948405af2941488b92dd54c097e8740b,32,4,contiguous_flat,rep-4d39263f40a1f5764a31,data/runs/w4-matched-representation-20260802/representations/rep-4d39263f40a1f5764a31/representation_manifest.json,50762c179dcc896c9ecc1863c8e3cb63b3252d3cb6dd67a4b513a1607a1493d1,False,105988096,20260812,2909,14494,1753,14507,1687,completed,"[""cx"",""rz"",""h""]",slice-b-m32,8232,20.0,0.0,0.29802441608626395,0.20231320802122355
4,8,cell-2ed604f94c4ec4bbba17,pyzx_rewrite_identity_up_to_global_phase_v1,True,passed,full_aggregation,exact input parity/phase table -> canonical CNOT-Rz,0.25,0.25,logical_all_to_all_no_routing,passed,data/runs/w4-matched-representation-20260802/cells/cell-2ed604f94c4ec4bbba17/cell.log,32,2147483648,33,066046f69cfa888212e5273438e91ebeca8218772a8d8b23798ff64ddb0f8a34,16,6,"['cx', 'rz']",24,0,8d01ca6ab77143552d0692a561ff8b4229540c0632bc5687d80d242ce79840e1,b57579d4868b587ccae5d3b08e219ab56f9f4c2806afdfbed1d623fc96ab7c15,8,4,contiguous_flat,rep-38c9a4588225b8ea8d81,data/runs/w4-matched-representation-20260802/representations/rep-38c9a4588225b8ea8d81/representation_manifest.json,039fe82feff11033a07751606b9aa3ea4e1960aa0c73db74a6f41ce961685225,False,105955328,20260811,2909,14494,496,3414,430,completed,"[""cx"",""rz"",""h""]",slice-b-m32,8232,20.0,0.0,0.29075416701380163,0.19586412492208183
4,8,cell-a35b1d2f2d57c4eeeeaa,pyzx_rewrite_identity_up_to_global_phase_v1,True,passed,full_aggregation,exact input parity/phase table -> canonical CNOT-Rz,0.25,0.25,logical_all_to_all_no_routing,passed,data/runs/w4-matched-representation-20260802/cells/cell-a35b1d2f2d57c4eeeeaa/cell.log,32,2147483648,33,066046f69cfa888212e5273438e91ebeca8218772a8d8b23798ff64ddb0f8a34,16,6,"['cx', 'rz']",24,0,8d01ca6ab77143552d0692a561ff8b4229540c0632bc5687d80d242ce79840e1,b57579d4868b587ccae5d3b08e219ab56f9f4c2806afdfbed1d623fc96ab7c15,8,4,contiguous_flat,rep-4d39263f40a1f5764a31,data/runs/w4-matched-representation-20260802/representations/rep-4d39263f40a1f5764a31/representation_manifest.json,50762c179dcc896c9ecc1863c8e3cb63b3252d3cb6dd67a4b513a1607a1493d1,False,106070016,20260812,2909,14494,496,3414,430,completed,"[""cx"",""rz"",""h""]",slice-b-m32,8232,20.0,0.0,0.2980961250141263,0.19625479099340737
4,8,cell-57ff892ac0314a9a8dd6,pyzx_rewrite_identity_up_to_global_phase_v1,True,passed,pyzx_full_reduce,OpenQASM2 -> PyZX graph/full_reduce/extract -> target basis,0.25,0.25,logical_all_to_all_no_routing,passed,data/runs/w4-matched-representation-20260802/cells/cell-57ff892ac0314a9a8dd6/cell.log,32,2147483648,33,416bb88072ef548dba35f49d5954d7f852f2884c6707f42bcedcdb43f9ebb72d,18,21,"['cx', 'h', 'rz']",108,82,542331069d0d04e6e774c2c8bdb6d550696576ef1b57d9624ded40fa06b4a368,35c6cfa84ff598791df25e8c181deca0bd3c4a66eee3a4de06a5094863760197,8,4,contiguous_flat,rep-38c9a4588225b8ea8d81,data/runs/w4-matched-representation-20260802/representations/rep-38c9a4588225b8ea8d81/representation_manifest.json,039fe82feff11033a07751606b9aa3ea4e1960aa0c73db74a6f41ce961685225,False,108265472,20260811,2909,14494,1246,13730,1180,completed,"[""cx"",""rz"",""h""]",slice-b-m32,8232,20.0,0.0,0.3121090830536559,0.21857095800805837
4,8,cell-4fcc2dc54eb9f1994248,pyzx_rewrite_identity_up_to_global_phase_v1,True,passed,pyzx_full_reduce,OpenQASM2 -> PyZX graph/full_reduce/extract -> target basis,0.25,0.25,logical_all_to_all_no_routing,passed,data/runs/w4-matched-representation-20260802/cells/cell-4fcc2dc54eb9f1994248/cell.log,32,2147483648,33,416bb88072ef548dba35f49d5954d7f852f2884c6707f42bcedcdb43f9ebb72d,18,21,"['cx', 'h', 'rz']",108,82,542331069d0d04e6e774c2c8bdb6d550696576ef1b57d9624ded40fa06b4a368,35c6cfa84ff598791df25e8c181deca0bd3c4a66eee3a4de06a5094863760197,8,4,contiguous_flat,rep-4d39263f40a1f5764a31,data/runs/w4-matched-representation-20260802/representations/rep-4d39263f40a1f5764a31/representation_manifest.json,50762c179dcc896c9ecc1863c8e3cb63b3252d3cb6dd67a4b513a1607a1493d1,False,108511232,20260812,2909,14494,1246,13730,1180,completed,"[""cx"",""rz"",""h""]",slice-b-m32,8232,20.0,0.0,0.3177194999298081,0.21721616701688617
4,8,cell-ec747eb0c7ffe97cce55,pyzx_rewrite_identity_up_to_global_phase_v1,True,passed,qiskit_opt3,OpenQASM2 -> Qiskit preset level 3 -> target basis,0.25,0.25,logical_all_to_all_no_routing,passed,data/runs/w4-matched-representation-20260802/cells/cell-ec747eb0c7ffe97cce55/cell.log,32,2147483648,33,de14febd08175d7e62963c4c32e8098cb582a03893e9b6cccd1d5c0ce427dfbd,16,6,"['cx', 'rz']",24,0,ab452bceae961f1afef635e1d7750702dbf25355732636ae38a9df8747d3556f,b57579d4868b587ccae5d3b08e219ab56f9f4c2806afdfbed1d623fc96ab7c15,8,4,contiguous_flat,rep-38c9a4588225b8ea8d81,data/runs/w4-matched-representation-20260802/representations/rep-38c9a4588225b8ea8d81/representation_manifest.json,039fe82feff11033a07751606b9aa3ea4e1960aa0c73db74a6f41ce961685225,False,108937216,20260811,2909,14494,491,3413,430,completed,"[""cx"",""rz"",""h""]",slice-b-m32,8232,20.0,0.0,0.29752424999605864,0.20656183292157948
4,8,cell-63642ace4c9b3d8efeab,pyzx_rewrite_identity_up_to_global_phase_v1,True,passed,qiskit_opt3,OpenQASM2 -> Qiskit preset level 3 -> target basis,0.25,0.25,logical_all_to_all_no_routing,passed,data/runs/w4-matched-representation-20260802/cells/cell-63642ace4c9b3d8efeab/cell.log,32,2147483648,33,de14febd08175d7e62963c4c32e8098cb582a03893e9b6cccd1d5c0ce427dfbd,16,6,"['cx', 'rz']",24,0,ab452bceae961f1afef635e1d7750702dbf25355732636ae38a9df8747d3556f,b57579d4868b587ccae5d3b08e219ab56f9f4c2806afdfbed1d623fc96ab7c15,8,4,contiguous_flat,rep-4d39263f40a1f5764a31,data/runs/w4-matched-representation-20260802/representations/rep-4d39263f40a1f5764a31/representation_manifest.json,50762c179dcc896c9ecc1863c8e3cb63b3252d3cb6dd67a4b513a1607a1493d1,False,109133824,20260812,2909,14494,491,3413,430,completed,"[""cx"",""rz"",""h""]",slice-b-m32,8232,20.0,0.0,0.299747750046663,0.2063049590215087
4,8,cell-3a547a58e915c2db2bbe,pyzx_rewrite_identity_up_to_global_phase_v1,True,passed,tket_paulisimp,OpenQASM2 -> TKET DecomposeBoxes/AutoRebase/PauliSimp -> target basis,0.25,0.25,logical_all_to_all_no_routing,passed,data/runs/w4-matched-representation-20260802/cells/cell-3a547a58e915c2db2bbe/cell.log,32,2147483648,33,1066f10093e7cb52915194d4ae3745e40e768dbcbdde17102eade733c2b09d97,18,14,"['cx', 'h', 'rz']",224,66,4192d2ec78287e04252eb6eb447bfbc1bf61143d612eee2cc18464f840c15150,6698274c47160c89073540a0351c44ba8e174ccdf38b949685e9330cd82eb8b8,140,4,contiguous_flat,rep-38c9a4588225b8ea8d81,data/runs/w4-matched-representation-20260802/representations/rep-38c9a4588225b8ea8d81/representation_manifest.json,039fe82feff11033a07751606b9aa3ea4e1960aa0c73db74a6f41ce961685225,False,156745728,20260811,2909,14494,3304,32564,3240,completed,"[""cx"",""rz"",""h""]",slice-b-m32,8232,20.0,0.0,0.5253090830519795,0.4088556250790134
4,8,cell-de85338d141fc4216345,pyzx_rewrite_identity_up_to_global_phase_v1,True,passed,tket_paulisimp,OpenQASM2 -> TKET DecomposeBoxes/AutoRebase/PauliSimp -> target basis,0.25,0.25,logical_all_to_all_no_routing,passed,data/runs/w4-matched-representation-20260802/cells/cell-de85338d141fc4216345/cell.log,32,2147483648,33,1066f10093e7cb52915194d4ae3745e40e768dbcbdde17102eade733c2b09d97,18,14,"['cx', 'h', 'rz']",224,66,4192d2ec78287e04252eb6eb447bfbc1bf61143d612eee2cc18464f840c15150,6698274c47160c89073540a0351c44ba8e174ccdf38b949685e9330cd82eb8b8,140,4,contiguous_flat,rep-4d39263f40a1f5764a31,data/runs/w4-matched-representation-20260802/representations/rep-4d39263f40a1f5764a31/representation_manifest.json,50762c179dcc896c9ecc1863c8e3cb63b3252d3cb6dd67a4b513a1607a1493d1,False,156516352,20260812,2909,14494,3304,32564,3240,completed,"[""cx"",""rz"",""h""]",slice-b-m32,8232,20.0,0.0,0.5285785839660093,0.40519841702189296
4,8,cell-4252138321ce1565fa46,pyzx_rewrite_identity_up_to_global_phase_v1,True,passed,echo_passthrough,literal input circuit -> output,0.25,0.25,logical_all_to_all_no_routing,passed,data/runs/w4-matched-representation-20260802/cells/cell-4252138321ce1565fa46/cell.log,32,2147483648,33,cde254422d3d93083de33907459f2a923044cd2100064e20150a60c95db854de,32,12,"['cx', 'rz']",48,0,412b3171645f1443bcdfe8b019dc4bf0a8bc5852b6fbac62b23ba7619a19e6d9,c185c63519f9be108a5f28a999bf4e3f6212343d8073f9a4cbff5c9fbd1fa50c,16,4,locally_folded_flat,rep-93f2ba5aa8d1db918dfb,data/runs/w4-matched-representation-20260802/representations/rep-93f2ba5aa8d1db918dfb/representation_manifest.json,271f4eff73b157a6661b765429a7235a9a0e317f4526256b99f7219f75681931,False,106086400,20260811,1501,7089,929,7098,863,completed,"[""cx"",""rz"",""h""]",slice-b-m32,8232,20.0,0.0,0.29360125004313886,0.19741216697730124
4,8,cell-a625b238a71434fc67d6,pyzx_rewrite_identity_up_to_global_phase_v1,True,passed,echo_passthrough,literal input circuit -> output,0.25,0.25,logical_all_to_all_no_routing,passed,data/runs/w4-matched-representation-20260802/cells/cell-a625b238a71434fc67d6/cell.log,32,2147483648,33,cde254422d3d93083de33907459f2a923044cd2100064e20150a60c95db854de,32,12,"['cx', 'rz']",48,0,412b3171645f1443bcdfe8b019dc4bf0a8bc5852b6fbac62b23ba7619a19e6d9,c185c63519f9be108a5f28a999bf4e3f6212343d8073f9a4cbff5c9fbd1fa50c,16,4,locally_folded_flat,rep-a1734758a65fa43d51a9,data/runs/w4-matched-representation-20260802/representations/rep-a1734758a65fa43d51a9/representation_manifest.json,c89c2463b9856f2666e78d21e74951b128e9639ad4b35250e59ae01cf3838ad8,False,105889792,20260812,1501,7089,929,7098,863,completed,"[""cx"",""rz"",""h""]",slice-b-m32,8232,20.0,0.0,0.3007887080311775,0.19894662511069328
4,8,cell-82b56e2f03440b7e6b62,pyzx_rewrite_identity_up_to_global_phase_v1,True,passed,full_aggregation,exact input parity/phase table -> canonical CNOT-Rz,0.25,0.25,logical_all_to_all_no_routing,passed,data/runs/w4-matched-representation-20260802/cells/cell-82b56e2f03440b7e6b62/cell.log,32,2147483648,33,066046f69cfa888212e5273438e91ebeca8218772a8d8b23798ff64ddb0f8a34,16,6,"['cx', 'rz']",24,0,8d01ca6ab77143552d0692a561ff8b4229540c0632bc5687d80d242ce79840e1,b57579d4868b587ccae5d3b08e219ab56f9f4c2806afdfbed1d623fc96ab7c15,8,4,locally_folded_flat,rep-93f2ba5aa8d1db918dfb,data/runs/w4-matched-representation-20260802/representations/rep-93f2ba5aa8d1db918dfb/representation_manifest.json,271f4eff73b157a6661b765429a7235a9a0e317f4526256b99f7219f75681931,False,106053632,20260811,1501,7089,496,3414,430,completed,"[""cx"",""rz"",""h""]",slice-b-m32,8232,20.0,0.0,0.2761393749387935,0.19637450005393475
4,8,cell-be4987542191f4418821,pyzx_rewrite_identity_up_to_global_phase_v1,True,passed,full_aggregation,exact input parity/phase table -> canonical CNOT-Rz,0.25,0.25,logical_all_to_all_no_routing,passed,data/runs/w4-matched-representation-20260802/cells/cell-be4987542191f4418821/cell.log,32,2147483648,33,066046f69cfa888212e5273438e91ebeca8218772a8d8b23798ff64ddb0f8a34,16,6,"['cx', 'rz']",24,0,8d01ca6ab77143552d0692a561ff8b4229540c0632bc5687d80d242ce79840e1,b57579d4868b587ccae5d3b08e219ab56f9f4c2806afdfbed1d623fc96ab7c15,8,4,locally_folded_flat,rep-a1734758a65fa43d51a9,data/runs/w4-matched-representation-20260802/representations/rep-a1734758a65fa43d51a9/representation_manifest.json,c89c2463b9856f2666e78d21e74951b128e9639ad4b35250e59ae01cf3838ad8,False,106135552,20260812,1501,7089,496,3414,430,completed,"[""cx"",""rz"",""h""]",slice-b-m32,8232,20.0,0.0,0.29129679198376834,0.1962641659192741
4,8,cell-855aab262fed1e65fb7a,pyzx_rewrite_identity_up_to_global_phase_v1,True,passed,pyzx_full_reduce,OpenQASM2 -> PyZX graph/full_reduce/extract -> target basis,0.25,0.25,logical_all_to_all_no_routing,passed,data/runs/w4-matched-representation-20260802/cells/cell-855aab262fed1e65fb7a/cell.log,32,2147483648,33,416bb88072ef548dba35f49d5954d7f852f2884c6707f42bcedcdb43f9ebb72d,18,21,"['cx', 'h', 'rz']",108,82,542331069d0d04e6e774c2c8bdb6d550696576ef1b57d9624ded40fa06b4a368,35c6cfa84ff598791df25e8c181deca0bd3c4a66eee3a4de06a5094863760197,8,4,locally_folded_flat,rep-93f2ba5aa8d1db918dfb,data/runs/w4-matched-representation-20260802/representations/rep-93f2ba5aa8d1db918dfb/representation_manifest.json,271f4eff73b157a6661b765429a7235a9a0e317f4526256b99f7219f75681931,False,108544000,20260811,1501,7089,1246,13730,1180,completed,"[""cx"",""rz"",""h""]",slice-b-m32,8232,20.0,0.0,0.3239492089487612,0.21713216602802277
4,8,cell-b9153a9532f4ac9e8de6,pyzx_rewrite_identity_up_to_global_phase_v1,True,passed,pyzx_full_reduce,OpenQASM2 -> PyZX graph/full_reduce/extract -> target basis,0.25,0.25,logical_all_to_all_no_routing,passed,data/runs/w4-matched-representation-20260802/cells/cell-b9153a9532f4ac9e8de6/cell.log,32,2147483648,33,416bb88072ef548dba35f49d5954d7f852f2884c6707f42bcedcdb43f9ebb72d,18,21,"['cx', 'h', 'rz']",108,82,542331069d0d04e6e774c2c8bdb6d550696576ef1b57d9624ded40fa06b4a368,35c6cfa84ff598791df25e8c181deca0bd3c4a66eee3a4de06a5094863760197,8,4,locally_folded_flat,rep-a1734758a65fa43d51a9,data/runs/w4-matched-representation-20260802/representations/rep-a1734758a65fa43d51a9/representation_manifest.json,c89c2463b9856f2666e78d21e74951b128e9639ad4b35250e59ae01cf3838ad8,False,108314624,20260812,1501,7089,1246,13730,1180,completed,"[""cx"",""rz"",""h""]",slice-b-m32,8232,20.0,0.0,0.2987179590854794,0.21499945898540318
4,8,cell-788deb14988d8730723e,pyzx_rewrite_identity_up_to_global_phase_v1,True,passed,qiskit_opt3,OpenQASM2 -> Qiskit preset level 3 -> target basis,0.25,0.25,logical_all_to_all_no_routing,passed,data/runs/w4-matched-representation-20260802/cells/cell-788deb14988d8730723e/cell.log,32,2147483648,33,de14febd08175d7e62963c4c32e8098cb582a03893e9b6cccd1d5c0ce427dfbd,16,6,"['cx', 'rz']",24,0,ab452bceae961f1afef635e1d7750702dbf25355732636ae38a9df8747d3556f,b57579d4868b587ccae5d3b08e219ab56f9f4c2806afdfbed1d623fc96ab7c15,8,4,locally_folded_flat,rep-93f2ba5aa8d1db918dfb,data/runs/w4-matched-representation-20260802/representations/rep-93f2ba5aa8d1db918dfb/representation_manifest.json,271f4eff73b157a6661b765429a7235a9a0e317f4526256b99f7219f75681931,False,109035520,20260811,1501,7089,491,3413,430,completed,"[""cx"",""rz"",""h""]",slice-b-m32,8232,20.0,0.0,0.2978681670501828,0.2066856250166893
4,8,cell-d2f92450a3da1a256cca,pyzx_rewrite_identity_up_to_global_phase_v1,True,passed,qiskit_opt3,OpenQASM2 -> Qiskit preset level 3 -> target basis,0.25,0.25,logical_all_to_all_no_routing,passed,data/runs/w4-matched-representation-20260802/cells/cell-d2f92450a3da1a256cca/cell.log,32,2147483648,33,de14febd08175d7e62963c4c32e8098cb582a03893e9b6cccd1d5c0ce427dfbd,16,6,"['cx', 'rz']",24,0,ab452bceae961f1afef635e1d7750702dbf25355732636ae38a9df8747d3556f,b57579d4868b587ccae5d3b08e219ab56f9f4c2806afdfbed1d623fc96ab7c15,8,4,locally_folded_flat,rep-a1734758a65fa43d51a9,data/runs/w4-matched-representation-20260802/representations/rep-a1734758a65fa43d51a9/representation_manifest.json,c89c2463b9856f2666e78d21e74951b128e9639ad4b35250e59ae01cf3838ad8,False,108888064,20260812,1501,7089,491,3413,430,completed,"[""cx"",""rz"",""h""]",slice-b-m32,8232,20.0,0.0,0.29921070800628513,0.20543720806017518
4,8,cell-0e6bc514955592c58325,pyzx_rewrite_identity_up_to_global_phase_v1,True,passed,tket_paulisimp,OpenQASM2 -> TKET DecomposeBoxes/AutoRebase/PauliSimp -> target basis,0.25,0.25,logical_all_to_all_no_routing,passed,data/runs/w4-matched-representation-20260802/cells/cell-0e6bc514955592c58325/cell.log,32,2147483648,33,1066f10093e7cb52915194d4ae3745e40e768dbcbdde17102eade733c2b09d97,18,14,"['cx', 'h', 'rz']",224,66,4192d2ec78287e04252eb6eb447bfbc1bf61143d612eee2cc18464f840c15150,6698274c47160c89073540a0351c44ba8e174ccdf38b949685e9330cd82eb8b8,140,4,locally_folded_flat,rep-93f2ba5aa8d1db918dfb,data/runs/w4-matched-representation-20260802/representations/rep-93f2ba5aa8d1db918dfb/representation_manifest.json,271f4eff73b157a6661b765429a7235a9a0e317f4526256b99f7219f75681931,False,156631040,20260811,1501,7089,3304,32564,3240,completed,"[""cx"",""rz"",""h""]",slice-b-m32,8232,20.0,0.0,0.5229588750516996,0.41024749993812293
4,8,cell-da6a3f4c12a3db636fd2,pyzx_rewrite_identity_up_to_global_phase_v1,True,passed,tket_paulisimp,OpenQASM2 -> TKET DecomposeBoxes/AutoRebase/PauliSimp -> target basis,0.25,0.25,logical_all_to_all_no_routing,passed,data/runs/w4-matched-representation-20260802/cells/cell-da6a3f4c12a3db636fd2/cell.log,32,2147483648,33,1066f10093e7cb52915194d4ae3745e40e768dbcbdde17102eade733c2b09d97,18,14,"['cx', 'h', 'rz']",224,66,4192d2ec78287e04252eb6eb447bfbc1bf61143d612eee2cc18464f840c15150,6698274c47160c89073540a0351c44ba8e174ccdf38b949685e9330cd82eb8b8,140,4,locally_folded_flat,rep-a1734758a65fa43d51a9,data/runs/w4-matched-representation-20260802/representations/rep-a1734758a65fa43d51a9/representation_manifest.json,c89c2463b9856f2666e78d21e74951b128e9639ad4b35250e59ae01cf3838ad8,False,156483584,20260812,1501,7089,3304,32564,3240,completed,"[""cx"",""rz"",""h""]",slice-b-m32,8232,20.0,0.0,0.5221755419624969,0.4061026250710711
4,8,cell-1ba375c457f6d7bcb8bb,pyzx_rewrite_identity_up_to_global_phase_v1,True,passed,echo_passthrough,literal input circuit -> output,0.25,0.25,logical_all_to_all_no_routing,passed,data/runs/w4-matched-representation-20260802/cells/cell-1ba375c457f6d7bcb8bb/cell.log,32,2147483648,33,ea6ee0ec04b7aebaaf52f4442eefbd27b87dc67879fec70ae849e3b045885c30,64,24,"['cx', 'rz']",96,0,5d1297dcad3cb998eeb468d9ac695a4f8cda1a0e9531251be4129aa8ee52675f,d72f53fe3e6a7a0875836c20a5adb2e142253579fe8da26aa0f1db3215630c9d,32,4,masked_share_update,rep-6c7668843beda916f75a,data/runs/w4-matched-representation-20260802/representations/rep-6c7668843beda916f75a/representation_manifest.json,6c3ad3778dbd5ef443a3188224b50322516b881e13ccab05cc6f26299e1a1cf7,False,106184704,20260811,2909,14489,1712,14498,1646,completed,"[""cx"",""rz"",""h""]",slice-b-m32,8232,20.0,0.0,0.29971433302853256,0.1995582920499146
4,8,cell-51fc9e88a06d0c9fdea5,pyzx_rewrite_identity_up_to_global_phase_v1,True,passed,echo_passthrough,literal input circuit -> output,0.25,0.25,logical_all_to_all_no_routing,passed,data/runs/w4-matched-representation-20260802/cells/cell-51fc9e88a06d0c9fdea5/cell.log,32,2147483648,33,47c2b5da5f6d503e7d8ffbb8ef4fcc49590992d762d08c480c7681cf0207750d,64,24,"['cx', 'rz']",96,0,e6f29dd14c07c036ea2e44d9cb761c87a1cb84c998ece5a754205640d598b00e,b3b478437a78dbb70bdbef3fc78f95bbd2ee58420852f3d35bb83ad13d58f7a7,32,4,masked_share_update,rep-91bc81b2a8182d89a32d,data/runs/w4-matched-representation-20260802/representations/rep-91bc81b2a8182d89a32d/representation_manifest.json,89a74bd2bf9b1a88bf38fa4763b32cd6d75eabc627ed9b580abeccc6f08a291c,False,106168320,20260812,2909,14493,1783,14502,1717,completed,"[""cx"",""rz"",""h""]",slice-b-m32,8232,20.0,0.0,0.2951426670188084,0.2031557080335915
4,8,cell-1360141e2fa44fff11a7,pyzx_rewrite_identity_up_to_global_phase_v1,True,passed,full_aggregation,exact input parity/phase table -> canonical CNOT-Rz,0.25,0.25,logical_all_to_all_no_routing,passed,data/runs/w4-matched-representation-20260802/cells/cell-1360141e2fa44fff11a7/cell.log,32,2147483648,33,066046f69cfa888212e5273438e91ebeca8218772a8d8b23798ff64ddb0f8a34,16,6,"['cx', 'rz']",24,0,8d01ca6ab77143552d0692a561ff8b4229540c0632bc5687d80d242ce79840e1,b57579d4868b587ccae5d3b08e219ab56f9f4c2806afdfbed1d623fc96ab7c15,8,4,masked_share_update,rep-6c7668843beda916f75a,data/runs/w4-matched-representation-20260802/representations/rep-6c7668843beda916f75a/representation_manifest.json,6c3ad3778dbd5ef443a3188224b50322516b881e13ccab05cc6f26299e1a1cf7,False,106037248,20260811,2909,14489,496,3414,430,completed,"[""cx"",""rz"",""h""]",slice-b-m32,8232,20.0,0.0,0.27784633298870176,0.19581508403643966
4,8,cell-969ce5c6b1bfa855c267,pyzx_rewrite_identity_up_to_global_phase_v1,True,passed,full_aggregation,exact input parity/phase table -> canonical CNOT-Rz,0.25,0.25,logical_all_to_all_no_routing,passed,data/runs/w4-matched-representation-20260802/cells/cell-969ce5c6b1bfa855c267/cell.log,32,2147483648,33,066046f69cfa888212e5273438e91ebeca8218772a8d8b23798ff64ddb0f8a34,16,6,"['cx', 'rz']",24,0,8d01ca6ab77143552d0692a561ff8b4229540c0632bc5687d80d242ce79840e1,b57579d4868b587ccae5d3b08e219ab56f9f4c2806afdfbed1d623fc96ab7c15,8,4,masked_share_update,rep-91bc81b2a8182d89a32d,data/runs/w4-matched-representation-20260802/representations/rep-91bc81b2a8182d89a32d/representation_manifest.json,89a74bd2bf9b1a88bf38fa4763b32cd6d75eabc627ed9b580abeccc6f08a291c,False,106086400,20260812,2909,14493,496,3414,430,completed,"[""cx"",""rz"",""h""]",slice-b-m32,8232,20.0,0.0,0.2787912089843303,0.1958480830071494
4,8,cell-69a5c54582ccf6f8c2d3,pyzx_rewrite_identity_up_to_global_phase_v1,True,passed,pyzx_full_reduce,OpenQASM2 -> PyZX graph/full_reduce/extract -> target basis,0.25,0.25,logical_all_to_all_no_routing,passed,data/runs/w4-matched-representation-20260802/cells/cell-69a5c54582ccf6f8c2d3/cell.log,32,2147483648,33,416bb88072ef548dba35f49d5954d7f852f2884c6707f42bcedcdb43f9ebb72d,18,21,"['cx', 'h', 'rz']",108,82,542331069d0d04e6e774c2c8bdb6d550696576ef1b57d9624ded40fa06b4a368,35c6cfa84ff598791df25e8c181deca0bd3c4a66eee3a4de06a5094863760197,8,4,masked_share_update,rep-6c7668843beda916f75a,data/runs/w4-matched-representation-20260802/representations/rep-6c7668843beda916f75a/representation_manifest.json,6c3ad3778dbd5ef443a3188224b50322516b881e13ccab05cc6f26299e1a1cf7,False,108412928,20260811,2909,14489,1246,13730,1180,completed,"[""cx"",""rz"",""h""]",slice-b-m32,8232,20.0,0.0,0.3182771250139922,0.21919020800851285
4,8,cell-a6d4fe48039242b715a0,pyzx_rewrite_identity_up_to_global_phase_v1,True,passed,pyzx_full_reduce,OpenQASM2 -> PyZX graph/full_reduce/extract -> target basis,0.25,0.25,logical_all_to_all_no_routing,passed,data/runs/w4-matched-representation-20260802/cells/cell-a6d4fe48039242b715a0/cell.log,32,2147483648,33,416bb88072ef548dba35f49d5954d7f852f2884c6707f42bcedcdb43f9ebb72d,18,21,"['cx', 'h', 'rz']",108,82,542331069d0d04e6e774c2c8bdb6d550696576ef1b57d9624ded40fa06b4a368,35c6cfa84ff598791df25e8c181deca0bd3c4a66eee3a4de06a5094863760197,8,4,masked_share_update,rep-91bc81b2a8182d89a32d,data/runs/w4-matched-representation-20260802/representations/rep-91bc81b2a8182d89a32d/representation_manifest.json,89a74bd2bf9b1a88bf38fa4763b32cd6d75eabc627ed9b580abeccc6f08a291c,False,108396544,20260812,2909,14493,1246,13730,1180,completed,"[""cx"",""rz"",""h""]",slice-b-m32,8232,20.0,0.0,0.30023433396127075,0.21892483404371887
4,8,cell-89125de680fafc53ad1c,pyzx_rewrite_identity_up_to_global_phase_v1,True,passed,qiskit_opt3,OpenQASM2 -> Qiskit preset level 3 -> target basis,0.25,0.25,logical_all_to_all_no_routing,passed,data/runs/w4-matched-representation-20260802/cells/cell-89125de680fafc53ad1c/cell.log,32,2147483648,33,d249ad3a1910f276937b401adc445ae9665dac14ed2cbfd921a1fbd92f5f8f71,28,24,"['cx', 'rz']",42,0,56bc527474dc0d316e6f2ffc514782c3fcf5fb156f5931b178dad80a8522513c,fdd1c1c42e3023ac444a0c94533f55de10eebf9b252d210063aafb60418babff,14,4,masked_share_update,rep-6c7668843beda916f75a,data/runs/w4-matched-representation-20260802/representations/rep-6c7668843beda916f75a/representation_manifest.json,6c3ad3778dbd5ef443a3188224b50322516b881e13ccab05cc6f26299e1a1cf7,False,109101056,20260811,2909,14489,868,6185,807,completed,"[""cx"",""rz"",""h""]",slice-b-m32,8232,20.0,0.0,0.30249979195650667,0.20879770803730935
4,8,cell-f7070525b9a8a2af3cc2,pyzx_rewrite_identity_up_to_global_phase_v1,True,passed,qiskit_opt3,OpenQASM2 -> Qiskit preset level 3 -> target basis,0.25,0.25,logical_all_to_all_no_routing,passed,data/runs/w4-matched-representation-20260802/cells/cell-f7070525b9a8a2af3cc2/cell.log,32,2147483648,33,6111d32f47598cbae65b53c61233381f8197779ce96ea74be82bce8938f16140,28,24,"['cx', 'rz']",42,0,75cb0ea43a6c091eb9c7daef70192299ef15ff530299a4ca1524c969f26add23,f7ce0f6e8ce7597504a71e5890f51089b8be713c5d300d373154bbfb6d117302,14,4,masked_share_update,rep-91bc81b2a8182d89a32d,data/runs/w4-matched-representation-20260802/representations/rep-91bc81b2a8182d89a32d/representation_manifest.json,89a74bd2bf9b1a88bf38fa4763b32cd6d75eabc627ed9b580abeccc6f08a291c,False,109133824,20260812,2909,14493,902,6183,841,completed,"[""cx"",""rz"",""h""]",slice-b-m32,8232,20.0,0.0,0.304002583026886,0.20826333295553923
4,8,cell-707cb837daec5627773e,pyzx_rewrite_identity_up_to_global_phase_v1,True,passed,tket_paulisimp,OpenQASM2 -> TKET DecomposeBoxes/AutoRebase/PauliSimp -> target basis,0.25,0.25,logical_all_to_all_no_routing,passed,data/runs/w4-matched-representation-20260802/cells/cell-707cb837daec5627773e/cell.log,32,2147483648,33,2537603b875fd1c2c72639037c9aab6562aa3740c4950111a54fef58ddcef9ab,18,14,"['cx', 'h', 'rz']",224,66,ff00e35c51ecbd89ffc85c93ae268c7c34c4fa3b99c746292ad6c3293673aa26,f4a2f4780a916411419426509ba7d98d4e3af45b952579edb7bf5a9e4f8df436,140,4,masked_share_update,rep-6c7668843beda916f75a,data/runs/w4-matched-representation-20260802/representations/rep-6c7668843beda916f75a/representation_manifest.json,6c3ad3778dbd5ef443a3188224b50322516b881e13ccab05cc6f26299e1a1cf7,False,156532736,20260811,2909,14489,3340,32564,3276,completed,"[""cx"",""rz"",""h""]",slice-b-m32,8232,20.0,0.0,0.5444761249236763,0.41091729199979454
4,8,cell-6ee27d594ea1ca52ceeb,pyzx_rewrite_identity_up_to_global_phase_v1,True,passed,tket_paulisimp,OpenQASM2 -> TKET DecomposeBoxes/AutoRebase/PauliSimp -> target basis,0.25,0.25,logical_all_to_all_no_routing,passed,data/runs/w4-matched-representation-20260802/cells/cell-6ee27d594ea1ca52ceeb/cell.log,32,2147483648,33,9e2c42687d84e3b7fb692809030409f9135638ead4f2562edaa0475266bc7408,18,14,"['cx', 'h', 'rz']",224,66,0540b163d860bd47e2080af71d48d84adf7e22ea4b7f5e829fa536d4453c7e5e,795ea1202520ece0dd1fcb5b1d8b52e9d0e99bdc6fa6165ad24ab1f638082297,140,4,masked_share_update,rep-91bc81b2a8182d89a32d,data/runs/w4-matched-representation-20260802/representations/rep-91bc81b2a8182d89a32d/representation_manifest.json,89a74bd2bf9b1a88bf38fa4763b32cd6d75eabc627ed9b580abeccc6f08a291c,False,156729344,20260812,2909,14493,3362,32563,3298,completed,"[""cx"",""rz"",""h""]",slice-b-m32,8232,20.0,0.0,0.5155642499448732,0.4065031670033932
4,8,cell-9fc4b1ee8b3406a9eab6,pyzx_rewrite_identity_up_to_global_phase_v1,True,passed,echo_passthrough,literal input circuit -> output,0.25,0.25,logical_all_to_all_no_routing,passed,data/runs/w4-matched-representation-20260802/cells/cell-9fc4b1ee8b3406a9eab6/cell.log,32,2147483648,33,e17fc79b96828c131409a05fce5e2fe7a481705420f2313713b8d1d2e6970c5f,16,6,"['cx', 'rz']",24,0,aee26fad992e81fb2f6011cee7847095f67c970aeefea78fc4511f51c2634a7c,b57579d4868b587ccae5d3b08e219ab56f9f4c2806afdfbed1d623fc96ab7c15,8,4,qasm_bridge,rep-1c24cb3b0fc72a5463bb,data/runs/w4-matched-representation-20260802/representations/rep-1c24cb3b0fc72a5463bb/representation_manifest.json,8cfd595d00af741c5c57723ecdd3847b49b26357abde078ace3b163d257787c4,False,106004480,20260811,506,3377,496,3394,430,completed,"[""cx"",""rz"",""h""]",slice-b-m32,8232,20.0,0.0,0.2884139580419287,0.1964072500122711
4,8,cell-6c8226b63b77c8fe8516,pyzx_rewrite_identity_up_to_global_phase_v1,True,passed,echo_passthrough,literal input circuit -> output,0.25,0.25,logical_all_to_all_no_routing,passed,data/runs/w4-matched-representation-20260802/cells/cell-6c8226b63b77c8fe8516/cell.log,32,2147483648,33,e17fc79b96828c131409a05fce5e2fe7a481705420f2313713b8d1d2e6970c5f,16,6,"['cx', 'rz']",24,0,aee26fad992e81fb2f6011cee7847095f67c970aeefea78fc4511f51c2634a7c,b57579d4868b587ccae5d3b08e219ab56f9f4c2806afdfbed1d623fc96ab7c15,8,4,qasm_bridge,rep-dfb664ae94a3dfcd3c9e,data/runs/w4-matched-representation-20260802/representations/rep-dfb664ae94a3dfcd3c9e/representation_manifest.json,ba693d48205449169a298e73ec4b3a622db7487ae91f3142610cb44fe01048ff,False,106102784,20260812,506,3377,496,3394,430,completed,"[""cx"",""rz"",""h""]",slice-b-m32,8232,20.0,0.0,0.30088920798152685,0.19927320897113532
4,8,cell-dd050b35c78bcf83a3dd,pyzx_rewrite_identity_up_to_global_phase_v1,True,passed,full_aggregation,exact input parity/phase table -> canonical CNOT-Rz,0.25,0.25,logical_all_to_all_no_routing,passed,data/runs/w4-matched-representation-20260802/cells/cell-dd050b35c78bcf83a3dd/cell.log,32,2147483648,33,066046f69cfa888212e5273438e91ebeca8218772a8d8b23798ff64ddb0f8a34,16,6,"['cx', 'rz']",24,0,8d01ca6ab77143552d0692a561ff8b4229540c0632bc5687d80d242ce79840e1,b57579d4868b587ccae5d3b08e219ab56f9f4c2806afdfbed1d623fc96ab7c15,8,4,qasm_bridge,rep-1c24cb3b0fc72a5463bb,data/runs/w4-matched-representation-20260802/representations/rep-1c24cb3b0fc72a5463bb/representation_manifest.json,8cfd595d00af741c5c57723ecdd3847b49b26357abde078ace3b163d257787c4,False,106020864,20260811,506,3377,496,3414,430,completed,"[""cx"",""rz"",""h""]",slice-b-m32,8232,20.0,0.0,0.29773387510795146,0.1955969170667231
4,8,cell-5078d46fcc23a5f67344,pyzx_rewrite_identity_up_to_global_phase_v1,True,passed,full_aggregation,exact input parity/phase table -> canonical CNOT-Rz,0.25,0.25,logical_all_to_all_no_routing,passed,data/runs/w4-matched-representation-20260802/cells/cell-5078d46fcc23a5f67344/cell.log,32,2147483648,33,066046f69cfa888212e5273438e91ebeca8218772a8d8b23798ff64ddb0f8a34,16,6,"['cx', 'rz']",24,0,8d01ca6ab77143552d0692a561ff8b4229540c0632bc5687d80d242ce79840e1,b57579d4868b587ccae5d3b08e219ab56f9f4c2806afdfbed1d623fc96ab7c15,8,4,qasm_bridge,rep-dfb664ae94a3dfcd3c9e,data/runs/w4-matched-representation-20260802/representations/rep-dfb664ae94a3dfcd3c9e/representation_manifest.json,ba693d48205449169a298e73ec4b3a622db7487ae91f3142610cb44fe01048ff,False,106070016,20260812,506,3377,496,3414,430,completed,"[""cx"",""rz"",""h""]",slice-b-m32,8232,20.0,0.0,0.29863116692285985,0.19566583295818418
4,8,cell-f1dea77d620a3aa87716,pyzx_rewrite_identity_up_to_global_phase_v1,True,passed,pyzx_full_reduce,OpenQASM2 -> PyZX graph/full_reduce/extract -> target basis,0.25,0.25,logical_all_to_all_no_routing,passed,data/runs/w4-matched-representation-20260802/cells/cell-f1dea77d620a3aa87716/cell.log,32,2147483648,33,416bb88072ef548dba35f49d5954d7f852f2884c6707f42bcedcdb43f9ebb72d,18,21,"['cx', 'h', 'rz']",108,82,542331069d0d04e6e774c2c8bdb6d550696576ef1b57d9624ded40fa06b4a368,35c6cfa84ff598791df25e8c181deca0bd3c4a66eee3a4de06a5094863760197,8,4,qasm_bridge,rep-1c24cb3b0fc72a5463bb,data/runs/w4-matched-representation-20260802/representations/rep-1c24cb3b0fc72a5463bb/representation_manifest.json,8cfd595d00af741c5c57723ecdd3847b49b26357abde078ace3b163d257787c4,False,108314624,20260811,506,3377,1246,13730,1180,completed,"[""cx"",""rz"",""h""]",slice-b-m32,8232,20.0,0.0,0.32309791597072035,0.2170893750153482
4,8,cell-0d01693b5c54d33e0ae7,pyzx_rewrite_identity_up_to_global_phase_v1,True,passed,pyzx_full_reduce,OpenQASM2 -> PyZX graph/full_reduce/extract -> target basis,0.25,0.25,logical_all_to_all_no_routing,passed,data/runs/w4-matched-representation-20260802/cells/cell-0d01693b5c54d33e0ae7/cell.log,32,2147483648,33,416bb88072ef548dba35f49d5954d7f852f2884c6707f42bcedcdb43f9ebb72d,18,21,"['cx', 'h', 'rz']",108,82,542331069d0d04e6e774c2c8bdb6d550696576ef1b57d9624ded40fa06b4a368,35c6cfa84ff598791df25e8c181deca0bd3c4a66eee3a4de06a5094863760197,8,4,qasm_bridge,rep-dfb664ae94a3dfcd3c9e,data/runs/w4-matched-representation-20260802/representations/rep-dfb664ae94a3dfcd3c9e/representation_manifest.json,ba693d48205449169a298e73ec4b3a622db7487ae91f3142610cb44fe01048ff,False,108462080,20260812,506,3377,1246,13730,1180,completed,"[""cx"",""rz"",""h""]",slice-b-m32,8232,20.0,0.0,0.297374541987665,0.21551108395215124
4,8,cell-172053eb690d1ddd2dd8,pyzx_rewrite_identity_up_to_global_phase_v1,True,passed,qiskit_opt3,OpenQASM2 -> Qiskit preset level 3 -> target basis,0.25,0.25,logical_all_to_all_no_routing,passed,data/runs/w4-matched-representation-20260802/cells/cell-172053eb690d1ddd2dd8/cell.log,32,2147483648,33,de14febd08175d7e62963c4c32e8098cb582a03893e9b6cccd1d5c0ce427dfbd,16,6,"['cx', 'rz']",24,0,ab452bceae961f1afef635e1d7750702dbf25355732636ae38a9df8747d3556f,b57579d4868b587ccae5d3b08e219ab56f9f4c2806afdfbed1d623fc96ab7c15,8,4,qasm_bridge,rep-1c24cb3b0fc72a5463bb,data/runs/w4-matched-representation-20260802/representations/rep-1c24cb3b0fc72a5463bb/representation_manifest.json,8cfd595d00af741c5c57723ecdd3847b49b26357abde078ace3b163d257787c4,False,109117440,20260811,506,3377,491,3413,430,completed,"[""cx"",""rz"",""h""]",slice-b-m32,8232,20.0,0.0,0.29917404195293784,0.20963216596283019
4,8,cell-23de166f31eef6156d20,pyzx_rewrite_identity_up_to_global_phase_v1,True,passed,qiskit_opt3,OpenQASM2 -> Qiskit preset level 3 -> target basis,0.25,0.25,logical_all_to_all_no_routing,passed,data/runs/w4-matched-representation-20260802/cells/cell-23de166f31eef6156d20/cell.log,32,2147483648,33,de14febd08175d7e62963c4c32e8098cb582a03893e9b6cccd1d5c0ce427dfbd,16,6,"['cx', 'rz']",24,0,ab452bceae961f1afef635e1d7750702dbf25355732636ae38a9df8747d3556f,b57579d4868b587ccae5d3b08e219ab56f9f4c2806afdfbed1d623fc96ab7c15,8,4,qasm_bridge,rep-dfb664ae94a3dfcd3c9e,data/runs/w4-matched-representation-20260802/representations/rep-dfb664ae94a3dfcd3c9e/representation_manifest.json,ba693d48205449169a298e73ec4b3a622db7487ae91f3142610cb44fe01048ff,False,109002752,20260812,506,3377,491,3413,430,completed,"[""cx"",""rz"",""h""]",slice-b-m32,8232,20.0,0.0,0.2956227909307927,0.21161841601133347
4,8,cell-8e2c7008ba5ceb17393f,pyzx_rewrite_identity_up_to_global_phase_v1,True,passed,tket_paulisimp,OpenQASM2 -> TKET DecomposeBoxes/AutoRebase/PauliSimp -> target basis,0.25,0.25,logical_all_to_all_no_routing,passed,data/runs/w4-matched-representation-20260802/cells/cell-8e2c7008ba5ceb17393f/cell.log,32,2147483648,33,1066f10093e7cb52915194d4ae3745e40e768dbcbdde17102eade733c2b09d97,18,14,"['cx', 'h', 'rz']",224,66,4192d2ec78287e04252eb6eb447bfbc1bf61143d612eee2cc18464f840c15150,6698274c47160c89073540a0351c44ba8e174ccdf38b949685e9330cd82eb8b8,140,4,qasm_bridge,rep-1c24cb3b0fc72a5463bb,data/runs/w4-matched-representation-20260802/representations/rep-1c24cb3b0fc72a5463bb/representation_manifest.json,8cfd595d00af741c5c57723ecdd3847b49b26357abde078ace3b163d257787c4,False,156581888,20260811,506,3377,3304,32564,3240,completed,"[""cx"",""rz"",""h""]",slice-b-m32,8232,20.0,0.0,0.5414060830371454,0.41139029199257493
4,8,cell-c5af05b174028f7fb471,pyzx_rewrite_identity_up_to_global_phase_v1,True,passed,tket_paulisimp,OpenQASM2 -> TKET DecomposeBoxes/AutoRebase/PauliSimp -> target basis,0.25,0.25,logical_all_to_all_no_routing,passed,data/runs/w4-matched-representation-20260802/cells/cell-c5af05b174028f7fb471/cell.log,32,2147483648,33,1066f10093e7cb52915194d4ae3745e40e768dbcbdde17102eade733c2b09d97,18,14,"['cx', 'h', 'rz']",224,66,4192d2ec78287e04252eb6eb447bfbc1bf61143d612eee2cc18464f840c15150,6698274c47160c89073540a0351c44ba8e174ccdf38b949685e9330cd82eb8b8,140,4,qasm_bridge,rep-dfb664ae94a3dfcd3c9e,data/runs/w4-matched-representation-20260802/representations/rep-dfb664ae94a3dfcd3c9e/representation_manifest.json,ba693d48205449169a298e73ec4b3a622db7487ae91f3142610cb44fe01048ff,False,156844032,20260812,506,3377,3304,32564,3240,completed,"[""cx"",""rz"",""h""]",slice-b-m32,8232,20.0,0.0,0.5413892089854926,0.42920208303257823
4,8,cell-df355e4263f6b7ab8a68,pyzx_rewrite_identity_up_to_global_phase_v1,True,passed,echo_passthrough,literal input circuit -> output,0.25,0.25,logical_all_to_all_no_routing,passed,data/runs/w4-matched-representation-20260802/cells/cell-df355e4263f6b7ab8a68/cell.log,32,2147483648,33,d5a0ab20d22ff87681ca2a51eed8676d43be0731d965c0161d734dd2eadd5530,64,24,"['cx', 'rz']",96,0,97bb55c414c60cb4498444c8c84c99d1fa7eb8dd98509077d5a787a23ce839ec,d06e2d9f9ba32a001c60194060438146128edf949786e7791ccdf8e52baaf6e2,32,4,random_commuting_order,rep-bd19620a4febf43b160d,data/runs/w4-matched-representation-20260802/representations/rep-bd19620a4febf43b160d/representation_manifest.json,08f42d5d8573de05cfca36ddc177e1e5b3b10f5784f2193c89154c2d9e66c4b0,False,106102784,20260811,2909,14501,1753,14507,1687,completed,"[""cx"",""rz"",""h""]",slice-b-m32,8232,20.0,0.0,0.2956444170558825,0.20473379199393094
4,8,cell-6af8e6b106e9c89cda69,pyzx_rewrite_identity_up_to_global_phase_v1,True,passed,echo_passthrough,literal input circuit -> output,0.25,0.25,logical_all_to_all_no_routing,passed,data/runs/w4-matched-representation-20260802/cells/cell-6af8e6b106e9c89cda69/cell.log,32,2147483648,33,2b046ff425db7223ed62f88d34b4e59c253a146fa6012ac6e67bebe066791ea0,64,24,"['cx', 'rz']",96,0,d7ee524a639b1dab1f9296f6d5648cfce1bde80b901e5d3cd8c9ee9649fb64f4,62a9fc14a23c7b62134aa0b8fb9097c85ad4dda963a8368bd54357854a440bd9,32,4,random_commuting_order,rep-e9b4c4c56783b03ef382,data/runs/w4-matched-representation-20260802/representations/rep-e9b4c4c56783b03ef382/representation_manifest.json,62156a0d92436b0fd70ce58e10ab918d08101fea08c392d4f3563043551a5936,False,106086400,20260812,2909,14501,1753,14507,1687,completed,"[""cx"",""rz"",""h""]",slice-b-m32,8232,20.0,0.0,0.2926009999355301,0.20848458399996161
4,8,cell-b99b1754624dcade3211,pyzx_rewrite_identity_up_to_global_phase_v1,True,passed,full_aggregation,exact input parity/phase table -> canonical CNOT-Rz,0.25,0.25,logical_all_to_all_no_routing,passed,data/runs/w4-matched-representation-20260802/cells/cell-b99b1754624dcade3211/cell.log,32,2147483648,33,066046f69cfa888212e5273438e91ebeca8218772a8d8b23798ff64ddb0f8a34,16,6,"['cx', 'rz']",24,0,8d01ca6ab77143552d0692a561ff8b4229540c0632bc5687d80d242ce79840e1,b57579d4868b587ccae5d3b08e219ab56f9f4c2806afdfbed1d623fc96ab7c15,8,4,random_commuting_order,rep-bd19620a4febf43b160d,data/runs/w4-matched-representation-20260802/representations/rep-bd19620a4febf43b160d/representation_manifest.json,08f42d5d8573de05cfca36ddc177e1e5b3b10f5784f2193c89154c2d9e66c4b0,False,106119168,20260811,2909,14501,496,3414,430,completed,"[""cx"",""rz"",""h""]",slice-b-m32,8232,20.0,0.0,0.29903350002132356,0.19866758293937892
4,8,cell-b902087cc740095cadc3,pyzx_rewrite_identity_up_to_global_phase_v1,True,passed,full_aggregation,exact input parity/phase table -> canonical CNOT-Rz,0.25,0.25,logical_all_to_all_no_routing,passed,data/runs/w4-matched-representation-20260802/cells/cell-b902087cc740095cadc3/cell.log,32,2147483648,33,066046f69cfa888212e5273438e91ebeca8218772a8d8b23798ff64ddb0f8a34,16,6,"['cx', 'rz']",24,0,8d01ca6ab77143552d0692a561ff8b4229540c0632bc5687d80d242ce79840e1,b57579d4868b587ccae5d3b08e219ab56f9f4c2806afdfbed1d623fc96ab7c15,8,4,random_commuting_order,rep-e9b4c4c56783b03ef382,data/runs/w4-matched-representation-20260802/representations/rep-e9b4c4c56783b03ef382/representation_manifest.json,62156a0d92436b0fd70ce58e10ab918d08101fea08c392d4f3563043551a5936,False,106020864,20260812,2909,14501,496,3414,430,completed,"[""cx"",""rz"",""h""]",slice-b-m32,8232,20.0,0.0,0.2982769999653101,0.19869291700888425
4,8,cell-ed7ca7accb0cb6eddeb6,pyzx_rewrite_identity_up_to_global_phase_v1,True,passed,pyzx_full_reduce,OpenQASM2 -> PyZX graph/full_reduce/extract -> target basis,0.25,0.25,logical_all_to_all_no_routing,passed,data/runs/w4-matched-representation-20260802/cells/cell-ed7ca7accb0cb6eddeb6/cell.log,32,2147483648,33,416bb88072ef548dba35f49d5954d7f852f2884c6707f42bcedcdb43f9ebb72d,18,21,"['cx', 'h', 'rz']",108,82,542331069d0d04e6e774c2c8bdb6d550696576ef1b57d9624ded40fa06b4a368,35c6cfa84ff598791df25e8c181deca0bd3c4a66eee3a4de06a5094863760197,8,4,random_commuting_order,rep-bd19620a4febf43b160d,data/runs/w4-matched-representation-20260802/representations/rep-bd19620a4febf43b160d/representation_manifest.json,08f42d5d8573de05cfca36ddc177e1e5b3b10f5784f2193c89154c2d9e66c4b0,False,108380160,20260811,2909,14501,1246,13730,1180,completed,"[""cx"",""rz"",""h""]",slice-b-m32,8232,20.0,0.0,0.31736587500199676,0.2265611661132425
4,8,cell-f76dff6c20a24b7b7d15,pyzx_rewrite_identity_up_to_global_phase_v1,True,passed,pyzx_full_reduce,OpenQASM2 -> PyZX graph/full_reduce/extract -> target basis,0.25,0.25,logical_all_to_all_no_routing,passed,data/runs/w4-matched-representation-20260802/cells/cell-f76dff6c20a24b7b7d15/cell.log,32,2147483648,33,416bb88072ef548dba35f49d5954d7f852f2884c6707f42bcedcdb43f9ebb72d,18,21,"['cx', 'h', 'rz']",108,82,542331069d0d04e6e774c2c8bdb6d550696576ef1b57d9624ded40fa06b4a368,35c6cfa84ff598791df25e8c181deca0bd3c4a66eee3a4de06a5094863760197,8,4,random_commuting_order,rep-e9b4c4c56783b03ef382,data/runs/w4-matched-representation-20260802/representations/rep-e9b4c4c56783b03ef382/representation_manifest.json,62156a0d92436b0fd70ce58e10ab918d08101fea08c392d4f3563043551a5936,False,108445696,20260812,2909,14501,1246,13730,1180,completed,"[""cx"",""rz"",""h""]",slice-b-m32,8232,20.0,0.0,0.32641291699837893,0.22268595802597702
4,8,cell-a5665fa03ee024d9396d,pyzx_rewrite_identity_up_to_global_phase_v1,True,passed,qiskit_opt3,OpenQASM2 -> Qiskit preset level 3 -> target basis,0.25,0.25,logical_all_to_all_no_routing,passed,data/runs/w4-matched-representation-20260802/cells/cell-a5665fa03ee024d9396d/cell.log,32,2147483648,33,6a86439e515d2bb0d403d8b1f090c7151f3f73a5d5bb86c96e74cbfbafc73390,22,15,"['cx', 'rz']",33,0,e0c99508a209d729d03fe405329619a16592fe3a1eee56bf460641e2bf9ba77b,c4324db979a2d5a3078544f28cee15c65846115c47a84630595cb696d61987a3,11,4,random_commuting_order,rep-bd19620a4febf43b160d,data/runs/w4-matched-representation-20260802/representations/rep-bd19620a4febf43b160d/representation_manifest.json,08f42d5d8573de05cfca36ddc177e1e5b3b10f5784f2193c89154c2d9e66c4b0,False,109035520,20260811,2909,14501,653,4802,592,completed,"[""cx"",""rz"",""h""]",slice-b-m32,8232,20.0,0.0,0.2939982919488102,0.2083254160825163
4,8,cell-d38b2de1101f10640f29,pyzx_rewrite_identity_up_to_global_phase_v1,True,passed,qiskit_opt3,OpenQASM2 -> Qiskit preset level 3 -> target basis,0.25,0.25,logical_all_to_all_no_routing,passed,data/runs/w4-matched-representation-20260802/cells/cell-d38b2de1101f10640f29/cell.log,32,2147483648,33,e8eb63e101391630a17fb7cba734717d039148e06b27674e92397e8dc660525d,22,15,"['cx', 'rz']",33,0,d84df57a4f7f1c8be8ed9be638d5e305fda07c2efacf47473f004707fbecdcec,c7ff2f09d9fd9edfe72ce8d2c79b40f6a5e8d08a6ae14fb35257586860a65249,11,4,random_commuting_order,rep-e9b4c4c56783b03ef382,data/runs/w4-matched-representation-20260802/representations/rep-e9b4c4c56783b03ef382/representation_manifest.json,62156a0d92436b0fd70ce58e10ab918d08101fea08c392d4f3563043551a5936,False,109068288,20260812,2909,14501,640,4802,579,completed,"[""cx"",""rz"",""h""]",slice-b-m32,8232,20.0,0.0,0.29815154208336025,0.20919966604560614
4,8,cell-2c78dfc63fc3410d5b9f,pyzx_rewrite_identity_up_to_global_phase_v1,True,passed,tket_paulisimp,OpenQASM2 -> TKET DecomposeBoxes/AutoRebase/PauliSimp -> target basis,0.25,0.25,logical_all_to_all_no_routing,passed,data/runs/w4-matched-representation-20260802/cells/cell-2c78dfc63fc3410d5b9f/cell.log,32,2147483648,33,1066f10093e7cb52915194d4ae3745e40e768dbcbdde17102eade733c2b09d97,18,14,"['cx', 'h', 'rz']",224,66,4192d2ec78287e04252eb6eb447bfbc1bf61143d612eee2cc18464f840c15150,6698274c47160c89073540a0351c44ba8e174ccdf38b949685e9330cd82eb8b8,140,4,random_commuting_order,rep-bd19620a4febf43b160d,data/runs/w4-matched-representation-20260802/representations/rep-bd19620a4febf43b160d/representation_manifest.json,08f42d5d8573de05cfca36ddc177e1e5b3b10f5784f2193c89154c2d9e66c4b0,False,156647424,20260811,2909,14501,3304,32564,3240,completed,"[""cx"",""rz"",""h""]",slice-b-m32,8232,20.0,0.0,0.5419477500254288,0.413500374997966
4,8,cell-5f33bbf83dc44dedcc4d,pyzx_rewrite_identity_up_to_global_phase_v1,True,passed,tket_paulisimp,OpenQASM2 -> TKET DecomposeBoxes/AutoRebase/PauliSimp -> target basis,0.25,0.25,logical_all_to_all_no_routing,passed,data/runs/w4-matched-representation-20260802/cells/cell-5f33bbf83dc44dedcc4d/cell.log,32,2147483648,33,1066f10093e7cb52915194d4ae3745e40e768dbcbdde17102eade733c2b09d97,18,14,"['cx', 'h', 'rz']",224,66,4192d2ec78287e04252eb6eb447bfbc1bf61143d612eee2cc18464f840c15150,6698274c47160c89073540a0351c44ba8e174ccdf38b949685e9330cd82eb8b8,140,4,random_commuting_order,rep-e9b4c4c56783b03ef382,data/runs/w4-matched-representation-20260802/representations/rep-e9b4c4c56783b03ef382/representation_manifest.json,62156a0d92436b0fd70ce58e10ab918d08101fea08c392d4f3563043551a5936,False,156647424,20260812,2909,14501,3304,32564,3240,completed,"[""cx"",""rz"",""h""]",slice-b-m32,8232,20.0,0.0,0.5226463329745457,0.4086770419962704
4,8,cell-8792faab7cfe02bace80,pyzx_rewrite_identity_up_to_global_phase_v1,True,passed,echo_passthrough,literal input circuit -> output,0.25,0.25,logical_all_to_all_no_routing,passed,data/runs/w4-matched-representation-20260802/cells/cell-8792faab7cfe02bace80/cell.log,32,2147483648,33,6c7e18d6a9947382b13d46bbe0f46d9057bd8a743ff548d4df5eeaf64fda23fe,64,24,"['cx', 'rz']",96,0,2fe8877dce2e04b2a88a9876fc345e09844fd01eac9624d935a2656ecaaf9f5b,e14ddf2cebb4175696ea54ecbe1a96881f427d283189fe1210ce67edd7b17fc0,32,4,round_robin_flat,rep-e7787bb0dfb8da4cc672,data/runs/w4-matched-representation-20260802/representations/rep-e7787bb0dfb8da4cc672/representation_manifest.json,61782363b0e356ad3ef3db9bc342ab2341569f941a5e436aa70084be87a24210,False,106151936,20260811,2909,14495,1753,14507,1687,completed,"[""cx"",""rz"",""h""]",slice-b-m32,8232,20.0,0.0,0.2973855830496177,0.2004255410283804
4,8,cell-b378290dc4f9b9fdc835,pyzx_rewrite_identity_up_to_global_phase_v1,True,passed,echo_passthrough,literal input circuit -> output,0.25,0.25,logical_all_to_all_no_routing,passed,data/runs/w4-matched-representation-20260802/cells/cell-b378290dc4f9b9fdc835/cell.log,32,2147483648,33,6c7e18d6a9947382b13d46bbe0f46d9057bd8a743ff548d4df5eeaf64fda23fe,64,24,"['cx', 'rz']",96,0,2fe8877dce2e04b2a88a9876fc345e09844fd01eac9624d935a2656ecaaf9f5b,e14ddf2cebb4175696ea54ecbe1a96881f427d283189fe1210ce67edd7b17fc0,32,4,round_robin_flat,rep-b8024f28894c960dac68,data/runs/w4-matched-representation-20260802/representations/rep-b8024f28894c960dac68/representation_manifest.json,6e858516367537ee43188b1504e943d20535d85cf70cae59231d56e7a5b2a92f,False,106151936,20260812,2909,14495,1753,14507,1687,completed,"[""cx"",""rz"",""h""]",slice-b-m32,8232,20.0,0.0,0.3002725829137489,0.20357154100202024
4,8,cell-9f0a627507a30110da4f,pyzx_rewrite_identity_up_to_global_phase_v1,True,passed,full_aggregation,exact input parity/phase table -> canonical CNOT-Rz,0.25,0.25,logical_all_to_all_no_routing,passed,data/runs/w4-matched-representation-20260802/cells/cell-9f0a627507a30110da4f/cell.log,32,2147483648,33,066046f69cfa888212e5273438e91ebeca8218772a8d8b23798ff64ddb0f8a34,16,6,"['cx', 'rz']",24,0,8d01ca6ab77143552d0692a561ff8b4229540c0632bc5687d80d242ce79840e1,b57579d4868b587ccae5d3b08e219ab56f9f4c2806afdfbed1d623fc96ab7c15,8,4,round_robin_flat,rep-e7787bb0dfb8da4cc672,data/runs/w4-matched-representation-20260802/representations/rep-e7787bb0dfb8da4cc672/representation_manifest.json,61782363b0e356ad3ef3db9bc342ab2341569f941a5e436aa70084be87a24210,False,106004480,20260811,2909,14495,496,3414,430,completed,"[""cx"",""rz"",""h""]",slice-b-m32,8232,20.0,0.0,0.27893720904830843,0.19735804107040167
4,8,cell-824e86f458f32389f920,pyzx_rewrite_identity_up_to_global_phase_v1,True,passed,full_aggregation,exact input parity/phase table -> canonical CNOT-Rz,0.25,0.25,logical_all_to_all_no_routing,passed,data/runs/w4-matched-representation-20260802/cells/cell-824e86f458f32389f920/cell.log,32,2147483648,33,066046f69cfa888212e5273438e91ebeca8218772a8d8b23798ff64ddb0f8a34,16,6,"['cx', 'rz']",24,0,8d01ca6ab77143552d0692a561ff8b4229540c0632bc5687d80d242ce79840e1,b57579d4868b587ccae5d3b08e219ab56f9f4c2806afdfbed1d623fc96ab7c15,8,4,round_robin_flat,rep-b8024f28894c960dac68,data/runs/w4-matched-representation-20260802/representations/rep-b8024f28894c960dac68/representation_manifest.json,6e858516367537ee43188b1504e943d20535d85cf70cae59231d56e7a5b2a92f,False,106004480,20260812,2909,14495,496,3414,430,completed,"[""cx"",""rz"",""h""]",slice-b-m32,8232,20.0,0.0,0.2991335419937968,0.1978037499357015
4,8,cell-7cb9ed2859ef401a845d,pyzx_rewrite_identity_up_to_global_phase_v1,True,passed,pyzx_full_reduce,OpenQASM2 -> PyZX graph/full_reduce/extract -> target basis,0.25,0.25,logical_all_to_all_no_routing,passed,data/runs/w4-matched-representation-20260802/cells/cell-7cb9ed2859ef401a845d/cell.log,32,2147483648,33,416bb88072ef548dba35f49d5954d7f852f2884c6707f42bcedcdb43f9ebb72d,18,21,"['cx', 'h', 'rz']",108,82,542331069d0d04e6e774c2c8bdb6d550696576ef1b57d9624ded40fa06b4a368,35c6cfa84ff598791df25e8c181deca0bd3c4a66eee3a4de06a5094863760197,8,4,round_robin_flat,rep-e7787bb0dfb8da4cc672,data/runs/w4-matched-representation-20260802/representations/rep-e7787bb0dfb8da4cc672/representation_manifest.json,61782363b0e356ad3ef3db9bc342ab2341569f941a5e436aa70084be87a24210,False,108478464,20260811,2909,14495,1246,13730,1180,completed,"[""cx"",""rz"",""h""]",slice-b-m32,8232,20.0,0.0,0.32129145902581513,0.22196808399166912
4,8,cell-abd7019bfab0a0f30fd4,pyzx_rewrite_identity_up_to_global_phase_v1,True,passed,pyzx_full_reduce,OpenQASM2 -> PyZX graph/full_reduce/extract -> target basis,0.25,0.25,logical_all_to_all_no_routing,passed,data/runs/w4-matched-representation-20260802/cells/cell-abd7019bfab0a0f30fd4/cell.log,32,2147483648,33,416bb88072ef548dba35f49d5954d7f852f2884c6707f42bcedcdb43f9ebb72d,18,21,"['cx', 'h', 'rz']",108,82,542331069d0d04e6e774c2c8bdb6d550696576ef1b57d9624ded40fa06b4a368,35c6cfa84ff598791df25e8c181deca0bd3c4a66eee3a4de06a5094863760197,8,4,round_robin_flat,rep-b8024f28894c960dac68,data/runs/w4-matched-representation-20260802/representations/rep-b8024f28894c960dac68/representation_manifest.json,6e858516367537ee43188b1504e943d20535d85cf70cae59231d56e7a5b2a92f,False,108396544,20260812,2909,14495,1246,13730,1180,completed,"[""cx"",""rz"",""h""]",slice-b-m32,8232,20.0,0.0,0.30186487501487136,0.22107891598716378
4,8,cell-8d7750407c83a65da3e2,pyzx_rewrite_identity_up_to_global_phase_v1,True,passed,qiskit_opt3,OpenQASM2 -> Qiskit preset level 3 -> target basis,0.25,0.25,logical_all_to_all_no_routing,passed,data/runs/w4-matched-representation-20260802/cells/cell-8d7750407c83a65da3e2/cell.log,32,2147483648,33,b3c28d6c3fa68c0cda2bbb6529718253356ba98152610f70ff0f122d27512fb1,28,24,"['cx', 'rz']",42,0,ea6d9afb7c38bdac9cf583807c632f374b573a82fb1fe3eec4d93b3148fab629,b2b44646a1599e930c0d33105b4a27610a3595a15a3aa24ee7a0acfd9e9aa58c,14,4,round_robin_flat,rep-e7787bb0dfb8da4cc672,data/runs/w4-matched-representation-20260802/representations/rep-e7787bb0dfb8da4cc672/representation_manifest.json,61782363b0e356ad3ef3db9bc342ab2341569f941a5e436aa70084be87a24210,False,109084672,20260811,2909,14495,787,6191,726,completed,"[""cx"",""rz"",""h""]",slice-b-m32,8232,20.0,0.0,0.30000841699074954,0.2082029579905793
4,8,cell-195fe6c1a335673a3f11,pyzx_rewrite_identity_up_to_global_phase_v1,True,passed,qiskit_opt3,OpenQASM2 -> Qiskit preset level 3 -> target basis,0.25,0.25,logical_all_to_all_no_routing,passed,data/runs/w4-matched-representation-20260802/cells/cell-195fe6c1a335673a3f11/cell.log,32,2147483648,33,b3c28d6c3fa68c0cda2bbb6529718253356ba98152610f70ff0f122d27512fb1,28,24,"['cx', 'rz']",42,0,ea6d9afb7c38bdac9cf583807c632f374b573a82fb1fe3eec4d93b3148fab629,b2b44646a1599e930c0d33105b4a27610a3595a15a3aa24ee7a0acfd9e9aa58c,14,4,round_robin_flat,rep-b8024f28894c960dac68,data/runs/w4-matched-representation-20260802/representations/rep-b8024f28894c960dac68/representation_manifest.json,6e858516367537ee43188b1504e943d20535d85cf70cae59231d56e7a5b2a92f,False,109019136,20260812,2909,14495,787,6191,726,completed,"[""cx"",""rz"",""h""]",slice-b-m32,8232,20.0,0.0,0.30353400006424636,0.21001641696784645
4,8,cell-3064cd5f9704cac10cea,pyzx_rewrite_identity_up_to_global_phase_v1,True,passed,tket_paulisimp,OpenQASM2 -> TKET DecomposeBoxes/AutoRebase/PauliSimp -> target basis,0.25,0.25,logical_all_to_all_no_routing,passed,data/runs/w4-matched-representation-20260802/cells/cell-3064cd5f9704cac10cea/cell.log,32,2147483648,33,1066f10093e7cb52915194d4ae3745e40e768dbcbdde17102eade733c2b09d97,18,14,"['cx', 'h', 'rz']",224,66,4192d2ec78287e04252eb6eb447bfbc1bf61143d612eee2cc18464f840c15150,6698274c47160c89073540a0351c44ba8e174ccdf38b949685e9330cd82eb8b8,140,4,round_robin_flat,rep-e7787bb0dfb8da4cc672,data/runs/w4-matched-representation-20260802/representations/rep-e7787bb0dfb8da4cc672/representation_manifest.json,61782363b0e356ad3ef3db9bc342ab2341569f941a5e436aa70084be87a24210,False,156663808,20260811,2909,14495,3304,32564,3240,completed,"[""cx"",""rz"",""h""]",slice-b-m32,8232,20.0,0.0,0.5367845419095829,0.40984420804306865
4,8,cell-159308ff385aa46bf835,pyzx_rewrite_identity_up_to_global_phase_v1,True,passed,tket_paulisimp,OpenQASM2 -> TKET DecomposeBoxes/AutoRebase/PauliSimp -> target basis,0.25,0.25,logical_all_to_all_no_routing,passed,data/runs/w4-matched-representation-20260802/cells/cell-159308ff385aa46bf835/cell.log,32,2147483648,33,1066f10093e7cb52915194d4ae3745e40e768dbcbdde17102eade733c2b09d97,18,14,"['cx', 'h', 'rz']",224,66,4192d2ec78287e04252eb6eb447bfbc1bf61143d612eee2cc18464f840c15150,6698274c47160c89073540a0351c44ba8e174ccdf38b949685e9330cd82eb8b8,140,4,round_robin_flat,rep-b8024f28894c960dac68,data/runs/w4-matched-representation-20260802/representations/rep-b8024f28894c960dac68/representation_manifest.json,6e858516367537ee43188b1504e943d20535d85cf70cae59231d56e7a5b2a92f,False,156631040,20260812,2909,14495,3304,32564,3240,completed,"[""cx"",""rz"",""h""]",slice-b-m32,8232,20.0,0.0,0.5447891249787062,0.4164876249851659
4,8,cell-c4418c661bc1146ae719,pyzx_rewrite_identity_up_to_global_phase_v1,True,passed,echo_passthrough,literal input circuit -> output,0.25,0.25,logical_all_to_all_no_routing,passed,data/runs/w4-matched-representation-20260802/cells/cell-c4418c661bc1146ae719/cell.log,32,2147483648,33,e17fc79b96828c131409a05fce5e2fe7a481705420f2313713b8d1d2e6970c5f,16,6,"['cx', 'rz']",24,0,aee26fad992e81fb2f6011cee7847095f67c970aeefea78fc4511f51c2634a7c,b57579d4868b587ccae5d3b08e219ab56f9f4c2806afdfbed1d623fc96ab7c15,8,4,semantic_aggregate,rep-211186db5d679cdecdb7,data/runs/w4-matched-representation-20260802/representations/rep-211186db5d679cdecdb7/representation_manifest.json,9899325dbb72d2f3a8e0c121cc661a9c0dfef0e1ce7d5e81e80fddcf01daad87,False,106119168,20260811,844,3384,496,3394,430,completed,"[""cx"",""rz"",""h""]",slice-b-m32,8232,20.0,0.0,0.3033677089260891,0.1988794159842655
4,8,cell-354b67324d15d6a616c3,pyzx_rewrite_identity_up_to_global_phase_v1,True,passed,echo_passthrough,literal input circuit -> output,0.25,0.25,logical_all_to_all_no_routing,passed,data/runs/w4-matched-representation-20260802/cells/cell-354b67324d15d6a616c3/cell.log,32,2147483648,33,e17fc79b96828c131409a05fce5e2fe7a481705420f2313713b8d1d2e6970c5f,16,6,"['cx', 'rz']",24,0,aee26fad992e81fb2f6011cee7847095f67c970aeefea78fc4511f51c2634a7c,b57579d4868b587ccae5d3b08e219ab56f9f4c2806afdfbed1d623fc96ab7c15,8,4,semantic_aggregate,rep-93c270b5948ae5d60895,data/runs/w4-matched-representation-20260802/representations/rep-93c270b5948ae5d60895/representation_manifest.json,d346dd2ca4d4b1470a03e8ab915c73bb8b2d0184709e62c3680dbcbdfd09d47b,False,106119168,20260812,844,3384,496,3394,430,completed,"[""cx"",""rz"",""h""]",slice-b-m32,8232,20.0,0.0,0.30191708297934383,0.1991999999154359
4,8,cell-5ee8be678567271fe6d3,pyzx_rewrite_identity_up_to_global_phase_v1,True,passed,full_aggregation,exact input parity/phase table -> canonical CNOT-Rz,0.25,0.25,logical_all_to_all_no_routing,passed,data/runs/w4-matched-representation-20260802/cells/cell-5ee8be678567271fe6d3/cell.log,32,2147483648,33,066046f69cfa888212e5273438e91ebeca8218772a8d8b23798ff64ddb0f8a34,16,6,"['cx', 'rz']",24,0,8d01ca6ab77143552d0692a561ff8b4229540c0632bc5687d80d242ce79840e1,b57579d4868b587ccae5d3b08e219ab56f9f4c2806afdfbed1d623fc96ab7c15,8,4,semantic_aggregate,rep-211186db5d679cdecdb7,data/runs/w4-matched-representation-20260802/representations/rep-211186db5d679cdecdb7/representation_manifest.json,9899325dbb72d2f3a8e0c121cc661a9c0dfef0e1ce7d5e81e80fddcf01daad87,False,106037248,20260811,844,3384,496,3414,430,completed,"[""cx"",""rz"",""h""]",slice-b-m32,8232,20.0,0.0,0.2981656250776723,0.19658466696273535
4,8,cell-59442717451d1c107316,pyzx_rewrite_identity_up_to_global_phase_v1,True,passed,full_aggregation,exact input parity/phase table -> canonical CNOT-Rz,0.25,0.25,logical_all_to_all_no_routing,passed,data/runs/w4-matched-representation-20260802/cells/cell-59442717451d1c107316/cell.log,32,2147483648,33,066046f69cfa888212e5273438e91ebeca8218772a8d8b23798ff64ddb0f8a34,16,6,"['cx', 'rz']",24,0,8d01ca6ab77143552d0692a561ff8b4229540c0632bc5687d80d242ce79840e1,b57579d4868b587ccae5d3b08e219ab56f9f4c2806afdfbed1d623fc96ab7c15,8,4,semantic_aggregate,rep-93c270b5948ae5d60895,data/runs/w4-matched-representation-20260802/representations/rep-93c270b5948ae5d60895/representation_manifest.json,d346dd2ca4d4b1470a03e8ab915c73bb8b2d0184709e62c3680dbcbdfd09d47b,False,106020864,20260812,844,3384,496,3414,430,completed,"[""cx"",""rz"",""h""]",slice-b-m32,8232,20.0,0.0,0.29889279208146036,0.19877520902082324
4,8,cell-a029cbbbe1c8d76d0ed8,pyzx_rewrite_identity_up_to_global_phase_v1,True,passed,pyzx_full_reduce,OpenQASM2 -> PyZX graph/full_reduce/extract -> target basis,0.25,0.25,logical_all_to_all_no_routing,passed,data/runs/w4-matched-representation-20260802/cells/cell-a029cbbbe1c8d76d0ed8/cell.log,32,2147483648,33,416bb88072ef548dba35f49d5954d7f852f2884c6707f42bcedcdb43f9ebb72d,18,21,"['cx', 'h', 'rz']",108,82,542331069d0d04e6e774c2c8bdb6d550696576ef1b57d9624ded40fa06b4a368,35c6cfa84ff598791df25e8c181deca0bd3c4a66eee3a4de06a5094863760197,8,4,semantic_aggregate,rep-211186db5d679cdecdb7,data/runs/w4-matched-representation-20260802/representations/rep-211186db5d679cdecdb7/representation_manifest.json,9899325dbb72d2f3a8e0c121cc661a9c0dfef0e1ce7d5e81e80fddcf01daad87,False,108363776,20260811,844,3384,1246,13730,1180,completed,"[""cx"",""rz"",""h""]",slice-b-m32,8232,20.0,0.0,0.3228096660459414,0.2231460000621155
4,8,cell-f1e608e0276fe6068334,pyzx_rewrite_identity_up_to_global_phase_v1,True,passed,pyzx_full_reduce,OpenQASM2 -> PyZX graph/full_reduce/extract -> target basis,0.25,0.25,logical_all_to_all_no_routing,passed,data/runs/w4-matched-representation-20260802/cells/cell-f1e608e0276fe6068334/cell.log,32,2147483648,33,416bb88072ef548dba35f49d5954d7f852f2884c6707f42bcedcdb43f9ebb72d,18,21,"['cx', 'h', 'rz']",108,82,542331069d0d04e6e774c2c8bdb6d550696576ef1b57d9624ded40fa06b4a368,35c6cfa84ff598791df25e8c181deca0bd3c4a66eee3a4de06a5094863760197,8,4,semantic_aggregate,rep-93c270b5948ae5d60895,data/runs/w4-matched-representation-20260802/representations/rep-93c270b5948ae5d60895/representation_manifest.json,d346dd2ca4d4b1470a03e8ab915c73bb8b2d0184709e62c3680dbcbdfd09d47b,False,108347392,20260812,844,3384,1246,13730,1180,completed,"[""cx"",""rz"",""h""]",slice-b-m32,8232,20.0,0.0,0.32353662501554936,0.22379270801320672
4,8,cell-2808be41733f5915b4a6,pyzx_rewrite_identity_up_to_global_phase_v1,True,passed,qiskit_opt3,OpenQASM2 -> Qiskit preset level 3 -> target basis,0.25,0.25,logical_all_to_all_no_routing,passed,data/runs/w4-matched-representation-20260802/cells/cell-2808be41733f5915b4a6/cell.log,32,2147483648,33,de14febd08175d7e62963c4c32e8098cb582a03893e9b6cccd1d5c0ce427dfbd,16,6,"['cx', 'rz']",24,0,ab452bceae961f1afef635e1d7750702dbf25355732636ae38a9df8747d3556f,b57579d4868b587ccae5d3b08e219ab56f9f4c2806afdfbed1d623fc96ab7c15,8,4,semantic_aggregate,rep-211186db5d679cdecdb7,data/runs/w4-matched-representation-20260802/representations/rep-211186db5d679cdecdb7/representation_manifest.json,9899325dbb72d2f3a8e0c121cc661a9c0dfef0e1ce7d5e81e80fddcf01daad87,False,109051904,20260811,844,3384,491,3413,430,completed,"[""cx"",""rz"",""h""]",slice-b-m32,8232,20.0,0.0,0.29917033307719976,0.2072497089393437
4,8,cell-eb71744e321e2400605e,pyzx_rewrite_identity_up_to_global_phase_v1,True,passed,qiskit_opt3,OpenQASM2 -> Qiskit preset level 3 -> target basis,0.25,0.25,logical_all_to_all_no_routing,passed,data/runs/w4-matched-representation-20260802/cells/cell-eb71744e321e2400605e/cell.log,32,2147483648,33,de14febd08175d7e62963c4c32e8098cb582a03893e9b6cccd1d5c0ce427dfbd,16,6,"['cx', 'rz']",24,0,ab452bceae961f1afef635e1d7750702dbf25355732636ae38a9df8747d3556f,b57579d4868b587ccae5d3b08e219ab56f9f4c2806afdfbed1d623fc96ab7c15,8,4,semantic_aggregate,rep-93c270b5948ae5d60895,data/runs/w4-matched-representation-20260802/representations/rep-93c270b5948ae5d60895/representation_manifest.json,d346dd2ca4d4b1470a03e8ab915c73bb8b2d0184709e62c3680dbcbdfd09d47b,False,109084672,20260812,844,3384,491,3413,430,completed,"[""cx"",""rz"",""h""]",slice-b-m32,8232,20.0,0.0,0.2989550840575248,0.20655899995472282
4,8,cell-1074aea7e15d83830fc3,pyzx_rewrite_identity_up_to_global_phase_v1,True,passed,tket_paulisimp,OpenQASM2 -> TKET DecomposeBoxes/AutoRebase/PauliSimp -> target basis,0.25,0.25,logical_all_to_all_no_routing,passed,data/runs/w4-matched-representation-20260802/cells/cell-1074aea7e15d83830fc3/cell.log,32,2147483648,33,1066f10093e7cb52915194d4ae3745e40e768dbcbdde17102eade733c2b09d97,18,14,"['cx', 'h', 'rz']",224,66,4192d2ec78287e04252eb6eb447bfbc1bf61143d612eee2cc18464f840c15150,6698274c47160c89073540a0351c44ba8e174ccdf38b949685e9330cd82eb8b8,140,4,semantic_aggregate,rep-211186db5d679cdecdb7,data/runs/w4-matched-representation-20260802/representations/rep-211186db5d679cdecdb7/representation_manifest.json,9899325dbb72d2f3a8e0c121cc661a9c0dfef0e1ce7d5e81e80fddcf01daad87,False,156467200,20260811,844,3384,3304,32564,3240,completed,"[""cx"",""rz"",""h""]",slice-b-m32,8232,20.0,0.0,0.5224398749414831,0.40986937505658716
4,8,cell-31610d892d35072ce4a9,pyzx_rewrite_identity_up_to_global_phase_v1,True,passed,tket_paulisimp,OpenQASM2 -> TKET DecomposeBoxes/AutoRebase/PauliSimp -> target basis,0.25,0.25,logical_all_to_all_no_routing,passed,data/runs/w4-matched-representation-20260802/cells/cell-31610d892d35072ce4a9/cell.log,32,2147483648,33,1066f10093e7cb52915194d4ae3745e40e768dbcbdde17102eade733c2b09d97,18,14,"['cx', 'h', 'rz']",224,66,4192d2ec78287e04252eb6eb447bfbc1bf61143d612eee2cc18464f840c15150,6698274c47160c89073540a0351c44ba8e174ccdf38b949685e9330cd82eb8b8,140,4,semantic_aggregate,rep-93c270b5948ae5d60895,data/runs/w4-matched-representation-20260802/representations/rep-93c270b5948ae5d60895/representation_manifest.json,d346dd2ca4d4b1470a03e8ab915c73bb8b2d0184709e62c3680dbcbdfd09d47b,False,156336128,20260812,844,3384,3304,32564,3240,completed,"[""cx"",""rz"",""h""]",slice-b-m32,8232,20.0,0.0,0.5231456250185147,0.4103314579697326
4,8,cell-c17f4908246e5313e0ba,pyzx_rewrite_identity_up_to_global_phase_v1,True,passed,echo_passthrough,literal input circuit -> output,0.25,0.25,logical_all_to_all_no_routing,passed,data/runs/w4-matched-representation-20260802/cells/cell-c17f4908246e5313e0ba/cell.log,32,2147483648,33,28c36709cc2180469dc978ee8f91b9bae914e1d806698aeb6d4b41ca2beaf546,16,6,"['cx', 'rz']",24,0,f2a636ce43887e1bfc83cd800e2d56e3287083dfab8286b720dc96fbe68cad8f,37ba6069784a020088f9e026f8533e044e71fe12d8848a6b7a82d6372e19b58b,8,4,tket_bridge,rep-4c48b0e601a779ce2467,data/runs/w4-matched-representation-20260802/representations/rep-4c48b0e601a779ce2467/representation_manifest.json,03676e1036f77982422ed09dbede5f287d0fe20e4e9539a5c8a3ad534152b82e,False,106070016,20260811,536,3377,496,3394,430,completed,"[""cx"",""rz"",""h""]",slice-b-m32,8232,20.0,0.0,0.297788541065529,0.19733616709709167
4,8,cell-1b1ee68d6e8dabd047bc,pyzx_rewrite_identity_up_to_global_phase_v1,True,passed,echo_passthrough,literal input circuit -> output,0.25,0.25,logical_all_to_all_no_routing,passed,data/runs/w4-matched-representation-20260802/cells/cell-1b1ee68d6e8dabd047bc/cell.log,32,2147483648,33,28c36709cc2180469dc978ee8f91b9bae914e1d806698aeb6d4b41ca2beaf546,16,6,"['cx', 'rz']",24,0,f2a636ce43887e1bfc83cd800e2d56e3287083dfab8286b720dc96fbe68cad8f,37ba6069784a020088f9e026f8533e044e71fe12d8848a6b7a82d6372e19b58b,8,4,tket_bridge,rep-6f5a1bb42050ff19218c,data/runs/w4-matched-representation-20260802/representations/rep-6f5a1bb42050ff19218c/representation_manifest.json,0e853788b270e51187a9f3bfb0c8d627b96d046b259dd080c2e4f326bcd264fd,False,106151936,20260812,536,3377,496,3394,430,completed,"[""cx"",""rz"",""h""]",slice-b-m32,8232,20.0,0.0,0.29687495809048414,0.2001615830231458
4,8,cell-84c5177c9d6e709c53c1,pyzx_rewrite_identity_up_to_global_phase_v1,True,passed,full_aggregation,exact input parity/phase table -> canonical CNOT-Rz,0.25,0.25,logical_all_to_all_no_routing,passed,data/runs/w4-matched-representation-20260802/cells/cell-84c5177c9d6e709c53c1/cell.log,32,2147483648,33,066046f69cfa888212e5273438e91ebeca8218772a8d8b23798ff64ddb0f8a34,16,6,"['cx', 'rz']",24,0,8d01ca6ab77143552d0692a561ff8b4229540c0632bc5687d80d242ce79840e1,b57579d4868b587ccae5d3b08e219ab56f9f4c2806afdfbed1d623fc96ab7c15,8,4,tket_bridge,rep-4c48b0e601a779ce2467,data/runs/w4-matched-representation-20260802/representations/rep-4c48b0e601a779ce2467/representation_manifest.json,03676e1036f77982422ed09dbede5f287d0fe20e4e9539a5c8a3ad534152b82e,False,105988096,20260811,536,3377,496,3414,430,completed,"[""cx"",""rz"",""h""]",slice-b-m32,8232,20.0,0.0,0.2789207500172779,0.19672983302734792
4,8,cell-da68f5d992e7216e2442,pyzx_rewrite_identity_up_to_global_phase_v1,True,passed,full_aggregation,exact input parity/phase table -> canonical CNOT-Rz,0.25,0.25,logical_all_to_all_no_routing,passed,data/runs/w4-matched-representation-20260802/cells/cell-da68f5d992e7216e2442/cell.log,32,2147483648,33,066046f69cfa888212e5273438e91ebeca8218772a8d8b23798ff64ddb0f8a34,16,6,"['cx', 'rz']",24,0,8d01ca6ab77143552d0692a561ff8b4229540c0632bc5687d80d242ce79840e1,b57579d4868b587ccae5d3b08e219ab56f9f4c2806afdfbed1d623fc96ab7c15,8,4,tket_bridge,rep-6f5a1bb42050ff19218c,data/runs/w4-matched-representation-20260802/representations/rep-6f5a1bb42050ff19218c/representation_manifest.json,0e853788b270e51187a9f3bfb0c8d627b96d046b259dd080c2e4f326bcd264fd,False,106020864,20260812,536,3377,496,3414,430,completed,"[""cx"",""rz"",""h""]",slice-b-m32,8232,20.0,0.0,0.29617045796476305,0.20016212505288422
4,8,cell-89cfda53068b02c69c0e,pyzx_rewrite_identity_up_to_global_phase_v1,True,passed,pyzx_full_reduce,OpenQASM2 -> PyZX graph/full_reduce/extract -> target basis,0.25,0.25,logical_all_to_all_no_routing,passed,data/runs/w4-matched-representation-20260802/cells/cell-89cfda53068b02c69c0e/cell.log,32,2147483648,33,416bb88072ef548dba35f49d5954d7f852f2884c6707f42bcedcdb43f9ebb72d,18,21,"['cx', 'h', 'rz']",108,82,542331069d0d04e6e774c2c8bdb6d550696576ef1b57d9624ded40fa06b4a368,35c6cfa84ff598791df25e8c181deca0bd3c4a66eee3a4de06a5094863760197,8,4,tket_bridge,rep-4c48b0e601a779ce2467,data/runs/w4-matched-representation-20260802/representations/rep-4c48b0e601a779ce2467/representation_manifest.json,03676e1036f77982422ed09dbede5f287d0fe20e4e9539a5c8a3ad534152b82e,False,108445696,20260811,536,3377,1246,13730,1180,completed,"[""cx"",""rz"",""h""]",slice-b-m32,8232,20.0,0.0,0.32092624995857477,0.2170194589998573
4,8,cell-74f7dcfb12d77cc5a64e,pyzx_rewrite_identity_up_to_global_phase_v1,True,passed,pyzx_full_reduce,OpenQASM2 -> PyZX graph/full_reduce/extract -> target basis,0.25,0.25,logical_all_to_all_no_routing,passed,data/runs/w4-matched-representation-20260802/cells/cell-74f7dcfb12d77cc5a64e/cell.log,32,2147483648,33,416bb88072ef548dba35f49d5954d7f852f2884c6707f42bcedcdb43f9ebb72d,18,21,"['cx', 'h', 'rz']",108,82,542331069d0d04e6e774c2c8bdb6d550696576ef1b57d9624ded40fa06b4a368,35c6cfa84ff598791df25e8c181deca0bd3c4a66eee3a4de06a5094863760197,8,4,tket_bridge,rep-6f5a1bb42050ff19218c,data/runs/w4-matched-representation-20260802/representations/rep-6f5a1bb42050ff19218c/representation_manifest.json,0e853788b270e51187a9f3bfb0c8d627b96d046b259dd080c2e4f326bcd264fd,False,108380160,20260812,536,3377,1246,13730,1180,completed,"[""cx"",""rz"",""h""]",slice-b-m32,8232,20.0,0.0,0.2971786670386791,0.21453350002411753
4,8,cell-e3109e59637cbafe5428,pyzx_rewrite_identity_up_to_global_phase_v1,True,passed,qiskit_opt3,OpenQASM2 -> Qiskit preset level 3 -> target basis,0.25,0.25,logical_all_to_all_no_routing,passed,data/runs/w4-matched-representation-20260802/cells/cell-e3109e59637cbafe5428/cell.log,32,2147483648,33,de14febd08175d7e62963c4c32e8098cb582a03893e9b6cccd1d5c0ce427dfbd,16,6,"['cx', 'rz']",24,0,ab452bceae961f1afef635e1d7750702dbf25355732636ae38a9df8747d3556f,b57579d4868b587ccae5d3b08e219ab56f9f4c2806afdfbed1d623fc96ab7c15,8,4,tket_bridge,rep-4c48b0e601a779ce2467,data/runs/w4-matched-representation-20260802/representations/rep-4c48b0e601a779ce2467/representation_manifest.json,03676e1036f77982422ed09dbede5f287d0fe20e4e9539a5c8a3ad534152b82e,False,108937216,20260811,536,3377,491,3413,430,completed,"[""cx"",""rz"",""h""]",slice-b-m32,8232,20.0,0.0,0.3028504999820143,0.20883187500294298
4,8,cell-2616076881795be90048,pyzx_rewrite_identity_up_to_global_phase_v1,True,passed,qiskit_opt3,OpenQASM2 -> Qiskit preset level 3 -> target basis,0.25,0.25,logical_all_to_all_no_routing,passed,data/runs/w4-matched-representation-20260802/cells/cell-2616076881795be90048/cell.log,32,2147483648,33,de14febd08175d7e62963c4c32e8098cb582a03893e9b6cccd1d5c0ce427dfbd,16,6,"['cx', 'rz']",24,0,ab452bceae961f1afef635e1d7750702dbf25355732636ae38a9df8747d3556f,b57579d4868b587ccae5d3b08e219ab56f9f4c2806afdfbed1d623fc96ab7c15,8,4,tket_bridge,rep-6f5a1bb42050ff19218c,data/runs/w4-matched-representation-20260802/representations/rep-6f5a1bb42050ff19218c/representation_manifest.json,0e853788b270e51187a9f3bfb0c8d627b96d046b259dd080c2e4f326bcd264fd,False,109068288,20260812,536,3377,491,3413,430,completed,"[""cx"",""rz"",""h""]",slice-b-m32,8232,20.0,0.0,0.29902658297214657,0.20856870792340487
4,8,cell-7738010cfd6f57701368,pyzx_rewrite_identity_up_to_global_phase_v1,True,passed,tket_paulisimp,OpenQASM2 -> TKET DecomposeBoxes/AutoRebase/PauliSimp -> target basis,0.25,0.25,logical_all_to_all_no_routing,passed,data/runs/w4-matched-representation-20260802/cells/cell-7738010cfd6f57701368/cell.log,32,2147483648,33,1066f10093e7cb52915194d4ae3745e40e768dbcbdde17102eade733c2b09d97,18,14,"['cx', 'h', 'rz']",224,66,4192d2ec78287e04252eb6eb447bfbc1bf61143d612eee2cc18464f840c15150,6698274c47160c89073540a0351c44ba8e174ccdf38b949685e9330cd82eb8b8,140,4,tket_bridge,rep-4c48b0e601a779ce2467,data/runs/w4-matched-representation-20260802/representations/rep-4c48b0e601a779ce2467/representation_manifest.json,03676e1036f77982422ed09dbede5f287d0fe20e4e9539a5c8a3ad534152b82e,False,156598272,20260811,536,3377,3304,32564,3240,completed,"[""cx"",""rz"",""h""]",slice-b-m32,8232,20.0,0.0,0.5393309999490157,0.4123465419979766
4,8,cell-45f92d4d31afffb88466,pyzx_rewrite_identity_up_to_global_phase_v1,True,passed,tket_paulisimp,OpenQASM2 -> TKET DecomposeBoxes/AutoRebase/PauliSimp -> target basis,0.25,0.25,logical_all_to_all_no_routing,passed,data/runs/w4-matched-representation-20260802/cells/cell-45f92d4d31afffb88466/cell.log,32,2147483648,33,1066f10093e7cb52915194d4ae3745e40e768dbcbdde17102eade733c2b09d97,18,14,"['cx', 'h', 'rz']",224,66,4192d2ec78287e04252eb6eb447bfbc1bf61143d612eee2cc18464f840c15150,6698274c47160c89073540a0351c44ba8e174ccdf38b949685e9330cd82eb8b8,140,4,tket_bridge,rep-6f5a1bb42050ff19218c,data/runs/w4-matched-representation-20260802/representations/rep-6f5a1bb42050ff19218c/representation_manifest.json,0e853788b270e51187a9f3bfb0c8d627b96d046b259dd080c2e4f326bcd264fd,False,156729344,20260812,536,3377,3304,32564,3240,completed,"[""cx"",""rz"",""h""]",slice-b-m32,8232,20.0,0.0,0.5319933749269694,0.409857084043324
4,8,cell-b1084c6bcac8c366004d,pyzx_rewrite_identity_up_to_global_phase_v1,True,passed,echo_passthrough,literal input circuit -> output,0.25,0.25,logical_all_to_all_no_routing,passed,data/runs/w4-matched-representation-20260802/cells/cell-b1084c6bcac8c366004d/cell.log,32,2147483648,33,e17fc79b96828c131409a05fce5e2fe7a481705420f2313713b8d1d2e6970c5f,16,6,"['cx', 'rz']",24,0,aee26fad992e81fb2f6011cee7847095f67c970aeefea78fc4511f51c2634a7c,b57579d4868b587ccae5d3b08e219ab56f9f4c2806afdfbed1d623fc96ab7c15,8,4,zx_bridge,rep-8226f2d691c7239e5217,data/runs/w4-matched-representation-20260802/representations/rep-8226f2d691c7239e5217/representation_manifest.json,42a0d0c9c1317789850cae70dc42a3bec440f01f71f670a80878b1b3fa3bdc84,False,106119168,20260811,557,3375,496,3394,430,completed,"[""cx"",""rz"",""h""]",slice-b-m32,8232,20.0,0.0,0.2975315829971805,0.1954807499423623
4,8,cell-2658071d859c7aad1812,pyzx_rewrite_identity_up_to_global_phase_v1,True,passed,echo_passthrough,literal input circuit -> output,0.25,0.25,logical_all_to_all_no_routing,passed,data/runs/w4-matched-representation-20260802/cells/cell-2658071d859c7aad1812/cell.log,32,2147483648,33,e17fc79b96828c131409a05fce5e2fe7a481705420f2313713b8d1d2e6970c5f,16,6,"['cx', 'rz']",24,0,aee26fad992e81fb2f6011cee7847095f67c970aeefea78fc4511f51c2634a7c,b57579d4868b587ccae5d3b08e219ab56f9f4c2806afdfbed1d623fc96ab7c15,8,4,zx_bridge,rep-b396addf6a1865f33de0,data/runs/w4-matched-representation-20260802/representations/rep-b396addf6a1865f33de0/representation_manifest.json,9958ca24ba05802161a5eaa918c839f3e4a0fa5f4c77b07dc01e7ba7734537cf,False,106086400,20260812,557,3375,496,3394,430,completed,"[""cx"",""rz"",""h""]",slice-b-m32,8232,20.0,0.0,0.2982759579317644,0.19894433300942183
4,8,cell-ba99404cc374f3e8dd7a,pyzx_rewrite_identity_up_to_global_phase_v1,True,passed,full_aggregation,exact input parity/phase table -> canonical CNOT-Rz,0.25,0.25,logical_all_to_all_no_routing,passed,data/runs/w4-matched-representation-20260802/cells/cell-ba99404cc374f3e8dd7a/cell.log,32,2147483648,33,066046f69cfa888212e5273438e91ebeca8218772a8d8b23798ff64ddb0f8a34,16,6,"['cx', 'rz']",24,0,8d01ca6ab77143552d0692a561ff8b4229540c0632bc5687d80d242ce79840e1,b57579d4868b587ccae5d3b08e219ab56f9f4c2806afdfbed1d623fc96ab7c15,8,4,zx_bridge,rep-8226f2d691c7239e5217,data/runs/w4-matched-representation-20260802/representations/rep-8226f2d691c7239e5217/representation_manifest.json,42a0d0c9c1317789850cae70dc42a3bec440f01f71f670a80878b1b3fa3bdc84,False,106135552,20260811,557,3375,496,3414,430,completed,"[""cx"",""rz"",""h""]",slice-b-m32,8232,20.0,0.0,0.2964860419742763,0.19901683297939599
4,8,cell-77d70d2a08f57403969d,pyzx_rewrite_identity_up_to_global_phase_v1,True,passed,full_aggregation,exact input parity/phase table -> canonical CNOT-Rz,0.25,0.25,logical_all_to_all_no_routing,passed,data/runs/w4-matched-representation-20260802/cells/cell-77d70d2a08f57403969d/cell.log,32,2147483648,33,066046f69cfa888212e5273438e91ebeca8218772a8d8b23798ff64ddb0f8a34,16,6,"['cx', 'rz']",24,0,8d01ca6ab77143552d0692a561ff8b4229540c0632bc5687d80d242ce79840e1,b57579d4868b587ccae5d3b08e219ab56f9f4c2806afdfbed1d623fc96ab7c15,8,4,zx_bridge,rep-b396addf6a1865f33de0,data/runs/w4-matched-representation-20260802/representations/rep-b396addf6a1865f33de0/representation_manifest.json,9958ca24ba05802161a5eaa918c839f3e4a0fa5f4c77b07dc01e7ba7734537cf,False,105922560,20260812,557,3375,496,3414,430,completed,"[""cx"",""rz"",""h""]",slice-b-m32,8232,20.0,0.0,0.30119866703171283,0.19733579200692475
4,8,cell-b1d56af65234a7cc695a,pyzx_rewrite_identity_up_to_global_phase_v1,True,passed,pyzx_full_reduce,OpenQASM2 -> PyZX graph/full_reduce/extract -> target basis,0.25,0.25,logical_all_to_all_no_routing,passed,data/runs/w4-matched-representation-20260802/cells/cell-b1d56af65234a7cc695a/cell.log,32,2147483648,33,416bb88072ef548dba35f49d5954d7f852f2884c6707f42bcedcdb43f9ebb72d,18,21,"['cx', 'h', 'rz']",108,82,542331069d0d04e6e774c2c8bdb6d550696576ef1b57d9624ded40fa06b4a368,35c6cfa84ff598791df25e8c181deca0bd3c4a66eee3a4de06a5094863760197,8,4,zx_bridge,rep-8226f2d691c7239e5217,data/runs/w4-matched-representation-20260802/representations/rep-8226f2d691c7239e5217/representation_manifest.json,42a0d0c9c1317789850cae70dc42a3bec440f01f71f670a80878b1b3fa3bdc84,False,108724224,20260811,557,3375,1246,13730,1180,completed,"[""cx"",""rz"",""h""]",slice-b-m32,8232,20.0,0.0,0.42385404102969915,0.3079731250181794
4,8,cell-26589684b120e138e3ac,pyzx_rewrite_identity_up_to_global_phase_v1,True,passed,pyzx_full_reduce,OpenQASM2 -> PyZX graph/full_reduce/extract -> target basis,0.25,0.25,logical_all_to_all_no_routing,passed,data/runs/w4-matched-representation-20260802/cells/cell-26589684b120e138e3ac/cell.log,32,2147483648,33,416bb88072ef548dba35f49d5954d7f852f2884c6707f42bcedcdb43f9ebb72d,18,21,"['cx', 'h', 'rz']",108,82,542331069d0d04e6e774c2c8bdb6d550696576ef1b57d9624ded40fa06b4a368,35c6cfa84ff598791df25e8c181deca0bd3c4a66eee3a4de06a5094863760197,8,4,zx_bridge,rep-b396addf6a1865f33de0,data/runs/w4-matched-representation-20260802/representations/rep-b396addf6a1865f33de0/representation_manifest.json,9958ca24ba05802161a5eaa918c839f3e4a0fa5f4c77b07dc01e7ba7734537cf,False,108544000,20260812,557,3375,1246,13730,1180,completed,"[""cx"",""rz"",""h""]",slice-b-m32,8232,20.0,0.0,0.4000870418967679,0.2624960000393912
4,8,cell-566b6873b99add3b53a8,pyzx_rewrite_identity_up_to_global_phase_v1,True,passed,qiskit_opt3,OpenQASM2 -> Qiskit preset level 3 -> target basis,0.25,0.25,logical_all_to_all_no_routing,passed,data/runs/w4-matched-representation-20260802/cells/cell-566b6873b99add3b53a8/cell.log,32,2147483648,33,de14febd08175d7e62963c4c32e8098cb582a03893e9b6cccd1d5c0ce427dfbd,16,6,"['cx', 'rz']",24,0,ab452bceae961f1afef635e1d7750702dbf25355732636ae38a9df8747d3556f,b57579d4868b587ccae5d3b08e219ab56f9f4c2806afdfbed1d623fc96ab7c15,8,4,zx_bridge,rep-8226f2d691c7239e5217,data/runs/w4-matched-representation-20260802/representations/rep-8226f2d691c7239e5217/representation_manifest.json,42a0d0c9c1317789850cae70dc42a3bec440f01f71f670a80878b1b3fa3bdc84,False,109101056,20260811,557,3375,491,3413,430,completed,"[""cx"",""rz"",""h""]",slice-b-m32,8232,20.0,0.0,0.396907375077717,0.25039549998473376
4,8,cell-78ef4c996ab79475ea68,pyzx_rewrite_identity_up_to_global_phase_v1,True,passed,qiskit_opt3,OpenQASM2 -> Qiskit preset level 3 -> target basis,0.25,0.25,logical_all_to_all_no_routing,passed,data/runs/w4-matched-representation-20260802/cells/cell-78ef4c996ab79475ea68/cell.log,32,2147483648,33,de14febd08175d7e62963c4c32e8098cb582a03893e9b6cccd1d5c0ce427dfbd,16,6,"['cx', 'rz']",24,0,ab452bceae961f1afef635e1d7750702dbf25355732636ae38a9df8747d3556f,b57579d4868b587ccae5d3b08e219ab56f9f4c2806afdfbed1d623fc96ab7c15,8,4,zx_bridge,rep-b396addf6a1865f33de0,data/runs/w4-matched-representation-20260802/representations/rep-b396addf6a1865f33de0/representation_manifest.json,9958ca24ba05802161a5eaa918c839f3e4a0fa5f4c77b07dc01e7ba7734537cf,False,109412352,20260812,557,3375,491,3413,430,completed,"[""cx"",""rz"",""h""]",slice-b-m32,8232,20.0,0.0,0.40162345906719565,0.26079550001304597
4,8,cell-f52448d70f23306f104c,pyzx_rewrite_identity_up_to_global_phase_v1,True,passed,tket_paulisimp,OpenQASM2 -> TKET DecomposeBoxes/AutoRebase/PauliSimp -> target basis,0.25,0.25,logical_all_to_all_no_routing,passed,data/runs/w4-matched-representation-20260802/cells/cell-f52448d70f23306f104c/cell.log,32,2147483648,33,1066f10093e7cb52915194d4ae3745e40e768dbcbdde17102eade733c2b09d97,18,14,"['cx', 'h', 'rz']",224,66,4192d2ec78287e04252eb6eb447bfbc1bf61143d612eee2cc18464f840c15150,6698274c47160c89073540a0351c44ba8e174ccdf38b949685e9330cd82eb8b8,140,4,zx_bridge,rep-8226f2d691c7239e5217,data/runs/w4-matched-representation-20260802/representations/rep-8226f2d691c7239e5217/representation_manifest.json,42a0d0c9c1317789850cae70dc42a3bec440f01f71f670a80878b1b3fa3bdc84,False,156860416,20260811,557,3375,3304,32564,3240,completed,"[""cx"",""rz"",""h""]",slice-b-m32,8232,20.0,0.0,0.6332764580147341,0.4729042920516804
4,8,cell-408686309c6bc4265972,pyzx_rewrite_identity_up_to_global_phase_v1,True,passed,tket_paulisimp,OpenQASM2 -> TKET DecomposeBoxes/AutoRebase/PauliSimp -> target basis,0.25,0.25,logical_all_to_all_no_routing,passed,data/runs/w4-matched-representation-20260802/cells/cell-408686309c6bc4265972/cell.log,32,2147483648,33,1066f10093e7cb52915194d4ae3745e40e768dbcbdde17102eade733c2b09d97,18,14,"['cx', 'h', 'rz']",224,66,4192d2ec78287e04252eb6eb447bfbc1bf61143d612eee2cc18464f840c15150,6698274c47160c89073540a0351c44ba8e174ccdf38b949685e9330cd82eb8b8,140,4,zx_bridge,rep-b396addf6a1865f33de0,data/runs/w4-matched-representation-20260802/representations/rep-b396addf6a1865f33de0/representation_manifest.json,9958ca24ba05802161a5eaa918c839f3e4a0fa5f4c77b07dc01e7ba7734537cf,False,156549120,20260812,557,3375,3304,32564,3240,completed,"[""cx"",""rz"",""h""]",slice-b-m32,8232,20.0,0.0,0.5831750419456512,0.4406832919921726
4,16,cell-353a60705f98163149fd,pyzx_rewrite_identity_up_to_global_phase_v1,True,passed,echo_passthrough,literal input circuit -> output,0.25,0.25,logical_all_to_all_no_routing,passed,data/runs/w4-matched-representation-20260802/cells/cell-353a60705f98163149fd/cell.log,64,2147483648,65,db03698871e9b8b91d9ed587375fca87850b11196e20fb4ed9d1c814da82cee8,128,36,"['cx', 'rz']",192,0,661b27f9e77a550924d15005dd7df9c6fd5dece5cdffd72e3fc47d90c5cd2410,c3625fff85ee16c78bd5b3906e121e31416097faf6305cc53b0d0205e7dcf425,64,4,contiguous_flat,rep-a66037c158ab430dd12f,data/runs/w4-matched-representation-20260802/representations/rep-a66037c158ab430dd12f/representation_manifest.json,59a4d1c461bf103f4e951823d5003f5c227f0a704b51cb978dbfc8572a1a1b65,False,106463232,20260811,5725,29275,3225,29288,3159,completed,"[""cx"",""rz"",""h""]",slice-b-m64,8264,20.0,0.0,0.3316021669888869,0.23015504202339798
4,16,cell-02a47d5ac789645f27d9,pyzx_rewrite_identity_up_to_global_phase_v1,True,passed,echo_passthrough,literal input circuit -> output,0.25,0.25,logical_all_to_all_no_routing,passed,data/runs/w4-matched-representation-20260802/cells/cell-02a47d5ac789645f27d9/cell.log,64,2147483648,65,db03698871e9b8b91d9ed587375fca87850b11196e20fb4ed9d1c814da82cee8,128,36,"['cx', 'rz']",192,0,661b27f9e77a550924d15005dd7df9c6fd5dece5cdffd72e3fc47d90c5cd2410,c3625fff85ee16c78bd5b3906e121e31416097faf6305cc53b0d0205e7dcf425,64,4,contiguous_flat,rep-4407571777e880b82f3e,data/runs/w4-matched-representation-20260802/representations/rep-4407571777e880b82f3e/representation_manifest.json,2e24a04913dc9e1f91a24f3794fb8f65318b296410aed301804a77adb9899165,False,106479616,20260812,5725,29275,3225,29288,3159,completed,"[""cx"",""rz"",""h""]",slice-b-m64,8264,20.0,0.0,0.339406416984275,0.2290997909149155
4,16,cell-3a64eea4a67fa26f4881,pyzx_rewrite_identity_up_to_global_phase_v1,True,passed,full_aggregation,exact input parity/phase table -> canonical CNOT-Rz,0.25,0.25,logical_all_to_all_no_routing,passed,data/runs/w4-matched-representation-20260802/cells/cell-3a64eea4a67fa26f4881/cell.log,64,2147483648,65,2b01fa962d420537bbf272c21c7ed8f6445c9d51d966319c0f58e948513e57f6,32,9,"['cx', 'rz']",48,0,731a545186c24487dc2119ee6ee2e7c29c966a13db1db66fedf9e5ad15783fcd,c597be19919d10886bab8b3734d8640e2a4efd41208e302d41e134d93a784122,16,4,contiguous_flat,rep-a66037c158ab430dd12f,data/runs/w4-matched-representation-20260802/representations/rep-a66037c158ab430dd12f/representation_manifest.json,59a4d1c461bf103f4e951823d5003f5c227f0a704b51cb978dbfc8572a1a1b65,False,106266624,20260811,5725,29275,871,6821,805,completed,"[""cx"",""rz"",""h""]",slice-b-m64,8264,20.0,0.0,0.33406658307649195,0.22156624996569008
4,16,cell-13116f7eb7db21b52836,pyzx_rewrite_identity_up_to_global_phase_v1,True,passed,full_aggregation,exact input parity/phase table -> canonical CNOT-Rz,0.25,0.25,logical_all_to_all_no_routing,passed,data/runs/w4-matched-representation-20260802/cells/cell-13116f7eb7db21b52836/cell.log,64,2147483648,65,2b01fa962d420537bbf272c21c7ed8f6445c9d51d966319c0f58e948513e57f6,32,9,"['cx', 'rz']",48,0,731a545186c24487dc2119ee6ee2e7c29c966a13db1db66fedf9e5ad15783fcd,c597be19919d10886bab8b3734d8640e2a4efd41208e302d41e134d93a784122,16,4,contiguous_flat,rep-4407571777e880b82f3e,data/runs/w4-matched-representation-20260802/representations/rep-4407571777e880b82f3e/representation_manifest.json,2e24a04913dc9e1f91a24f3794fb8f65318b296410aed301804a77adb9899165,False,106184704,20260812,5725,29275,871,6821,805,completed,"[""cx"",""rz"",""h""]",slice-b-m64,8264,20.0,0.0,0.31615770794451237,0.21381558291614056
4,16,cell-98f64a8e69fe646c5922,pyzx_rewrite_identity_up_to_global_phase_v1,True,passed,pyzx_full_reduce,OpenQASM2 -> PyZX graph/full_reduce/extract -> target basis,0.25,0.25,logical_all_to_all_no_routing,passed,data/runs/w4-matched-representation-20260802/cells/cell-98f64a8e69fe646c5922/cell.log,64,2147483648,65,dbc2c040a5b806ccddca1fc86254aedf0703281a0fa0853e2768b0a56de0e736,48,34,"['cx', 'h', 'rz']",244,180,fce98d5e526ca2b48bb87867006656ee0a2c7c6b2953680dda3245774e220f07,83a7b9a625fa09bc47f2e8a291f28d49a2a35d9ab8bc4406eec6b7c33d5e7cb0,16,4,contiguous_flat,rep-a66037c158ab430dd12f,data/runs/w4-matched-representation-20260802/representations/rep-a66037c158ab430dd12f/representation_manifest.json,59a4d1c461bf103f4e951823d5003f5c227f0a704b51cb978dbfc8572a1a1b65,False,108986368,20260811,5725,29275,2687,31588,2621,completed,"[""cx"",""rz"",""h""]",slice-b-m64,8264,20.0,0.0,0.37948862509801984,0.2794090830720961
4,16,cell-6684e0bbb0d984dc1043,pyzx_rewrite_identity_up_to_global_phase_v1,True,passed,pyzx_full_reduce,OpenQASM2 -> PyZX graph/full_reduce/extract -> target basis,0.25,0.25,logical_all_to_all_no_routing,passed,data/runs/w4-matched-representation-20260802/cells/cell-6684e0bbb0d984dc1043/cell.log,64,2147483648,65,dbc2c040a5b806ccddca1fc86254aedf0703281a0fa0853e2768b0a56de0e736,48,34,"['cx', 'h', 'rz']",244,180,fce98d5e526ca2b48bb87867006656ee0a2c7c6b2953680dda3245774e220f07,83a7b9a625fa09bc47f2e8a291f28d49a2a35d9ab8bc4406eec6b7c33d5e7cb0,16,4,contiguous_flat,rep-4407571777e880b82f3e,data/runs/w4-matched-representation-20260802/representations/rep-4407571777e880b82f3e/representation_manifest.json,2e24a04913dc9e1f91a24f3794fb8f65318b296410aed301804a77adb9899165,False,108986368,20260812,5725,29275,2687,31588,2621,completed,"[""cx"",""rz"",""h""]",slice-b-m64,8264,20.0,0.0,0.39200429094489664,0.28610766597557813
4,16,cell-04b79b7c0093626f4eaa,pyzx_rewrite_identity_up_to_global_phase_v1,True,passed,qiskit_opt3,OpenQASM2 -> Qiskit preset level 3 -> target basis,0.25,0.25,logical_all_to_all_no_routing,passed,data/runs/w4-matched-representation-20260802/cells/cell-04b79b7c0093626f4eaa/cell.log,64,2147483648,65,ca9d1aa9089b2d501c68dae170fca9ccc2ac7213a387daf93ccb7bf7c56e9b2c,32,9,"['cx', 'rz']",48,0,d4ee57b0d12cbba1dee0e805b5044bc217ed22032c7c8c390ab4a340fbac2001,c597be19919d10886bab8b3734d8640e2a4efd41208e302d41e134d93a784122,16,4,contiguous_flat,rep-a66037c158ab430dd12f,data/runs/w4-matched-representation-20260802/representations/rep-a66037c158ab430dd12f/representation_manifest.json,59a4d1c461bf103f4e951823d5003f5c227f0a704b51cb978dbfc8572a1a1b65,False,109510656,20260811,5725,29275,866,6820,805,completed,"[""cx"",""rz"",""h""]",slice-b-m64,8264,20.0,0.0,0.3414880000054836,0.2263741249917075
4,16,cell-b3b78f0521d2006f3905,pyzx_rewrite_identity_up_to_global_phase_v1,True,passed,qiskit_opt3,OpenQASM2 -> Qiskit preset level 3 -> target basis,0.25,0.25,logical_all_to_all_no_routing,passed,data/runs/w4-matched-representation-20260802/cells/cell-b3b78f0521d2006f3905/cell.log,64,2147483648,65,ca9d1aa9089b2d501c68dae170fca9ccc2ac7213a387daf93ccb7bf7c56e9b2c,32,9,"['cx', 'rz']",48,0,d4ee57b0d12cbba1dee0e805b5044bc217ed22032c7c8c390ab4a340fbac2001,c597be19919d10886bab8b3734d8640e2a4efd41208e302d41e134d93a784122,16,4,contiguous_flat,rep-4407571777e880b82f3e,data/runs/w4-matched-representation-20260802/representations/rep-4407571777e880b82f3e/representation_manifest.json,2e24a04913dc9e1f91a24f3794fb8f65318b296410aed301804a77adb9899165,False,109412352,20260812,5725,29275,866,6820,805,completed,"[""cx"",""rz"",""h""]",slice-b-m64,8264,20.0,0.0,0.36302116594742984,0.25661987508647144
4,16,cell-bb2b21b645bc65e3609c,pyzx_rewrite_identity_up_to_global_phase_v1,True,passed,tket_paulisimp,OpenQASM2 -> TKET DecomposeBoxes/AutoRebase/PauliSimp -> target basis,0.25,0.25,logical_all_to_all_no_routing,passed,data/runs/w4-matched-representation-20260802/cells/cell-bb2b21b645bc65e3609c/cell.log,64,2147483648,65,af04658a70199ba13b1bee01c37c67a64a57b3d085f6622ab20ebfbb4759ee79,44,21,"['cx', 'h', 'rz']",450,130,e115faab26dc1fa34ac96eae0732c971f842745942c762e4bd4d111ba54b4a39,20f0a194ecece2c1038cde90df16277b27c2fca10000cc8626de2e83fdf97e4a,276,4,contiguous_flat,rep-a66037c158ab430dd12f,data/runs/w4-matched-representation-20260802/representations/rep-a66037c158ab430dd12f/representation_manifest.json,59a4d1c461bf103f4e951823d5003f5c227f0a704b51cb978dbfc8572a1a1b65,False,158056448,20260811,5725,29275,6583,65746,6519,completed,"[""cx"",""rz"",""h""]",slice-b-m64,8264,20.0,0.0,0.6219361659605056,0.47370387497358024
4,16,cell-a56db05ea185d295e8b9,pyzx_rewrite_identity_up_to_global_phase_v1,True,passed,tket_paulisimp,OpenQASM2 -> TKET DecomposeBoxes/AutoRebase/PauliSimp -> target basis,0.25,0.25,logical_all_to_all_no_routing,passed,data/runs/w4-matched-representation-20260802/cells/cell-a56db05ea185d295e8b9/cell.log,64,2147483648,65,af04658a70199ba13b1bee01c37c67a64a57b3d085f6622ab20ebfbb4759ee79,44,21,"['cx', 'h', 'rz']",450,130,e115faab26dc1fa34ac96eae0732c971f842745942c762e4bd4d111ba54b4a39,20f0a194ecece2c1038cde90df16277b27c2fca10000cc8626de2e83fdf97e4a,276,4,contiguous_flat,rep-4407571777e880b82f3e,data/runs/w4-matched-representation-20260802/representations/rep-4407571777e880b82f3e/representation_manifest.json,2e24a04913dc9e1f91a24f3794fb8f65318b296410aed301804a77adb9899165,False,158089216,20260812,5725,29275,6583,65746,6519,completed,"[""cx"",""rz"",""h""]",slice-b-m64,8264,20.0,0.0,0.6454132079379633,0.5085219580214471
4,16,cell-ff06d93d8659cae88693,pyzx_rewrite_identity_up_to_global_phase_v1,True,passed,echo_passthrough,literal input circuit -> output,0.25,0.25,logical_all_to_all_no_routing,passed,data/runs/w4-matched-representation-20260802/cells/cell-ff06d93d8659cae88693/cell.log,64,2147483648,65,812f4e7fe7b5e54dec906f903ef4d61f40b09e1848bd55b6f6ebc81ac3f7ae19,64,18,"['cx', 'rz']",96,0,2862b3f6840862a464d9de89f79bca2baec72e7e34e7cdf9e2d1b207bb64565a,c1e20835384a0fce87547e466103c554bff04c9750093139ea61eacde2b3ef50,32,4,locally_folded_flat,rep-87b34637bcca3f9e0728,data/runs/w4-matched-representation-20260802/representations/rep-87b34637bcca3f9e0728/representation_manifest.json,38d69b0630c47d6f5e1b8c0741586be970613dca09523f3270bc382fa7867fda,False,106332160,20260811,2909,14201,1667,14210,1601,completed,"[""cx"",""rz"",""h""]",slice-b-m64,8264,20.0,0.0,0.3178157090442255,0.21345691697206348
4,16,cell-2c5337d8b02e1aba3238,pyzx_rewrite_identity_up_to_global_phase_v1,True,passed,echo_passthrough,literal input circuit -> output,0.25,0.25,logical_all_to_all_no_routing,passed,data/runs/w4-matched-representation-20260802/cells/cell-2c5337d8b02e1aba3238/cell.log,64,2147483648,65,812f4e7fe7b5e54dec906f903ef4d61f40b09e1848bd55b6f6ebc81ac3f7ae19,64,18,"['cx', 'rz']",96,0,2862b3f6840862a464d9de89f79bca2baec72e7e34e7cdf9e2d1b207bb64565a,c1e20835384a0fce87547e466103c554bff04c9750093139ea61eacde2b3ef50,32,4,locally_folded_flat,rep-835454d39ac3b4c4df8b,data/runs/w4-matched-representation-20260802/representations/rep-835454d39ac3b4c4df8b/representation_manifest.json,e83b214ff4b2be4ca9d42f2e048cc17804a3f79a9ee3344c45f2f0a3a9761c76,False,106184704,20260812,2909,14201,1667,14210,1601,completed,"[""cx"",""rz"",""h""]",slice-b-m64,8264,20.0,0.0,0.29809366702102125,0.21201270900201052
4,16,cell-1d71270650837f09b86d,pyzx_rewrite_identity_up_to_global_phase_v1,True,passed,full_aggregation,exact input parity/phase table -> canonical CNOT-Rz,0.25,0.25,logical_all_to_all_no_routing,passed,data/runs/w4-matched-representation-20260802/cells/cell-1d71270650837f09b86d/cell.log,64,2147483648,65,2b01fa962d420537bbf272c21c7ed8f6445c9d51d966319c0f58e948513e57f6,32,9,"['cx', 'rz']",48,0,731a545186c24487dc2119ee6ee2e7c29c966a13db1db66fedf9e5ad15783fcd,c597be19919d10886bab8b3734d8640e2a4efd41208e302d41e134d93a784122,16,4,locally_folded_flat,rep-87b34637bcca3f9e0728,data/runs/w4-matched-representation-20260802/representations/rep-87b34637bcca3f9e0728/representation_manifest.json,38d69b0630c47d6f5e1b8c0741586be970613dca09523f3270bc382fa7867fda,False,106364928,20260811,2909,14201,871,6821,805,completed,"[""cx"",""rz"",""h""]",slice-b-m64,8264,20.0,0.0,0.3644877499900758,0.2381034999853
4,16,cell-ca5579bd4e36333e40ac,pyzx_rewrite_identity_up_to_global_phase_v1,True,passed,full_aggregation,exact input parity/phase table -> canonical CNOT-Rz,0.25,0.25,logical_all_to_all_no_routing,passed,data/runs/w4-matched-representation-20260802/cells/cell-ca5579bd4e36333e40ac/cell.log,64,2147483648,65,2b01fa962d420537bbf272c21c7ed8f6445c9d51d966319c0f58e948513e57f6,32,9,"['cx', 'rz']",48,0,731a545186c24487dc2119ee6ee2e7c29c966a13db1db66fedf9e5ad15783fcd,c597be19919d10886bab8b3734d8640e2a4efd41208e302d41e134d93a784122,16,4,locally_folded_flat,rep-835454d39ac3b4c4df8b,data/runs/w4-matched-representation-20260802/representations/rep-835454d39ac3b4c4df8b/representation_manifest.json,e83b214ff4b2be4ca9d42f2e048cc17804a3f79a9ee3344c45f2f0a3a9761c76,False,106217472,20260812,2909,14201,871,6821,805,completed,"[""cx"",""rz"",""h""]",slice-b-m64,8264,20.0,0.0,0.29471254104282707,0.2057517080102116
4,16,cell-a3a24630554078187399,pyzx_rewrite_identity_up_to_global_phase_v1,True,passed,pyzx_full_reduce,OpenQASM2 -> PyZX graph/full_reduce/extract -> target basis,0.25,0.25,logical_all_to_all_no_routing,passed,data/runs/w4-matched-representation-20260802/cells/cell-a3a24630554078187399/cell.log,64,2147483648,65,dbc2c040a5b806ccddca1fc86254aedf0703281a0fa0853e2768b0a56de0e736,48,34,"['cx', 'h', 'rz']",244,180,fce98d5e526ca2b48bb87867006656ee0a2c7c6b2953680dda3245774e220f07,83a7b9a625fa09bc47f2e8a291f28d49a2a35d9ab8bc4406eec6b7c33d5e7cb0,16,4,locally_folded_flat,rep-87b34637bcca3f9e0728,data/runs/w4-matched-representation-20260802/representations/rep-87b34637bcca3f9e0728/representation_manifest.json,38d69b0630c47d6f5e1b8c0741586be970613dca09523f3270bc382fa7867fda,False,108871680,20260811,2909,14201,2687,31588,2621,completed,"[""cx"",""rz"",""h""]",slice-b-m64,8264,20.0,0.0,0.4156982080312446,0.2996175840962678
4,16,cell-daaabf39e8311886e8f9,pyzx_rewrite_identity_up_to_global_phase_v1,True,passed,pyzx_full_reduce,OpenQASM2 -> PyZX graph/full_reduce/extract -> target basis,0.25,0.25,logical_all_to_all_no_routing,passed,data/runs/w4-matched-representation-20260802/cells/cell-daaabf39e8311886e8f9/cell.log,64,2147483648,65,dbc2c040a5b806ccddca1fc86254aedf0703281a0fa0853e2768b0a56de0e736,48,34,"['cx', 'h', 'rz']",244,180,fce98d5e526ca2b48bb87867006656ee0a2c7c6b2953680dda3245774e220f07,83a7b9a625fa09bc47f2e8a291f28d49a2a35d9ab8bc4406eec6b7c33d5e7cb0,16,4,locally_folded_flat,rep-835454d39ac3b4c4df8b,data/runs/w4-matched-representation-20260802/representations/rep-835454d39ac3b4c4df8b/representation_manifest.json,e83b214ff4b2be4ca9d42f2e048cc17804a3f79a9ee3344c45f2f0a3a9761c76,False,108904448,20260812,2909,14201,2687,31588,2621,completed,"[""cx"",""rz"",""h""]",slice-b-m64,8264,20.0,0.0,0.35400995798408985,0.26733295898884535
4,16,cell-b129728acb6578c2b95c,pyzx_rewrite_identity_up_to_global_phase_v1,True,passed,qiskit_opt3,OpenQASM2 -> Qiskit preset level 3 -> target basis,0.25,0.25,logical_all_to_all_no_routing,passed,data/runs/w4-matched-representation-20260802/cells/cell-b129728acb6578c2b95c/cell.log,64,2147483648,65,ca9d1aa9089b2d501c68dae170fca9ccc2ac7213a387daf93ccb7bf7c56e9b2c,32,9,"['cx', 'rz']",48,0,d4ee57b0d12cbba1dee0e805b5044bc217ed22032c7c8c390ab4a340fbac2001,c597be19919d10886bab8b3734d8640e2a4efd41208e302d41e134d93a784122,16,4,locally_folded_flat,rep-87b34637bcca3f9e0728,data/runs/w4-matched-representation-20260802/representations/rep-87b34637bcca3f9e0728/representation_manifest.json,38d69b0630c47d6f5e1b8c0741586be970613dca09523f3270bc382fa7867fda,False,109297664,20260811,2909,14201,866,6820,805,completed,"[""cx"",""rz"",""h""]",slice-b-m64,8264,20.0,0.0,0.3224583750125021,0.21903354197274894
4,16,cell-da60135221faa8706d51,pyzx_rewrite_identity_up_to_global_phase_v1,True,passed,qiskit_opt3,OpenQASM2 -> Qiskit preset level 3 -> target basis,0.25,0.25,logical_all_to_all_no_routing,passed,data/runs/w4-matched-representation-20260802/cells/cell-da60135221faa8706d51/cell.log,64,2147483648,65,ca9d1aa9089b2d501c68dae170fca9ccc2ac7213a387daf93ccb7bf7c56e9b2c,32,9,"['cx', 'rz']",48,0,d4ee57b0d12cbba1dee0e805b5044bc217ed22032c7c8c390ab4a340fbac2001,c597be19919d10886bab8b3734d8640e2a4efd41208e302d41e134d93a784122,16,4,locally_folded_flat,rep-835454d39ac3b4c4df8b,data/runs/w4-matched-representation-20260802/representations/rep-835454d39ac3b4c4df8b/representation_manifest.json,e83b214ff4b2be4ca9d42f2e048cc17804a3f79a9ee3344c45f2f0a3a9761c76,False,109232128,20260812,2909,14201,866,6820,805,completed,"[""cx"",""rz"",""h""]",slice-b-m64,8264,20.0,0.0,0.2985679169651121,0.21263016702141613
4,16,cell-3a40c6a21ee9017677f6,pyzx_rewrite_identity_up_to_global_phase_v1,True,passed,tket_paulisimp,OpenQASM2 -> TKET DecomposeBoxes/AutoRebase/PauliSimp -> target basis,0.25,0.25,logical_all_to_all_no_routing,passed,data/runs/w4-matched-representation-20260802/cells/cell-3a40c6a21ee9017677f6/cell.log,64,2147483648,65,af04658a70199ba13b1bee01c37c67a64a57b3d085f6622ab20ebfbb4759ee79,44,21,"['cx', 'h', 'rz']",450,130,e115faab26dc1fa34ac96eae0732c971f842745942c762e4bd4d111ba54b4a39,20f0a194ecece2c1038cde90df16277b27c2fca10000cc8626de2e83fdf97e4a,276,4,locally_folded_flat,rep-87b34637bcca3f9e0728,data/runs/w4-matched-representation-20260802/representations/rep-87b34637bcca3f9e0728/representation_manifest.json,38d69b0630c47d6f5e1b8c0741586be970613dca09523f3270bc382fa7867fda,False,157777920,20260811,2909,14201,6583,65746,6519,completed,"[""cx"",""rz"",""h""]",slice-b-m64,8264,20.0,0.0,0.6069228750420734,0.44199429196305573
4,16,cell-9216826d563b8fbbddff,pyzx_rewrite_identity_up_to_global_phase_v1,True,passed,tket_paulisimp,OpenQASM2 -> TKET DecomposeBoxes/AutoRebase/PauliSimp -> target basis,0.25,0.25,logical_all_to_all_no_routing,passed,data/runs/w4-matched-representation-20260802/cells/cell-9216826d563b8fbbddff/cell.log,64,2147483648,65,af04658a70199ba13b1bee01c37c67a64a57b3d085f6622ab20ebfbb4759ee79,44,21,"['cx', 'h', 'rz']",450,130,e115faab26dc1fa34ac96eae0732c971f842745942c762e4bd4d111ba54b4a39,20f0a194ecece2c1038cde90df16277b27c2fca10000cc8626de2e83fdf97e4a,276,4,locally_folded_flat,rep-835454d39ac3b4c4df8b,data/runs/w4-matched-representation-20260802/representations/rep-835454d39ac3b4c4df8b/representation_manifest.json,e83b214ff4b2be4ca9d42f2e048cc17804a3f79a9ee3344c45f2f0a3a9761c76,False,158007296,20260812,2909,14201,6583,65746,6519,completed,"[""cx"",""rz"",""h""]",slice-b-m64,8264,20.0,0.0,0.6220817919820547,0.4874817499658093
4,16,cell-ef7ae249387182201751,pyzx_rewrite_identity_up_to_global_phase_v1,True,passed,echo_passthrough,literal input circuit -> output,0.25,0.25,logical_all_to_all_no_routing,passed,data/runs/w4-matched-representation-20260802/cells/cell-ef7ae249387182201751/cell.log,64,2147483648,65,84a4a29ff42668128748b130470b8d7209e9ec90c3917d3a354477c33521f1af,128,27,"['cx', 'rz']",192,0,92fea07bf8802ba67140c0037e1c9fa4d3d5b52978f2dc6827270cb42eca42f4,d84c647b79eb409e403e4ec75d36e7e5f9cac9b863bfbe7b34c0085a6443468d,64,4,masked_share_update,rep-9af501b3614666c9db0f,data/runs/w4-matched-representation-20260802/representations/rep-9af501b3614666c9db0f/representation_manifest.json,9eb81b49050d253703b1d278de31807876043235aa00aaf2630b76a8b2ab8b69,False,106528768,20260811,5725,29256,3405,29265,3339,completed,"[""cx"",""rz"",""h""]",slice-b-m64,8264,20.0,0.0,0.32336820801720023,0.21990587504114956
4,16,cell-0394a0d2d9f882da5b4b,pyzx_rewrite_identity_up_to_global_phase_v1,True,passed,echo_passthrough,literal input circuit -> output,0.25,0.25,logical_all_to_all_no_routing,passed,data/runs/w4-matched-representation-20260802/cells/cell-0394a0d2d9f882da5b4b/cell.log,64,2147483648,65,d2f88aa91c2ef1212d0d51ff9482af542a6c7d94368b181d0bc7beebfa637d33,128,27,"['cx', 'rz']",192,0,5e0daa87fad09b5721b34abc990390930900e0da83d30341cb49c82389c7b16c,e6101a7b827f076e3be664adfc633beaf33b92bd19a50b98849037702cce128f,64,4,masked_share_update,rep-36ca5e41ea834364b114,data/runs/w4-matched-representation-20260802/representations/rep-36ca5e41ea834364b114/representation_manifest.json,7d6661142b1ffb5252b64b40212d751b6d1d7687bf85acf4630eb029b9d381f6,False,106545152,20260812,5725,29256,3426,29265,3360,completed,"[""cx"",""rz"",""h""]",slice-b-m64,8264,20.0,0.0,0.29966454196255654,0.2190614159917459
4,16,cell-d0d0775cc95d0ad4ebbe,pyzx_rewrite_identity_up_to_global_phase_v1,True,passed,full_aggregation,exact input parity/phase table -> canonical CNOT-Rz,0.25,0.25,logical_all_to_all_no_routing,passed,data/runs/w4-matched-representation-20260802/cells/cell-d0d0775cc95d0ad4ebbe/cell.log,64,2147483648,65,2b01fa962d420537bbf272c21c7ed8f6445c9d51d966319c0f58e948513e57f6,32,9,"['cx', 'rz']",48,0,731a545186c24487dc2119ee6ee2e7c29c966a13db1db66fedf9e5ad15783fcd,c597be19919d10886bab8b3734d8640e2a4efd41208e302d41e134d93a784122,16,4,masked_share_update,rep-9af501b3614666c9db0f,data/runs/w4-matched-representation-20260802/representations/rep-9af501b3614666c9db0f/representation_manifest.json,9eb81b49050d253703b1d278de31807876043235aa00aaf2630b76a8b2ab8b69,False,106168320,20260811,5725,29256,871,6821,805,completed,"[""cx"",""rz"",""h""]",slice-b-m64,8264,20.0,0.0,0.2992046249564737,0.20429825002793223
4,16,cell-8df907250a33de6d7442,pyzx_rewrite_identity_up_to_global_phase_v1,True,passed,full_aggregation,exact input parity/phase table -> canonical CNOT-Rz,0.25,0.25,logical_all_to_all_no_routing,passed,data/runs/w4-matched-representation-20260802/cells/cell-8df907250a33de6d7442/cell.log,64,2147483648,65,2b01fa962d420537bbf272c21c7ed8f6445c9d51d966319c0f58e948513e57f6,32,9,"['cx', 'rz']",48,0,731a545186c24487dc2119ee6ee2e7c29c966a13db1db66fedf9e5ad15783fcd,c597be19919d10886bab8b3734d8640e2a4efd41208e302d41e134d93a784122,16,4,masked_share_update,rep-36ca5e41ea834364b114,data/runs/w4-matched-representation-20260802/representations/rep-36ca5e41ea834364b114/representation_manifest.json,7d6661142b1ffb5252b64b40212d751b6d1d7687bf85acf4630eb029b9d381f6,False,106217472,20260812,5725,29256,871,6821,805,completed,"[""cx"",""rz"",""h""]",slice-b-m64,8264,20.0,0.0,0.2967320419847965,0.20517604204360396
4,16,cell-41ee11e2802a1b48bf8b,pyzx_rewrite_identity_up_to_global_phase_v1,True,passed,pyzx_full_reduce,OpenQASM2 -> PyZX graph/full_reduce/extract -> target basis,0.25,0.25,logical_all_to_all_no_routing,passed,data/runs/w4-matched-representation-20260802/cells/cell-41ee11e2802a1b48bf8b/cell.log,64,2147483648,65,dbc2c040a5b806ccddca1fc86254aedf0703281a0fa0853e2768b0a56de0e736,48,34,"['cx', 'h', 'rz']",244,180,fce98d5e526ca2b48bb87867006656ee0a2c7c6b2953680dda3245774e220f07,83a7b9a625fa09bc47f2e8a291f28d49a2a35d9ab8bc4406eec6b7c33d5e7cb0,16,4,masked_share_update,rep-9af501b3614666c9db0f,data/runs/w4-matched-representation-20260802/representations/rep-9af501b3614666c9db0f/representation_manifest.json,9eb81b49050d253703b1d278de31807876043235aa00aaf2630b76a8b2ab8b69,False,108904448,20260811,5725,29256,2687,31588,2621,completed,"[""cx"",""rz"",""h""]",slice-b-m64,8264,20.0,0.0,0.3764128340408206,0.2788920419989154
4,16,cell-a8d94aa54e21d47c36cf,pyzx_rewrite_identity_up_to_global_phase_v1,True,passed,pyzx_full_reduce,OpenQASM2 -> PyZX graph/full_reduce/extract -> target basis,0.25,0.25,logical_all_to_all_no_routing,passed,data/runs/w4-matched-representation-20260802/cells/cell-a8d94aa54e21d47c36cf/cell.log,64,2147483648,65,dbc2c040a5b806ccddca1fc86254aedf0703281a0fa0853e2768b0a56de0e736,48,34,"['cx', 'h', 'rz']",244,180,fce98d5e526ca2b48bb87867006656ee0a2c7c6b2953680dda3245774e220f07,83a7b9a625fa09bc47f2e8a291f28d49a2a35d9ab8bc4406eec6b7c33d5e7cb0,16,4,masked_share_update,rep-36ca5e41ea834364b114,data/runs/w4-matched-representation-20260802/representations/rep-36ca5e41ea834364b114/representation_manifest.json,7d6661142b1ffb5252b64b40212d751b6d1d7687bf85acf4630eb029b9d381f6,False,109002752,20260812,5725,29256,2687,31588,2621,completed,"[""cx"",""rz"",""h""]",slice-b-m64,8264,20.0,0.0,0.39172791701275855,0.277964917011559
4,16,cell-1ee7e4735f6666694e5b,pyzx_rewrite_identity_up_to_global_phase_v1,False,inconclusive,qiskit_opt3,OpenQASM2 -> Qiskit preset level 3 -> target basis,0.25,0.25,logical_all_to_all_no_routing,passed,data/runs/w4-matched-representation-20260802/cells/cell-1ee7e4735f6666694e5b/cell.log,64,2147483648,65,dae4f09b7fd1107428e15f5db7e1851603cb0aa7fbd831e7d7b3d0a636179ee6,88,43,"['cx', 'h', 'rz']",222,32,55b40f4cb53fe9dc351af96968e552643e87a325817c05f843f07638254b0cf0,0513ed1f907fe8ece1e244f1bc120a4be7e1f865f20116b566ac7cfa59fa01b6,102,4,masked_share_update,rep-9af501b3614666c9db0f,data/runs/w4-matched-representation-20260802/representations/rep-9af501b3614666c9db0f/representation_manifest.json,9eb81b49050d253703b1d278de31807876043235aa00aaf2630b76a8b2ab8b69,False,110510080,20260811,5725,29256,3871,33222,3810,predicate_error,"[""cx"",""rz"",""h""]",slice-b-m64,8264,20.0,0.0,0.3605065830051899,0.24973258294630796
4,16,cell-75f6a25113a1c693cb84,pyzx_rewrite_identity_up_to_global_phase_v1,False,inconclusive,qiskit_opt3,OpenQASM2 -> Qiskit preset level 3 -> target basis,0.25,0.25,logical_all_to_all_no_routing,passed,data/runs/w4-matched-representation-20260802/cells/cell-75f6a25113a1c693cb84/cell.log,64,2147483648,65,1b42d5bb59198da5a3e492ef97c7db02ec29d4ea090eee01a5a39a36684a0a65,90,34,"['cx', 'h', 'rz']",172,16,745d41e4a27f86a9d442460f5f2db8cc315e6c718a810ef28f7bad2ca2b919ca,18bbb4dd46b8ff47b559e5b02ad59bf2f541ab53ba042fd22a7f92ea4e7d94b4,66,4,masked_share_update,rep-36ca5e41ea834364b114,data/runs/w4-matched-representation-20260802/representations/rep-36ca5e41ea834364b114/representation_manifest.json,7d6661142b1ffb5252b64b40212d751b6d1d7687bf85acf4630eb029b9d381f6,False,110280704,20260812,5725,29256,3115,25675,3054,predicate_error,"[""cx"",""rz"",""h""]",slice-b-m64,8264,20.0,0.0,0.3228333330480382,0.23602966696489602
4,16,cell-5f864f0383fc97fddf87,pyzx_rewrite_identity_up_to_global_phase_v1,True,passed,tket_paulisimp,OpenQASM2 -> TKET DecomposeBoxes/AutoRebase/PauliSimp -> target basis,0.25,0.25,logical_all_to_all_no_routing,passed,data/runs/w4-matched-representation-20260802/cells/cell-5f864f0383fc97fddf87/cell.log,64,2147483648,65,ca5a44cdddc6342f3599f7ef60a967c247190ca36d67d5301a4852d2bb872714,56,29,"['cx', 'h', 'rz']",476,130,4f055d714d4ff282979897e733601f1a104fbf0314cff297e8ba61d9809cb0d5,71b979a9c7213a1d0ad9c0c38caac2b76475e7e1885bf1ce48009614f9120ae5,290,4,masked_share_update,rep-9af501b3614666c9db0f,data/runs/w4-matched-representation-20260802/representations/rep-9af501b3614666c9db0f/representation_manifest.json,9eb81b49050d253703b1d278de31807876043235aa00aaf2630b76a8b2ab8b69,False,158154752,20260811,5725,29256,7065,69882,7001,completed,"[""cx"",""rz"",""h""]",slice-b-m64,8264,20.0,0.0,0.5975607499713078,0.4587757090339437
4,16,cell-164d7b76139e9487afd8,pyzx_rewrite_identity_up_to_global_phase_v1,True,passed,tket_paulisimp,OpenQASM2 -> TKET DecomposeBoxes/AutoRebase/PauliSimp -> target basis,0.25,0.25,logical_all_to_all_no_routing,passed,data/runs/w4-matched-representation-20260802/cells/cell-164d7b76139e9487afd8/cell.log,64,2147483648,65,634975380e804aec8115655e9ac3b2a96cba39c3308fd6afc6b7cb1eec6d3ad8,50,26,"['cx', 'h', 'rz']",463,130,0352691924227f869c59818c83048fd0b28106d337d89937c122cf2cc1964f29,ae1f08a2f7647cab6d9d0e06affc57369cce25e410bf86e341b14dd3f58194e8,283,4,masked_share_update,rep-36ca5e41ea834364b114,data/runs/w4-matched-representation-20260802/representations/rep-36ca5e41ea834364b114/representation_manifest.json,7d6661142b1ffb5252b64b40212d751b6d1d7687bf85acf4630eb029b9d381f6,False,158253056,20260812,5725,29256,6881,67816,6817,completed,"[""cx"",""rz"",""h""]",slice-b-m64,8264,20.0,0.0,0.6703552919207141,0.5044212919892743
4,16,cell-a5feb0a3577fe61c53fd,pyzx_rewrite_identity_up_to_global_phase_v1,True,passed,echo_passthrough,literal input circuit -> output,0.25,0.25,logical_all_to_all_no_routing,passed,data/runs/w4-matched-representation-20260802/cells/cell-a5feb0a3577fe61c53fd/cell.log,64,2147483648,65,ddbd444f92a22a0edfde865fe105502a5c3a3f9bf691272c8f9c416621a8588d,32,9,"['cx', 'rz']",48,0,d840d2ccf3e33b2946659175d65c421a4b54dc14b83225adcf273de692b79e0d,c597be19919d10886bab8b3734d8640e2a4efd41208e302d41e134d93a784122,16,4,qasm_bridge,rep-e225ca56bce40944b788,data/runs/w4-matched-representation-20260802/representations/rep-e225ca56bce40944b788/representation_manifest.json,a277497675bc33bb228620121ac57375444feb9b5833e0cebcbb7e57f668f320,False,106086400,20260811,881,6784,871,6801,805,completed,"[""cx"",""rz"",""h""]",slice-b-m64,8264,20.0,0.0,0.3805817080428824,0.2500745829893276
4,16,cell-2d9908e37cb665a1a862,pyzx_rewrite_identity_up_to_global_phase_v1,True,passed,echo_passthrough,literal input circuit -> output,0.25,0.25,logical_all_to_all_no_routing,passed,data/runs/w4-matched-representation-20260802/cells/cell-2d9908e37cb665a1a862/cell.log,64,2147483648,65,ddbd444f92a22a0edfde865fe105502a5c3a3f9bf691272c8f9c416621a8588d,32,9,"['cx', 'rz']",48,0,d840d2ccf3e33b2946659175d65c421a4b54dc14b83225adcf273de692b79e0d,c597be19919d10886bab8b3734d8640e2a4efd41208e302d41e134d93a784122,16,4,qasm_bridge,rep-a7394eb517f3c47221b8,data/runs/w4-matched-representation-20260802/representations/rep-a7394eb517f3c47221b8/representation_manifest.json,e06c092b726a578629c5d9f91d1ef248f075b3a5213c363adb64187bc512c2f6,False,106168320,20260812,881,6784,871,6801,805,completed,"[""cx"",""rz"",""h""]",slice-b-m64,8264,20.0,0.0,0.35951800004113466,0.23658954200800508
4,16,cell-9c61dce750afa4429f2d,pyzx_rewrite_identity_up_to_global_phase_v1,True,passed,full_aggregation,exact input parity/phase table -> canonical CNOT-Rz,0.25,0.25,logical_all_to_all_no_routing,passed,data/runs/w4-matched-representation-20260802/cells/cell-9c61dce750afa4429f2d/cell.log,64,2147483648,65,2b01fa962d420537bbf272c21c7ed8f6445c9d51d966319c0f58e948513e57f6,32,9,"['cx', 'rz']",48,0,731a545186c24487dc2119ee6ee2e7c29c966a13db1db66fedf9e5ad15783fcd,c597be19919d10886bab8b3734d8640e2a4efd41208e302d41e134d93a784122,16,4,qasm_bridge,rep-e225ca56bce40944b788,data/runs/w4-matched-representation-20260802/representations/rep-e225ca56bce40944b788/representation_manifest.json,a277497675bc33bb228620121ac57375444feb9b5833e0cebcbb7e57f668f320,False,106135552,20260811,881,6784,871,6821,805,completed,"[""cx"",""rz"",""h""]",slice-b-m64,8264,20.0,0.0,0.3552315409760922,0.22338804102037102
4,16,cell-7f438edc133838105ef2,pyzx_rewrite_identity_up_to_global_phase_v1,True,passed,full_aggregation,exact input parity/phase table -> canonical CNOT-Rz,0.25,0.25,logical_all_to_all_no_routing,passed,data/runs/w4-matched-representation-20260802/cells/cell-7f438edc133838105ef2/cell.log,64,2147483648,65,2b01fa962d420537bbf272c21c7ed8f6445c9d51d966319c0f58e948513e57f6,32,9,"['cx', 'rz']",48,0,731a545186c24487dc2119ee6ee2e7c29c966a13db1db66fedf9e5ad15783fcd,c597be19919d10886bab8b3734d8640e2a4efd41208e302d41e134d93a784122,16,4,qasm_bridge,rep-a7394eb517f3c47221b8,data/runs/w4-matched-representation-20260802/representations/rep-a7394eb517f3c47221b8/representation_manifest.json,e06c092b726a578629c5d9f91d1ef248f075b3a5213c363adb64187bc512c2f6,False,106184704,20260812,881,6784,871,6821,805,completed,"[""cx"",""rz"",""h""]",slice-b-m64,8264,20.0,0.0,0.31590970896650106,0.2249597089830786
4,16,cell-72839d72f61476388279,pyzx_rewrite_identity_up_to_global_phase_v1,True,passed,pyzx_full_reduce,OpenQASM2 -> PyZX graph/full_reduce/extract -> target basis,0.25,0.25,logical_all_to_all_no_routing,passed,data/runs/w4-matched-representation-20260802/cells/cell-72839d72f61476388279/cell.log,64,2147483648,65,dbc2c040a5b806ccddca1fc86254aedf0703281a0fa0853e2768b0a56de0e736,48,34,"['cx', 'h', 'rz']",244,180,fce98d5e526ca2b48bb87867006656ee0a2c7c6b2953680dda3245774e220f07,83a7b9a625fa09bc47f2e8a291f28d49a2a35d9ab8bc4406eec6b7c33d5e7cb0,16,4,qasm_bridge,rep-e225ca56bce40944b788,data/runs/w4-matched-representation-20260802/representations/rep-e225ca56bce40944b788/representation_manifest.json,a277497675bc33bb228620121ac57375444feb9b5833e0cebcbb7e57f668f320,False,108871680,20260811,881,6784,2687,31588,2621,completed,"[""cx"",""rz"",""h""]",slice-b-m64,8264,20.0,0.0,0.36335712508298457,0.2658345840172842
4,16,cell-4737294be14b9d65c1af,pyzx_rewrite_identity_up_to_global_phase_v1,True,passed,pyzx_full_reduce,OpenQASM2 -> PyZX graph/full_reduce/extract -> target basis,0.25,0.25,logical_all_to_all_no_routing,passed,data/runs/w4-matched-representation-20260802/cells/cell-4737294be14b9d65c1af/cell.log,64,2147483648,65,dbc2c040a5b806ccddca1fc86254aedf0703281a0fa0853e2768b0a56de0e736,48,34,"['cx', 'h', 'rz']",244,180,fce98d5e526ca2b48bb87867006656ee0a2c7c6b2953680dda3245774e220f07,83a7b9a625fa09bc47f2e8a291f28d49a2a35d9ab8bc4406eec6b7c33d5e7cb0,16,4,qasm_bridge,rep-a7394eb517f3c47221b8,data/runs/w4-matched-representation-20260802/representations/rep-a7394eb517f3c47221b8/representation_manifest.json,e06c092b726a578629c5d9f91d1ef248f075b3a5213c363adb64187bc512c2f6,False,108953600,20260812,881,6784,2687,31588,2621,completed,"[""cx"",""rz"",""h""]",slice-b-m64,8264,20.0,0.0,0.3703906249720603,0.26764804194681346
4,16,cell-872b0ae2e76ec53535b4,pyzx_rewrite_identity_up_to_global_phase_v1,True,passed,qiskit_opt3,OpenQASM2 -> Qiskit preset level 3 -> target basis,0.25,0.25,logical_all_to_all_no_routing,passed,data/runs/w4-matched-representation-20260802/cells/cell-872b0ae2e76ec53535b4/cell.log,64,2147483648,65,ca9d1aa9089b2d501c68dae170fca9ccc2ac7213a387daf93ccb7bf7c56e9b2c,32,9,"['cx', 'rz']",48,0,d4ee57b0d12cbba1dee0e805b5044bc217ed22032c7c8c390ab4a340fbac2001,c597be19919d10886bab8b3734d8640e2a4efd41208e302d41e134d93a784122,16,4,qasm_bridge,rep-e225ca56bce40944b788,data/runs/w4-matched-representation-20260802/representations/rep-e225ca56bce40944b788/representation_manifest.json,a277497675bc33bb228620121ac57375444feb9b5833e0cebcbb7e57f668f320,False,109281280,20260811,881,6784,866,6820,805,completed,"[""cx"",""rz"",""h""]",slice-b-m64,8264,20.0,0.0,0.3221060420619324,0.21804724994581193
4,16,cell-d40079dda19365a68e03,pyzx_rewrite_identity_up_to_global_phase_v1,True,passed,qiskit_opt3,OpenQASM2 -> Qiskit preset level 3 -> target basis,0.25,0.25,logical_all_to_all_no_routing,passed,data/runs/w4-matched-representation-20260802/cells/cell-d40079dda19365a68e03/cell.log,64,2147483648,65,ca9d1aa9089b2d501c68dae170fca9ccc2ac7213a387daf93ccb7bf7c56e9b2c,32,9,"['cx', 'rz']",48,0,d4ee57b0d12cbba1dee0e805b5044bc217ed22032c7c8c390ab4a340fbac2001,c597be19919d10886bab8b3734d8640e2a4efd41208e302d41e134d93a784122,16,4,qasm_bridge,rep-a7394eb517f3c47221b8,data/runs/w4-matched-representation-20260802/representations/rep-a7394eb517f3c47221b8/representation_manifest.json,e06c092b726a578629c5d9f91d1ef248f075b3a5213c363adb64187bc512c2f6,False,109182976,20260812,881,6784,866,6820,805,completed,"[""cx"",""rz"",""h""]",slice-b-m64,8264,20.0,0.0,0.2997753330273554,0.21251120895612985
4,16,cell-238a147309f1861752c6,pyzx_rewrite_identity_up_to_global_phase_v1,True,passed,tket_paulisimp,OpenQASM2 -> TKET DecomposeBoxes/AutoRebase/PauliSimp -> target basis,0.25,0.25,logical_all_to_all_no_routing,passed,data/runs/w4-matched-representation-20260802/cells/cell-238a147309f1861752c6/cell.log,64,2147483648,65,af04658a70199ba13b1bee01c37c67a64a57b3d085f6622ab20ebfbb4759ee79,44,21,"['cx', 'h', 'rz']",450,130,e115faab26dc1fa34ac96eae0732c971f842745942c762e4bd4d111ba54b4a39,20f0a194ecece2c1038cde90df16277b27c2fca10000cc8626de2e83fdf97e4a,276,4,qasm_bridge,rep-e225ca56bce40944b788,data/runs/w4-matched-representation-20260802/representations/rep-e225ca56bce40944b788/representation_manifest.json,a277497675bc33bb228620121ac57375444feb9b5833e0cebcbb7e57f668f320,False,157925376,20260811,881,6784,6583,65746,6519,completed,"[""cx"",""rz"",""h""]",slice-b-m64,8264,20.0,0.0,0.5711688749724999,0.4391009999671951
4,16,cell-18b84c520b038c813961,pyzx_rewrite_identity_up_to_global_phase_v1,True,passed,tket_paulisimp,OpenQASM2 -> TKET DecomposeBoxes/AutoRebase/PauliSimp -> target basis,0.25,0.25,logical_all_to_all_no_routing,passed,data/runs/w4-matched-representation-20260802/cells/cell-18b84c520b038c813961/cell.log,64,2147483648,65,af04658a70199ba13b1bee01c37c67a64a57b3d085f6622ab20ebfbb4759ee79,44,21,"['cx', 'h', 'rz']",450,130,e115faab26dc1fa34ac96eae0732c971f842745942c762e4bd4d111ba54b4a39,20f0a194ecece2c1038cde90df16277b27c2fca10000cc8626de2e83fdf97e4a,276,4,qasm_bridge,rep-a7394eb517f3c47221b8,data/runs/w4-matched-representation-20260802/representations/rep-a7394eb517f3c47221b8/representation_manifest.json,e06c092b726a578629c5d9f91d1ef248f075b3a5213c363adb64187bc512c2f6,False,157614080,20260812,881,6784,6583,65746,6519,completed,"[""cx"",""rz"",""h""]",slice-b-m64,8264,20.0,0.0,0.5687894161092117,0.43743887497112155
4,16,cell-aa9366fb6e498a7f81d7,pyzx_rewrite_identity_up_to_global_phase_v1,True,passed,echo_passthrough,literal input circuit -> output,0.25,0.25,logical_all_to_all_no_routing,passed,data/runs/w4-matched-representation-20260802/cells/cell-aa9366fb6e498a7f81d7/cell.log,64,2147483648,65,7cf8b2a1782a55a99678661f3ec0bb275133ffa57d1e47f20fbd4496f251c852,128,30,"['cx', 'rz']",192,0,6664a21a87e88af307cc0f15cee5b4869ac62803310786d341c38a199d040c8e,bd8798c7d5799907e47d18deeca951c6239f8826349a87363886a3658e5b56df,64,4,random_commuting_order,rep-6fe03854936dd155a9e4,data/runs/w4-matched-representation-20260802/representations/rep-6fe03854936dd155a9e4/representation_manifest.json,d63751d4090751d5e2194a5a3104dc656aa33966e8b31e767fe322089cf95408,False,106414080,20260811,5725,29276,3225,29282,3159,completed,"[""cx"",""rz"",""h""]",slice-b-m64,8264,20.0,0.0,0.3025310419034213,0.21585395908914506
4,16,cell-fc9199c294f0d023ca5d,pyzx_rewrite_identity_up_to_global_phase_v1,True,passed,echo_passthrough,literal input circuit -> output,0.25,0.25,logical_all_to_all_no_routing,passed,data/runs/w4-matched-representation-20260802/cells/cell-fc9199c294f0d023ca5d/cell.log,64,2147483648,65,27c92f0e9f54d6935f4fb3e22d6833f552dce724ccb305db474179b7a364801d,128,33,"['cx', 'rz']",192,0,bc69705f125a516e3751b2b3d42d3735709a2358e685567832e14032224769ec,31da0f7e553063c948ae1366cb24c28156c53a4a8d6c7a86f52e935969bb53ac,64,4,random_commuting_order,rep-45a1ef3a3ca60f082f87,data/runs/w4-matched-representation-20260802/representations/rep-45a1ef3a3ca60f082f87/representation_manifest.json,8aa0a574c00bde0583fa19291daa62f6e2df1d129735409d066b409349aaae60,False,106512384,20260812,5725,29275,3225,29281,3159,completed,"[""cx"",""rz"",""h""]",slice-b-m64,8264,20.0,0.0,0.32679545891005546,0.21872687491122633
4,16,cell-66b322d0bf07b0bfa6dc,pyzx_rewrite_identity_up_to_global_phase_v1,True,passed,full_aggregation,exact input parity/phase table -> canonical CNOT-Rz,0.25,0.25,logical_all_to_all_no_routing,passed,data/runs/w4-matched-representation-20260802/cells/cell-66b322d0bf07b0bfa6dc/cell.log,64,2147483648,65,2b01fa962d420537bbf272c21c7ed8f6445c9d51d966319c0f58e948513e57f6,32,9,"['cx', 'rz']",48,0,731a545186c24487dc2119ee6ee2e7c29c966a13db1db66fedf9e5ad15783fcd,c597be19919d10886bab8b3734d8640e2a4efd41208e302d41e134d93a784122,16,4,random_commuting_order,rep-6fe03854936dd155a9e4,data/runs/w4-matched-representation-20260802/representations/rep-6fe03854936dd155a9e4/representation_manifest.json,d63751d4090751d5e2194a5a3104dc656aa33966e8b31e767fe322089cf95408,False,106266624,20260811,5725,29276,871,6821,805,completed,"[""cx"",""rz"",""h""]",slice-b-m64,8264,20.0,0.0,0.30041666596662253,0.2016879579750821
4,16,cell-3bd56f4be9859d80e1d0,pyzx_rewrite_identity_up_to_global_phase_v1,True,passed,full_aggregation,exact input parity/phase table -> canonical CNOT-Rz,0.25,0.25,logical_all_to_all_no_routing,passed,data/runs/w4-matched-representation-20260802/cells/cell-3bd56f4be9859d80e1d0/cell.log,64,2147483648,65,2b01fa962d420537bbf272c21c7ed8f6445c9d51d966319c0f58e948513e57f6,32,9,"['cx', 'rz']",48,0,731a545186c24487dc2119ee6ee2e7c29c966a13db1db66fedf9e5ad15783fcd,c597be19919d10886bab8b3734d8640e2a4efd41208e302d41e134d93a784122,16,4,random_commuting_order,rep-45a1ef3a3ca60f082f87,data/runs/w4-matched-representation-20260802/representations/rep-45a1ef3a3ca60f082f87/representation_manifest.json,8aa0a574c00bde0583fa19291daa62f6e2df1d129735409d066b409349aaae60,False,106151936,20260812,5725,29275,871,6821,805,completed,"[""cx"",""rz"",""h""]",slice-b-m64,8264,20.0,0.0,0.2985374580603093,0.20163370796944946
4,16,cell-49458dc8c8ed8441dede,pyzx_rewrite_identity_up_to_global_phase_v1,True,passed,pyzx_full_reduce,OpenQASM2 -> PyZX graph/full_reduce/extract -> target basis,0.25,0.25,logical_all_to_all_no_routing,passed,data/runs/w4-matched-representation-20260802/cells/cell-49458dc8c8ed8441dede/cell.log,64,2147483648,65,dbc2c040a5b806ccddca1fc86254aedf0703281a0fa0853e2768b0a56de0e736,48,34,"['cx', 'h', 'rz']",244,180,fce98d5e526ca2b48bb87867006656ee0a2c7c6b2953680dda3245774e220f07,83a7b9a625fa09bc47f2e8a291f28d49a2a35d9ab8bc4406eec6b7c33d5e7cb0,16,4,random_commuting_order,rep-6fe03854936dd155a9e4,data/runs/w4-matched-representation-20260802/representations/rep-6fe03854936dd155a9e4/representation_manifest.json,d63751d4090751d5e2194a5a3104dc656aa33966e8b31e767fe322089cf95408,False,108904448,20260811,5725,29276,2687,31588,2621,completed,"[""cx"",""rz"",""h""]",slice-b-m64,8264,20.0,0.0,0.3537564589641988,0.2686372919706628
4,16,cell-72a03954e8d10fa0d023,pyzx_rewrite_identity_up_to_global_phase_v1,True,passed,pyzx_full_reduce,OpenQASM2 -> PyZX graph/full_reduce/extract -> target basis,0.25,0.25,logical_all_to_all_no_routing,passed,data/runs/w4-matched-representation-20260802/cells/cell-72a03954e8d10fa0d023/cell.log,64,2147483648,65,dbc2c040a5b806ccddca1fc86254aedf0703281a0fa0853e2768b0a56de0e736,48,34,"['cx', 'h', 'rz']",244,180,fce98d5e526ca2b48bb87867006656ee0a2c7c6b2953680dda3245774e220f07,83a7b9a625fa09bc47f2e8a291f28d49a2a35d9ab8bc4406eec6b7c33d5e7cb0,16,4,random_commuting_order,rep-45a1ef3a3ca60f082f87,data/runs/w4-matched-representation-20260802/representations/rep-45a1ef3a3ca60f082f87/representation_manifest.json,8aa0a574c00bde0583fa19291daa62f6e2df1d129735409d066b409349aaae60,False,108871680,20260812,5725,29275,2687,31588,2621,completed,"[""cx"",""rz"",""h""]",slice-b-m64,8264,20.0,0.0,0.3740022500278428,0.27755941601935774
4,16,cell-da6badd8182682b24b8b,pyzx_rewrite_identity_up_to_global_phase_v1,True,passed,qiskit_opt3,OpenQASM2 -> Qiskit preset level 3 -> target basis,0.25,0.25,logical_all_to_all_no_routing,passed,data/runs/w4-matched-representation-20260802/cells/cell-da6badd8182682b24b8b/cell.log,64,2147483648,65,6c066bc7985b9d336bd9ee3ffad7dd167d989a0a3f5eae84861c379d51e75567,60,21,"['cx', 'rz']",90,0,29895e89148227d364b910dcc5c68e224b9b9c66968335597996570afaef3c50,a80752376f5aa8013f6da4ce1a0bf6a1d476afbbb1e241ced7b2feeec335b09e,30,4,random_commuting_order,rep-6fe03854936dd155a9e4,data/runs/w4-matched-representation-20260802/representations/rep-6fe03854936dd155a9e4/representation_manifest.json,d63751d4090751d5e2194a5a3104dc656aa33966e8b31e767fe322089cf95408,False,109461504,20260811,5725,29276,1613,13302,1552,completed,"[""cx"",""rz"",""h""]",slice-b-m64,8264,20.0,0.0,0.3039732089964673,0.2189907080028206
4,16,cell-9dc86f8557561de8ef82,pyzx_rewrite_identity_up_to_global_phase_v1,True,passed,qiskit_opt3,OpenQASM2 -> Qiskit preset level 3 -> target basis,0.25,0.25,logical_all_to_all_no_routing,passed,data/runs/w4-matched-representation-20260802/cells/cell-9dc86f8557561de8ef82/cell.log,64,2147483648,65,7e5773662d343d7022c12ef9a2773c927ac65936f2026e4d9773b3869fa0d7e3,66,27,"['cx', 'rz']",99,0,cce559dbffa52b09b44cb59c6a25b3a348897f85822a974d2a06dceff4bc605a,4898488d00753841aaaf234e0ca45208f46389af2fbf6e61276648d3b025ff31,33,4,random_commuting_order,rep-45a1ef3a3ca60f082f87,data/runs/w4-matched-representation-20260802/representations/rep-45a1ef3a3ca60f082f87/representation_manifest.json,8aa0a574c00bde0583fa19291daa62f6e2df1d129735409d066b409349aaae60,False,109527040,20260812,5725,29275,1733,14692,1672,completed,"[""cx"",""rz"",""h""]",slice-b-m64,8264,20.0,0.0,0.3292059580562636,0.22613962495233864
4,16,cell-8f0564467f6500305351,pyzx_rewrite_identity_up_to_global_phase_v1,True,passed,tket_paulisimp,OpenQASM2 -> TKET DecomposeBoxes/AutoRebase/PauliSimp -> target basis,0.25,0.25,logical_all_to_all_no_routing,passed,data/runs/w4-matched-representation-20260802/cells/cell-8f0564467f6500305351/cell.log,64,2147483648,65,af04658a70199ba13b1bee01c37c67a64a57b3d085f6622ab20ebfbb4759ee79,44,21,"['cx', 'h', 'rz']",450,130,e115faab26dc1fa34ac96eae0732c971f842745942c762e4bd4d111ba54b4a39,20f0a194ecece2c1038cde90df16277b27c2fca10000cc8626de2e83fdf97e4a,276,4,random_commuting_order,rep-6fe03854936dd155a9e4,data/runs/w4-matched-representation-20260802/representations/rep-6fe03854936dd155a9e4/representation_manifest.json,d63751d4090751d5e2194a5a3104dc656aa33966e8b31e767fe322089cf95408,False,157941760,20260811,5725,29276,6583,65746,6519,completed,"[""cx"",""rz"",""h""]",slice-b-m64,8264,20.0,0.0,0.5792560839327052,0.4538933750009164
4,16,cell-3caef5d8dc7ca1247f52,pyzx_rewrite_identity_up_to_global_phase_v1,True,passed,tket_paulisimp,OpenQASM2 -> TKET DecomposeBoxes/AutoRebase/PauliSimp -> target basis,0.25,0.25,logical_all_to_all_no_routing,passed,data/runs/w4-matched-representation-20260802/cells/cell-3caef5d8dc7ca1247f52/cell.log,64,2147483648,65,af04658a70199ba13b1bee01c37c67a64a57b3d085f6622ab20ebfbb4759ee79,44,21,"['cx', 'h', 'rz']",450,130,e115faab26dc1fa34ac96eae0732c971f842745942c762e4bd4d111ba54b4a39,20f0a194ecece2c1038cde90df16277b27c2fca10000cc8626de2e83fdf97e4a,276,4,random_commuting_order,rep-45a1ef3a3ca60f082f87,data/runs/w4-matched-representation-20260802/representations/rep-45a1ef3a3ca60f082f87/representation_manifest.json,8aa0a574c00bde0583fa19291daa62f6e2df1d129735409d066b409349aaae60,False,157941760,20260812,5725,29275,6583,65746,6519,completed,"[""cx"",""rz"",""h""]",slice-b-m64,8264,20.0,0.0,0.5563813329208642,0.44577766594011337
4,16,cell-303ac3fa3d8e9176196a,pyzx_rewrite_identity_up_to_global_phase_v1,True,passed,echo_passthrough,literal input circuit -> output,0.25,0.25,logical_all_to_all_no_routing,passed,data/runs/w4-matched-representation-20260802/cells/cell-303ac3fa3d8e9176196a/cell.log,64,2147483648,65,08d7718c633b32356a802c7e3de4eac58c6eaba1d70902dfc2ac13d277646658,128,27,"['cx', 'rz']",192,0,31d1154bffc465619a3032ca981e93e28ec1036794d19efb023c472c5c6a8883,81341309cc4056c6cf25d4e9166f66e3fb74271509a1ce96096844e45cbe4dea,64,4,round_robin_flat,rep-c88a41696ab2dba1654d,data/runs/w4-matched-representation-20260802/representations/rep-c88a41696ab2dba1654d/representation_manifest.json,4092ca9ba321728b72242dbcbdee4a0e38d3c8d2f1445ecd2983ab9f85569593,False,106430464,20260811,5725,29268,3225,29280,3159,completed,"[""cx"",""rz"",""h""]",slice-b-m64,8264,20.0,0.0,0.3143706659320742,0.2208346660481766
4,16,cell-6d4f2a975abed59dcff5,pyzx_rewrite_identity_up_to_global_phase_v1,True,passed,echo_passthrough,literal input circuit -> output,0.25,0.25,logical_all_to_all_no_routing,passed,data/runs/w4-matched-representation-20260802/cells/cell-6d4f2a975abed59dcff5/cell.log,64,2147483648,65,08d7718c633b32356a802c7e3de4eac58c6eaba1d70902dfc2ac13d277646658,128,27,"['cx', 'rz']",192,0,31d1154bffc465619a3032ca981e93e28ec1036794d19efb023c472c5c6a8883,81341309cc4056c6cf25d4e9166f66e3fb74271509a1ce96096844e45cbe4dea,64,4,round_robin_flat,rep-c50d5647586a7bbb94ff,data/runs/w4-matched-representation-20260802/representations/rep-c50d5647586a7bbb94ff/representation_manifest.json,69721432201b03e623fc51d2ac8385fbe375a027f64c1d509a4e46d263f7a052,False,106446848,20260812,5725,29268,3225,29280,3159,completed,"[""cx"",""rz"",""h""]",slice-b-m64,8264,20.0,0.0,0.32362266699783504,0.21946983400266618
4,16,cell-bee04e7f29adcb2531b6,pyzx_rewrite_identity_up_to_global_phase_v1,True,passed,full_aggregation,exact input parity/phase table -> canonical CNOT-Rz,0.25,0.25,logical_all_to_all_no_routing,passed,data/runs/w4-matched-representation-20260802/cells/cell-bee04e7f29adcb2531b6/cell.log,64,2147483648,65,2b01fa962d420537bbf272c21c7ed8f6445c9d51d966319c0f58e948513e57f6,32,9,"['cx', 'rz']",48,0,731a545186c24487dc2119ee6ee2e7c29c966a13db1db66fedf9e5ad15783fcd,c597be19919d10886bab8b3734d8640e2a4efd41208e302d41e134d93a784122,16,4,round_robin_flat,rep-c88a41696ab2dba1654d,data/runs/w4-matched-representation-20260802/representations/rep-c88a41696ab2dba1654d/representation_manifest.json,4092ca9ba321728b72242dbcbdee4a0e38d3c8d2f1445ecd2983ab9f85569593,False,106217472,20260811,5725,29268,871,6821,805,completed,"[""cx"",""rz"",""h""]",slice-b-m64,8264,20.0,0.0,0.29418087494559586,0.20200104196555912
4,16,cell-2784a63982b697420478,pyzx_rewrite_identity_up_to_global_phase_v1,True,passed,full_aggregation,exact input parity/phase table -> canonical CNOT-Rz,0.25,0.25,logical_all_to_all_no_routing,passed,data/runs/w4-matched-representation-20260802/cells/cell-2784a63982b697420478/cell.log,64,2147483648,65,2b01fa962d420537bbf272c21c7ed8f6445c9d51d966319c0f58e948513e57f6,32,9,"['cx', 'rz']",48,0,731a545186c24487dc2119ee6ee2e7c29c966a13db1db66fedf9e5ad15783fcd,c597be19919d10886bab8b3734d8640e2a4efd41208e302d41e134d93a784122,16,4,round_robin_flat,rep-c50d5647586a7bbb94ff,data/runs/w4-matched-representation-20260802/representations/rep-c50d5647586a7bbb94ff/representation_manifest.json,69721432201b03e623fc51d2ac8385fbe375a027f64c1d509a4e46d263f7a052,False,106201088,20260812,5725,29268,871,6821,805,completed,"[""cx"",""rz"",""h""]",slice-b-m64,8264,20.0,0.0,0.30196900002192706,0.20514629199169576
4,16,cell-46bf1577526a3e0221ab,pyzx_rewrite_identity_up_to_global_phase_v1,True,passed,pyzx_full_reduce,OpenQASM2 -> PyZX graph/full_reduce/extract -> target basis,0.25,0.25,logical_all_to_all_no_routing,passed,data/runs/w4-matched-representation-20260802/cells/cell-46bf1577526a3e0221ab/cell.log,64,2147483648,65,dbc2c040a5b806ccddca1fc86254aedf0703281a0fa0853e2768b0a56de0e736,48,34,"['cx', 'h', 'rz']",244,180,fce98d5e526ca2b48bb87867006656ee0a2c7c6b2953680dda3245774e220f07,83a7b9a625fa09bc47f2e8a291f28d49a2a35d9ab8bc4406eec6b7c33d5e7cb0,16,4,round_robin_flat,rep-c88a41696ab2dba1654d,data/runs/w4-matched-representation-20260802/representations/rep-c88a41696ab2dba1654d/representation_manifest.json,4092ca9ba321728b72242dbcbdee4a0e38d3c8d2f1445ecd2983ab9f85569593,False,108871680,20260811,5725,29268,2687,31588,2621,completed,"[""cx"",""rz"",""h""]",slice-b-m64,8264,20.0,0.0,0.37463754205964506,0.27193170797545463
4,16,cell-38f358d0c011baeaa36b,pyzx_rewrite_identity_up_to_global_phase_v1,True,passed,pyzx_full_reduce,OpenQASM2 -> PyZX graph/full_reduce/extract -> target basis,0.25,0.25,logical_all_to_all_no_routing,passed,data/runs/w4-matched-representation-20260802/cells/cell-38f358d0c011baeaa36b/cell.log,64,2147483648,65,dbc2c040a5b806ccddca1fc86254aedf0703281a0fa0853e2768b0a56de0e736,48,34,"['cx', 'h', 'rz']",244,180,fce98d5e526ca2b48bb87867006656ee0a2c7c6b2953680dda3245774e220f07,83a7b9a625fa09bc47f2e8a291f28d49a2a35d9ab8bc4406eec6b7c33d5e7cb0,16,4,round_robin_flat,rep-c50d5647586a7bbb94ff,data/runs/w4-matched-representation-20260802/representations/rep-c50d5647586a7bbb94ff/representation_manifest.json,69721432201b03e623fc51d2ac8385fbe375a027f64c1d509a4e46d263f7a052,False,108986368,20260812,5725,29268,2687,31588,2621,completed,"[""cx"",""rz"",""h""]",slice-b-m64,8264,20.0,0.0,0.3685568330110982,0.2723162079928443
4,16,cell-c51ce0aa4c55c8aa5706,pyzx_rewrite_identity_up_to_global_phase_v1,True,passed,qiskit_opt3,OpenQASM2 -> Qiskit preset level 3 -> target basis,0.25,0.25,logical_all_to_all_no_routing,passed,data/runs/w4-matched-representation-20260802/cells/cell-c51ce0aa4c55c8aa5706/cell.log,64,2147483648,65,11dbbc63f895c1ff305ab8cb2c4e0936b2f31874716e2dbad0822e4aa558926f,92,27,"['cx', 'rz']",138,0,7f4b4d95b82eb52ecd6b24b1bbd11e661569043404fe45afe890409d00f3dcc7,2a3e2eb05b0f8717a6525caf8959bfd2c8d3b5e87f08c5b54c518275c34f87f1,46,4,round_robin_flat,rep-c88a41696ab2dba1654d,data/runs/w4-matched-representation-20260802/representations/rep-c88a41696ab2dba1654d/representation_manifest.json,4092ca9ba321728b72242dbcbdee4a0e38d3c8d2f1445ecd2983ab9f85569593,False,109576192,20260811,5725,29268,2349,20754,2288,completed,"[""cx"",""rz"",""h""]",slice-b-m64,8264,20.0,0.0,0.32026199996471405,0.22830041602719575
4,16,cell-7f0f5a4eea44d4a304c7,pyzx_rewrite_identity_up_to_global_phase_v1,True,passed,qiskit_opt3,OpenQASM2 -> Qiskit preset level 3 -> target basis,0.25,0.25,logical_all_to_all_no_routing,passed,data/runs/w4-matched-representation-20260802/cells/cell-7f0f5a4eea44d4a304c7/cell.log,64,2147483648,65,11dbbc63f895c1ff305ab8cb2c4e0936b2f31874716e2dbad0822e4aa558926f,92,27,"['cx', 'rz']",138,0,7f4b4d95b82eb52ecd6b24b1bbd11e661569043404fe45afe890409d00f3dcc7,2a3e2eb05b0f8717a6525caf8959bfd2c8d3b5e87f08c5b54c518275c34f87f1,46,4,round_robin_flat,rep-c50d5647586a7bbb94ff,data/runs/w4-matched-representation-20260802/representations/rep-c50d5647586a7bbb94ff/representation_manifest.json,69721432201b03e623fc51d2ac8385fbe375a027f64c1d509a4e46d263f7a052,False,109543424,20260812,5725,29268,2349,20754,2288,completed,"[""cx"",""rz"",""h""]",slice-b-m64,8264,20.0,0.0,0.3237427920103073,0.22588662500493228
4,16,cell-c87cf412276e74fc59d7,pyzx_rewrite_identity_up_to_global_phase_v1,True,passed,tket_paulisimp,OpenQASM2 -> TKET DecomposeBoxes/AutoRebase/PauliSimp -> target basis,0.25,0.25,logical_all_to_all_no_routing,passed,data/runs/w4-matched-representation-20260802/cells/cell-c87cf412276e74fc59d7/cell.log,64,2147483648,65,af04658a70199ba13b1bee01c37c67a64a57b3d085f6622ab20ebfbb4759ee79,44,21,"['cx', 'h', 'rz']",450,130,e115faab26dc1fa34ac96eae0732c971f842745942c762e4bd4d111ba54b4a39,20f0a194ecece2c1038cde90df16277b27c2fca10000cc8626de2e83fdf97e4a,276,4,round_robin_flat,rep-c88a41696ab2dba1654d,data/runs/w4-matched-representation-20260802/representations/rep-c88a41696ab2dba1654d/representation_manifest.json,4092ca9ba321728b72242dbcbdee4a0e38d3c8d2f1445ecd2983ab9f85569593,False,157925376,20260811,5725,29268,6583,65746,6519,completed,"[""cx"",""rz"",""h""]",slice-b-m64,8264,20.0,0.0,0.5648427909472957,0.44198737503029406
4,16,cell-69cb6796b92d2b1de8f2,pyzx_rewrite_identity_up_to_global_phase_v1,True,passed,tket_paulisimp,OpenQASM2 -> TKET DecomposeBoxes/AutoRebase/PauliSimp -> target basis,0.25,0.25,logical_all_to_all_no_routing,passed,data/runs/w4-matched-representation-20260802/cells/cell-69cb6796b92d2b1de8f2/cell.log,64,2147483648,65,af04658a70199ba13b1bee01c37c67a64a57b3d085f6622ab20ebfbb4759ee79,44,21,"['cx', 'h', 'rz']",450,130,e115faab26dc1fa34ac96eae0732c971f842745942c762e4bd4d111ba54b4a39,20f0a194ecece2c1038cde90df16277b27c2fca10000cc8626de2e83fdf97e4a,276,4,round_robin_flat,rep-c50d5647586a7bbb94ff,data/runs/w4-matched-representation-20260802/representations/rep-c50d5647586a7bbb94ff/representation_manifest.json,69721432201b03e623fc51d2ac8385fbe375a027f64c1d509a4e46d263f7a052,False,157876224,20260812,5725,29268,6583,65746,6519,completed,"[""cx"",""rz"",""h""]",slice-b-m64,8264,20.0,0.0,0.5486079578986391,0.43745149997994304
4,16,cell-044611eddb0110f58c4b,pyzx_rewrite_identity_up_to_global_phase_v1,True,passed,echo_passthrough,literal input circuit -> output,0.25,0.25,logical_all_to_all_no_routing,passed,data/runs/w4-matched-representation-20260802/cells/cell-044611eddb0110f58c4b/cell.log,64,2147483648,65,ddbd444f92a22a0edfde865fe105502a5c3a3f9bf691272c8f9c416621a8588d,32,9,"['cx', 'rz']",48,0,d840d2ccf3e33b2946659175d65c421a4b54dc14b83225adcf273de692b79e0d,c597be19919d10886bab8b3734d8640e2a4efd41208e302d41e134d93a784122,16,4,semantic_aggregate,rep-9fe8c099f73b5293f110,data/runs/w4-matched-representation-20260802/representations/rep-9fe8c099f73b5293f110/representation_manifest.json,84ce42987d253e211f8608ed137eeb4cc170bde0c235f3b587611eaf902bb807,False,106086400,20260811,1604,6791,871,6801,805,completed,"[""cx"",""rz"",""h""]",slice-b-m64,8264,20.0,0.0,0.30384950002189726,0.1991069579962641
4,16,cell-369c5105ffa8031bacd6,pyzx_rewrite_identity_up_to_global_phase_v1,True,passed,echo_passthrough,literal input circuit -> output,0.25,0.25,logical_all_to_all_no_routing,passed,data/runs/w4-matched-representation-20260802/cells/cell-369c5105ffa8031bacd6/cell.log,64,2147483648,65,ddbd444f92a22a0edfde865fe105502a5c3a3f9bf691272c8f9c416621a8588d,32,9,"['cx', 'rz']",48,0,d840d2ccf3e33b2946659175d65c421a4b54dc14b83225adcf273de692b79e0d,c597be19919d10886bab8b3734d8640e2a4efd41208e302d41e134d93a784122,16,4,semantic_aggregate,rep-8ece931113ceeacc9835,data/runs/w4-matched-representation-20260802/representations/rep-8ece931113ceeacc9835/representation_manifest.json,985f1b79c80c92a0e4af6b2ced4d9b55886d75f0b60aedd4785487d786756915,False,106070016,20260812,1604,6791,871,6801,805,completed,"[""cx"",""rz"",""h""]",slice-b-m64,8264,20.0,0.0,0.30003516701981425,0.20432395802345127
4,16,cell-8cf4dfce54f9dd662537,pyzx_rewrite_identity_up_to_global_phase_v1,True,passed,full_aggregation,exact input parity/phase table -> canonical CNOT-Rz,0.25,0.25,logical_all_to_all_no_routing,passed,data/runs/w4-matched-representation-20260802/cells/cell-8cf4dfce54f9dd662537/cell.log,64,2147483648,65,2b01fa962d420537bbf272c21c7ed8f6445c9d51d966319c0f58e948513e57f6,32,9,"['cx', 'rz']",48,0,731a545186c24487dc2119ee6ee2e7c29c966a13db1db66fedf9e5ad15783fcd,c597be19919d10886bab8b3734d8640e2a4efd41208e302d41e134d93a784122,16,4,semantic_aggregate,rep-9fe8c099f73b5293f110,data/runs/w4-matched-representation-20260802/representations/rep-9fe8c099f73b5293f110/representation_manifest.json,84ce42987d253e211f8608ed137eeb4cc170bde0c235f3b587611eaf902bb807,False,106184704,20260811,1604,6791,871,6821,805,completed,"[""cx"",""rz"",""h""]",slice-b-m64,8264,20.0,0.0,0.2999004169832915,0.19908329204190522
4,16,cell-0092c4f910248de4e525,pyzx_rewrite_identity_up_to_global_phase_v1,True,passed,full_aggregation,exact input parity/phase table -> canonical CNOT-Rz,0.25,0.25,logical_all_to_all_no_routing,passed,data/runs/w4-matched-representation-20260802/cells/cell-0092c4f910248de4e525/cell.log,64,2147483648,65,2b01fa962d420537bbf272c21c7ed8f6445c9d51d966319c0f58e948513e57f6,32,9,"['cx', 'rz']",48,0,731a545186c24487dc2119ee6ee2e7c29c966a13db1db66fedf9e5ad15783fcd,c597be19919d10886bab8b3734d8640e2a4efd41208e302d41e134d93a784122,16,4,semantic_aggregate,rep-8ece931113ceeacc9835,data/runs/w4-matched-representation-20260802/representations/rep-8ece931113ceeacc9835/representation_manifest.json,985f1b79c80c92a0e4af6b2ced4d9b55886d75f0b60aedd4785487d786756915,False,106201088,20260812,1604,6791,871,6821,805,completed,"[""cx"",""rz"",""h""]",slice-b-m64,8264,20.0,0.0,0.2982967500574887,0.19960391707718372
4,16,cell-8b1a99348f0dc4c5239c,pyzx_rewrite_identity_up_to_global_phase_v1,True,passed,pyzx_full_reduce,OpenQASM2 -> PyZX graph/full_reduce/extract -> target basis,0.25,0.25,logical_all_to_all_no_routing,passed,data/runs/w4-matched-representation-20260802/cells/cell-8b1a99348f0dc4c5239c/cell.log,64,2147483648,65,dbc2c040a5b806ccddca1fc86254aedf0703281a0fa0853e2768b0a56de0e736,48,34,"['cx', 'h', 'rz']",244,180,fce98d5e526ca2b48bb87867006656ee0a2c7c6b2953680dda3245774e220f07,83a7b9a625fa09bc47f2e8a291f28d49a2a35d9ab8bc4406eec6b7c33d5e7cb0,16,4,semantic_aggregate,rep-9fe8c099f73b5293f110,data/runs/w4-matched-representation-20260802/representations/rep-9fe8c099f73b5293f110/representation_manifest.json,84ce42987d253e211f8608ed137eeb4cc170bde0c235f3b587611eaf902bb807,False,108855296,20260811,1604,6791,2687,31588,2621,completed,"[""cx"",""rz"",""h""]",slice-b-m64,8264,20.0,0.0,0.34629845805466175,0.25638404104392976
4,16,cell-2fc9e3ec7c9a60a70552,pyzx_rewrite_identity_up_to_global_phase_v1,True,passed,pyzx_full_reduce,OpenQASM2 -> PyZX graph/full_reduce/extract -> target basis,0.25,0.25,logical_all_to_all_no_routing,passed,data/runs/w4-matched-representation-20260802/cells/cell-2fc9e3ec7c9a60a70552/cell.log,64,2147483648,65,dbc2c040a5b806ccddca1fc86254aedf0703281a0fa0853e2768b0a56de0e736,48,34,"['cx', 'h', 'rz']",244,180,fce98d5e526ca2b48bb87867006656ee0a2c7c6b2953680dda3245774e220f07,83a7b9a625fa09bc47f2e8a291f28d49a2a35d9ab8bc4406eec6b7c33d5e7cb0,16,4,semantic_aggregate,rep-8ece931113ceeacc9835,data/runs/w4-matched-representation-20260802/representations/rep-8ece931113ceeacc9835/representation_manifest.json,985f1b79c80c92a0e4af6b2ced4d9b55886d75f0b60aedd4785487d786756915,False,108904448,20260812,1604,6791,2687,31588,2621,completed,"[""cx"",""rz"",""h""]",slice-b-m64,8264,20.0,0.0,0.35055008297786117,0.2564874169183895
4,16,cell-82d742b2e374efae3f46,pyzx_rewrite_identity_up_to_global_phase_v1,True,passed,qiskit_opt3,OpenQASM2 -> Qiskit preset level 3 -> target basis,0.25,0.25,logical_all_to_all_no_routing,passed,data/runs/w4-matched-representation-20260802/cells/cell-82d742b2e374efae3f46/cell.log,64,2147483648,65,ca9d1aa9089b2d501c68dae170fca9ccc2ac7213a387daf93ccb7bf7c56e9b2c,32,9,"['cx', 'rz']",48,0,d4ee57b0d12cbba1dee0e805b5044bc217ed22032c7c8c390ab4a340fbac2001,c597be19919d10886bab8b3734d8640e2a4efd41208e302d41e134d93a784122,16,4,semantic_aggregate,rep-9fe8c099f73b5293f110,data/runs/w4-matched-representation-20260802/representations/rep-9fe8c099f73b5293f110/representation_manifest.json,84ce42987d253e211f8608ed137eeb4cc170bde0c235f3b587611eaf902bb807,False,109297664,20260811,1604,6791,866,6820,805,completed,"[""cx"",""rz"",""h""]",slice-b-m64,8264,20.0,0.0,0.29824250005185604,0.2106093750335276
4,16,cell-43eb1df4e27fbe782ee6,pyzx_rewrite_identity_up_to_global_phase_v1,True,passed,qiskit_opt3,OpenQASM2 -> Qiskit preset level 3 -> target basis,0.25,0.25,logical_all_to_all_no_routing,passed,data/runs/w4-matched-representation-20260802/cells/cell-43eb1df4e27fbe782ee6/cell.log,64,2147483648,65,ca9d1aa9089b2d501c68dae170fca9ccc2ac7213a387daf93ccb7bf7c56e9b2c,32,9,"['cx', 'rz']",48,0,d4ee57b0d12cbba1dee0e805b5044bc217ed22032c7c8c390ab4a340fbac2001,c597be19919d10886bab8b3734d8640e2a4efd41208e302d41e134d93a784122,16,4,semantic_aggregate,rep-8ece931113ceeacc9835,data/runs/w4-matched-representation-20260802/representations/rep-8ece931113ceeacc9835/representation_manifest.json,985f1b79c80c92a0e4af6b2ced4d9b55886d75f0b60aedd4785487d786756915,False,109166592,20260812,1604,6791,866,6820,805,completed,"[""cx"",""rz"",""h""]",slice-b-m64,8264,20.0,0.0,0.29892116703558713,0.21251229208428413
4,16,cell-858af840d08e3a5aca13,pyzx_rewrite_identity_up_to_global_phase_v1,True,passed,tket_paulisimp,OpenQASM2 -> TKET DecomposeBoxes/AutoRebase/PauliSimp -> target basis,0.25,0.25,logical_all_to_all_no_routing,passed,data/runs/w4-matched-representation-20260802/cells/cell-858af840d08e3a5aca13/cell.log,64,2147483648,65,af04658a70199ba13b1bee01c37c67a64a57b3d085f6622ab20ebfbb4759ee79,44,21,"['cx', 'h', 'rz']",450,130,e115faab26dc1fa34ac96eae0732c971f842745942c762e4bd4d111ba54b4a39,20f0a194ecece2c1038cde90df16277b27c2fca10000cc8626de2e83fdf97e4a,276,4,semantic_aggregate,rep-9fe8c099f73b5293f110,data/runs/w4-matched-representation-20260802/representations/rep-9fe8c099f73b5293f110/representation_manifest.json,84ce42987d253e211f8608ed137eeb4cc170bde0c235f3b587611eaf902bb807,False,157761536,20260811,1604,6791,6583,65746,6519,completed,"[""cx"",""rz"",""h""]",slice-b-m64,8264,20.0,0.0,0.5456421669805422,0.4361444580135867
4,16,cell-dd4fb2162fd0f7134a61,pyzx_rewrite_identity_up_to_global_phase_v1,True,passed,tket_paulisimp,OpenQASM2 -> TKET DecomposeBoxes/AutoRebase/PauliSimp -> target basis,0.25,0.25,logical_all_to_all_no_routing,passed,data/runs/w4-matched-representation-20260802/cells/cell-dd4fb2162fd0f7134a61/cell.log,64,2147483648,65,af04658a70199ba13b1bee01c37c67a64a57b3d085f6622ab20ebfbb4759ee79,44,21,"['cx', 'h', 'rz']",450,130,e115faab26dc1fa34ac96eae0732c971f842745942c762e4bd4d111ba54b4a39,20f0a194ecece2c1038cde90df16277b27c2fca10000cc8626de2e83fdf97e4a,276,4,semantic_aggregate,rep-8ece931113ceeacc9835,data/runs/w4-matched-representation-20260802/representations/rep-8ece931113ceeacc9835/representation_manifest.json,985f1b79c80c92a0e4af6b2ced4d9b55886d75f0b60aedd4785487d786756915,False,157843456,20260812,1604,6791,6583,65746,6519,completed,"[""cx"",""rz"",""h""]",slice-b-m64,8264,20.0,0.0,0.5492275410797447,0.43463704199530184
4,16,cell-8c6e2e02edc410b74296,pyzx_rewrite_identity_up_to_global_phase_v1,True,passed,echo_passthrough,literal input circuit -> output,0.25,0.25,logical_all_to_all_no_routing,passed,data/runs/w4-matched-representation-20260802/cells/cell-8c6e2e02edc410b74296/cell.log,64,2147483648,65,36dd9f154b66791987689ee9619bbcab77f46acbbfc3b30c5f5fcfda2886de5e,32,9,"['cx', 'rz']",48,0,ae946cdb6bec02ef7af4b32f0d2a1b335c1a6b77150ba273374f231e52730a3c,4f657dd266b53a2f7f5fdb045c6d030d33f482b41029db8f40d96fc3a7644dc1,16,4,tket_bridge,rep-9d957cda8336a373b04c,data/runs/w4-matched-representation-20260802/representations/rep-9d957cda8336a373b04c/representation_manifest.json,51c3fbc85d7063740851f658f9310e25404a144c6c2dd24748e2a7ba5f7cb6cf,False,106184704,20260811,945,6784,871,6801,805,completed,"[""cx"",""rz"",""h""]",slice-b-m64,8264,20.0,0.0,0.3004630000796169,0.20296862500254065
4,16,cell-b7c14d210193b6d8c46f,pyzx_rewrite_identity_up_to_global_phase_v1,True,passed,echo_passthrough,literal input circuit -> output,0.25,0.25,logical_all_to_all_no_routing,passed,data/runs/w4-matched-representation-20260802/cells/cell-b7c14d210193b6d8c46f/cell.log,64,2147483648,65,36dd9f154b66791987689ee9619bbcab77f46acbbfc3b30c5f5fcfda2886de5e,32,9,"['cx', 'rz']",48,0,ae946cdb6bec02ef7af4b32f0d2a1b335c1a6b77150ba273374f231e52730a3c,4f657dd266b53a2f7f5fdb045c6d030d33f482b41029db8f40d96fc3a7644dc1,16,4,tket_bridge,rep-b473df9187f5daab5a9a,data/runs/w4-matched-representation-20260802/representations/rep-b473df9187f5daab5a9a/representation_manifest.json,a5c3b0eb1746269571ea42a1445aaeffbc2a6714411c00ebc4128149bb89baf1,False,106184704,20260812,945,6784,871,6801,805,completed,"[""cx"",""rz"",""h""]",slice-b-m64,8264,20.0,0.0,0.29636212496552616,0.20004449994303286
4,16,cell-4a1e33285ac4026d82d6,pyzx_rewrite_identity_up_to_global_phase_v1,True,passed,full_aggregation,exact input parity/phase table -> canonical CNOT-Rz,0.25,0.25,logical_all_to_all_no_routing,passed,data/runs/w4-matched-representation-20260802/cells/cell-4a1e33285ac4026d82d6/cell.log,64,2147483648,65,2b01fa962d420537bbf272c21c7ed8f6445c9d51d966319c0f58e948513e57f6,32,9,"['cx', 'rz']",48,0,731a545186c24487dc2119ee6ee2e7c29c966a13db1db66fedf9e5ad15783fcd,c597be19919d10886bab8b3734d8640e2a4efd41208e302d41e134d93a784122,16,4,tket_bridge,rep-9d957cda8336a373b04c,data/runs/w4-matched-representation-20260802/representations/rep-9d957cda8336a373b04c/representation_manifest.json,51c3fbc85d7063740851f658f9310e25404a144c6c2dd24748e2a7ba5f7cb6cf,False,106070016,20260811,945,6784,871,6821,805,completed,"[""cx"",""rz"",""h""]",slice-b-m64,8264,20.0,0.0,0.300436541903764,0.2008177499519661
4,16,cell-f7306e2df4a2dce2aa66,pyzx_rewrite_identity_up_to_global_phase_v1,True,passed,full_aggregation,exact input parity/phase table -> canonical CNOT-Rz,0.25,0.25,logical_all_to_all_no_routing,passed,data/runs/w4-matched-representation-20260802/cells/cell-f7306e2df4a2dce2aa66/cell.log,64,2147483648,65,2b01fa962d420537bbf272c21c7ed8f6445c9d51d966319c0f58e948513e57f6,32,9,"['cx', 'rz']",48,0,731a545186c24487dc2119ee6ee2e7c29c966a13db1db66fedf9e5ad15783fcd,c597be19919d10886bab8b3734d8640e2a4efd41208e302d41e134d93a784122,16,4,tket_bridge,rep-b473df9187f5daab5a9a,data/runs/w4-matched-representation-20260802/representations/rep-b473df9187f5daab5a9a/representation_manifest.json,a5c3b0eb1746269571ea42a1445aaeffbc2a6714411c00ebc4128149bb89baf1,False,106168320,20260812,945,6784,871,6821,805,completed,"[""cx"",""rz"",""h""]",slice-b-m64,8264,20.0,0.0,0.29895041696727276,0.2038390840170905
4,16,cell-94797354ff7afe389322,pyzx_rewrite_identity_up_to_global_phase_v1,True,passed,pyzx_full_reduce,OpenQASM2 -> PyZX graph/full_reduce/extract -> target basis,0.25,0.25,logical_all_to_all_no_routing,passed,data/runs/w4-matched-representation-20260802/cells/cell-94797354ff7afe389322/cell.log,64,2147483648,65,dbc2c040a5b806ccddca1fc86254aedf0703281a0fa0853e2768b0a56de0e736,48,34,"['cx', 'h', 'rz']",244,180,fce98d5e526ca2b48bb87867006656ee0a2c7c6b2953680dda3245774e220f07,83a7b9a625fa09bc47f2e8a291f28d49a2a35d9ab8bc4406eec6b7c33d5e7cb0,16,4,tket_bridge,rep-9d957cda8336a373b04c,data/runs/w4-matched-representation-20260802/representations/rep-9d957cda8336a373b04c/representation_manifest.json,51c3fbc85d7063740851f658f9310e25404a144c6c2dd24748e2a7ba5f7cb6cf,False,109068288,20260811,945,6784,2687,31588,2621,completed,"[""cx"",""rz"",""h""]",slice-b-m64,8264,20.0,0.0,0.4238129580626264,0.31281816703267395
4,16,cell-6c0fe8456d104e48b629,pyzx_rewrite_identity_up_to_global_phase_v1,True,passed,pyzx_full_reduce,OpenQASM2 -> PyZX graph/full_reduce/extract -> target basis,0.25,0.25,logical_all_to_all_no_routing,passed,data/runs/w4-matched-representation-20260802/cells/cell-6c0fe8456d104e48b629/cell.log,64,2147483648,65,dbc2c040a5b806ccddca1fc86254aedf0703281a0fa0853e2768b0a56de0e736,48,34,"['cx', 'h', 'rz']",244,180,fce98d5e526ca2b48bb87867006656ee0a2c7c6b2953680dda3245774e220f07,83a7b9a625fa09bc47f2e8a291f28d49a2a35d9ab8bc4406eec6b7c33d5e7cb0,16,4,tket_bridge,rep-b473df9187f5daab5a9a,data/runs/w4-matched-representation-20260802/representations/rep-b473df9187f5daab5a9a/representation_manifest.json,a5c3b0eb1746269571ea42a1445aaeffbc2a6714411c00ebc4128149bb89baf1,False,108937216,20260812,945,6784,2687,31588,2621,completed,"[""cx"",""rz"",""h""]",slice-b-m64,8264,20.0,0.0,0.39281558291986585,0.2771289589582011
4,16,cell-e70fde87bc596b56e01f,pyzx_rewrite_identity_up_to_global_phase_v1,True,passed,qiskit_opt3,OpenQASM2 -> Qiskit preset level 3 -> target basis,0.25,0.25,logical_all_to_all_no_routing,passed,data/runs/w4-matched-representation-20260802/cells/cell-e70fde87bc596b56e01f/cell.log,64,2147483648,65,ca9d1aa9089b2d501c68dae170fca9ccc2ac7213a387daf93ccb7bf7c56e9b2c,32,9,"['cx', 'rz']",48,0,d4ee57b0d12cbba1dee0e805b5044bc217ed22032c7c8c390ab4a340fbac2001,c597be19919d10886bab8b3734d8640e2a4efd41208e302d41e134d93a784122,16,4,tket_bridge,rep-9d957cda8336a373b04c,data/runs/w4-matched-representation-20260802/representations/rep-9d957cda8336a373b04c/representation_manifest.json,51c3fbc85d7063740851f658f9310e25404a144c6c2dd24748e2a7ba5f7cb6cf,False,109248512,20260811,945,6784,866,6820,805,completed,"[""cx"",""rz"",""h""]",slice-b-m64,8264,20.0,0.0,0.3923496250063181,0.26752316602505744
4,16,cell-bd6fccff47569295d74a,pyzx_rewrite_identity_up_to_global_phase_v1,True,passed,qiskit_opt3,OpenQASM2 -> Qiskit preset level 3 -> target basis,0.25,0.25,logical_all_to_all_no_routing,passed,data/runs/w4-matched-representation-20260802/cells/cell-bd6fccff47569295d74a/cell.log,64,2147483648,65,ca9d1aa9089b2d501c68dae170fca9ccc2ac7213a387daf93ccb7bf7c56e9b2c,32,9,"['cx', 'rz']",48,0,d4ee57b0d12cbba1dee0e805b5044bc217ed22032c7c8c390ab4a340fbac2001,c597be19919d10886bab8b3734d8640e2a4efd41208e302d41e134d93a784122,16,4,tket_bridge,rep-b473df9187f5daab5a9a,data/runs/w4-matched-representation-20260802/representations/rep-b473df9187f5daab5a9a/representation_manifest.json,a5c3b0eb1746269571ea42a1445aaeffbc2a6714411c00ebc4128149bb89baf1,False,109281280,20260812,945,6784,866,6820,805,completed,"[""cx"",""rz"",""h""]",slice-b-m64,8264,20.0,0.0,0.3339111669920385,0.22613712504971772
4,16,cell-da226090e38ddeeb5738,pyzx_rewrite_identity_up_to_global_phase_v1,True,passed,tket_paulisimp,OpenQASM2 -> TKET DecomposeBoxes/AutoRebase/PauliSimp -> target basis,0.25,0.25,logical_all_to_all_no_routing,passed,data/runs/w4-matched-representation-20260802/cells/cell-da226090e38ddeeb5738/cell.log,64,2147483648,65,af04658a70199ba13b1bee01c37c67a64a57b3d085f6622ab20ebfbb4759ee79,44,21,"['cx', 'h', 'rz']",450,130,e115faab26dc1fa34ac96eae0732c971f842745942c762e4bd4d111ba54b4a39,20f0a194ecece2c1038cde90df16277b27c2fca10000cc8626de2e83fdf97e4a,276,4,tket_bridge,rep-9d957cda8336a373b04c,data/runs/w4-matched-representation-20260802/representations/rep-9d957cda8336a373b04c/representation_manifest.json,51c3fbc85d7063740851f658f9310e25404a144c6c2dd24748e2a7ba5f7cb6cf,False,157843456,20260811,945,6784,6583,65746,6519,completed,"[""cx"",""rz"",""h""]",slice-b-m64,8264,20.0,0.0,0.6109226669650525,0.46687020896933973
4,16,cell-e8e6f5198336dcb436b2,pyzx_rewrite_identity_up_to_global_phase_v1,True,passed,tket_paulisimp,OpenQASM2 -> TKET DecomposeBoxes/AutoRebase/PauliSimp -> target basis,0.25,0.25,logical_all_to_all_no_routing,passed,data/runs/w4-matched-representation-20260802/cells/cell-e8e6f5198336dcb436b2/cell.log,64,2147483648,65,af04658a70199ba13b1bee01c37c67a64a57b3d085f6622ab20ebfbb4759ee79,44,21,"['cx', 'h', 'rz']",450,130,e115faab26dc1fa34ac96eae0732c971f842745942c762e4bd4d111ba54b4a39,20f0a194ecece2c1038cde90df16277b27c2fca10000cc8626de2e83fdf97e4a,276,4,tket_bridge,rep-b473df9187f5daab5a9a,data/runs/w4-matched-representation-20260802/representations/rep-b473df9187f5daab5a9a/representation_manifest.json,a5c3b0eb1746269571ea42a1445aaeffbc2a6714411c00ebc4128149bb89baf1,False,157810688,20260812,945,6784,6583,65746,6519,completed,"[""cx"",""rz"",""h""]",slice-b-m64,8264,20.0,0.0,0.595003042020835,0.459518332965672
4,16,cell-37cd371445745e194170,pyzx_rewrite_identity_up_to_global_phase_v1,True,passed,echo_passthrough,literal input circuit -> output,0.25,0.25,logical_all_to_all_no_routing,passed,data/runs/w4-matched-representation-20260802/cells/cell-37cd371445745e194170/cell.log,64,2147483648,65,ddbd444f92a22a0edfde865fe105502a5c3a3f9bf691272c8f9c416621a8588d,32,9,"['cx', 'rz']",48,0,d840d2ccf3e33b2946659175d65c421a4b54dc14b83225adcf273de692b79e0d,c597be19919d10886bab8b3734d8640e2a4efd41208e302d41e134d93a784122,16,4,zx_bridge,rep-01e50b1451581d51a0e8,data/runs/w4-matched-representation-20260802/representations/rep-01e50b1451581d51a0e8/representation_manifest.json,fde0a060dd27cf03dc50d36e9c70e5d5a302169bbe811cf3781de7284ff4ffc1,False,106070016,20260811,982,6782,871,6801,805,completed,"[""cx"",""rz"",""h""]",slice-b-m64,8264,20.0,0.0,0.31265004200395197,0.21593645901884884
4,16,cell-6bcbb57528b4d98d7a61,pyzx_rewrite_identity_up_to_global_phase_v1,True,passed,echo_passthrough,literal input circuit -> output,0.25,0.25,logical_all_to_all_no_routing,passed,data/runs/w4-matched-representation-20260802/cells/cell-6bcbb57528b4d98d7a61/cell.log,64,2147483648,65,ddbd444f92a22a0edfde865fe105502a5c3a3f9bf691272c8f9c416621a8588d,32,9,"['cx', 'rz']",48,0,d840d2ccf3e33b2946659175d65c421a4b54dc14b83225adcf273de692b79e0d,c597be19919d10886bab8b3734d8640e2a4efd41208e302d41e134d93a784122,16,4,zx_bridge,rep-59f03b35e7cc429ed646,data/runs/w4-matched-representation-20260802/representations/rep-59f03b35e7cc429ed646/representation_manifest.json,58000ce0bd266318e4c881404bab2f96de3af6e30bf961021c629921c0faa9e1,False,106102784,20260812,982,6782,871,6801,805,completed,"[""cx"",""rz"",""h""]",slice-b-m64,8264,20.0,0.0,0.31042670900933444,0.21442791598383337
4,16,cell-c3c77b56f737381d91a8,pyzx_rewrite_identity_up_to_global_phase_v1,True,passed,full_aggregation,exact input parity/phase table -> canonical CNOT-Rz,0.25,0.25,logical_all_to_all_no_routing,passed,data/runs/w4-matched-representation-20260802/cells/cell-c3c77b56f737381d91a8/cell.log,64,2147483648,65,2b01fa962d420537bbf272c21c7ed8f6445c9d51d966319c0f58e948513e57f6,32,9,"['cx', 'rz']",48,0,731a545186c24487dc2119ee6ee2e7c29c966a13db1db66fedf9e5ad15783fcd,c597be19919d10886bab8b3734d8640e2a4efd41208e302d41e134d93a784122,16,4,zx_bridge,rep-01e50b1451581d51a0e8,data/runs/w4-matched-representation-20260802/representations/rep-01e50b1451581d51a0e8/representation_manifest.json,fde0a060dd27cf03dc50d36e9c70e5d5a302169bbe811cf3781de7284ff4ffc1,False,106217472,20260811,982,6782,871,6821,805,completed,"[""cx"",""rz"",""h""]",slice-b-m64,8264,20.0,0.0,0.3160917910281569,0.21244020806625485
4,16,cell-b666f8d76a6e0e912d02,pyzx_rewrite_identity_up_to_global_phase_v1,True,passed,full_aggregation,exact input parity/phase table -> canonical CNOT-Rz,0.25,0.25,logical_all_to_all_no_routing,passed,data/runs/w4-matched-representation-20260802/cells/cell-b666f8d76a6e0e912d02/cell.log,64,2147483648,65,2b01fa962d420537bbf272c21c7ed8f6445c9d51d966319c0f58e948513e57f6,32,9,"['cx', 'rz']",48,0,731a545186c24487dc2119ee6ee2e7c29c966a13db1db66fedf9e5ad15783fcd,c597be19919d10886bab8b3734d8640e2a4efd41208e302d41e134d93a784122,16,4,zx_bridge,rep-59f03b35e7cc429ed646,data/runs/w4-matched-representation-20260802/representations/rep-59f03b35e7cc429ed646/representation_manifest.json,58000ce0bd266318e4c881404bab2f96de3af6e30bf961021c629921c0faa9e1,False,106070016,20260812,982,6782,871,6821,805,completed,"[""cx"",""rz"",""h""]",slice-b-m64,8264,20.0,0.0,0.3102017919300124,0.21220220800023526
4,16,cell-14804c1faaca63665280,pyzx_rewrite_identity_up_to_global_phase_v1,True,passed,pyzx_full_reduce,OpenQASM2 -> PyZX graph/full_reduce/extract -> target basis,0.25,0.25,logical_all_to_all_no_routing,passed,data/runs/w4-matched-representation-20260802/cells/cell-14804c1faaca63665280/cell.log,64,2147483648,65,dbc2c040a5b806ccddca1fc86254aedf0703281a0fa0853e2768b0a56de0e736,48,34,"['cx', 'h', 'rz']",244,180,fce98d5e526ca2b48bb87867006656ee0a2c7c6b2953680dda3245774e220f07,83a7b9a625fa09bc47f2e8a291f28d49a2a35d9ab8bc4406eec6b7c33d5e7cb0,16,4,zx_bridge,rep-01e50b1451581d51a0e8,data/runs/w4-matched-representation-20260802/representations/rep-01e50b1451581d51a0e8/representation_manifest.json,fde0a060dd27cf03dc50d36e9c70e5d5a302169bbe811cf3781de7284ff4ffc1,False,108789760,20260811,982,6782,2687,31588,2621,completed,"[""cx"",""rz"",""h""]",slice-b-m64,8264,20.0,0.0,0.3859602080192417,0.2718530000420287
4,16,cell-0629e04a4b70fb57367c,pyzx_rewrite_identity_up_to_global_phase_v1,True,passed,pyzx_full_reduce,OpenQASM2 -> PyZX graph/full_reduce/extract -> target basis,0.25,0.25,logical_all_to_all_no_routing,passed,data/runs/w4-matched-representation-20260802/cells/cell-0629e04a4b70fb57367c/cell.log,64,2147483648,65,dbc2c040a5b806ccddca1fc86254aedf0703281a0fa0853e2768b0a56de0e736,48,34,"['cx', 'h', 'rz']",244,180,fce98d5e526ca2b48bb87867006656ee0a2c7c6b2953680dda3245774e220f07,83a7b9a625fa09bc47f2e8a291f28d49a2a35d9ab8bc4406eec6b7c33d5e7cb0,16,4,zx_bridge,rep-59f03b35e7cc429ed646,data/runs/w4-matched-representation-20260802/representations/rep-59f03b35e7cc429ed646/representation_manifest.json,58000ce0bd266318e4c881404bab2f96de3af6e30bf961021c629921c0faa9e1,False,109166592,20260812,982,6782,2687,31588,2621,completed,"[""cx"",""rz"",""h""]",slice-b-m64,8264,20.0,0.0,0.3928644589614123,0.2855554160196334
4,16,cell-95f6724d35cd6e198ee5,pyzx_rewrite_identity_up_to_global_phase_v1,True,passed,qiskit_opt3,OpenQASM2 -> Qiskit preset level 3 -> target basis,0.25,0.25,logical_all_to_all_no_routing,passed,data/runs/w4-matched-representation-20260802/cells/cell-95f6724d35cd6e198ee5/cell.log,64,2147483648,65,ca9d1aa9089b2d501c68dae170fca9ccc2ac7213a387daf93ccb7bf7c56e9b2c,32,9,"['cx', 'rz']",48,0,d4ee57b0d12cbba1dee0e805b5044bc217ed22032c7c8c390ab4a340fbac2001,c597be19919d10886bab8b3734d8640e2a4efd41208e302d41e134d93a784122,16,4,zx_bridge,rep-01e50b1451581d51a0e8,data/runs/w4-matched-representation-20260802/representations/rep-01e50b1451581d51a0e8/representation_manifest.json,fde0a060dd27cf03dc50d36e9c70e5d5a302169bbe811cf3781de7284ff4ffc1,False,109199360,20260811,982,6782,866,6820,805,completed,"[""cx"",""rz"",""h""]",slice-b-m64,8264,20.0,0.0,0.33508704195264727,0.22226970898918808
4,16,cell-f9ec17f785c7066bf762,pyzx_rewrite_identity_up_to_global_phase_v1,True,passed,qiskit_opt3,OpenQASM2 -> Qiskit preset level 3 -> target basis,0.25,0.25,logical_all_to_all_no_routing,passed,data/runs/w4-matched-representation-20260802/cells/cell-f9ec17f785c7066bf762/cell.log,64,2147483648,65,ca9d1aa9089b2d501c68dae170fca9ccc2ac7213a387daf93ccb7bf7c56e9b2c,32,9,"['cx', 'rz']",48,0,d4ee57b0d12cbba1dee0e805b5044bc217ed22032c7c8c390ab4a340fbac2001,c597be19919d10886bab8b3734d8640e2a4efd41208e302d41e134d93a784122,16,4,zx_bridge,rep-59f03b35e7cc429ed646,data/runs/w4-matched-representation-20260802/representations/rep-59f03b35e7cc429ed646/representation_manifest.json,58000ce0bd266318e4c881404bab2f96de3af6e30bf961021c629921c0faa9e1,False,109182976,20260812,982,6782,866,6820,805,completed,"[""cx"",""rz"",""h""]",slice-b-m64,8264,20.0,0.0,0.33220254199113697,0.225764749920927
4,16,cell-98ad1909128ca1d20197,pyzx_rewrite_identity_up_to_global_phase_v1,True,passed,tket_paulisimp,OpenQASM2 -> TKET DecomposeBoxes/AutoRebase/PauliSimp -> target basis,0.25,0.25,logical_all_to_all_no_routing,passed,data/runs/w4-matched-representation-20260802/cells/cell-98ad1909128ca1d20197/cell.log,64,2147483648,65,af04658a70199ba13b1bee01c37c67a64a57b3d085f6622ab20ebfbb4759ee79,44,21,"['cx', 'h', 'rz']",450,130,e115faab26dc1fa34ac96eae0732c971f842745942c762e4bd4d111ba54b4a39,20f0a194ecece2c1038cde90df16277b27c2fca10000cc8626de2e83fdf97e4a,276,4,zx_bridge,rep-01e50b1451581d51a0e8,data/runs/w4-matched-representation-20260802/representations/rep-01e50b1451581d51a0e8/representation_manifest.json,fde0a060dd27cf03dc50d36e9c70e5d5a302169bbe811cf3781de7284ff4ffc1,False,157696000,20260811,982,6782,6583,65746,6519,completed,"[""cx"",""rz"",""h""]",slice-b-m64,8264,20.0,0.0,0.6061323749599978,0.45548999996390194
4,16,cell-0127bbdae98759f8a673,pyzx_rewrite_identity_up_to_global_phase_v1,True,passed,tket_paulisimp,OpenQASM2 -> TKET DecomposeBoxes/AutoRebase/PauliSimp -> target basis,0.25,0.25,logical_all_to_all_no_routing,passed,data/runs/w4-matched-representation-20260802/cells/cell-0127bbdae98759f8a673/cell.log,64,2147483648,65,af04658a70199ba13b1bee01c37c67a64a57b3d085f6622ab20ebfbb4759ee79,44,21,"['cx', 'h', 'rz']",450,130,e115faab26dc1fa34ac96eae0732c971f842745942c762e4bd4d111ba54b4a39,20f0a194ecece2c1038cde90df16277b27c2fca10000cc8626de2e83fdf97e4a,276,4,zx_bridge,rep-59f03b35e7cc429ed646,data/runs/w4-matched-representation-20260802/representations/rep-59f03b35e7cc429ed646/representation_manifest.json,58000ce0bd266318e4c881404bab2f96de3af6e30bf961021c629921c0faa9e1,False,157859840,20260812,982,6782,6583,65746,6519,completed,"[""cx"",""rz"",""h""]",slice-b-m64,8264,20.0,0.0,0.5993153330637142,0.4559397919801995
16,6,cell-80c10d174a3ed92cfa3f,pyzx_rewrite_identity_up_to_global_phase_v1,True,passed,echo_passthrough,literal input circuit -> output,0.75,0.75,logical_all_to_all_no_routing,passed,data/runs/w4-matched-representation-20260802/cells/cell-80c10d174a3ed92cfa3f/cell.log,8,2147483648,9,80a69e6bb3cf01924081242815917f142a5cf88a48f886255b3b562961e2ed69,96,120,"['cx', 'rz']",144,0,ee1cd49fabddab0e5dd16ebd694036d151b4736fe4b52d2d43651e3f418a6eb3,2d363aeb318ac1ebea22414b00ce676958f8e28ba8a9b29f444e80b30e7956c7,48,8,contiguous_flat,rep-f44564f0e3ad53c76a1e,data/runs/w4-matched-representation-20260802/representations/rep-f44564f0e3ad53c76a1e/representation_manifest.json,7cdd1543606f4e48974ac31d3c6d2ef8ec8c59666f1b58cde7438b29e68024d4,False,106233856,20260811,4365,22185,2696,22198,2630,completed,"[""cx"",""rz"",""h""]",slice-c-m08,8308,20.0,0.0,0.33264029200654477,0.22049166704528034
16,6,cell-ab9bf4835cb40e3c5c1e,pyzx_rewrite_identity_up_to_global_phase_v1,True,passed,echo_passthrough,literal input circuit -> output,0.75,0.75,logical_all_to_all_no_routing,passed,data/runs/w4-matched-representation-20260802/cells/cell-ab9bf4835cb40e3c5c1e/cell.log,8,2147483648,9,80a69e6bb3cf01924081242815917f142a5cf88a48f886255b3b562961e2ed69,96,120,"['cx', 'rz']",144,0,ee1cd49fabddab0e5dd16ebd694036d151b4736fe4b52d2d43651e3f418a6eb3,2d363aeb318ac1ebea22414b00ce676958f8e28ba8a9b29f444e80b30e7956c7,48,8,contiguous_flat,rep-882891dc4c1fe8cf9929,data/runs/w4-matched-representation-20260802/representations/rep-882891dc4c1fe8cf9929/representation_manifest.json,322679969e92ccb8c145dad4c876948f5d2d3e8c832373c765d7311d4267ec8f,False,106250240,20260812,4365,22185,2696,22198,2630,completed,"[""cx"",""rz"",""h""]",slice-c-m08,8308,20.0,0.0,0.33549512503668666,0.22124608396552503
16,6,cell-b9c3e67e3ed8d39367ee,pyzx_rewrite_identity_up_to_global_phase_v1,True,passed,full_aggregation,exact input parity/phase table -> canonical CNOT-Rz,0.75,0.75,logical_all_to_all_no_routing,passed,data/runs/w4-matched-representation-20260802/cells/cell-b9c3e67e3ed8d39367ee/cell.log,8,2147483648,9,25bfd9fcf81a745f9f97baa458d411d11f44d7071da31eb4c17b9d47c48fb8a4,12,15,"['cx', 'rz']",18,0,5f50bef2eb73c98f9ac5c713e1f097755404dea113db7188e07600bcb66eaef2,f871dc9dac21bf64e6fd49d2dad21b24f81f28fd66d85bafd39f942dd0a5eda5,6,8,contiguous_flat,rep-f44564f0e3ad53c76a1e,data/runs/w4-matched-representation-20260802/representations/rep-f44564f0e3ad53c76a1e/representation_manifest.json,7cdd1543606f4e48974ac31d3c6d2ef8ec8c59666f1b58cde7438b29e68024d4,False,105938944,20260811,4365,22185,430,2675,364,completed,"[""cx"",""rz"",""h""]",slice-c-m08,8308,20.0,0.0,0.3006009579403326,0.20530204102396965
16,6,cell-21aa7c522441d8f05a12,pyzx_rewrite_identity_up_to_global_phase_v1,True,passed,full_aggregation,exact input parity/phase table -> canonical CNOT-Rz,0.75,0.75,logical_all_to_all_no_routing,passed,data/runs/w4-matched-representation-20260802/cells/cell-21aa7c522441d8f05a12/cell.log,8,2147483648,9,25bfd9fcf81a745f9f97baa458d411d11f44d7071da31eb4c17b9d47c48fb8a4,12,15,"['cx', 'rz']",18,0,5f50bef2eb73c98f9ac5c713e1f097755404dea113db7188e07600bcb66eaef2,f871dc9dac21bf64e6fd49d2dad21b24f81f28fd66d85bafd39f942dd0a5eda5,6,8,contiguous_flat,rep-882891dc4c1fe8cf9929,data/runs/w4-matched-representation-20260802/representations/rep-882891dc4c1fe8cf9929/representation_manifest.json,322679969e92ccb8c145dad4c876948f5d2d3e8c832373c765d7311d4267ec8f,False,106102784,20260812,4365,22185,430,2675,364,completed,"[""cx"",""rz"",""h""]",slice-c-m08,8308,20.0,0.0,0.3162284999853,0.20489029202144593
16,6,cell-b64f3bdca0fc9f200c82,pyzx_rewrite_identity_up_to_global_phase_v1,True,passed,pyzx_full_reduce,OpenQASM2 -> PyZX graph/full_reduce/extract -> target basis,0.75,0.75,logical_all_to_all_no_routing,passed,data/runs/w4-matched-representation-20260802/cells/cell-b64f3bdca0fc9f200c82/cell.log,8,2147483648,9,51a95e8f44338766e15b4d8af82bc0fe894be2b12669fbfd57cce7e9906a3e8a,32,69,"['cx', 'h', 'rz']",130,92,4fad672d5eb73c4d3cadbcde8dc7350994dbfaa9d4e75a332d7eeeaa76303d52,80f6f43741e7cffd8c2cea6ec9d3aa309fee841e53afb9d3b3123606b305dae6,6,8,contiguous_flat,rep-f44564f0e3ad53c76a1e,data/runs/w4-matched-representation-20260802/representations/rep-f44564f0e3ad53c76a1e/representation_manifest.json,7cdd1543606f4e48974ac31d3c6d2ef8ec8c59666f1b58cde7438b29e68024d4,False,108412928,20260811,4365,22185,1446,16955,1380,completed,"[""cx"",""rz"",""h""]",slice-c-m08,8308,20.0,0.0,0.33563133305869997,0.23259808297734708
16,6,cell-0736ebebf5a6da4784cc,pyzx_rewrite_identity_up_to_global_phase_v1,True,passed,pyzx_full_reduce,OpenQASM2 -> PyZX graph/full_reduce/extract -> target basis,0.75,0.75,logical_all_to_all_no_routing,passed,data/runs/w4-matched-representation-20260802/cells/cell-0736ebebf5a6da4784cc/cell.log,8,2147483648,9,51a95e8f44338766e15b4d8af82bc0fe894be2b12669fbfd57cce7e9906a3e8a,32,69,"['cx', 'h', 'rz']",130,92,4fad672d5eb73c4d3cadbcde8dc7350994dbfaa9d4e75a332d7eeeaa76303d52,80f6f43741e7cffd8c2cea6ec9d3aa309fee841e53afb9d3b3123606b305dae6,6,8,contiguous_flat,rep-882891dc4c1fe8cf9929,data/runs/w4-matched-representation-20260802/representations/rep-882891dc4c1fe8cf9929/representation_manifest.json,322679969e92ccb8c145dad4c876948f5d2d3e8c832373c765d7311d4267ec8f,False,108609536,20260812,4365,22185,1446,16955,1380,completed,"[""cx"",""rz"",""h""]",slice-c-m08,8308,20.0,0.0,0.32046570803504437,0.22810370905790478
16,6,cell-270b4943a03ddf197ffe,pyzx_rewrite_identity_up_to_global_phase_v1,True,passed,qiskit_opt3,OpenQASM2 -> Qiskit preset level 3 -> target basis,0.75,0.75,logical_all_to_all_no_routing,passed,data/runs/w4-matched-representation-20260802/cells/cell-270b4943a03ddf197ffe/cell.log,8,2147483648,9,637c4678d471f80dbb14fdfa19e27df2ad2db78a1bf5cff0ed64f89c0bf1d900,12,15,"['cx', 'rz']",18,0,42991424c4f8ab2dd2d112c89c514f3ebedcf66f702908cd80e8329b51fedcd4,7920491c79bf3f547700f6a5c436dc95672cc60c7ffcc1ddf4c5edd4ef703424,6,8,contiguous_flat,rep-f44564f0e3ad53c76a1e,data/runs/w4-matched-representation-20260802/representations/rep-f44564f0e3ad53c76a1e/representation_manifest.json,7cdd1543606f4e48974ac31d3c6d2ef8ec8c59666f1b58cde7438b29e68024d4,False,108920832,20260811,4365,22185,425,2674,364,completed,"[""cx"",""rz"",""h""]",slice-c-m08,8308,20.0,0.0,0.3160328340018168,0.21804975008126348
16,6,cell-4e5f82b52fc922a24ea0,pyzx_rewrite_identity_up_to_global_phase_v1,True,passed,qiskit_opt3,OpenQASM2 -> Qiskit preset level 3 -> target basis,0.75,0.75,logical_all_to_all_no_routing,passed,data/runs/w4-matched-representation-20260802/cells/cell-4e5f82b52fc922a24ea0/cell.log,8,2147483648,9,637c4678d471f80dbb14fdfa19e27df2ad2db78a1bf5cff0ed64f89c0bf1d900,12,15,"['cx', 'rz']",18,0,42991424c4f8ab2dd2d112c89c514f3ebedcf66f702908cd80e8329b51fedcd4,7920491c79bf3f547700f6a5c436dc95672cc60c7ffcc1ddf4c5edd4ef703424,6,8,contiguous_flat,rep-882891dc4c1fe8cf9929,data/runs/w4-matched-representation-20260802/representations/rep-882891dc4c1fe8cf9929/representation_manifest.json,322679969e92ccb8c145dad4c876948f5d2d3e8c832373c765d7311d4267ec8f,False,109035520,20260812,4365,22185,425,2674,364,completed,"[""cx"",""rz"",""h""]",slice-c-m08,8308,20.0,0.0,0.31764204101637006,0.21691920794546604
16,6,cell-be556d8b157beccc23ae,pyzx_rewrite_identity_up_to_global_phase_v1,True,passed,tket_paulisimp,OpenQASM2 -> TKET DecomposeBoxes/AutoRebase/PauliSimp -> target basis,0.75,0.75,logical_all_to_all_no_routing,passed,data/runs/w4-matched-representation-20260802/cells/cell-be556d8b157beccc23ae/cell.log,8,2147483648,9,2999ba16679bd54c80b47d6cbfb075ba29f182c9cefa06800a3fd9a62d180c0a,32,41,"['cx', 'h', 'rz']",92,18,78f6904c8d216c57c401c50e30a467da07b08ae79a3ec8f1b923e8e5cfc0283c,07ee99cfb112a99ea7f2547dc66b5b66d77ad835c32119c4e4b57f4402f0c139,42,8,contiguous_flat,rep-f44564f0e3ad53c76a1e,data/runs/w4-matched-representation-20260802/representations/rep-f44564f0e3ad53c76a1e/representation_manifest.json,7cdd1543606f4e48974ac31d3c6d2ef8ec8c59666f1b58cde7438b29e68024d4,False,156090368,20260811,4365,22185,1428,13626,1364,completed,"[""cx"",""rz"",""h""]",slice-c-m08,8308,20.0,0.0,0.5605665419716388,0.4228390830103308
16,6,cell-1fb029ac5f3d15649d91,pyzx_rewrite_identity_up_to_global_phase_v1,True,passed,tket_paulisimp,OpenQASM2 -> TKET DecomposeBoxes/AutoRebase/PauliSimp -> target basis,0.75,0.75,logical_all_to_all_no_routing,passed,data/runs/w4-matched-representation-20260802/cells/cell-1fb029ac5f3d15649d91/cell.log,8,2147483648,9,2999ba16679bd54c80b47d6cbfb075ba29f182c9cefa06800a3fd9a62d180c0a,32,41,"['cx', 'h', 'rz']",92,18,78f6904c8d216c57c401c50e30a467da07b08ae79a3ec8f1b923e8e5cfc0283c,07ee99cfb112a99ea7f2547dc66b5b66d77ad835c32119c4e4b57f4402f0c139,42,8,contiguous_flat,rep-882891dc4c1fe8cf9929,data/runs/w4-matched-representation-20260802/representations/rep-882891dc4c1fe8cf9929/representation_manifest.json,322679969e92ccb8c145dad4c876948f5d2d3e8c832373c765d7311d4267ec8f,False,155975680,20260812,4365,22185,1428,13626,1364,completed,"[""cx"",""rz"",""h""]",slice-c-m08,8308,20.0,0.0,0.553910666028969,0.41954387503210455
16,6,cell-65211eec63ec0cb8beb5,pyzx_rewrite_identity_up_to_global_phase_v1,True,passed,echo_passthrough,literal input circuit -> output,0.75,0.75,logical_all_to_all_no_routing,passed,data/runs/w4-matched-representation-20260802/cells/cell-65211eec63ec0cb8beb5/cell.log,8,2147483648,9,7e25f1ad1eb12345b7f22cf7a80db3d183ab04f3c95dd986f1eb680ef3b3005b,48,60,"['cx', 'rz']",72,0,a028acafd07f896aa100ad129f36d6c8bc12349be2d911959e2b1c7c8075cc19,8dbde4c9f9f3d5721bc17c80377f9df432b62f6a7bdf22e2cd55da6c5000bd18,24,8,locally_folded_flat,rep-9d0cb676abe26c6bdda3,data/runs/w4-matched-representation-20260802/representations/rep-9d0cb676abe26c6bdda3/representation_manifest.json,d42fd0524d4fc408a1fef9fa4b7150083fb0646272442f663b225fd48eed883e,False,106020864,20260811,2229,10990,1396,10999,1330,completed,"[""cx"",""rz"",""h""]",slice-c-m08,8308,20.0,0.0,0.3085242079105228,0.21024624991696328
16,6,cell-7c3974f3a86bf895c208,pyzx_rewrite_identity_up_to_global_phase_v1,True,passed,echo_passthrough,literal input circuit -> output,0.75,0.75,logical_all_to_all_no_routing,passed,data/runs/w4-matched-representation-20260802/cells/cell-7c3974f3a86bf895c208/cell.log,8,2147483648,9,7e25f1ad1eb12345b7f22cf7a80db3d183ab04f3c95dd986f1eb680ef3b3005b,48,60,"['cx', 'rz']",72,0,a028acafd07f896aa100ad129f36d6c8bc12349be2d911959e2b1c7c8075cc19,8dbde4c9f9f3d5721bc17c80377f9df432b62f6a7bdf22e2cd55da6c5000bd18,24,8,locally_folded_flat,rep-2c6ec2ce8ea992691c27,data/runs/w4-matched-representation-20260802/representations/rep-2c6ec2ce8ea992691c27/representation_manifest.json,1a8c6992ce949000fe320e1436310dc6d02f825ed0299c6f01ec215701b09165,False,106004480,20260812,2229,10990,1396,10999,1330,completed,"[""cx"",""rz"",""h""]",slice-c-m08,8308,20.0,0.0,0.3101418330334127,0.21084374992642552
16,6,cell-d4016c7915b581e5070c,pyzx_rewrite_identity_up_to_global_phase_v1,True,passed,full_aggregation,exact input parity/phase table -> canonical CNOT-Rz,0.75,0.75,logical_all_to_all_no_routing,passed,data/runs/w4-matched-representation-20260802/cells/cell-d4016c7915b581e5070c/cell.log,8,2147483648,9,25bfd9fcf81a745f9f97baa458d411d11f44d7071da31eb4c17b9d47c48fb8a4,12,15,"['cx', 'rz']",18,0,5f50bef2eb73c98f9ac5c713e1f097755404dea113db7188e07600bcb66eaef2,f871dc9dac21bf64e6fd49d2dad21b24f81f28fd66d85bafd39f942dd0a5eda5,6,8,locally_folded_flat,rep-9d0cb676abe26c6bdda3,data/runs/w4-matched-representation-20260802/representations/rep-9d0cb676abe26c6bdda3/representation_manifest.json,d42fd0524d4fc408a1fef9fa4b7150083fb0646272442f663b225fd48eed883e,False,105938944,20260811,2229,10990,430,2675,364,completed,"[""cx"",""rz"",""h""]",slice-c-m08,8308,20.0,0.0,0.30730400001630187,0.20602162496652454
16,6,cell-b8c23826d93ff1b4f86e,pyzx_rewrite_identity_up_to_global_phase_v1,True,passed,full_aggregation,exact input parity/phase table -> canonical CNOT-Rz,0.75,0.75,logical_all_to_all_no_routing,passed,data/runs/w4-matched-representation-20260802/cells/cell-b8c23826d93ff1b4f86e/cell.log,8,2147483648,9,25bfd9fcf81a745f9f97baa458d411d11f44d7071da31eb4c17b9d47c48fb8a4,12,15,"['cx', 'rz']",18,0,5f50bef2eb73c98f9ac5c713e1f097755404dea113db7188e07600bcb66eaef2,f871dc9dac21bf64e6fd49d2dad21b24f81f28fd66d85bafd39f942dd0a5eda5,6,8,locally_folded_flat,rep-2c6ec2ce8ea992691c27,data/runs/w4-matched-representation-20260802/representations/rep-2c6ec2ce8ea992691c27/representation_manifest.json,1a8c6992ce949000fe320e1436310dc6d02f825ed0299c6f01ec215701b09165,False,105971712,20260812,2229,10990,430,2675,364,completed,"[""cx"",""rz"",""h""]",slice-c-m08,8308,20.0,0.0,0.30725262500345707,0.20505241595674306
16,6,cell-c86a4514aa14a0aa9503,pyzx_rewrite_identity_up_to_global_phase_v1,True,passed,pyzx_full_reduce,OpenQASM2 -> PyZX graph/full_reduce/extract -> target basis,0.75,0.75,logical_all_to_all_no_routing,passed,data/runs/w4-matched-representation-20260802/cells/cell-c86a4514aa14a0aa9503/cell.log,8,2147483648,9,51a95e8f44338766e15b4d8af82bc0fe894be2b12669fbfd57cce7e9906a3e8a,32,69,"['cx', 'h', 'rz']",130,92,4fad672d5eb73c4d3cadbcde8dc7350994dbfaa9d4e75a332d7eeeaa76303d52,80f6f43741e7cffd8c2cea6ec9d3aa309fee841e53afb9d3b3123606b305dae6,6,8,locally_folded_flat,rep-9d0cb676abe26c6bdda3,data/runs/w4-matched-representation-20260802/representations/rep-9d0cb676abe26c6bdda3/representation_manifest.json,d42fd0524d4fc408a1fef9fa4b7150083fb0646272442f663b225fd48eed883e,False,108331008,20260811,2229,10990,1446,16955,1380,completed,"[""cx"",""rz"",""h""]",slice-c-m08,8308,20.0,0.0,0.31616566597949713,0.22546591702848673
16,6,cell-1240f4c08b965a55880e,pyzx_rewrite_identity_up_to_global_phase_v1,True,passed,pyzx_full_reduce,OpenQASM2 -> PyZX graph/full_reduce/extract -> target basis,0.75,0.75,logical_all_to_all_no_routing,passed,data/runs/w4-matched-representation-20260802/cells/cell-1240f4c08b965a55880e/cell.log,8,2147483648,9,51a95e8f44338766e15b4d8af82bc0fe894be2b12669fbfd57cce7e9906a3e8a,32,69,"['cx', 'h', 'rz']",130,92,4fad672d5eb73c4d3cadbcde8dc7350994dbfaa9d4e75a332d7eeeaa76303d52,80f6f43741e7cffd8c2cea6ec9d3aa309fee841e53afb9d3b3123606b305dae6,6,8,locally_folded_flat,rep-2c6ec2ce8ea992691c27,data/runs/w4-matched-representation-20260802/representations/rep-2c6ec2ce8ea992691c27/representation_manifest.json,1a8c6992ce949000fe320e1436310dc6d02f825ed0299c6f01ec215701b09165,False,108331008,20260812,2229,10990,1446,16955,1380,completed,"[""cx"",""rz"",""h""]",slice-c-m08,8308,20.0,0.0,0.32188825006596744,0.22373604110907763
16,6,cell-c450ab32d19b4c62eb98,pyzx_rewrite_identity_up_to_global_phase_v1,True,passed,qiskit_opt3,OpenQASM2 -> Qiskit preset level 3 -> target basis,0.75,0.75,logical_all_to_all_no_routing,passed,data/runs/w4-matched-representation-20260802/cells/cell-c450ab32d19b4c62eb98/cell.log,8,2147483648,9,b97be4289f48bfc712e5dd0ae0c94a6ec4bd4626d529488f30d2f0299a603021,12,15,"['cx', 'rz']",18,0,65fa3fdbe12003cf0d330e4075e5c49af75cbeafa951c994eb899de4917d7e3e,f871dc9dac21bf64e6fd49d2dad21b24f81f28fd66d85bafd39f942dd0a5eda5,6,8,locally_folded_flat,rep-9d0cb676abe26c6bdda3,data/runs/w4-matched-representation-20260802/representations/rep-9d0cb676abe26c6bdda3/representation_manifest.json,d42fd0524d4fc408a1fef9fa4b7150083fb0646272442f663b225fd48eed883e,False,108937216,20260811,2229,10990,425,2674,364,completed,"[""cx"",""rz"",""h""]",slice-c-m08,8308,20.0,0.0,0.3101170000154525,0.21984233404509723
16,6,cell-cde7a5e709077b6f5b68,pyzx_rewrite_identity_up_to_global_phase_v1,True,passed,qiskit_opt3,OpenQASM2 -> Qiskit preset level 3 -> target basis,0.75,0.75,logical_all_to_all_no_routing,passed,data/runs/w4-matched-representation-20260802/cells/cell-cde7a5e709077b6f5b68/cell.log,8,2147483648,9,b97be4289f48bfc712e5dd0ae0c94a6ec4bd4626d529488f30d2f0299a603021,12,15,"['cx', 'rz']",18,0,65fa3fdbe12003cf0d330e4075e5c49af75cbeafa951c994eb899de4917d7e3e,f871dc9dac21bf64e6fd49d2dad21b24f81f28fd66d85bafd39f942dd0a5eda5,6,8,locally_folded_flat,rep-2c6ec2ce8ea992691c27,data/runs/w4-matched-representation-20260802/representations/rep-2c6ec2ce8ea992691c27/representation_manifest.json,1a8c6992ce949000fe320e1436310dc6d02f825ed0299c6f01ec215701b09165,False,109035520,20260812,2229,10990,425,2674,364,completed,"[""cx"",""rz"",""h""]",slice-c-m08,8308,20.0,0.0,0.31030220806133,0.21751949994359165
16,6,cell-278258d67d34fcf04cd7,pyzx_rewrite_identity_up_to_global_phase_v1,True,passed,tket_paulisimp,OpenQASM2 -> TKET DecomposeBoxes/AutoRebase/PauliSimp -> target basis,0.75,0.75,logical_all_to_all_no_routing,passed,data/runs/w4-matched-representation-20260802/cells/cell-278258d67d34fcf04cd7/cell.log,8,2147483648,9,2999ba16679bd54c80b47d6cbfb075ba29f182c9cefa06800a3fd9a62d180c0a,32,41,"['cx', 'h', 'rz']",92,18,78f6904c8d216c57c401c50e30a467da07b08ae79a3ec8f1b923e8e5cfc0283c,07ee99cfb112a99ea7f2547dc66b5b66d77ad835c32119c4e4b57f4402f0c139,42,8,locally_folded_flat,rep-9d0cb676abe26c6bdda3,data/runs/w4-matched-representation-20260802/representations/rep-9d0cb676abe26c6bdda3/representation_manifest.json,d42fd0524d4fc408a1fef9fa4b7150083fb0646272442f663b225fd48eed883e,False,155926528,20260811,2229,10990,1428,13626,1364,completed,"[""cx"",""rz"",""h""]",slice-c-m08,8308,20.0,0.0,0.5572677500313148,0.4159810410346836
16,6,cell-521248ac097df47fb40e,pyzx_rewrite_identity_up_to_global_phase_v1,True,passed,tket_paulisimp,OpenQASM2 -> TKET DecomposeBoxes/AutoRebase/PauliSimp -> target basis,0.75,0.75,logical_all_to_all_no_routing,passed,data/runs/w4-matched-representation-20260802/cells/cell-521248ac097df47fb40e/cell.log,8,2147483648,9,2999ba16679bd54c80b47d6cbfb075ba29f182c9cefa06800a3fd9a62d180c0a,32,41,"['cx', 'h', 'rz']",92,18,78f6904c8d216c57c401c50e30a467da07b08ae79a3ec8f1b923e8e5cfc0283c,07ee99cfb112a99ea7f2547dc66b5b66d77ad835c32119c4e4b57f4402f0c139,42,8,locally_folded_flat,rep-2c6ec2ce8ea992691c27,data/runs/w4-matched-representation-20260802/representations/rep-2c6ec2ce8ea992691c27/representation_manifest.json,1a8c6992ce949000fe320e1436310dc6d02f825ed0299c6f01ec215701b09165,False,155877376,20260812,2229,10990,1428,13626,1364,completed,"[""cx"",""rz"",""h""]",slice-c-m08,8308,20.0,0.0,0.5571860000491142,0.41827370901592076
16,6,cell-13771e38cbf98ebcce30,pyzx_rewrite_identity_up_to_global_phase_v1,True,passed,echo_passthrough,literal input circuit -> output,0.75,0.75,logical_all_to_all_no_routing,passed,data/runs/w4-matched-representation-20260802/cells/cell-13771e38cbf98ebcce30/cell.log,8,2147483648,9,b94571ae00ba787a3a2c0cae9c818db5206f026c4002ebaa12961182bcffcfea,96,57,"['cx', 'rz']",144,0,6927423e00eea20272ae20b7569e4aefb58412409b23cbd2e0fb1a4082eb6299,7e10832c660f1ea4199e72e6f59acd7b0c2abe7b1ee2cefe77badcf31b111006,48,8,masked_share_update,rep-035f31d4cbc562353fef,data/runs/w4-matched-representation-20260802/representations/rep-035f31d4cbc562353fef/representation_manifest.json,ff8a31b8e26d681b291e195fd38bd98644d30ec441edf67828210d580d299390,False,106184704,20260811,4325,22154,2701,22163,2635,completed,"[""cx"",""rz"",""h""]",slice-c-m08,8308,20.0,0.0,0.3159102910431102,0.2196292500011623
16,6,cell-05a255ed7bf87bf28984,pyzx_rewrite_identity_up_to_global_phase_v1,True,passed,echo_passthrough,literal input circuit -> output,0.75,0.75,logical_all_to_all_no_routing,passed,data/runs/w4-matched-representation-20260802/cells/cell-05a255ed7bf87bf28984/cell.log,8,2147483648,9,f955795340341cc348ab755ee1a50e3005a776c87648e919c760a61bca5a2e13,96,57,"['cx', 'rz']",144,0,d89041365a643d412799578ccdf3faebb1639ae77d9b2084f5496fb27780be93,d9efc2fabb814a4afb103069a521a234d2d21208fbbf53544a0607731e6bf5dd,48,8,masked_share_update,rep-46faacdfd07c1698d24d,data/runs/w4-matched-representation-20260802/representations/rep-46faacdfd07c1698d24d/representation_manifest.json,ef08568d3c0ee3a375407f84a7339ce4e32c6e0b26562c711d88eac3745b520f,False,106250240,20260812,4335,22155,2742,22164,2676,completed,"[""cx"",""rz"",""h""]",slice-c-m08,8308,20.0,0.0,0.3383774580433965,0.22091745806392282
16,6,cell-1fe7dbaf3dfc6045af68,pyzx_rewrite_identity_up_to_global_phase_v1,True,passed,full_aggregation,exact input parity/phase table -> canonical CNOT-Rz,0.75,0.75,logical_all_to_all_no_routing,passed,data/runs/w4-matched-representation-20260802/cells/cell-1fe7dbaf3dfc6045af68/cell.log,8,2147483648,9,25bfd9fcf81a745f9f97baa458d411d11f44d7071da31eb4c17b9d47c48fb8a4,12,15,"['cx', 'rz']",18,0,5f50bef2eb73c98f9ac5c713e1f097755404dea113db7188e07600bcb66eaef2,f871dc9dac21bf64e6fd49d2dad21b24f81f28fd66d85bafd39f942dd0a5eda5,6,8,masked_share_update,rep-035f31d4cbc562353fef,data/runs/w4-matched-representation-20260802/representations/rep-035f31d4cbc562353fef/representation_manifest.json,ff8a31b8e26d681b291e195fd38bd98644d30ec441edf67828210d580d299390,False,105922560,20260811,4325,22154,430,2675,364,completed,"[""cx"",""rz"",""h""]",slice-c-m08,8308,20.0,0.0,0.29363524995278567,0.20576162496581674
16,6,cell-6b73d646840209c780a1,pyzx_rewrite_identity_up_to_global_phase_v1,True,passed,full_aggregation,exact input parity/phase table -> canonical CNOT-Rz,0.75,0.75,logical_all_to_all_no_routing,passed,data/runs/w4-matched-representation-20260802/cells/cell-6b73d646840209c780a1/cell.log,8,2147483648,9,25bfd9fcf81a745f9f97baa458d411d11f44d7071da31eb4c17b9d47c48fb8a4,12,15,"['cx', 'rz']",18,0,5f50bef2eb73c98f9ac5c713e1f097755404dea113db7188e07600bcb66eaef2,f871dc9dac21bf64e6fd49d2dad21b24f81f28fd66d85bafd39f942dd0a5eda5,6,8,masked_share_update,rep-46faacdfd07c1698d24d,data/runs/w4-matched-representation-20260802/representations/rep-46faacdfd07c1698d24d/representation_manifest.json,ef08568d3c0ee3a375407f84a7339ce4e32c6e0b26562c711d88eac3745b520f,False,106004480,20260812,4335,22155,430,2675,364,completed,"[""cx"",""rz"",""h""]",slice-c-m08,8308,20.0,0.0,0.2931076670065522,0.20392299990635365
16,6,cell-bdd227a19bcd99a98e5f,pyzx_rewrite_identity_up_to_global_phase_v1,True,passed,pyzx_full_reduce,OpenQASM2 -> PyZX graph/full_reduce/extract -> target basis,0.75,0.75,logical_all_to_all_no_routing,passed,data/runs/w4-matched-representation-20260802/cells/cell-bdd227a19bcd99a98e5f/cell.log,8,2147483648,9,51a95e8f44338766e15b4d8af82bc0fe894be2b12669fbfd57cce7e9906a3e8a,32,69,"['cx', 'h', 'rz']",130,92,4fad672d5eb73c4d3cadbcde8dc7350994dbfaa9d4e75a332d7eeeaa76303d52,80f6f43741e7cffd8c2cea6ec9d3aa309fee841e53afb9d3b3123606b305dae6,6,8,masked_share_update,rep-035f31d4cbc562353fef,data/runs/w4-matched-representation-20260802/representations/rep-035f31d4cbc562353fef/representation_manifest.json,ff8a31b8e26d681b291e195fd38bd98644d30ec441edf67828210d580d299390,False,108544000,20260811,4325,22154,1446,16955,1380,completed,"[""cx"",""rz"",""h""]",slice-c-m08,8308,20.0,0.0,0.35494904103688896,0.24083341693039984
16,6,cell-51a03d6ec2a9edb93e2b,pyzx_rewrite_identity_up_to_global_phase_v1,True,passed,pyzx_full_reduce,OpenQASM2 -> PyZX graph/full_reduce/extract -> target basis,0.75,0.75,logical_all_to_all_no_routing,passed,data/runs/w4-matched-representation-20260802/cells/cell-51a03d6ec2a9edb93e2b/cell.log,8,2147483648,9,51a95e8f44338766e15b4d8af82bc0fe894be2b12669fbfd57cce7e9906a3e8a,32,69,"['cx', 'h', 'rz']",130,92,4fad672d5eb73c4d3cadbcde8dc7350994dbfaa9d4e75a332d7eeeaa76303d52,80f6f43741e7cffd8c2cea6ec9d3aa309fee841e53afb9d3b3123606b305dae6,6,8,masked_share_update,rep-46faacdfd07c1698d24d,data/runs/w4-matched-representation-20260802/representations/rep-46faacdfd07c1698d24d/representation_manifest.json,ef08568d3c0ee3a375407f84a7339ce4e32c6e0b26562c711d88eac3745b520f,False,108462080,20260812,4335,22155,1446,16955,1380,completed,"[""cx"",""rz"",""h""]",slice-c-m08,8308,20.0,0.0,0.32978883397299796,0.23482437490019947
16,6,cell-264060a37fc9fcb5dc3b,pyzx_rewrite_identity_up_to_global_phase_v1,False,inconclusive,qiskit_opt3,OpenQASM2 -> Qiskit preset level 3 -> target basis,0.75,0.75,logical_all_to_all_no_routing,passed,data/runs/w4-matched-representation-20260802/cells/cell-264060a37fc9fcb5dc3b/cell.log,8,2147483648,9,de2c11aba263941a5e9448e6a78ee67c3a6c2763653af3739911a093b064b96b,81,65,"['cx', 'h', 'rz']",140,8,7ffd755e57069b472b66933a748fb19b21974b2f6ee1042e3e3a6a5279cc9a5c,b3265924de16e9e35a60a3b5c2ca6ebf0f0973f72318523510f786239e3da27c,51,8,masked_share_update,rep-035f31d4cbc562353fef,data/runs/w4-matched-representation-20260802/representations/rep-035f31d4cbc562353fef/representation_manifest.json,ff8a31b8e26d681b291e195fd38bd98644d30ec441edf67828210d580d299390,False,110034944,20260811,4325,22154,2571,21335,2510,predicate_error,"[""cx"",""rz"",""h""]",slice-c-m08,8308,20.0,0.0,0.32776766608003527,0.23363604198675603
16,6,cell-c9a75d19faccc438d6d1,pyzx_rewrite_identity_up_to_global_phase_v1,True,passed,qiskit_opt3,OpenQASM2 -> Qiskit preset level 3 -> target basis,0.75,0.75,logical_all_to_all_no_routing,passed,data/runs/w4-matched-representation-20260802/cells/cell-c9a75d19faccc438d6d1/cell.log,8,2147483648,9,1ff2a6cc2bc82c88651ad120700e04a58b295f5da67c8310480bb1d21884d40e,82,57,"['cx', 'rz']",123,0,8c068b1daaf29bff7575b62ff48d2349c1bae21f31e555535b0eb5a1e58d0c1a,5bd9efac0fd7ff1ae216f91448074d6449abc7499b27530b32ab66cdd2cd8bd7,41,8,masked_share_update,rep-46faacdfd07c1698d24d,data/runs/w4-matched-representation-20260802/representations/rep-46faacdfd07c1698d24d/representation_manifest.json,ef08568d3c0ee3a375407f84a7339ce4e32c6e0b26562c711d88eac3745b520f,False,109314048,20260812,4335,22155,2362,18878,2301,completed,"[""cx"",""rz"",""h""]",slice-c-m08,8308,20.0,0.0,0.3370476249838248,0.2292304589645937
16,6,cell-404d2aef9681227c3c3c,pyzx_rewrite_identity_up_to_global_phase_v1,True,passed,tket_paulisimp,OpenQASM2 -> TKET DecomposeBoxes/AutoRebase/PauliSimp -> target basis,0.75,0.75,logical_all_to_all_no_routing,passed,data/runs/w4-matched-representation-20260802/cells/cell-404d2aef9681227c3c3c/cell.log,8,2147483648,9,4a0151f62237bb1e32a32b96b9f91ad95676ac6dccfa8a79179c8a0722bcf3b8,34,42,"['cx', 'h', 'rz']",95,18,28daceba1592244f3aae97677541c0b73e996f6bdea92c3cba072c1caff484c3,ed38bd24b6fd5556fb0da917601d00bbd0783aab26105ed7d6ac9c1a83b679e9,43,8,masked_share_update,rep-035f31d4cbc562353fef,data/runs/w4-matched-representation-20260802/representations/rep-035f31d4cbc562353fef/representation_manifest.json,ff8a31b8e26d681b291e195fd38bd98644d30ec441edf67828210d580d299390,False,155926528,20260811,4325,22154,1480,14090,1416,completed,"[""cx"",""rz"",""h""]",slice-c-m08,8308,20.0,0.0,0.5555322909494862,0.42119920800905675
16,6,cell-34c89c8f990a648445ce,pyzx_rewrite_identity_up_to_global_phase_v1,True,passed,tket_paulisimp,OpenQASM2 -> TKET DecomposeBoxes/AutoRebase/PauliSimp -> target basis,0.75,0.75,logical_all_to_all_no_routing,passed,data/runs/w4-matched-representation-20260802/cells/cell-34c89c8f990a648445ce/cell.log,8,2147483648,9,8ee66d88e6d16ea79eca90d4553c63b0d9c79578031a922d9b5daaa3f63114a5,34,44,"['cx', 'h', 'rz']",95,18,a3c30022184140b6b45703f7a5870d466638f7e558782db1ebac70ade9f23b52,500b2dad12416f21b11ae31b6a354a7ce0fc885b159832443b9a3f67135d9e2a,43,8,masked_share_update,rep-46faacdfd07c1698d24d,data/runs/w4-matched-representation-20260802/representations/rep-46faacdfd07c1698d24d/representation_manifest.json,ef08568d3c0ee3a375407f84a7339ce4e32c6e0b26562c711d88eac3745b520f,False,156057600,20260812,4335,22155,1468,14089,1404,completed,"[""cx"",""rz"",""h""]",slice-c-m08,8308,20.0,0.0,0.5772647080011666,0.4236405419651419
16,6,cell-fd11005c034415d7725d,pyzx_rewrite_identity_up_to_global_phase_v1,True,passed,echo_passthrough,literal input circuit -> output,0.75,0.75,logical_all_to_all_no_routing,passed,data/runs/w4-matched-representation-20260802/cells/cell-fd11005c034415d7725d/cell.log,8,2147483648,9,eaa57bfc45c78e9f91e11b378c55d2f0e103106a7d82914dae7b79edf5825f9e,12,15,"['cx', 'rz']",18,0,c562621d684e205f9fb144ffa501d9312876e785180967b0d62bc457355985ca,f871dc9dac21bf64e6fd49d2dad21b24f81f28fd66d85bafd39f942dd0a5eda5,6,8,qasm_bridge,rep-b598d2db65312fcac46a,data/runs/w4-matched-representation-20260802/representations/rep-b598d2db65312fcac46a/representation_manifest.json,c607ff57559072ec5a2dcce510486da35c58c575813908bfac1363338bbb33f1,False,105971712,20260811,440,2638,430,2655,364,completed,"[""cx"",""rz"",""h""]",slice-c-m08,8308,20.0,0.0,0.3119242920074612,0.20611333393026143
16,6,cell-6329438c09ce1902bad9,pyzx_rewrite_identity_up_to_global_phase_v1,True,passed,echo_passthrough,literal input circuit -> output,0.75,0.75,logical_all_to_all_no_routing,passed,data/runs/w4-matched-representation-20260802/cells/cell-6329438c09ce1902bad9/cell.log,8,2147483648,9,eaa57bfc45c78e9f91e11b378c55d2f0e103106a7d82914dae7b79edf5825f9e,12,15,"['cx', 'rz']",18,0,c562621d684e205f9fb144ffa501d9312876e785180967b0d62bc457355985ca,f871dc9dac21bf64e6fd49d2dad21b24f81f28fd66d85bafd39f942dd0a5eda5,6,8,qasm_bridge,rep-a9f25fca52504c3c06a6,data/runs/w4-matched-representation-20260802/representations/rep-a9f25fca52504c3c06a6/representation_manifest.json,66189ae16d932aa07e80419b90c11f4061aebe4081e78eb9cd19a7f6aac0a901,False,106397696,20260812,440,2638,430,2655,364,completed,"[""cx"",""rz"",""h""]",slice-c-m08,8308,20.0,0.0,0.31613845902029425,0.2219744169851765
16,6,cell-92418d5832803424dc06,pyzx_rewrite_identity_up_to_global_phase_v1,True,passed,full_aggregation,exact input parity/phase table -> canonical CNOT-Rz,0.75,0.75,logical_all_to_all_no_routing,passed,data/runs/w4-matched-representation-20260802/cells/cell-92418d5832803424dc06/cell.log,8,2147483648,9,25bfd9fcf81a745f9f97baa458d411d11f44d7071da31eb4c17b9d47c48fb8a4,12,15,"['cx', 'rz']",18,0,5f50bef2eb73c98f9ac5c713e1f097755404dea113db7188e07600bcb66eaef2,f871dc9dac21bf64e6fd49d2dad21b24f81f28fd66d85bafd39f942dd0a5eda5,6,8,qasm_bridge,rep-b598d2db65312fcac46a,data/runs/w4-matched-representation-20260802/representations/rep-b598d2db65312fcac46a/representation_manifest.json,c607ff57559072ec5a2dcce510486da35c58c575813908bfac1363338bbb33f1,False,105938944,20260811,440,2638,430,2675,364,completed,"[""cx"",""rz"",""h""]",slice-c-m08,8308,20.0,0.0,0.3117296251002699,0.20488270896021277
16,6,cell-1d84de65315e1e6be250,pyzx_rewrite_identity_up_to_global_phase_v1,True,passed,full_aggregation,exact input parity/phase table -> canonical CNOT-Rz,0.75,0.75,logical_all_to_all_no_routing,passed,data/runs/w4-matched-representation-20260802/cells/cell-1d84de65315e1e6be250/cell.log,8,2147483648,9,25bfd9fcf81a745f9f97baa458d411d11f44d7071da31eb4c17b9d47c48fb8a4,12,15,"['cx', 'rz']",18,0,5f50bef2eb73c98f9ac5c713e1f097755404dea113db7188e07600bcb66eaef2,f871dc9dac21bf64e6fd49d2dad21b24f81f28fd66d85bafd39f942dd0a5eda5,6,8,qasm_bridge,rep-a9f25fca52504c3c06a6,data/runs/w4-matched-representation-20260802/representations/rep-a9f25fca52504c3c06a6/representation_manifest.json,66189ae16d932aa07e80419b90c11f4061aebe4081e78eb9cd19a7f6aac0a901,False,105922560,20260812,440,2638,430,2675,364,completed,"[""cx"",""rz"",""h""]",slice-c-m08,8308,20.0,0.0,0.3129979999503121,0.20895104203373194
16,6,cell-77080cbf34c0a1d2b68f,pyzx_rewrite_identity_up_to_global_phase_v1,True,passed,pyzx_full_reduce,OpenQASM2 -> PyZX graph/full_reduce/extract -> target basis,0.75,0.75,logical_all_to_all_no_routing,passed,data/runs/w4-matched-representation-20260802/cells/cell-77080cbf34c0a1d2b68f/cell.log,8,2147483648,9,51a95e8f44338766e15b4d8af82bc0fe894be2b12669fbfd57cce7e9906a3e8a,32,69,"['cx', 'h', 'rz']",130,92,4fad672d5eb73c4d3cadbcde8dc7350994dbfaa9d4e75a332d7eeeaa76303d52,80f6f43741e7cffd8c2cea6ec9d3aa309fee841e53afb9d3b3123606b305dae6,6,8,qasm_bridge,rep-b598d2db65312fcac46a,data/runs/w4-matched-representation-20260802/representations/rep-b598d2db65312fcac46a/representation_manifest.json,c607ff57559072ec5a2dcce510486da35c58c575813908bfac1363338bbb33f1,False,108347392,20260811,440,2638,1446,16955,1380,completed,"[""cx"",""rz"",""h""]",slice-c-m08,8308,20.0,0.0,0.3289379170164466,0.22353991691488773
16,6,cell-69702b23cbb9adc454f9,pyzx_rewrite_identity_up_to_global_phase_v1,True,passed,pyzx_full_reduce,OpenQASM2 -> PyZX graph/full_reduce/extract -> target basis,0.75,0.75,logical_all_to_all_no_routing,passed,data/runs/w4-matched-representation-20260802/cells/cell-69702b23cbb9adc454f9/cell.log,8,2147483648,9,51a95e8f44338766e15b4d8af82bc0fe894be2b12669fbfd57cce7e9906a3e8a,32,69,"['cx', 'h', 'rz']",130,92,4fad672d5eb73c4d3cadbcde8dc7350994dbfaa9d4e75a332d7eeeaa76303d52,80f6f43741e7cffd8c2cea6ec9d3aa309fee841e53afb9d3b3123606b305dae6,6,8,qasm_bridge,rep-a9f25fca52504c3c06a6,data/runs/w4-matched-representation-20260802/representations/rep-a9f25fca52504c3c06a6/representation_manifest.json,66189ae16d932aa07e80419b90c11f4061aebe4081e78eb9cd19a7f6aac0a901,False,108281856,20260812,440,2638,1446,16955,1380,completed,"[""cx"",""rz"",""h""]",slice-c-m08,8308,20.0,0.0,0.31609558302443475,0.222631249926053
16,6,cell-0427dd06cc68bcbdb839,pyzx_rewrite_identity_up_to_global_phase_v1,True,passed,qiskit_opt3,OpenQASM2 -> Qiskit preset level 3 -> target basis,0.75,0.75,logical_all_to_all_no_routing,passed,data/runs/w4-matched-representation-20260802/cells/cell-0427dd06cc68bcbdb839/cell.log,8,2147483648,9,b97be4289f48bfc712e5dd0ae0c94a6ec4bd4626d529488f30d2f0299a603021,12,15,"['cx', 'rz']",18,0,65fa3fdbe12003cf0d330e4075e5c49af75cbeafa951c994eb899de4917d7e3e,f871dc9dac21bf64e6fd49d2dad21b24f81f28fd66d85bafd39f942dd0a5eda5,6,8,qasm_bridge,rep-b598d2db65312fcac46a,data/runs/w4-matched-representation-20260802/representations/rep-b598d2db65312fcac46a/representation_manifest.json,c607ff57559072ec5a2dcce510486da35c58c575813908bfac1363338bbb33f1,False,108822528,20260811,440,2638,425,2674,364,completed,"[""cx"",""rz"",""h""]",slice-c-m08,8308,20.0,0.0,0.31387645797804,0.22335870808456093
16,6,cell-6d70c258561cc5d757c2,pyzx_rewrite_identity_up_to_global_phase_v1,True,passed,qiskit_opt3,OpenQASM2 -> Qiskit preset level 3 -> target basis,0.75,0.75,logical_all_to_all_no_routing,passed,data/runs/w4-matched-representation-20260802/cells/cell-6d70c258561cc5d757c2/cell.log,8,2147483648,9,b97be4289f48bfc712e5dd0ae0c94a6ec4bd4626d529488f30d2f0299a603021,12,15,"['cx', 'rz']",18,0,65fa3fdbe12003cf0d330e4075e5c49af75cbeafa951c994eb899de4917d7e3e,f871dc9dac21bf64e6fd49d2dad21b24f81f28fd66d85bafd39f942dd0a5eda5,6,8,qasm_bridge,rep-a9f25fca52504c3c06a6,data/runs/w4-matched-representation-20260802/representations/rep-a9f25fca52504c3c06a6/representation_manifest.json,66189ae16d932aa07e80419b90c11f4061aebe4081e78eb9cd19a7f6aac0a901,False,108871680,20260812,440,2638,425,2674,364,completed,"[""cx"",""rz"",""h""]",slice-c-m08,8308,20.0,0.0,0.3172795840073377,0.21729591593611985
16,6,cell-a57e5a8aad48cbbf5bbb,pyzx_rewrite_identity_up_to_global_phase_v1,True,passed,tket_paulisimp,OpenQASM2 -> TKET DecomposeBoxes/AutoRebase/PauliSimp -> target basis,0.75,0.75,logical_all_to_all_no_routing,passed,data/runs/w4-matched-representation-20260802/cells/cell-a57e5a8aad48cbbf5bbb/cell.log,8,2147483648,9,2999ba16679bd54c80b47d6cbfb075ba29f182c9cefa06800a3fd9a62d180c0a,32,41,"['cx', 'h', 'rz']",92,18,78f6904c8d216c57c401c50e30a467da07b08ae79a3ec8f1b923e8e5cfc0283c,07ee99cfb112a99ea7f2547dc66b5b66d77ad835c32119c4e4b57f4402f0c139,42,8,qasm_bridge,rep-b598d2db65312fcac46a,data/runs/w4-matched-representation-20260802/representations/rep-b598d2db65312fcac46a/representation_manifest.json,c607ff57559072ec5a2dcce510486da35c58c575813908bfac1363338bbb33f1,False,155549696,20260811,440,2638,1428,13626,1364,completed,"[""cx"",""rz"",""h""]",slice-c-m08,8308,20.0,0.0,0.56877545802854,0.41577837499789894
16,6,cell-54818c4abc96d7aa82b9,pyzx_rewrite_identity_up_to_global_phase_v1,True,passed,tket_paulisimp,OpenQASM2 -> TKET DecomposeBoxes/AutoRebase/PauliSimp -> target basis,0.75,0.75,logical_all_to_all_no_routing,passed,data/runs/w4-matched-representation-20260802/cells/cell-54818c4abc96d7aa82b9/cell.log,8,2147483648,9,2999ba16679bd54c80b47d6cbfb075ba29f182c9cefa06800a3fd9a62d180c0a,32,41,"['cx', 'h', 'rz']",92,18,78f6904c8d216c57c401c50e30a467da07b08ae79a3ec8f1b923e8e5cfc0283c,07ee99cfb112a99ea7f2547dc66b5b66d77ad835c32119c4e4b57f4402f0c139,42,8,qasm_bridge,rep-a9f25fca52504c3c06a6,data/runs/w4-matched-representation-20260802/representations/rep-a9f25fca52504c3c06a6/representation_manifest.json,66189ae16d932aa07e80419b90c11f4061aebe4081e78eb9cd19a7f6aac0a901,False,155697152,20260812,440,2638,1428,13626,1364,completed,"[""cx"",""rz"",""h""]",slice-c-m08,8308,20.0,0.0,0.5645319579634815,0.41912462504114956
16,6,cell-2c3377abbcdca32636d6,pyzx_rewrite_identity_up_to_global_phase_v1,True,passed,echo_passthrough,literal input circuit -> output,0.75,0.75,logical_all_to_all_no_routing,passed,data/runs/w4-matched-representation-20260802/cells/cell-2c3377abbcdca32636d6/cell.log,8,2147483648,9,3a5eddbc05eadbe5e17891c4e26a3623e97047621b8b74ddf7bcc372350df21d,96,75,"['cx', 'rz']",144,0,4c3f59dbb8568612f3cd45bda19ddca89a27fbbdc9e50e8c78d0c1443d60f51e,dcab6a1d28065f32b57e13799d2bce010ae46cf8379225affe3a5c4719a31a27,48,8,random_commuting_order,rep-a65498429defe9a05da0,data/runs/w4-matched-representation-20260802/representations/rep-a65498429defe9a05da0/representation_manifest.json,c53f612bfcd487e6ca5abe1197446cc3aa7b9c3913ff27b7ecca21b557543423,False,106070016,20260811,4365,22189,2696,22195,2630,completed,"[""cx"",""rz"",""h""]",slice-c-m08,8308,20.0,0.0,0.31006175000220537,0.21795312489848584
16,6,cell-e219117ce4eb375221d9,pyzx_rewrite_identity_up_to_global_phase_v1,True,passed,echo_passthrough,literal input circuit -> output,0.75,0.75,logical_all_to_all_no_routing,passed,data/runs/w4-matched-representation-20260802/cells/cell-e219117ce4eb375221d9/cell.log,8,2147483648,9,1eb122718c3751fb28ffd5243816147d4745399c30f099b019e1fd78764c589d,96,72,"['cx', 'rz']",144,0,c56772de082953e114095fcd6789457945f0b4e0bfa82d3bc50d5971c9d26674,6e09920f1d08e11f8e57d9d1042fb5f467175feb2e6cb412f6031939f793b786,48,8,random_commuting_order,rep-35e37d4dfaedb5ed738e,data/runs/w4-matched-representation-20260802/representations/rep-35e37d4dfaedb5ed738e/representation_manifest.json,ffbbaf27ad5a30d37d2247e457b72fd421142f2fd234f988060afa4fa72ec56f,False,106037248,20260812,4365,22189,2696,22195,2630,completed,"[""cx"",""rz"",""h""]",slice-c-m08,8308,20.0,0.0,0.32510708295740187,0.21992020797915757
16,6,cell-5a0f076fbccccfa3bc36,pyzx_rewrite_identity_up_to_global_phase_v1,True,passed,full_aggregation,exact input parity/phase table -> canonical CNOT-Rz,0.75,0.75,logical_all_to_all_no_routing,passed,data/runs/w4-matched-representation-20260802/cells/cell-5a0f076fbccccfa3bc36/cell.log,8,2147483648,9,25bfd9fcf81a745f9f97baa458d411d11f44d7071da31eb4c17b9d47c48fb8a4,12,15,"['cx', 'rz']",18,0,5f50bef2eb73c98f9ac5c713e1f097755404dea113db7188e07600bcb66eaef2,f871dc9dac21bf64e6fd49d2dad21b24f81f28fd66d85bafd39f942dd0a5eda5,6,8,random_commuting_order,rep-a65498429defe9a05da0,data/runs/w4-matched-representation-20260802/representations/rep-a65498429defe9a05da0/representation_manifest.json,c53f612bfcd487e6ca5abe1197446cc3aa7b9c3913ff27b7ecca21b557543423,False,106086400,20260811,4365,22189,430,2675,364,completed,"[""cx"",""rz"",""h""]",slice-c-m08,8308,20.0,0.0,0.3131420420249924,0.20370154094416648
16,6,cell-b4f726dc725a44781d98,pyzx_rewrite_identity_up_to_global_phase_v1,True,passed,full_aggregation,exact input parity/phase table -> canonical CNOT-Rz,0.75,0.75,logical_all_to_all_no_routing,passed,data/runs/w4-matched-representation-20260802/cells/cell-b4f726dc725a44781d98/cell.log,8,2147483648,9,25bfd9fcf81a745f9f97baa458d411d11f44d7071da31eb4c17b9d47c48fb8a4,12,15,"['cx', 'rz']",18,0,5f50bef2eb73c98f9ac5c713e1f097755404dea113db7188e07600bcb66eaef2,f871dc9dac21bf64e6fd49d2dad21b24f81f28fd66d85bafd39f942dd0a5eda5,6,8,random_commuting_order,rep-35e37d4dfaedb5ed738e,data/runs/w4-matched-representation-20260802/representations/rep-35e37d4dfaedb5ed738e/representation_manifest.json,ffbbaf27ad5a30d37d2247e457b72fd421142f2fd234f988060afa4fa72ec56f,False,106004480,20260812,4365,22189,430,2675,364,completed,"[""cx"",""rz"",""h""]",slice-c-m08,8308,20.0,0.0,0.31598291604314,0.2056530830450356
16,6,cell-0d3f827abd7045dc7a92,pyzx_rewrite_identity_up_to_global_phase_v1,True,passed,pyzx_full_reduce,OpenQASM2 -> PyZX graph/full_reduce/extract -> target basis,0.75,0.75,logical_all_to_all_no_routing,passed,data/runs/w4-matched-representation-20260802/cells/cell-0d3f827abd7045dc7a92/cell.log,8,2147483648,9,51a95e8f44338766e15b4d8af82bc0fe894be2b12669fbfd57cce7e9906a3e8a,32,69,"['cx', 'h', 'rz']",130,92,4fad672d5eb73c4d3cadbcde8dc7350994dbfaa9d4e75a332d7eeeaa76303d52,80f6f43741e7cffd8c2cea6ec9d3aa309fee841e53afb9d3b3123606b305dae6,6,8,random_commuting_order,rep-a65498429defe9a05da0,data/runs/w4-matched-representation-20260802/representations/rep-a65498429defe9a05da0/representation_manifest.json,c53f612bfcd487e6ca5abe1197446cc3aa7b9c3913ff27b7ecca21b557543423,False,108429312,20260811,4365,22189,1446,16955,1380,completed,"[""cx"",""rz"",""h""]",slice-c-m08,8308,20.0,0.0,0.3354300829814747,0.23390012502204627
16,6,cell-c220f613219ccdf37a61,pyzx_rewrite_identity_up_to_global_phase_v1,True,passed,pyzx_full_reduce,OpenQASM2 -> PyZX graph/full_reduce/extract -> target basis,0.75,0.75,logical_all_to_all_no_routing,passed,data/runs/w4-matched-representation-20260802/cells/cell-c220f613219ccdf37a61/cell.log,8,2147483648,9,51a95e8f44338766e15b4d8af82bc0fe894be2b12669fbfd57cce7e9906a3e8a,32,69,"['cx', 'h', 'rz']",130,92,4fad672d5eb73c4d3cadbcde8dc7350994dbfaa9d4e75a332d7eeeaa76303d52,80f6f43741e7cffd8c2cea6ec9d3aa309fee841e53afb9d3b3123606b305dae6,6,8,random_commuting_order,rep-35e37d4dfaedb5ed738e,data/runs/w4-matched-representation-20260802/representations/rep-35e37d4dfaedb5ed738e/representation_manifest.json,ffbbaf27ad5a30d37d2247e457b72fd421142f2fd234f988060afa4fa72ec56f,False,108298240,20260812,4365,22189,1446,16955,1380,completed,"[""cx"",""rz"",""h""]",slice-c-m08,8308,20.0,0.0,0.337705250014551,0.23445204203017056
16,6,cell-4c8c975f9115ce5c3198,pyzx_rewrite_identity_up_to_global_phase_v1,True,passed,qiskit_opt3,OpenQASM2 -> Qiskit preset level 3 -> target basis,0.75,0.75,logical_all_to_all_no_routing,passed,data/runs/w4-matched-representation-20260802/cells/cell-4c8c975f9115ce5c3198/cell.log,8,2147483648,9,b7b985d20771d81066de69303f54c797289c33871f4279e9dd51ed8046f6af71,58,48,"['cx', 'rz']",87,0,1074ffd2f9ab870e5afc4518005134cbc1d87b4c41c1ac9b78fb23921ae1e666,f4e97ace2ca91163d62902fe4b0d7d5205382e3a33b94f9b9403b97acbfe65f9,29,8,random_commuting_order,rep-a65498429defe9a05da0,data/runs/w4-matched-representation-20260802/representations/rep-a65498429defe9a05da0/representation_manifest.json,c53f612bfcd487e6ca5abe1197446cc3aa7b9c3913ff27b7ecca21b557543423,False,109199360,20260811,4365,22189,1622,13336,1561,completed,"[""cx"",""rz"",""h""]",slice-c-m08,8308,20.0,0.0,0.31632133398670703,0.225888584041968
16,6,cell-c914faf5923bdb278733,pyzx_rewrite_identity_up_to_global_phase_v1,True,passed,qiskit_opt3,OpenQASM2 -> Qiskit preset level 3 -> target basis,0.75,0.75,logical_all_to_all_no_routing,passed,data/runs/w4-matched-representation-20260802/cells/cell-c914faf5923bdb278733/cell.log,8,2147483648,9,00a5d2e0e0f0943335c1dbed42b57abbf10b980c2fc3d5382d65cbb1f9fa8bf2,52,45,"['cx', 'rz']",78,0,61b8e5e98c67b6d53b79b1653e4f2f45ecffedfbb0801fbbb85854a300b4c651,9a7513acc4e99c91477d16dc49788c932d45cbf07fd67eed5995fbd6efd1534f,26,8,random_commuting_order,rep-35e37d4dfaedb5ed738e,data/runs/w4-matched-representation-20260802/representations/rep-35e37d4dfaedb5ed738e/representation_manifest.json,ffbbaf27ad5a30d37d2247e457b72fd421142f2fd234f988060afa4fa72ec56f,False,109051904,20260812,4365,22189,1460,11949,1399,completed,"[""cx"",""rz"",""h""]",slice-c-m08,8308,20.0,0.0,0.3337830000091344,0.22510375001002103
16,6,cell-0bfcaed5c3f200f64400,pyzx_rewrite_identity_up_to_global_phase_v1,True,passed,tket_paulisimp,OpenQASM2 -> TKET DecomposeBoxes/AutoRebase/PauliSimp -> target basis,0.75,0.75,logical_all_to_all_no_routing,passed,data/runs/w4-matched-representation-20260802/cells/cell-0bfcaed5c3f200f64400/cell.log,8,2147483648,9,2a37d1e312b716e3f016612a8f52d6695b26be9922a6cb8fb701f73e70f5e2b0,32,41,"['cx', 'h', 'rz']",92,18,75143cb7e2ad58745e0c6249213f29f96ad4ea5f00f881f9e6c28035c04e5986,81060ada4892dd5751c65561e9d6992ed8107ef170fbf5459996a9bc932e86f7,42,8,random_commuting_order,rep-a65498429defe9a05da0,data/runs/w4-matched-representation-20260802/representations/rep-a65498429defe9a05da0/representation_manifest.json,c53f612bfcd487e6ca5abe1197446cc3aa7b9c3913ff27b7ecca21b557543423,False,155959296,20260811,4365,22189,1428,13626,1364,completed,"[""cx"",""rz"",""h""]",slice-c-m08,8308,20.0,0.0,0.5700584169244394,0.421254749991931
16,6,cell-433667975f9abd9148c3,pyzx_rewrite_identity_up_to_global_phase_v1,True,passed,tket_paulisimp,OpenQASM2 -> TKET DecomposeBoxes/AutoRebase/PauliSimp -> target basis,0.75,0.75,logical_all_to_all_no_routing,passed,data/runs/w4-matched-representation-20260802/cells/cell-433667975f9abd9148c3/cell.log,8,2147483648,9,2a37d1e312b716e3f016612a8f52d6695b26be9922a6cb8fb701f73e70f5e2b0,32,41,"['cx', 'h', 'rz']",92,18,75143cb7e2ad58745e0c6249213f29f96ad4ea5f00f881f9e6c28035c04e5986,81060ada4892dd5751c65561e9d6992ed8107ef170fbf5459996a9bc932e86f7,42,8,random_commuting_order,rep-35e37d4dfaedb5ed738e,data/runs/w4-matched-representation-20260802/representations/rep-35e37d4dfaedb5ed738e/representation_manifest.json,ffbbaf27ad5a30d37d2247e457b72fd421142f2fd234f988060afa4fa72ec56f,False,156090368,20260812,4365,22189,1428,13626,1364,completed,"[""cx"",""rz"",""h""]",slice-c-m08,8308,20.0,0.0,0.5650979999918491,0.42083545809146017
16,6,cell-6b813f9e9e4a09b9480e,pyzx_rewrite_identity_up_to_global_phase_v1,True,passed,echo_passthrough,literal input circuit -> output,0.75,0.75,logical_all_to_all_no_routing,passed,data/runs/w4-matched-representation-20260802/cells/cell-6b813f9e9e4a09b9480e/cell.log,8,2147483648,9,3268c1d49d4cf831d1bb1cfcf05f778b1c6226d43d1bdee0d67288083e9289be,96,57,"['cx', 'rz']",144,0,57a86c3e62293f868468c9940e4f46cafb76215e6963830bf19591e75cd83bed,fb0b33367f14351eb406ef3949346fb16bfaad59b3b81484e2fad7bb942861c6,48,8,round_robin_flat,rep-3188a896566b8a5501e2,data/runs/w4-matched-representation-20260802/representations/rep-3188a896566b8a5501e2/representation_manifest.json,edbd17305d4da4dcf317dc4b63be388f29711f0730346b63c346767980813966,False,106168320,20260811,4365,22180,2696,22192,2630,completed,"[""cx"",""rz"",""h""]",slice-c-m08,8308,20.0,0.0,0.3088647499680519,0.21921004203613847
16,6,cell-55ed4b4d8beee6f6df02,pyzx_rewrite_identity_up_to_global_phase_v1,True,passed,echo_passthrough,literal input circuit -> output,0.75,0.75,logical_all_to_all_no_routing,passed,data/runs/w4-matched-representation-20260802/cells/cell-55ed4b4d8beee6f6df02/cell.log,8,2147483648,9,3268c1d49d4cf831d1bb1cfcf05f778b1c6226d43d1bdee0d67288083e9289be,96,57,"['cx', 'rz']",144,0,57a86c3e62293f868468c9940e4f46cafb76215e6963830bf19591e75cd83bed,fb0b33367f14351eb406ef3949346fb16bfaad59b3b81484e2fad7bb942861c6,48,8,round_robin_flat,rep-05ad1ce869d7cf85d13d,data/runs/w4-matched-representation-20260802/representations/rep-05ad1ce869d7cf85d13d/representation_manifest.json,24ec4df396a4f554546f077ceaaafe21e36d314b257ef74accccee44c08f402a,False,106266624,20260812,4365,22180,2696,22192,2630,completed,"[""cx"",""rz"",""h""]",slice-c-m08,8308,20.0,0.0,0.30864458391442895,0.21875116601586342
16,6,cell-6c360f4c9405237fe2e9,pyzx_rewrite_identity_up_to_global_phase_v1,True,passed,full_aggregation,exact input parity/phase table -> canonical CNOT-Rz,0.75,0.75,logical_all_to_all_no_routing,passed,data/runs/w4-matched-representation-20260802/cells/cell-6c360f4c9405237fe2e9/cell.log,8,2147483648,9,25bfd9fcf81a745f9f97baa458d411d11f44d7071da31eb4c17b9d47c48fb8a4,12,15,"['cx', 'rz']",18,0,5f50bef2eb73c98f9ac5c713e1f097755404dea113db7188e07600bcb66eaef2,f871dc9dac21bf64e6fd49d2dad21b24f81f28fd66d85bafd39f942dd0a5eda5,6,8,round_robin_flat,rep-3188a896566b8a5501e2,data/runs/w4-matched-representation-20260802/representations/rep-3188a896566b8a5501e2/representation_manifest.json,edbd17305d4da4dcf317dc4b63be388f29711f0730346b63c346767980813966,False,106020864,20260811,4365,22180,430,2675,364,completed,"[""cx"",""rz"",""h""]",slice-c-m08,8308,20.0,0.0,0.3130078751128167,0.20578166702762246
16,6,cell-505bcea36a6ef97b1097,pyzx_rewrite_identity_up_to_global_phase_v1,True,passed,full_aggregation,exact input parity/phase table -> canonical CNOT-Rz,0.75,0.75,logical_all_to_all_no_routing,passed,data/runs/w4-matched-representation-20260802/cells/cell-505bcea36a6ef97b1097/cell.log,8,2147483648,9,25bfd9fcf81a745f9f97baa458d411d11f44d7071da31eb4c17b9d47c48fb8a4,12,15,"['cx', 'rz']",18,0,5f50bef2eb73c98f9ac5c713e1f097755404dea113db7188e07600bcb66eaef2,f871dc9dac21bf64e6fd49d2dad21b24f81f28fd66d85bafd39f942dd0a5eda5,6,8,round_robin_flat,rep-05ad1ce869d7cf85d13d,data/runs/w4-matched-representation-20260802/representations/rep-05ad1ce869d7cf85d13d/representation_manifest.json,24ec4df396a4f554546f077ceaaafe21e36d314b257ef74accccee44c08f402a,False,106135552,20260812,4365,22180,430,2675,364,completed,"[""cx"",""rz"",""h""]",slice-c-m08,8308,20.0,0.0,0.31335704191587865,0.21224687492940575
16,6,cell-faab74d4adc0189ee13e,pyzx_rewrite_identity_up_to_global_phase_v1,True,passed,pyzx_full_reduce,OpenQASM2 -> PyZX graph/full_reduce/extract -> target basis,0.75,0.75,logical_all_to_all_no_routing,passed,data/runs/w4-matched-representation-20260802/cells/cell-faab74d4adc0189ee13e/cell.log,8,2147483648,9,51a95e8f44338766e15b4d8af82bc0fe894be2b12669fbfd57cce7e9906a3e8a,32,69,"['cx', 'h', 'rz']",130,92,4fad672d5eb73c4d3cadbcde8dc7350994dbfaa9d4e75a332d7eeeaa76303d52,80f6f43741e7cffd8c2cea6ec9d3aa309fee841e53afb9d3b3123606b305dae6,6,8,round_robin_flat,rep-3188a896566b8a5501e2,data/runs/w4-matched-representation-20260802/representations/rep-3188a896566b8a5501e2/representation_manifest.json,edbd17305d4da4dcf317dc4b63be388f29711f0730346b63c346767980813966,False,108347392,20260811,4365,22180,1446,16955,1380,completed,"[""cx"",""rz"",""h""]",slice-c-m08,8308,20.0,0.0,0.33955191692803055,0.2328580419998616
16,6,cell-6cde9cd92f54f23b0049,pyzx_rewrite_identity_up_to_global_phase_v1,True,passed,pyzx_full_reduce,OpenQASM2 -> PyZX graph/full_reduce/extract -> target basis,0.75,0.75,logical_all_to_all_no_routing,passed,data/runs/w4-matched-representation-20260802/cells/cell-6cde9cd92f54f23b0049/cell.log,8,2147483648,9,51a95e8f44338766e15b4d8af82bc0fe894be2b12669fbfd57cce7e9906a3e8a,32,69,"['cx', 'h', 'rz']",130,92,4fad672d5eb73c4d3cadbcde8dc7350994dbfaa9d4e75a332d7eeeaa76303d52,80f6f43741e7cffd8c2cea6ec9d3aa309fee841e53afb9d3b3123606b305dae6,6,8,round_robin_flat,rep-05ad1ce869d7cf85d13d,data/runs/w4-matched-representation-20260802/representations/rep-05ad1ce869d7cf85d13d/representation_manifest.json,24ec4df396a4f554546f077ceaaafe21e36d314b257ef74accccee44c08f402a,False,108462080,20260812,4365,22180,1446,16955,1380,completed,"[""cx"",""rz"",""h""]",slice-c-m08,8308,20.0,0.0,0.3406343339011073,0.23672154103405774
16,6,cell-45012412c6e0718e3b48,pyzx_rewrite_identity_up_to_global_phase_v1,True,passed,qiskit_opt3,OpenQASM2 -> Qiskit preset level 3 -> target basis,0.75,0.75,logical_all_to_all_no_routing,passed,data/runs/w4-matched-representation-20260802/cells/cell-45012412c6e0718e3b48/cell.log,8,2147483648,9,36aaa92b41f1e409a2d033d4dcb750f79420fab12b420d79c4b1729eecebef87,82,57,"['cx', 'rz']",123,0,310dfc67d3ffaf067e0da77e082ca6765a31acaeb216e47c91dae7ac6444962f,f304f56f23f7e634dd13874aef101692b5c7e16c3867d41aff1b331fb7e25110,41,8,round_robin_flat,rep-3188a896566b8a5501e2,data/runs/w4-matched-representation-20260802/representations/rep-3188a896566b8a5501e2/representation_manifest.json,edbd17305d4da4dcf317dc4b63be388f29711f0730346b63c346767980813966,False,109182976,20260811,4365,22180,2284,18899,2223,completed,"[""cx"",""rz"",""h""]",slice-c-m08,8308,20.0,0.0,0.33278241695370525,0.23282012494746596
16,6,cell-7550044bc428e7dea3ef,pyzx_rewrite_identity_up_to_global_phase_v1,True,passed,qiskit_opt3,OpenQASM2 -> Qiskit preset level 3 -> target basis,0.75,0.75,logical_all_to_all_no_routing,passed,data/runs/w4-matched-representation-20260802/cells/cell-7550044bc428e7dea3ef/cell.log,8,2147483648,9,36aaa92b41f1e409a2d033d4dcb750f79420fab12b420d79c4b1729eecebef87,82,57,"['cx', 'rz']",123,0,310dfc67d3ffaf067e0da77e082ca6765a31acaeb216e47c91dae7ac6444962f,f304f56f23f7e634dd13874aef101692b5c7e16c3867d41aff1b331fb7e25110,41,8,round_robin_flat,rep-05ad1ce869d7cf85d13d,data/runs/w4-matched-representation-20260802/representations/rep-05ad1ce869d7cf85d13d/representation_manifest.json,24ec4df396a4f554546f077ceaaafe21e36d314b257ef74accccee44c08f402a,False,109150208,20260812,4365,22180,2284,18899,2223,completed,"[""cx"",""rz"",""h""]",slice-c-m08,8308,20.0,0.0,0.33068262494634837,0.22996154194697738
16,6,cell-f3ac7d730405c78ab4b6,pyzx_rewrite_identity_up_to_global_phase_v1,True,passed,tket_paulisimp,OpenQASM2 -> TKET DecomposeBoxes/AutoRebase/PauliSimp -> target basis,0.75,0.75,logical_all_to_all_no_routing,passed,data/runs/w4-matched-representation-20260802/cells/cell-f3ac7d730405c78ab4b6/cell.log,8,2147483648,9,0433e6d196a50867537ea4514bf8107379bbae4d095c93cd287074047576510e,32,41,"['cx', 'h', 'rz']",92,18,b301a7c9da91673c5a458a738a9d0039ae7853ace49f7a5768f5ec1bd69027e3,6b8e49a26eaa8c55043b5cdb427f0b4d9e6299a214b9f72df78c562c7c92d691,42,8,round_robin_flat,rep-3188a896566b8a5501e2,data/runs/w4-matched-representation-20260802/representations/rep-3188a896566b8a5501e2/representation_manifest.json,edbd17305d4da4dcf317dc4b63be388f29711f0730346b63c346767980813966,False,156057600,20260811,4365,22180,1429,13625,1365,completed,"[""cx"",""rz"",""h""]",slice-c-m08,8308,20.0,0.0,0.5543297079857439,0.4157249169657007
16,6,cell-4ddf675f64b2520c2e55,pyzx_rewrite_identity_up_to_global_phase_v1,True,passed,tket_paulisimp,OpenQASM2 -> TKET DecomposeBoxes/AutoRebase/PauliSimp -> target basis,0.75,0.75,logical_all_to_all_no_routing,passed,data/runs/w4-matched-representation-20260802/cells/cell-4ddf675f64b2520c2e55/cell.log,8,2147483648,9,0433e6d196a50867537ea4514bf8107379bbae4d095c93cd287074047576510e,32,41,"['cx', 'h', 'rz']",92,18,b301a7c9da91673c5a458a738a9d0039ae7853ace49f7a5768f5ec1bd69027e3,6b8e49a26eaa8c55043b5cdb427f0b4d9e6299a214b9f72df78c562c7c92d691,42,8,round_robin_flat,rep-05ad1ce869d7cf85d13d,data/runs/w4-matched-representation-20260802/representations/rep-05ad1ce869d7cf85d13d/representation_manifest.json,24ec4df396a4f554546f077ceaaafe21e36d314b257ef74accccee44c08f402a,False,156057600,20260812,4365,22180,1429,13625,1365,completed,"[""cx"",""rz"",""h""]",slice-c-m08,8308,20.0,0.0,0.5647024579811841,0.4201954159652814
16,6,cell-bbf6ec9ef693593e7a69,pyzx_rewrite_identity_up_to_global_phase_v1,True,passed,echo_passthrough,literal input circuit -> output,0.75,0.75,logical_all_to_all_no_routing,passed,data/runs/w4-matched-representation-20260802/cells/cell-bbf6ec9ef693593e7a69/cell.log,8,2147483648,9,eaa57bfc45c78e9f91e11b378c55d2f0e103106a7d82914dae7b79edf5825f9e,12,15,"['cx', 'rz']",18,0,c562621d684e205f9fb144ffa501d9312876e785180967b0d62bc457355985ca,f871dc9dac21bf64e6fd49d2dad21b24f81f28fd66d85bafd39f942dd0a5eda5,6,8,semantic_aggregate,rep-48805b3f6b1771210d6e,data/runs/w4-matched-representation-20260802/representations/rep-48805b3f6b1771210d6e/representation_manifest.json,522240f2d3eff49e8243dd4aea04cc4ddb04db53bca5f2ea2173255d27bdc265,False,106020864,20260811,654,2645,430,2655,364,completed,"[""cx"",""rz"",""h""]",slice-c-m08,8308,20.0,0.0,0.31617737491615117,0.20457708393223584
16,6,cell-ad4ba200650b53a76837,pyzx_rewrite_identity_up_to_global_phase_v1,True,passed,echo_passthrough,literal input circuit -> output,0.75,0.75,logical_all_to_all_no_routing,passed,data/runs/w4-matched-representation-20260802/cells/cell-ad4ba200650b53a76837/cell.log,8,2147483648,9,eaa57bfc45c78e9f91e11b378c55d2f0e103106a7d82914dae7b79edf5825f9e,12,15,"['cx', 'rz']",18,0,c562621d684e205f9fb144ffa501d9312876e785180967b0d62bc457355985ca,f871dc9dac21bf64e6fd49d2dad21b24f81f28fd66d85bafd39f942dd0a5eda5,6,8,semantic_aggregate,rep-a135fa6e937a60b7174f,data/runs/w4-matched-representation-20260802/representations/rep-a135fa6e937a60b7174f/representation_manifest.json,dbc26e9685d33cb98a7254414d264202e7b029c8d9ebf2c6945e61474a2fa955,False,106037248,20260812,654,2645,430,2655,364,completed,"[""cx"",""rz"",""h""]",slice-c-m08,8308,20.0,0.0,0.3134405829478055,0.20661812496837229
16,6,cell-dad662ca9acb785acb33,pyzx_rewrite_identity_up_to_global_phase_v1,True,passed,full_aggregation,exact input parity/phase table -> canonical CNOT-Rz,0.75,0.75,logical_all_to_all_no_routing,passed,data/runs/w4-matched-representation-20260802/cells/cell-dad662ca9acb785acb33/cell.log,8,2147483648,9,25bfd9fcf81a745f9f97baa458d411d11f44d7071da31eb4c17b9d47c48fb8a4,12,15,"['cx', 'rz']",18,0,5f50bef2eb73c98f9ac5c713e1f097755404dea113db7188e07600bcb66eaef2,f871dc9dac21bf64e6fd49d2dad21b24f81f28fd66d85bafd39f942dd0a5eda5,6,8,semantic_aggregate,rep-48805b3f6b1771210d6e,data/runs/w4-matched-representation-20260802/representations/rep-48805b3f6b1771210d6e/representation_manifest.json,522240f2d3eff49e8243dd4aea04cc4ddb04db53bca5f2ea2173255d27bdc265,False,105938944,20260811,654,2645,430,2675,364,completed,"[""cx"",""rz"",""h""]",slice-c-m08,8308,20.0,0.0,0.296819958020933,0.20385729207191616
16,6,cell-f06f0cd7aa7cab35f705,pyzx_rewrite_identity_up_to_global_phase_v1,True,passed,full_aggregation,exact input parity/phase table -> canonical CNOT-Rz,0.75,0.75,logical_all_to_all_no_routing,passed,data/runs/w4-matched-representation-20260802/cells/cell-f06f0cd7aa7cab35f705/cell.log,8,2147483648,9,25bfd9fcf81a745f9f97baa458d411d11f44d7071da31eb4c17b9d47c48fb8a4,12,15,"['cx', 'rz']",18,0,5f50bef2eb73c98f9ac5c713e1f097755404dea113db7188e07600bcb66eaef2,f871dc9dac21bf64e6fd49d2dad21b24f81f28fd66d85bafd39f942dd0a5eda5,6,8,semantic_aggregate,rep-a135fa6e937a60b7174f,data/runs/w4-matched-representation-20260802/representations/rep-a135fa6e937a60b7174f/representation_manifest.json,dbc26e9685d33cb98a7254414d264202e7b029c8d9ebf2c6945e61474a2fa955,False,106086400,20260812,654,2645,430,2675,364,completed,"[""cx"",""rz"",""h""]",slice-c-m08,8308,20.0,0.0,0.3202640829840675,0.20561966695822775
16,6,cell-3f16a0e0fa17cf9813d9,pyzx_rewrite_identity_up_to_global_phase_v1,True,passed,pyzx_full_reduce,OpenQASM2 -> PyZX graph/full_reduce/extract -> target basis,0.75,0.75,logical_all_to_all_no_routing,passed,data/runs/w4-matched-representation-20260802/cells/cell-3f16a0e0fa17cf9813d9/cell.log,8,2147483648,9,51a95e8f44338766e15b4d8af82bc0fe894be2b12669fbfd57cce7e9906a3e8a,32,69,"['cx', 'h', 'rz']",130,92,4fad672d5eb73c4d3cadbcde8dc7350994dbfaa9d4e75a332d7eeeaa76303d52,80f6f43741e7cffd8c2cea6ec9d3aa309fee841e53afb9d3b3123606b305dae6,6,8,semantic_aggregate,rep-48805b3f6b1771210d6e,data/runs/w4-matched-representation-20260802/representations/rep-48805b3f6b1771210d6e/representation_manifest.json,522240f2d3eff49e8243dd4aea04cc4ddb04db53bca5f2ea2173255d27bdc265,False,108462080,20260811,654,2645,1446,16955,1380,completed,"[""cx"",""rz"",""h""]",slice-c-m08,8308,20.0,0.0,0.33176358393393457,0.22461829206440598
16,6,cell-52e0ce0c12d560522df3,pyzx_rewrite_identity_up_to_global_phase_v1,True,passed,pyzx_full_reduce,OpenQASM2 -> PyZX graph/full_reduce/extract -> target basis,0.75,0.75,logical_all_to_all_no_routing,passed,data/runs/w4-matched-representation-20260802/cells/cell-52e0ce0c12d560522df3/cell.log,8,2147483648,9,51a95e8f44338766e15b4d8af82bc0fe894be2b12669fbfd57cce7e9906a3e8a,32,69,"['cx', 'h', 'rz']",130,92,4fad672d5eb73c4d3cadbcde8dc7350994dbfaa9d4e75a332d7eeeaa76303d52,80f6f43741e7cffd8c2cea6ec9d3aa309fee841e53afb9d3b3123606b305dae6,6,8,semantic_aggregate,rep-a135fa6e937a60b7174f,data/runs/w4-matched-representation-20260802/representations/rep-a135fa6e937a60b7174f/representation_manifest.json,dbc26e9685d33cb98a7254414d264202e7b029c8d9ebf2c6945e61474a2fa955,False,108298240,20260812,654,2645,1446,16955,1380,completed,"[""cx"",""rz"",""h""]",slice-c-m08,8308,20.0,0.0,0.33326958399266005,0.22915466700214893
16,6,cell-8e5725ee052c4eb9914f,pyzx_rewrite_identity_up_to_global_phase_v1,True,passed,qiskit_opt3,OpenQASM2 -> Qiskit preset level 3 -> target basis,0.75,0.75,logical_all_to_all_no_routing,passed,data/runs/w4-matched-representation-20260802/cells/cell-8e5725ee052c4eb9914f/cell.log,8,2147483648,9,b97be4289f48bfc712e5dd0ae0c94a6ec4bd4626d529488f30d2f0299a603021,12,15,"['cx', 'rz']",18,0,65fa3fdbe12003cf0d330e4075e5c49af75cbeafa951c994eb899de4917d7e3e,f871dc9dac21bf64e6fd49d2dad21b24f81f28fd66d85bafd39f942dd0a5eda5,6,8,semantic_aggregate,rep-48805b3f6b1771210d6e,data/runs/w4-matched-representation-20260802/representations/rep-48805b3f6b1771210d6e/representation_manifest.json,522240f2d3eff49e8243dd4aea04cc4ddb04db53bca5f2ea2173255d27bdc265,False,108937216,20260811,654,2645,425,2674,364,completed,"[""cx"",""rz"",""h""]",slice-c-m08,8308,20.0,0.0,0.3111202499130741,0.2165144169703126
16,6,cell-03688a6acb1b4c48265c,pyzx_rewrite_identity_up_to_global_phase_v1,True,passed,qiskit_opt3,OpenQASM2 -> Qiskit preset level 3 -> target basis,0.75,0.75,logical_all_to_all_no_routing,passed,data/runs/w4-matched-representation-20260802/cells/cell-03688a6acb1b4c48265c/cell.log,8,2147483648,9,b97be4289f48bfc712e5dd0ae0c94a6ec4bd4626d529488f30d2f0299a603021,12,15,"['cx', 'rz']",18,0,65fa3fdbe12003cf0d330e4075e5c49af75cbeafa951c994eb899de4917d7e3e,f871dc9dac21bf64e6fd49d2dad21b24f81f28fd66d85bafd39f942dd0a5eda5,6,8,semantic_aggregate,rep-a135fa6e937a60b7174f,data/runs/w4-matched-representation-20260802/representations/rep-a135fa6e937a60b7174f/representation_manifest.json,dbc26e9685d33cb98a7254414d264202e7b029c8d9ebf2c6945e61474a2fa955,False,108822528,20260812,654,2645,425,2674,364,completed,"[""cx"",""rz"",""h""]",slice-c-m08,8308,20.0,0.0,0.30974587495438755,0.21711191697977483
16,6,cell-68e9c6cf7ec05c87e0df,pyzx_rewrite_identity_up_to_global_phase_v1,True,passed,tket_paulisimp,OpenQASM2 -> TKET DecomposeBoxes/AutoRebase/PauliSimp -> target basis,0.75,0.75,logical_all_to_all_no_routing,passed,data/runs/w4-matched-representation-20260802/cells/cell-68e9c6cf7ec05c87e0df/cell.log,8,2147483648,9,2999ba16679bd54c80b47d6cbfb075ba29f182c9cefa06800a3fd9a62d180c0a,32,41,"['cx', 'h', 'rz']",92,18,78f6904c8d216c57c401c50e30a467da07b08ae79a3ec8f1b923e8e5cfc0283c,07ee99cfb112a99ea7f2547dc66b5b66d77ad835c32119c4e4b57f4402f0c139,42,8,semantic_aggregate,rep-48805b3f6b1771210d6e,data/runs/w4-matched-representation-20260802/representations/rep-48805b3f6b1771210d6e/representation_manifest.json,522240f2d3eff49e8243dd4aea04cc4ddb04db53bca5f2ea2173255d27bdc265,False,155648000,20260811,654,2645,1428,13626,1364,completed,"[""cx"",""rz"",""h""]",slice-c-m08,8308,20.0,0.0,0.5491999590303749,0.4164073331048712
16,6,cell-240b737e235e1ca16be5,pyzx_rewrite_identity_up_to_global_phase_v1,True,passed,tket_paulisimp,OpenQASM2 -> TKET DecomposeBoxes/AutoRebase/PauliSimp -> target basis,0.75,0.75,logical_all_to_all_no_routing,passed,data/runs/w4-matched-representation-20260802/cells/cell-240b737e235e1ca16be5/cell.log,8,2147483648,9,2999ba16679bd54c80b47d6cbfb075ba29f182c9cefa06800a3fd9a62d180c0a,32,41,"['cx', 'h', 'rz']",92,18,78f6904c8d216c57c401c50e30a467da07b08ae79a3ec8f1b923e8e5cfc0283c,07ee99cfb112a99ea7f2547dc66b5b66d77ad835c32119c4e4b57f4402f0c139,42,8,semantic_aggregate,rep-a135fa6e937a60b7174f,data/runs/w4-matched-representation-20260802/representations/rep-a135fa6e937a60b7174f/representation_manifest.json,dbc26e9685d33cb98a7254414d264202e7b029c8d9ebf2c6945e61474a2fa955,False,155680768,20260812,654,2645,1428,13626,1364,completed,"[""cx"",""rz"",""h""]",slice-c-m08,8308,20.0,0.0,0.5888786249561235,0.44014983298256993
16,6,cell-66b10af32bef8868b9e9,pyzx_rewrite_identity_up_to_global_phase_v1,True,passed,echo_passthrough,literal input circuit -> output,0.75,0.75,logical_all_to_all_no_routing,passed,data/runs/w4-matched-representation-20260802/cells/cell-66b10af32bef8868b9e9/cell.log,8,2147483648,9,eb07012dcc30de80f722ad9ae7283fc49dd81f414a02d443c1fd99eb1f34c346,12,15,"['cx', 'rz']",18,0,26105878463515a855951623bb9fb65419eb6c196fdae2308dc4c8ef928653a5,c9ca5ba03bab15daaf8bb949b9b9ec52be6f2086f2b8acc38e9fb147ace91f91,6,8,tket_bridge,rep-1a9a395a861d5443b7c7,data/runs/w4-matched-representation-20260802/representations/rep-1a9a395a861d5443b7c7/representation_manifest.json,7d0e01caefa76a373dad5a46656844ec33536d4d48c65635a7a0397b4c043b66,False,105889792,20260811,423,2638,430,2655,364,completed,"[""cx"",""rz"",""h""]",slice-c-m08,8308,20.0,0.0,0.304679875029251,0.2061407919973135
16,6,cell-8d36202774e04a46460e,pyzx_rewrite_identity_up_to_global_phase_v1,True,passed,echo_passthrough,literal input circuit -> output,0.75,0.75,logical_all_to_all_no_routing,passed,data/runs/w4-matched-representation-20260802/cells/cell-8d36202774e04a46460e/cell.log,8,2147483648,9,eb07012dcc30de80f722ad9ae7283fc49dd81f414a02d443c1fd99eb1f34c346,12,15,"['cx', 'rz']",18,0,26105878463515a855951623bb9fb65419eb6c196fdae2308dc4c8ef928653a5,c9ca5ba03bab15daaf8bb949b9b9ec52be6f2086f2b8acc38e9fb147ace91f91,6,8,tket_bridge,rep-b73d6e8385b8185160ef,data/runs/w4-matched-representation-20260802/representations/rep-b73d6e8385b8185160ef/representation_manifest.json,d2b63199b74057d67e0a9e4d88557198f226b12db0bdea25a32f6b0f249ace03,False,106070016,20260812,423,2638,430,2655,364,completed,"[""cx"",""rz"",""h""]",slice-c-m08,8308,20.0,0.0,0.31027412496041507,0.20321420801337808
16,6,cell-1ad362acd8ddc7d2d93b,pyzx_rewrite_identity_up_to_global_phase_v1,True,passed,full_aggregation,exact input parity/phase table -> canonical CNOT-Rz,0.75,0.75,logical_all_to_all_no_routing,passed,data/runs/w4-matched-representation-20260802/cells/cell-1ad362acd8ddc7d2d93b/cell.log,8,2147483648,9,25bfd9fcf81a745f9f97baa458d411d11f44d7071da31eb4c17b9d47c48fb8a4,12,15,"['cx', 'rz']",18,0,5f50bef2eb73c98f9ac5c713e1f097755404dea113db7188e07600bcb66eaef2,f871dc9dac21bf64e6fd49d2dad21b24f81f28fd66d85bafd39f942dd0a5eda5,6,8,tket_bridge,rep-1a9a395a861d5443b7c7,data/runs/w4-matched-representation-20260802/representations/rep-1a9a395a861d5443b7c7/representation_manifest.json,7d0e01caefa76a373dad5a46656844ec33536d4d48c65635a7a0397b4c043b66,False,105988096,20260811,423,2638,430,2675,364,completed,"[""cx"",""rz"",""h""]",slice-c-m08,8308,20.0,0.0,0.29242108308244497,0.20455775002483279
16,6,cell-d675ec4c1ffd94ebd7bb,pyzx_rewrite_identity_up_to_global_phase_v1,True,passed,full_aggregation,exact input parity/phase table -> canonical CNOT-Rz,0.75,0.75,logical_all_to_all_no_routing,passed,data/runs/w4-matched-representation-20260802/cells/cell-d675ec4c1ffd94ebd7bb/cell.log,8,2147483648,9,25bfd9fcf81a745f9f97baa458d411d11f44d7071da31eb4c17b9d47c48fb8a4,12,15,"['cx', 'rz']",18,0,5f50bef2eb73c98f9ac5c713e1f097755404dea113db7188e07600bcb66eaef2,f871dc9dac21bf64e6fd49d2dad21b24f81f28fd66d85bafd39f942dd0a5eda5,6,8,tket_bridge,rep-b73d6e8385b8185160ef,data/runs/w4-matched-representation-20260802/representations/rep-b73d6e8385b8185160ef/representation_manifest.json,d2b63199b74057d67e0a9e4d88557198f226b12db0bdea25a32f6b0f249ace03,False,106020864,20260812,423,2638,430,2675,364,completed,"[""cx"",""rz"",""h""]",slice-c-m08,8308,20.0,0.0,0.3103669580304995,0.20775675005279481
16,6,cell-1e0a65b8d90ce3c7a076,pyzx_rewrite_identity_up_to_global_phase_v1,True,passed,pyzx_full_reduce,OpenQASM2 -> PyZX graph/full_reduce/extract -> target basis,0.75,0.75,logical_all_to_all_no_routing,passed,data/runs/w4-matched-representation-20260802/cells/cell-1e0a65b8d90ce3c7a076/cell.log,8,2147483648,9,51a95e8f44338766e15b4d8af82bc0fe894be2b12669fbfd57cce7e9906a3e8a,32,69,"['cx', 'h', 'rz']",130,92,4fad672d5eb73c4d3cadbcde8dc7350994dbfaa9d4e75a332d7eeeaa76303d52,80f6f43741e7cffd8c2cea6ec9d3aa309fee841e53afb9d3b3123606b305dae6,6,8,tket_bridge,rep-1a9a395a861d5443b7c7,data/runs/w4-matched-representation-20260802/representations/rep-1a9a395a861d5443b7c7/representation_manifest.json,7d0e01caefa76a373dad5a46656844ec33536d4d48c65635a7a0397b4c043b66,False,108478464,20260811,423,2638,1446,16955,1380,completed,"[""cx"",""rz"",""h""]",slice-c-m08,8308,20.0,0.0,0.3219212079420686,0.22322833293583244
16,6,cell-b719d36a222a884496bf,pyzx_rewrite_identity_up_to_global_phase_v1,True,passed,pyzx_full_reduce,OpenQASM2 -> PyZX graph/full_reduce/extract -> target basis,0.75,0.75,logical_all_to_all_no_routing,passed,data/runs/w4-matched-representation-20260802/cells/cell-b719d36a222a884496bf/cell.log,8,2147483648,9,51a95e8f44338766e15b4d8af82bc0fe894be2b12669fbfd57cce7e9906a3e8a,32,69,"['cx', 'h', 'rz']",130,92,4fad672d5eb73c4d3cadbcde8dc7350994dbfaa9d4e75a332d7eeeaa76303d52,80f6f43741e7cffd8c2cea6ec9d3aa309fee841e53afb9d3b3123606b305dae6,6,8,tket_bridge,rep-b73d6e8385b8185160ef,data/runs/w4-matched-representation-20260802/representations/rep-b73d6e8385b8185160ef/representation_manifest.json,d2b63199b74057d67e0a9e4d88557198f226b12db0bdea25a32f6b0f249ace03,False,108445696,20260812,423,2638,1446,16955,1380,completed,"[""cx"",""rz"",""h""]",slice-c-m08,8308,20.0,0.0,0.3390450830338523,0.22821120789740235
16,6,cell-093c0468089a764741e9,pyzx_rewrite_identity_up_to_global_phase_v1,True,passed,qiskit_opt3,OpenQASM2 -> Qiskit preset level 3 -> target basis,0.75,0.75,logical_all_to_all_no_routing,passed,data/runs/w4-matched-representation-20260802/cells/cell-093c0468089a764741e9/cell.log,8,2147483648,9,b97be4289f48bfc712e5dd0ae0c94a6ec4bd4626d529488f30d2f0299a603021,12,15,"['cx', 'rz']",18,0,65fa3fdbe12003cf0d330e4075e5c49af75cbeafa951c994eb899de4917d7e3e,f871dc9dac21bf64e6fd49d2dad21b24f81f28fd66d85bafd39f942dd0a5eda5,6,8,tket_bridge,rep-1a9a395a861d5443b7c7,data/runs/w4-matched-representation-20260802/representations/rep-1a9a395a861d5443b7c7/representation_manifest.json,7d0e01caefa76a373dad5a46656844ec33536d4d48c65635a7a0397b4c043b66,False,108855296,20260811,423,2638,425,2674,364,completed,"[""cx"",""rz"",""h""]",slice-c-m08,8308,20.0,0.0,0.3155172079568729,0.22325495805125684
16,6,cell-ef9bbf6e7c2729614ae8,pyzx_rewrite_identity_up_to_global_phase_v1,True,passed,qiskit_opt3,OpenQASM2 -> Qiskit preset level 3 -> target basis,0.75,0.75,logical_all_to_all_no_routing,passed,data/runs/w4-matched-representation-20260802/cells/cell-ef9bbf6e7c2729614ae8/cell.log,8,2147483648,9,b97be4289f48bfc712e5dd0ae0c94a6ec4bd4626d529488f30d2f0299a603021,12,15,"['cx', 'rz']",18,0,65fa3fdbe12003cf0d330e4075e5c49af75cbeafa951c994eb899de4917d7e3e,f871dc9dac21bf64e6fd49d2dad21b24f81f28fd66d85bafd39f942dd0a5eda5,6,8,tket_bridge,rep-b73d6e8385b8185160ef,data/runs/w4-matched-representation-20260802/representations/rep-b73d6e8385b8185160ef/representation_manifest.json,d2b63199b74057d67e0a9e4d88557198f226b12db0bdea25a32f6b0f249ace03,False,108838912,20260812,423,2638,425,2674,364,completed,"[""cx"",""rz"",""h""]",slice-c-m08,8308,20.0,0.0,0.30873416701797396,0.21754712495021522
16,6,cell-77dec2b87061c8732cd1,pyzx_rewrite_identity_up_to_global_phase_v1,True,passed,tket_paulisimp,OpenQASM2 -> TKET DecomposeBoxes/AutoRebase/PauliSimp -> target basis,0.75,0.75,logical_all_to_all_no_routing,passed,data/runs/w4-matched-representation-20260802/cells/cell-77dec2b87061c8732cd1/cell.log,8,2147483648,9,2999ba16679bd54c80b47d6cbfb075ba29f182c9cefa06800a3fd9a62d180c0a,32,41,"['cx', 'h', 'rz']",92,18,78f6904c8d216c57c401c50e30a467da07b08ae79a3ec8f1b923e8e5cfc0283c,07ee99cfb112a99ea7f2547dc66b5b66d77ad835c32119c4e4b57f4402f0c139,42,8,tket_bridge,rep-1a9a395a861d5443b7c7,data/runs/w4-matched-representation-20260802/representations/rep-1a9a395a861d5443b7c7/representation_manifest.json,7d0e01caefa76a373dad5a46656844ec33536d4d48c65635a7a0397b4c043b66,False,155615232,20260811,423,2638,1428,13626,1364,completed,"[""cx"",""rz"",""h""]",slice-c-m08,8308,20.0,0.0,0.5518888749647886,0.4138985420577228
16,6,cell-bc5d1a137f8375fb3f16,pyzx_rewrite_identity_up_to_global_phase_v1,True,passed,tket_paulisimp,OpenQASM2 -> TKET DecomposeBoxes/AutoRebase/PauliSimp -> target basis,0.75,0.75,logical_all_to_all_no_routing,passed,data/runs/w4-matched-representation-20260802/cells/cell-bc5d1a137f8375fb3f16/cell.log,8,2147483648,9,2999ba16679bd54c80b47d6cbfb075ba29f182c9cefa06800a3fd9a62d180c0a,32,41,"['cx', 'h', 'rz']",92,18,78f6904c8d216c57c401c50e30a467da07b08ae79a3ec8f1b923e8e5cfc0283c,07ee99cfb112a99ea7f2547dc66b5b66d77ad835c32119c4e4b57f4402f0c139,42,8,tket_bridge,rep-b73d6e8385b8185160ef,data/runs/w4-matched-representation-20260802/representations/rep-b73d6e8385b8185160ef/representation_manifest.json,d2b63199b74057d67e0a9e4d88557198f226b12db0bdea25a32f6b0f249ace03,False,156614656,20260812,423,2638,1428,13626,1364,completed,"[""cx"",""rz"",""h""]",slice-c-m08,8308,20.0,0.0,0.5783070840407163,0.43439412501174957
16,6,cell-38ebba0edc44943bac73,pyzx_rewrite_identity_up_to_global_phase_v1,True,passed,echo_passthrough,literal input circuit -> output,0.75,0.75,logical_all_to_all_no_routing,passed,data/runs/w4-matched-representation-20260802/cells/cell-38ebba0edc44943bac73/cell.log,8,2147483648,9,eaa57bfc45c78e9f91e11b378c55d2f0e103106a7d82914dae7b79edf5825f9e,12,15,"['cx', 'rz']",18,0,c562621d684e205f9fb144ffa501d9312876e785180967b0d62bc457355985ca,f871dc9dac21bf64e6fd49d2dad21b24f81f28fd66d85bafd39f942dd0a5eda5,6,8,zx_bridge,rep-bb0c74b9f925133a1c1e,data/runs/w4-matched-representation-20260802/representations/rep-bb0c74b9f925133a1c1e/representation_manifest.json,3abef58dc436af3f843d9d7a2f89f7e365ad3149eda01e882acc57e4312f2eef,False,106004480,20260811,440,2636,430,2655,364,completed,"[""cx"",""rz"",""h""]",slice-c-m08,8308,20.0,0.0,0.3086752920644358,0.20512524992227554
16,6,cell-f83a0c685c0bf8724dde,pyzx_rewrite_identity_up_to_global_phase_v1,True,passed,echo_passthrough,literal input circuit -> output,0.75,0.75,logical_all_to_all_no_routing,passed,data/runs/w4-matched-representation-20260802/cells/cell-f83a0c685c0bf8724dde/cell.log,8,2147483648,9,eaa57bfc45c78e9f91e11b378c55d2f0e103106a7d82914dae7b79edf5825f9e,12,15,"['cx', 'rz']",18,0,c562621d684e205f9fb144ffa501d9312876e785180967b0d62bc457355985ca,f871dc9dac21bf64e6fd49d2dad21b24f81f28fd66d85bafd39f942dd0a5eda5,6,8,zx_bridge,rep-d286385fce2debef157b,data/runs/w4-matched-representation-20260802/representations/rep-d286385fce2debef157b/representation_manifest.json,16f302af9b69fb05155f9b67da222a9536e1f3c68403bf321c5acb11489b0b80,False,105955328,20260812,440,2636,430,2655,364,completed,"[""cx"",""rz"",""h""]",slice-c-m08,8308,20.0,0.0,0.31011966709047556,0.20672620891127735
16,6,cell-7d50dfc190f0245a7d57,pyzx_rewrite_identity_up_to_global_phase_v1,True,passed,full_aggregation,exact input parity/phase table -> canonical CNOT-Rz,0.75,0.75,logical_all_to_all_no_routing,passed,data/runs/w4-matched-representation-20260802/cells/cell-7d50dfc190f0245a7d57/cell.log,8,2147483648,9,25bfd9fcf81a745f9f97baa458d411d11f44d7071da31eb4c17b9d47c48fb8a4,12,15,"['cx', 'rz']",18,0,5f50bef2eb73c98f9ac5c713e1f097755404dea113db7188e07600bcb66eaef2,f871dc9dac21bf64e6fd49d2dad21b24f81f28fd66d85bafd39f942dd0a5eda5,6,8,zx_bridge,rep-bb0c74b9f925133a1c1e,data/runs/w4-matched-representation-20260802/representations/rep-bb0c74b9f925133a1c1e/representation_manifest.json,3abef58dc436af3f843d9d7a2f89f7e365ad3149eda01e882acc57e4312f2eef,False,106004480,20260811,440,2636,430,2675,364,completed,"[""cx"",""rz"",""h""]",slice-c-m08,8308,20.0,0.0,0.31597787502687424,0.21373387495987117
16,6,cell-d66784b6ae45756c6337,pyzx_rewrite_identity_up_to_global_phase_v1,True,passed,full_aggregation,exact input parity/phase table -> canonical CNOT-Rz,0.75,0.75,logical_all_to_all_no_routing,passed,data/runs/w4-matched-representation-20260802/cells/cell-d66784b6ae45756c6337/cell.log,8,2147483648,9,25bfd9fcf81a745f9f97baa458d411d11f44d7071da31eb4c17b9d47c48fb8a4,12,15,"['cx', 'rz']",18,0,5f50bef2eb73c98f9ac5c713e1f097755404dea113db7188e07600bcb66eaef2,f871dc9dac21bf64e6fd49d2dad21b24f81f28fd66d85bafd39f942dd0a5eda5,6,8,zx_bridge,rep-d286385fce2debef157b,data/runs/w4-matched-representation-20260802/representations/rep-d286385fce2debef157b/representation_manifest.json,16f302af9b69fb05155f9b67da222a9536e1f3c68403bf321c5acb11489b0b80,False,106102784,20260812,440,2636,430,2675,364,completed,"[""cx"",""rz"",""h""]",slice-c-m08,8308,20.0,0.0,0.3097481249133125,0.20627691701520234
16,6,cell-813c3150d4201e26f90d,pyzx_rewrite_identity_up_to_global_phase_v1,True,passed,pyzx_full_reduce,OpenQASM2 -> PyZX graph/full_reduce/extract -> target basis,0.75,0.75,logical_all_to_all_no_routing,passed,data/runs/w4-matched-representation-20260802/cells/cell-813c3150d4201e26f90d/cell.log,8,2147483648,9,51a95e8f44338766e15b4d8af82bc0fe894be2b12669fbfd57cce7e9906a3e8a,32,69,"['cx', 'h', 'rz']",130,92,4fad672d5eb73c4d3cadbcde8dc7350994dbfaa9d4e75a332d7eeeaa76303d52,80f6f43741e7cffd8c2cea6ec9d3aa309fee841e53afb9d3b3123606b305dae6,6,8,zx_bridge,rep-bb0c74b9f925133a1c1e,data/runs/w4-matched-representation-20260802/representations/rep-bb0c74b9f925133a1c1e/representation_manifest.json,3abef58dc436af3f843d9d7a2f89f7e365ad3149eda01e882acc57e4312f2eef,False,108298240,20260811,440,2636,1446,16955,1380,completed,"[""cx"",""rz"",""h""]",slice-c-m08,8308,20.0,0.0,0.3357883329736069,0.2262056249892339
16,6,cell-04f3efccc809d5b3ca9b,pyzx_rewrite_identity_up_to_global_phase_v1,True,passed,pyzx_full_reduce,OpenQASM2 -> PyZX graph/full_reduce/extract -> target basis,0.75,0.75,logical_all_to_all_no_routing,passed,data/runs/w4-matched-representation-20260802/cells/cell-04f3efccc809d5b3ca9b/cell.log,8,2147483648,9,51a95e8f44338766e15b4d8af82bc0fe894be2b12669fbfd57cce7e9906a3e8a,32,69,"['cx', 'h', 'rz']",130,92,4fad672d5eb73c4d3cadbcde8dc7350994dbfaa9d4e75a332d7eeeaa76303d52,80f6f43741e7cffd8c2cea6ec9d3aa309fee841e53afb9d3b3123606b305dae6,6,8,zx_bridge,rep-d286385fce2debef157b,data/runs/w4-matched-representation-20260802/representations/rep-d286385fce2debef157b/representation_manifest.json,16f302af9b69fb05155f9b67da222a9536e1f3c68403bf321c5acb11489b0b80,False,108216320,20260812,440,2636,1446,16955,1380,completed,"[""cx"",""rz"",""h""]",slice-c-m08,8308,20.0,0.0,0.332098999992013,0.2275043330155313
16,6,cell-567d4ffdc543f3d089c3,pyzx_rewrite_identity_up_to_global_phase_v1,True,passed,qiskit_opt3,OpenQASM2 -> Qiskit preset level 3 -> target basis,0.75,0.75,logical_all_to_all_no_routing,passed,data/runs/w4-matched-representation-20260802/cells/cell-567d4ffdc543f3d089c3/cell.log,8,2147483648,9,b97be4289f48bfc712e5dd0ae0c94a6ec4bd4626d529488f30d2f0299a603021,12,15,"['cx', 'rz']",18,0,65fa3fdbe12003cf0d330e4075e5c49af75cbeafa951c994eb899de4917d7e3e,f871dc9dac21bf64e6fd49d2dad21b24f81f28fd66d85bafd39f942dd0a5eda5,6,8,zx_bridge,rep-bb0c74b9f925133a1c1e,data/runs/w4-matched-representation-20260802/representations/rep-bb0c74b9f925133a1c1e/representation_manifest.json,3abef58dc436af3f843d9d7a2f89f7e365ad3149eda01e882acc57e4312f2eef,False,108871680,20260811,440,2636,425,2674,364,completed,"[""cx"",""rz"",""h""]",slice-c-m08,8308,20.0,0.0,0.31784237502142787,0.2199719169875607
16,6,cell-0ef8b634100319514837,pyzx_rewrite_identity_up_to_global_phase_v1,True,passed,qiskit_opt3,OpenQASM2 -> Qiskit preset level 3 -> target basis,0.75,0.75,logical_all_to_all_no_routing,passed,data/runs/w4-matched-representation-20260802/cells/cell-0ef8b634100319514837/cell.log,8,2147483648,9,b97be4289f48bfc712e5dd0ae0c94a6ec4bd4626d529488f30d2f0299a603021,12,15,"['cx', 'rz']",18,0,65fa3fdbe12003cf0d330e4075e5c49af75cbeafa951c994eb899de4917d7e3e,f871dc9dac21bf64e6fd49d2dad21b24f81f28fd66d85bafd39f942dd0a5eda5,6,8,zx_bridge,rep-d286385fce2debef157b,data/runs/w4-matched-representation-20260802/representations/rep-d286385fce2debef157b/representation_manifest.json,16f302af9b69fb05155f9b67da222a9536e1f3c68403bf321c5acb11489b0b80,False,108855296,20260812,440,2636,425,2674,364,completed,"[""cx"",""rz"",""h""]",slice-c-m08,8308,20.0,0.0,0.3220603750087321,0.2184563329210505
16,6,cell-d7d0a3ac5be8a4805772,pyzx_rewrite_identity_up_to_global_phase_v1,True,passed,tket_paulisimp,OpenQASM2 -> TKET DecomposeBoxes/AutoRebase/PauliSimp -> target basis,0.75,0.75,logical_all_to_all_no_routing,passed,data/runs/w4-matched-representation-20260802/cells/cell-d7d0a3ac5be8a4805772/cell.log,8,2147483648,9,2999ba16679bd54c80b47d6cbfb075ba29f182c9cefa06800a3fd9a62d180c0a,32,41,"['cx', 'h', 'rz']",92,18,78f6904c8d216c57c401c50e30a467da07b08ae79a3ec8f1b923e8e5cfc0283c,07ee99cfb112a99ea7f2547dc66b5b66d77ad835c32119c4e4b57f4402f0c139,42,8,zx_bridge,rep-bb0c74b9f925133a1c1e,data/runs/w4-matched-representation-20260802/representations/rep-bb0c74b9f925133a1c1e/representation_manifest.json,3abef58dc436af3f843d9d7a2f89f7e365ad3149eda01e882acc57e4312f2eef,False,155697152,20260811,440,2636,1428,13626,1364,completed,"[""cx"",""rz"",""h""]",slice-c-m08,8308,20.0,0.0,0.5687907909741625,0.41932966699823737
16,6,cell-5c1c027c2660ac4f3804,pyzx_rewrite_identity_up_to_global_phase_v1,True,passed,tket_paulisimp,OpenQASM2 -> TKET DecomposeBoxes/AutoRebase/PauliSimp -> target basis,0.75,0.75,logical_all_to_all_no_routing,passed,data/runs/w4-matched-representation-20260802/cells/cell-5c1c027c2660ac4f3804/cell.log,8,2147483648,9,2999ba16679bd54c80b47d6cbfb075ba29f182c9cefa06800a3fd9a62d180c0a,32,41,"['cx', 'h', 'rz']",92,18,78f6904c8d216c57c401c50e30a467da07b08ae79a3ec8f1b923e8e5cfc0283c,07ee99cfb112a99ea7f2547dc66b5b66d77ad835c32119c4e4b57f4402f0c139,42,8,zx_bridge,rep-d286385fce2debef157b,data/runs/w4-matched-representation-20260802/representations/rep-d286385fce2debef157b/representation_manifest.json,16f302af9b69fb05155f9b67da222a9536e1f3c68403bf321c5acb11489b0b80,False,155713536,20260812,440,2636,1428,13626,1364,completed,"[""cx"",""rz"",""h""]",slice-c-m08,8308,20.0,0.0,0.5733829580713063,0.426333750016056
16,12,cell-098a5d46d260e3acdd43,pyzx_rewrite_identity_up_to_global_phase_v1,True,passed,echo_passthrough,literal input circuit -> output,0.75,0.75,logical_all_to_all_no_routing,passed,data/runs/w4-matched-representation-20260802/cells/cell-098a5d46d260e3acdd43/cell.log,16,2147483648,17,d823e82c25d6264d19d9191906addaefb8a4881a1959d6c67122e8d8f1be7d56,192,96,"['cx', 'rz']",288,0,decb6ca63dd99e5ff4d994a703a57b51e11c4bc22f552877d56f1cb57e1bd63e,bfcd17fdb030e62f9c4771d77fe604dec624183023b72c958116ef8afcfab349,96,8,contiguous_flat,rep-75c839d912a2c8265798,data/runs/w4-matched-representation-20260802/representations/rep-75c839d912a2c8265798/representation_manifest.json,d448e147364d1acc393d59b33f9dc815baa27a56594f022c6961ba86efa425e7,False,106512384,20260811,8637,44817,5609,44830,5543,completed,"[""cx"",""rz"",""h""]",slice-c-m16,8316,20.0,0.0,0.3464561670552939,0.23519216699060053
16,12,cell-6436eee747d1649b2ee1,pyzx_rewrite_identity_up_to_global_phase_v1,True,passed,echo_passthrough,literal input circuit -> output,0.75,0.75,logical_all_to_all_no_routing,passed,data/runs/w4-matched-representation-20260802/cells/cell-6436eee747d1649b2ee1/cell.log,16,2147483648,17,d823e82c25d6264d19d9191906addaefb8a4881a1959d6c67122e8d8f1be7d56,192,96,"['cx', 'rz']",288,0,decb6ca63dd99e5ff4d994a703a57b51e11c4bc22f552877d56f1cb57e1bd63e,bfcd17fdb030e62f9c4771d77fe604dec624183023b72c958116ef8afcfab349,96,8,contiguous_flat,rep-76aa0954983dbb7343f1,data/runs/w4-matched-representation-20260802/representations/rep-76aa0954983dbb7343f1/representation_manifest.json,5d649bda388d8e67c1226d3018aa3a819d4f531c12997ea4c8b3b07415cbde4c,False,106545152,20260812,8637,44817,5609,44830,5543,completed,"[""cx"",""rz"",""h""]",slice-c-m16,8316,20.0,0.0,0.3382819159887731,0.2393856249982491
16,12,cell-dbf922e7afee03582ff4,pyzx_rewrite_identity_up_to_global_phase_v1,True,passed,full_aggregation,exact input parity/phase table -> canonical CNOT-Rz,0.75,0.75,logical_all_to_all_no_routing,passed,data/runs/w4-matched-representation-20260802/cells/cell-dbf922e7afee03582ff4/cell.log,16,2147483648,17,b9cb592c209d69d80e89c93ecd80bf14670f484d98933a7bca94a5ed9c620012,24,12,"['cx', 'rz']",36,0,e607ae08c014f5185a9d667e2977e0f48df9e987aca1a3e2aef564aefe58aa20,3ab434b6e3a8261aca33633074f0d7950e5e58d390dc81c112cba78cb203e148,12,8,contiguous_flat,rep-75c839d912a2c8265798,data/runs/w4-matched-representation-20260802/representations/rep-75c839d912a2c8265798/representation_manifest.json,d448e147364d1acc393d59b33f9dc815baa27a56594f022c6961ba86efa425e7,False,106135552,20260811,8637,44817,778,5237,712,completed,"[""cx"",""rz"",""h""]",slice-c-m16,8316,20.0,0.0,0.3292114590294659,0.21873495797626674
16,12,cell-37cda46b2544bfbfde07,pyzx_rewrite_identity_up_to_global_phase_v1,True,passed,full_aggregation,exact input parity/phase table -> canonical CNOT-Rz,0.75,0.75,logical_all_to_all_no_routing,passed,data/runs/w4-matched-representation-20260802/cells/cell-37cda46b2544bfbfde07/cell.log,16,2147483648,17,b9cb592c209d69d80e89c93ecd80bf14670f484d98933a7bca94a5ed9c620012,24,12,"['cx', 'rz']",36,0,e607ae08c014f5185a9d667e2977e0f48df9e987aca1a3e2aef564aefe58aa20,3ab434b6e3a8261aca33633074f0d7950e5e58d390dc81c112cba78cb203e148,12,8,contiguous_flat,rep-76aa0954983dbb7343f1,data/runs/w4-matched-representation-20260802/representations/rep-76aa0954983dbb7343f1/representation_manifest.json,5d649bda388d8e67c1226d3018aa3a819d4f531c12997ea4c8b3b07415cbde4c,False,106381312,20260812,8637,44817,778,5237,712,completed,"[""cx"",""rz"",""h""]",slice-c-m16,8316,20.0,0.0,0.3440987500362098,0.23931641702074558
16,12,cell-edc5f9406132fcea55bc,pyzx_rewrite_identity_up_to_global_phase_v1,True,passed,pyzx_full_reduce,OpenQASM2 -> PyZX graph/full_reduce/extract -> target basis,0.75,0.75,logical_all_to_all_no_routing,passed,data/runs/w4-matched-representation-20260802/cells/cell-edc5f9406132fcea55bc/cell.log,16,2147483648,17,6f6c9161fe099c51c62eceaa0abb06f1c429a1bfec4b68bfbc41153ab3eadb9f,52,50,"['cx', 'h', 'rz']",224,160,360cafbc7a3328540eb20981619aed2397980252a7ea5666e44b7f448ea70aed,dd451eb10e3bfc2bb3368a4c9484393ed0d08543fa6f4c0de8418d552da385e3,12,8,contiguous_flat,rep-75c839d912a2c8265798,data/runs/w4-matched-representation-20260802/representations/rep-75c839d912a2c8265798/representation_manifest.json,d448e147364d1acc393d59b33f9dc815baa27a56594f022c6961ba86efa425e7,False,108920832,20260811,8637,44817,2550,29346,2484,completed,"[""cx"",""rz"",""h""]",slice-c-m16,8316,20.0,0.0,0.3572395419469103,0.24638708401471376
16,12,cell-178ea5cf7a91341fc1b5,pyzx_rewrite_identity_up_to_global_phase_v1,True,passed,pyzx_full_reduce,OpenQASM2 -> PyZX graph/full_reduce/extract -> target basis,0.75,0.75,logical_all_to_all_no_routing,passed,data/runs/w4-matched-representation-20260802/cells/cell-178ea5cf7a91341fc1b5/cell.log,16,2147483648,17,6f6c9161fe099c51c62eceaa0abb06f1c429a1bfec4b68bfbc41153ab3eadb9f,52,50,"['cx', 'h', 'rz']",224,160,360cafbc7a3328540eb20981619aed2397980252a7ea5666e44b7f448ea70aed,dd451eb10e3bfc2bb3368a4c9484393ed0d08543fa6f4c0de8418d552da385e3,12,8,contiguous_flat,rep-76aa0954983dbb7343f1,data/runs/w4-matched-representation-20260802/representations/rep-76aa0954983dbb7343f1/representation_manifest.json,5d649bda388d8e67c1226d3018aa3a819d4f531c12997ea4c8b3b07415cbde4c,False,108871680,20260812,8637,44817,2550,29346,2484,completed,"[""cx"",""rz"",""h""]",slice-c-m16,8316,20.0,0.0,0.35298808303195983,0.24859887501224875
16,12,cell-779031da3349a562a1a3,pyzx_rewrite_identity_up_to_global_phase_v1,True,passed,qiskit_opt3,OpenQASM2 -> Qiskit preset level 3 -> target basis,0.75,0.75,logical_all_to_all_no_routing,passed,data/runs/w4-matched-representation-20260802/cells/cell-779031da3349a562a1a3/cell.log,16,2147483648,17,fa8314634430e0c7c57720b2da84d7bc533c2e4026e24f8f90bad077cbfcbbf1,24,12,"['cx', 'rz']",36,0,b2d9bd03b9c36f924a32f709a55a41820314b8c078f24b3b3987e34fbb537a66,f8b0c9ef9feec840ddb0833e806d449a53f77bf2edfc1fd58b3bb106d175d31e,12,8,contiguous_flat,rep-75c839d912a2c8265798,data/runs/w4-matched-representation-20260802/representations/rep-75c839d912a2c8265798/representation_manifest.json,d448e147364d1acc393d59b33f9dc815baa27a56594f022c6961ba86efa425e7,False,109232128,20260811,8637,44817,773,5236,712,completed,"[""cx"",""rz"",""h""]",slice-c-m16,8316,20.0,0.0,0.3161239579785615,0.22182537498883903
16,12,cell-119b90cfcaa4c3ef662d,pyzx_rewrite_identity_up_to_global_phase_v1,True,passed,qiskit_opt3,OpenQASM2 -> Qiskit preset level 3 -> target basis,0.75,0.75,logical_all_to_all_no_routing,passed,data/runs/w4-matched-representation-20260802/cells/cell-119b90cfcaa4c3ef662d/cell.log,16,2147483648,17,fa8314634430e0c7c57720b2da84d7bc533c2e4026e24f8f90bad077cbfcbbf1,24,12,"['cx', 'rz']",36,0,b2d9bd03b9c36f924a32f709a55a41820314b8c078f24b3b3987e34fbb537a66,f8b0c9ef9feec840ddb0833e806d449a53f77bf2edfc1fd58b3bb106d175d31e,12,8,contiguous_flat,rep-76aa0954983dbb7343f1,data/runs/w4-matched-representation-20260802/representations/rep-76aa0954983dbb7343f1/representation_manifest.json,5d649bda388d8e67c1226d3018aa3a819d4f531c12997ea4c8b3b07415cbde4c,False,109248512,20260812,8637,44817,773,5236,712,completed,"[""cx"",""rz"",""h""]",slice-c-m16,8316,20.0,0.0,0.33227812498807907,0.2214589579962194
16,12,cell-38721421ad5ca8f18f75,pyzx_rewrite_identity_up_to_global_phase_v1,True,passed,tket_paulisimp,OpenQASM2 -> TKET DecomposeBoxes/AutoRebase/PauliSimp -> target basis,0.75,0.75,logical_all_to_all_no_routing,passed,data/runs/w4-matched-representation-20260802/cells/cell-38721421ad5ca8f18f75/cell.log,16,2147483648,17,e0c6009e5553788085c5db1c8350adf77867f1f0aa77553fb0e71af938d169a6,46,30,"['cx', 'h', 'rz']",160,34,7484f48923e1238f34ab0c005885248687144b2a53ffd021fc96541c455be0f6,433966dec8d5ef785c87db3d072381e95dff5d2c68ddb4467372c844e47e0f13,80,8,contiguous_flat,rep-75c839d912a2c8265798,data/runs/w4-matched-representation-20260802/representations/rep-75c839d912a2c8265798/representation_manifest.json,d448e147364d1acc393d59b33f9dc815baa27a56594f022c6961ba86efa425e7,False,156663808,20260811,8637,44817,2498,23631,2434,completed,"[""cx"",""rz"",""h""]",slice-c-m16,8316,20.0,0.0,0.5775085840141401,0.4405649999389425
16,12,cell-f51acdd1c6e7a74ba36a,pyzx_rewrite_identity_up_to_global_phase_v1,True,passed,tket_paulisimp,OpenQASM2 -> TKET DecomposeBoxes/AutoRebase/PauliSimp -> target basis,0.75,0.75,logical_all_to_all_no_routing,passed,data/runs/w4-matched-representation-20260802/cells/cell-f51acdd1c6e7a74ba36a/cell.log,16,2147483648,17,e0c6009e5553788085c5db1c8350adf77867f1f0aa77553fb0e71af938d169a6,46,30,"['cx', 'h', 'rz']",160,34,7484f48923e1238f34ab0c005885248687144b2a53ffd021fc96541c455be0f6,433966dec8d5ef785c87db3d072381e95dff5d2c68ddb4467372c844e47e0f13,80,8,contiguous_flat,rep-76aa0954983dbb7343f1,data/runs/w4-matched-representation-20260802/representations/rep-76aa0954983dbb7343f1/representation_manifest.json,5d649bda388d8e67c1226d3018aa3a819d4f531c12997ea4c8b3b07415cbde4c,False,156696576,20260812,8637,44817,2498,23631,2434,completed,"[""cx"",""rz"",""h""]",slice-c-m16,8316,20.0,0.0,0.5679622500902042,0.42938108392991126
16,12,cell-40dd65d66805fa9115bb,pyzx_rewrite_identity_up_to_global_phase_v1,True,passed,echo_passthrough,literal input circuit -> output,0.75,0.75,logical_all_to_all_no_routing,passed,data/runs/w4-matched-representation-20260802/cells/cell-40dd65d66805fa9115bb/cell.log,16,2147483648,17,befc9f878ad183f00ef570ffe107fd6ef91442483e8416cd28fb71b68da927c2,96,48,"['cx', 'rz']",144,0,c93fb180c9094890f3d2fc389944836e5720851f5c40fe10f6d29a58a6e2d3e6,9a0ae95638d118c1207046fbc6a4d473841916191f59c7675d8b07f57c3f940f,48,8,locally_folded_flat,rep-427e7b7fab496bab80d7,data/runs/w4-matched-representation-20260802/representations/rep-427e7b7fab496bab80d7/representation_manifest.json,0f27324cca009d32bdfb6bedadc2caa05be9e5e6e157dbb5b0abeb0d19c4333e,False,106119168,20260811,4357,21963,2841,21972,2775,completed,"[""cx"",""rz"",""h""]",slice-c-m16,8316,20.0,0.0,0.31012120901141316,0.21739191701635718
16,12,cell-b2e2c9dd6a52c3e650ec,pyzx_rewrite_identity_up_to_global_phase_v1,True,passed,echo_passthrough,literal input circuit -> output,0.75,0.75,logical_all_to_all_no_routing,passed,data/runs/w4-matched-representation-20260802/cells/cell-b2e2c9dd6a52c3e650ec/cell.log,16,2147483648,17,befc9f878ad183f00ef570ffe107fd6ef91442483e8416cd28fb71b68da927c2,96,48,"['cx', 'rz']",144,0,c93fb180c9094890f3d2fc389944836e5720851f5c40fe10f6d29a58a6e2d3e6,9a0ae95638d118c1207046fbc6a4d473841916191f59c7675d8b07f57c3f940f,48,8,locally_folded_flat,rep-0e92e75ca5af8fc97165,data/runs/w4-matched-representation-20260802/representations/rep-0e92e75ca5af8fc97165/representation_manifest.json,a76d80b325c79a90940a1da4801c2a03011e013837d2093f0250b7a89cc1589f,False,106168320,20260812,4357,21963,2841,21972,2775,completed,"[""cx"",""rz"",""h""]",slice-c-m16,8316,20.0,0.0,0.33230966702103615,0.22497766697779298
16,12,cell-4d54d53cbb8ed0d414dd,pyzx_rewrite_identity_up_to_global_phase_v1,True,passed,full_aggregation,exact input parity/phase table -> canonical CNOT-Rz,0.75,0.75,logical_all_to_all_no_routing,passed,data/runs/w4-matched-representation-20260802/cells/cell-4d54d53cbb8ed0d414dd/cell.log,16,2147483648,17,b9cb592c209d69d80e89c93ecd80bf14670f484d98933a7bca94a5ed9c620012,24,12,"['cx', 'rz']",36,0,e607ae08c014f5185a9d667e2977e0f48df9e987aca1a3e2aef564aefe58aa20,3ab434b6e3a8261aca33633074f0d7950e5e58d390dc81c112cba78cb203e148,12,8,locally_folded_flat,rep-427e7b7fab496bab80d7,data/runs/w4-matched-representation-20260802/representations/rep-427e7b7fab496bab80d7/representation_manifest.json,0f27324cca009d32bdfb6bedadc2caa05be9e5e6e157dbb5b0abeb0d19c4333e,False,106004480,20260811,4357,21963,778,5237,712,completed,"[""cx"",""rz"",""h""]",slice-c-m16,8316,20.0,0.0,0.31620541703887284,0.20880183402914554
16,12,cell-6094ac6e719e8f605095,pyzx_rewrite_identity_up_to_global_phase_v1,True,passed,full_aggregation,exact input parity/phase table -> canonical CNOT-Rz,0.75,0.75,logical_all_to_all_no_routing,passed,data/runs/w4-matched-representation-20260802/cells/cell-6094ac6e719e8f605095/cell.log,16,2147483648,17,b9cb592c209d69d80e89c93ecd80bf14670f484d98933a7bca94a5ed9c620012,24,12,"['cx', 'rz']",36,0,e607ae08c014f5185a9d667e2977e0f48df9e987aca1a3e2aef564aefe58aa20,3ab434b6e3a8261aca33633074f0d7950e5e58d390dc81c112cba78cb203e148,12,8,locally_folded_flat,rep-0e92e75ca5af8fc97165,data/runs/w4-matched-representation-20260802/representations/rep-0e92e75ca5af8fc97165/representation_manifest.json,a76d80b325c79a90940a1da4801c2a03011e013837d2093f0250b7a89cc1589f,False,106070016,20260812,4357,21963,778,5237,712,completed,"[""cx"",""rz"",""h""]",slice-c-m16,8316,20.0,0.0,0.31593516597058624,0.209765916923061
16,12,cell-3235250e8a5338ced1a6,pyzx_rewrite_identity_up_to_global_phase_v1,True,passed,pyzx_full_reduce,OpenQASM2 -> PyZX graph/full_reduce/extract -> target basis,0.75,0.75,logical_all_to_all_no_routing,passed,data/runs/w4-matched-representation-20260802/cells/cell-3235250e8a5338ced1a6/cell.log,16,2147483648,17,6f6c9161fe099c51c62eceaa0abb06f1c429a1bfec4b68bfbc41153ab3eadb9f,52,50,"['cx', 'h', 'rz']",224,160,360cafbc7a3328540eb20981619aed2397980252a7ea5666e44b7f448ea70aed,dd451eb10e3bfc2bb3368a4c9484393ed0d08543fa6f4c0de8418d552da385e3,12,8,locally_folded_flat,rep-427e7b7fab496bab80d7,data/runs/w4-matched-representation-20260802/representations/rep-427e7b7fab496bab80d7/representation_manifest.json,0f27324cca009d32bdfb6bedadc2caa05be9e5e6e157dbb5b0abeb0d19c4333e,False,108756992,20260811,4357,21963,2550,29346,2484,completed,"[""cx"",""rz"",""h""]",slice-c-m16,8316,20.0,0.0,0.3444030840182677,0.24054962501395494
16,12,cell-9c8b02732d7a7083655d,pyzx_rewrite_identity_up_to_global_phase_v1,True,passed,pyzx_full_reduce,OpenQASM2 -> PyZX graph/full_reduce/extract -> target basis,0.75,0.75,logical_all_to_all_no_routing,passed,data/runs/w4-matched-representation-20260802/cells/cell-9c8b02732d7a7083655d/cell.log,16,2147483648,17,6f6c9161fe099c51c62eceaa0abb06f1c429a1bfec4b68bfbc41153ab3eadb9f,52,50,"['cx', 'h', 'rz']",224,160,360cafbc7a3328540eb20981619aed2397980252a7ea5666e44b7f448ea70aed,dd451eb10e3bfc2bb3368a4c9484393ed0d08543fa6f4c0de8418d552da385e3,12,8,locally_folded_flat,rep-0e92e75ca5af8fc97165,data/runs/w4-matched-representation-20260802/representations/rep-0e92e75ca5af8fc97165/representation_manifest.json,a76d80b325c79a90940a1da4801c2a03011e013837d2093f0250b7a89cc1589f,False,108806144,20260812,4357,21963,2550,29346,2484,completed,"[""cx"",""rz"",""h""]",slice-c-m16,8316,20.0,0.0,0.34061125002335757,0.23788812500424683
16,12,cell-a2c08326eeaa154b510e,pyzx_rewrite_identity_up_to_global_phase_v1,True,passed,qiskit_opt3,OpenQASM2 -> Qiskit preset level 3 -> target basis,0.75,0.75,logical_all_to_all_no_routing,passed,data/runs/w4-matched-representation-20260802/cells/cell-a2c08326eeaa154b510e/cell.log,16,2147483648,17,b86a424e1a556943a2aa1d7cf24ec273723482ddef6b5ba8aafb6f630cd22121,24,12,"['cx', 'rz']",36,0,e6a3a4f45714dd28a3f0086f50de7cca1d6c53495e9839a4d3eb2da1c98410c1,3ab434b6e3a8261aca33633074f0d7950e5e58d390dc81c112cba78cb203e148,12,8,locally_folded_flat,rep-427e7b7fab496bab80d7,data/runs/w4-matched-representation-20260802/representations/rep-427e7b7fab496bab80d7/representation_manifest.json,0f27324cca009d32bdfb6bedadc2caa05be9e5e6e157dbb5b0abeb0d19c4333e,False,109051904,20260811,4357,21963,773,5236,712,completed,"[""cx"",""rz"",""h""]",slice-c-m16,8316,20.0,0.0,0.323613665997982,0.22189670894294977
16,12,cell-9734417e4aaf2655dcd6,pyzx_rewrite_identity_up_to_global_phase_v1,True,passed,qiskit_opt3,OpenQASM2 -> Qiskit preset level 3 -> target basis,0.75,0.75,logical_all_to_all_no_routing,passed,data/runs/w4-matched-representation-20260802/cells/cell-9734417e4aaf2655dcd6/cell.log,16,2147483648,17,b86a424e1a556943a2aa1d7cf24ec273723482ddef6b5ba8aafb6f630cd22121,24,12,"['cx', 'rz']",36,0,e6a3a4f45714dd28a3f0086f50de7cca1d6c53495e9839a4d3eb2da1c98410c1,3ab434b6e3a8261aca33633074f0d7950e5e58d390dc81c112cba78cb203e148,12,8,locally_folded_flat,rep-0e92e75ca5af8fc97165,data/runs/w4-matched-representation-20260802/representations/rep-0e92e75ca5af8fc97165/representation_manifest.json,a76d80b325c79a90940a1da4801c2a03011e013837d2093f0250b7a89cc1589f,False,109182976,20260812,4357,21963,773,5236,712,completed,"[""cx"",""rz"",""h""]",slice-c-m16,8316,20.0,0.0,0.3380317089613527,0.2237650000024587
16,12,cell-ea9552cd1c245d3579d9,pyzx_rewrite_identity_up_to_global_phase_v1,True,passed,tket_paulisimp,OpenQASM2 -> TKET DecomposeBoxes/AutoRebase/PauliSimp -> target basis,0.75,0.75,logical_all_to_all_no_routing,passed,data/runs/w4-matched-representation-20260802/cells/cell-ea9552cd1c245d3579d9/cell.log,16,2147483648,17,e0c6009e5553788085c5db1c8350adf77867f1f0aa77553fb0e71af938d169a6,46,30,"['cx', 'h', 'rz']",160,34,7484f48923e1238f34ab0c005885248687144b2a53ffd021fc96541c455be0f6,433966dec8d5ef785c87db3d072381e95dff5d2c68ddb4467372c844e47e0f13,80,8,locally_folded_flat,rep-427e7b7fab496bab80d7,data/runs/w4-matched-representation-20260802/representations/rep-427e7b7fab496bab80d7/representation_manifest.json,0f27324cca009d32bdfb6bedadc2caa05be9e5e6e157dbb5b0abeb0d19c4333e,False,156368896,20260811,4357,21963,2498,23631,2434,completed,"[""cx"",""rz"",""h""]",slice-c-m16,8316,20.0,0.0,0.5749109999742359,0.42602324998006225
16,12,cell-7f154336900f52a4bd3f,pyzx_rewrite_identity_up_to_global_phase_v1,True,passed,tket_paulisimp,OpenQASM2 -> TKET DecomposeBoxes/AutoRebase/PauliSimp -> target basis,0.75,0.75,logical_all_to_all_no_routing,passed,data/runs/w4-matched-representation-20260802/cells/cell-7f154336900f52a4bd3f/cell.log,16,2147483648,17,e0c6009e5553788085c5db1c8350adf77867f1f0aa77553fb0e71af938d169a6,46,30,"['cx', 'h', 'rz']",160,34,7484f48923e1238f34ab0c005885248687144b2a53ffd021fc96541c455be0f6,433966dec8d5ef785c87db3d072381e95dff5d2c68ddb4467372c844e47e0f13,80,8,locally_folded_flat,rep-0e92e75ca5af8fc97165,data/runs/w4-matched-representation-20260802/representations/rep-0e92e75ca5af8fc97165/representation_manifest.json,a76d80b325c79a90940a1da4801c2a03011e013837d2093f0250b7a89cc1589f,False,156270592,20260812,4357,21963,2498,23631,2434,completed,"[""cx"",""rz"",""h""]",slice-c-m16,8316,20.0,0.0,0.5572737499605864,0.4287549159489572
16,12,cell-5704a2f66432778c6f35,pyzx_rewrite_identity_up_to_global_phase_v1,True,passed,echo_passthrough,literal input circuit -> output,0.75,0.75,logical_all_to_all_no_routing,passed,data/runs/w4-matched-representation-20260802/cells/cell-5704a2f66432778c6f35/cell.log,16,2147483648,17,81b6148a5fecbaa6742d59b6a3c26f0c502b06b807f7b639e84fbd8bc3398d25,192,54,"['cx', 'rz']",288,0,edcc7acff90f9176d69ed4d20ac35aba0cc2b7f8227410c3e6cfd8e0f2e31329,9d17b6ec6be8ab36d8e6e909684ac79d880c75337532ddf00de36f8b379ff27e,96,8,masked_share_update,rep-120e25537fd20dedcd7c,data/runs/w4-matched-representation-20260802/representations/rep-120e25537fd20dedcd7c/representation_manifest.json,4fbe7aa609f56007dd644ee2f8df6014b05bfab03a435dd3ff4761d222318290,False,106479616,20260811,8558,44766,5485,44775,5419,completed,"[""cx"",""rz"",""h""]",slice-c-m16,8316,20.0,0.0,0.33842312498018146,0.245020458009094
16,12,cell-8a06e8e627d9df6bff32,pyzx_rewrite_identity_up_to_global_phase_v1,True,passed,echo_passthrough,literal input circuit -> output,0.75,0.75,logical_all_to_all_no_routing,passed,data/runs/w4-matched-representation-20260802/cells/cell-8a06e8e627d9df6bff32/cell.log,16,2147483648,17,6b9895785f27163d23da165aea240ea363e22c27d7046c1022ed82e1331616c9,192,54,"['cx', 'rz']",288,0,0bcbbf981e648fded59abcd0aa72c0ad5a6b0f27394699f31ac291dd73664841,7b2c151eaa63f83f95e141e2e0f0e67c70d5477b1e282d041e6a620df3f143fa,96,8,masked_share_update,rep-7dd2f7df8b5563a986a9,data/runs/w4-matched-representation-20260802/representations/rep-7dd2f7df8b5563a986a9/representation_manifest.json,41f1c2119f6d1004c6faf640acc5385bd77132bf0b6f94ceb5e97b4f666608aa,False,106610688,20260812,8572,44769,5538,44778,5472,completed,"[""cx"",""rz"",""h""]",slice-c-m16,8316,20.0,0.0,0.3513939590193331,0.24320308305323124
16,12,cell-f9f224e53e7b2e667b94,pyzx_rewrite_identity_up_to_global_phase_v1,True,passed,full_aggregation,exact input parity/phase table -> canonical CNOT-Rz,0.75,0.75,logical_all_to_all_no_routing,passed,data/runs/w4-matched-representation-20260802/cells/cell-f9f224e53e7b2e667b94/cell.log,16,2147483648,17,b9cb592c209d69d80e89c93ecd80bf14670f484d98933a7bca94a5ed9c620012,24,12,"['cx', 'rz']",36,0,e607ae08c014f5185a9d667e2977e0f48df9e987aca1a3e2aef564aefe58aa20,3ab434b6e3a8261aca33633074f0d7950e5e58d390dc81c112cba78cb203e148,12,8,masked_share_update,rep-120e25537fd20dedcd7c,data/runs/w4-matched-representation-20260802/representations/rep-120e25537fd20dedcd7c/representation_manifest.json,4fbe7aa609f56007dd644ee2f8df6014b05bfab03a435dd3ff4761d222318290,False,106135552,20260811,8558,44766,778,5237,712,completed,"[""cx"",""rz"",""h""]",slice-c-m16,8316,20.0,0.0,0.30701895896345377,0.21407308406196535
16,12,cell-34e0dd13d8223c834035,pyzx_rewrite_identity_up_to_global_phase_v1,True,passed,full_aggregation,exact input parity/phase table -> canonical CNOT-Rz,0.75,0.75,logical_all_to_all_no_routing,passed,data/runs/w4-matched-representation-20260802/cells/cell-34e0dd13d8223c834035/cell.log,16,2147483648,17,b9cb592c209d69d80e89c93ecd80bf14670f484d98933a7bca94a5ed9c620012,24,12,"['cx', 'rz']",36,0,e607ae08c014f5185a9d667e2977e0f48df9e987aca1a3e2aef564aefe58aa20,3ab434b6e3a8261aca33633074f0d7950e5e58d390dc81c112cba78cb203e148,12,8,masked_share_update,rep-7dd2f7df8b5563a986a9,data/runs/w4-matched-representation-20260802/representations/rep-7dd2f7df8b5563a986a9/representation_manifest.json,41f1c2119f6d1004c6faf640acc5385bd77132bf0b6f94ceb5e97b4f666608aa,False,106184704,20260812,8572,44769,778,5237,712,completed,"[""cx"",""rz"",""h""]",slice-c-m16,8316,20.0,0.0,0.3142929159803316,0.2092010829364881
16,12,cell-0f6760989555dd19ef0d,pyzx_rewrite_identity_up_to_global_phase_v1,True,passed,pyzx_full_reduce,OpenQASM2 -> PyZX graph/full_reduce/extract -> target basis,0.75,0.75,logical_all_to_all_no_routing,passed,data/runs/w4-matched-representation-20260802/cells/cell-0f6760989555dd19ef0d/cell.log,16,2147483648,17,6f6c9161fe099c51c62eceaa0abb06f1c429a1bfec4b68bfbc41153ab3eadb9f,52,50,"['cx', 'h', 'rz']",224,160,360cafbc7a3328540eb20981619aed2397980252a7ea5666e44b7f448ea70aed,dd451eb10e3bfc2bb3368a4c9484393ed0d08543fa6f4c0de8418d552da385e3,12,8,masked_share_update,rep-120e25537fd20dedcd7c,data/runs/w4-matched-representation-20260802/representations/rep-120e25537fd20dedcd7c/representation_manifest.json,4fbe7aa609f56007dd644ee2f8df6014b05bfab03a435dd3ff4761d222318290,False,108855296,20260811,8558,44766,2550,29346,2484,completed,"[""cx"",""rz"",""h""]",slice-c-m16,8316,20.0,0.0,0.3632477920036763,0.2612772500142455
16,12,cell-2ffc548abb4a3faa4b83,pyzx_rewrite_identity_up_to_global_phase_v1,True,passed,pyzx_full_reduce,OpenQASM2 -> PyZX graph/full_reduce/extract -> target basis,0.75,0.75,logical_all_to_all_no_routing,passed,data/runs/w4-matched-representation-20260802/cells/cell-2ffc548abb4a3faa4b83/cell.log,16,2147483648,17,6f6c9161fe099c51c62eceaa0abb06f1c429a1bfec4b68bfbc41153ab3eadb9f,52,50,"['cx', 'h', 'rz']",224,160,360cafbc7a3328540eb20981619aed2397980252a7ea5666e44b7f448ea70aed,dd451eb10e3bfc2bb3368a4c9484393ed0d08543fa6f4c0de8418d552da385e3,12,8,masked_share_update,rep-7dd2f7df8b5563a986a9,data/runs/w4-matched-representation-20260802/representations/rep-7dd2f7df8b5563a986a9/representation_manifest.json,41f1c2119f6d1004c6faf640acc5385bd77132bf0b6f94ceb5e97b4f666608aa,False,108888064,20260812,8572,44769,2550,29346,2484,completed,"[""cx"",""rz"",""h""]",slice-c-m16,8316,20.0,0.0,0.3699354579439387,0.26704462501220405
16,12,cell-4a7d30a45f7f08437af4,pyzx_rewrite_identity_up_to_global_phase_v1,False,inconclusive,qiskit_opt3,OpenQASM2 -> Qiskit preset level 3 -> target basis,0.75,0.75,logical_all_to_all_no_routing,passed,data/runs/w4-matched-representation-20260802/cells/cell-4a7d30a45f7f08437af4/cell.log,16,2147483648,17,f11955940079e0fe4c3715bb8a1fc5f09edbb8fa9b11bed65744adb688257c9e,184,68,"['cx', 'h', 'rz']",375,34,fca3dc3ae7a913e990ae4f75ae589300d12fba859cbbbed05388a67d4e9b0049,cb251b4e1afcb20eceefa4de6f59de20453bff8966111113646f77a4da6df056,157,8,masked_share_update,rep-120e25537fd20dedcd7c,data/runs/w4-matched-representation-20260802/representations/rep-120e25537fd20dedcd7c/representation_manifest.json,4fbe7aa609f56007dd644ee2f8df6014b05bfab03a435dd3ff4761d222318290,False,110641152,20260811,8558,44766,6905,57667,6844,predicate_error,"[""cx"",""rz"",""h""]",slice-c-m16,8316,20.0,0.0,0.3637992920121178,0.27253550000023097
16,12,cell-4659a73aa563bc20102c,pyzx_rewrite_identity_up_to_global_phase_v1,True,passed,qiskit_opt3,OpenQASM2 -> Qiskit preset level 3 -> target basis,0.75,0.75,logical_all_to_all_no_routing,passed,data/runs/w4-matched-representation-20260802/cells/cell-4659a73aa563bc20102c/cell.log,16,2147483648,17,95fdf981bcd2b84718766b6afdcbcdb17b9e996b12ccd6f524b328a099e214e4,192,54,"['cx', 'rz']",288,0,02571783db6773266fdd55c3e2e738d26fc0beab0928911cf3fcddcfe4f5ca9e,a7279b8564b6fa42716eae656f9e92f936aad5b612f21a8f06403f206d21de3b,96,8,masked_share_update,rep-7dd2f7df8b5563a986a9,data/runs/w4-matched-representation-20260802/representations/rep-7dd2f7df8b5563a986a9/representation_manifest.json,41f1c2119f6d1004c6faf640acc5385bd77132bf0b6f94ceb5e97b4f666608aa,False,109772800,20260812,8572,44769,5533,44794,5472,completed,"[""cx"",""rz"",""h""]",slice-c-m16,8316,20.0,0.0,0.359173999982886,0.2539902499411255
16,12,cell-aec0f646dc7229c0631e,pyzx_rewrite_identity_up_to_global_phase_v1,True,passed,tket_paulisimp,OpenQASM2 -> TKET DecomposeBoxes/AutoRebase/PauliSimp -> target basis,0.75,0.75,logical_all_to_all_no_routing,passed,data/runs/w4-matched-representation-20260802/cells/cell-aec0f646dc7229c0631e/cell.log,16,2147483648,17,a02e8c9d0f48f99f8e49f55a76a1a439e33667393428a367c6485b0cf80916cb,50,31,"['cx', 'h', 'rz']",168,34,ddab53621035d62b22b1073b758ffcb85806b37db18b9cb0996e56b2b9022c4b,7c3376ef065e67a95171c2c27fcea02bc009ae61d1a541947eca9400b62f49b2,84,8,masked_share_update,rep-120e25537fd20dedcd7c,data/runs/w4-matched-representation-20260802/representations/rep-120e25537fd20dedcd7c/representation_manifest.json,4fbe7aa609f56007dd644ee2f8df6014b05bfab03a435dd3ff4761d222318290,False,156598272,20260811,8558,44766,2632,24894,2568,completed,"[""cx"",""rz"",""h""]",slice-c-m16,8316,20.0,0.0,0.5772812499199063,0.43397845898289233
16,12,cell-b792e08abc1ef33de1fb,pyzx_rewrite_identity_up_to_global_phase_v1,True,passed,tket_paulisimp,OpenQASM2 -> TKET DecomposeBoxes/AutoRebase/PauliSimp -> target basis,0.75,0.75,logical_all_to_all_no_routing,passed,data/runs/w4-matched-representation-20260802/cells/cell-b792e08abc1ef33de1fb/cell.log,16,2147483648,17,52729665954a4a3b322d0576dc45a6b65d896b63d96cf8ba0ac6a7393e8bb60b,48,30,"['cx', 'h', 'rz']",166,34,527f8ea2fd73fe3bd56efd4916f66d405a8f5349a6859dee63e5492aa0f5caf5,007032624199aceae597d25703d67a6220bd9655e0cab80c837e935bea51e336,84,8,masked_share_update,rep-7dd2f7df8b5563a986a9,data/runs/w4-matched-representation-20260802/representations/rep-7dd2f7df8b5563a986a9/representation_manifest.json,41f1c2119f6d1004c6faf640acc5385bd77132bf0b6f94ceb5e97b4f666608aa,False,156549120,20260812,8572,44769,2619,24592,2555,completed,"[""cx"",""rz"",""h""]",slice-c-m16,8316,20.0,0.0,0.5723921669414267,0.43262899992987514
16,12,cell-c11d552e1b4ffc1624d7,pyzx_rewrite_identity_up_to_global_phase_v1,True,passed,echo_passthrough,literal input circuit -> output,0.75,0.75,logical_all_to_all_no_routing,passed,data/runs/w4-matched-representation-20260802/cells/cell-c11d552e1b4ffc1624d7/cell.log,16,2147483648,17,c478582a81c5bb63c6618aacd386c3a0da52b146a85a9deeb5fa86da3141dfa6,24,12,"['cx', 'rz']",36,0,f2b2886be9e7778c8d612b7198a1a049533168848371c7b9947e9347309ad133,3ab434b6e3a8261aca33633074f0d7950e5e58d390dc81c112cba78cb203e148,12,8,qasm_bridge,rep-c217f4b7f51deea5a043,data/runs/w4-matched-representation-20260802/representations/rep-c217f4b7f51deea5a043/representation_manifest.json,6bb7112504dad24b8492e6d9245e035203104f5bfe555ad9965e89c72d01a95c,False,106053632,20260811,788,5200,778,5217,712,completed,"[""cx"",""rz"",""h""]",slice-c-m16,8316,20.0,0.0,0.29899929102975875,0.21100675000343472
16,12,cell-9c9a693e90d86636404b,pyzx_rewrite_identity_up_to_global_phase_v1,True,passed,echo_passthrough,literal input circuit -> output,0.75,0.75,logical_all_to_all_no_routing,passed,data/runs/w4-matched-representation-20260802/cells/cell-9c9a693e90d86636404b/cell.log,16,2147483648,17,c478582a81c5bb63c6618aacd386c3a0da52b146a85a9deeb5fa86da3141dfa6,24,12,"['cx', 'rz']",36,0,f2b2886be9e7778c8d612b7198a1a049533168848371c7b9947e9347309ad133,3ab434b6e3a8261aca33633074f0d7950e5e58d390dc81c112cba78cb203e148,12,8,qasm_bridge,rep-36f7ea347f208e656e0a,data/runs/w4-matched-representation-20260802/representations/rep-36f7ea347f208e656e0a/representation_manifest.json,3409883c5e18d01ce0b1943bb7aa5a7da44222a63d8731b821a4ef886ec01580,False,105971712,20260812,788,5200,778,5217,712,completed,"[""cx"",""rz"",""h""]",slice-c-m16,8316,20.0,0.0,0.3063223749632016,0.21030499995686114
16,12,cell-6a006fbce25f33b61a5c,pyzx_rewrite_identity_up_to_global_phase_v1,True,passed,full_aggregation,exact input parity/phase table -> canonical CNOT-Rz,0.75,0.75,logical_all_to_all_no_routing,passed,data/runs/w4-matched-representation-20260802/cells/cell-6a006fbce25f33b61a5c/cell.log,16,2147483648,17,b9cb592c209d69d80e89c93ecd80bf14670f484d98933a7bca94a5ed9c620012,24,12,"['cx', 'rz']",36,0,e607ae08c014f5185a9d667e2977e0f48df9e987aca1a3e2aef564aefe58aa20,3ab434b6e3a8261aca33633074f0d7950e5e58d390dc81c112cba78cb203e148,12,8,qasm_bridge,rep-c217f4b7f51deea5a043,data/runs/w4-matched-representation-20260802/representations/rep-c217f4b7f51deea5a043/representation_manifest.json,6bb7112504dad24b8492e6d9245e035203104f5bfe555ad9965e89c72d01a95c,False,106037248,20260811,788,5200,778,5237,712,completed,"[""cx"",""rz"",""h""]",slice-c-m16,8316,20.0,0.0,0.3176080409903079,0.2089762920513749
16,12,cell-641a6038c0389ecb4488,pyzx_rewrite_identity_up_to_global_phase_v1,True,passed,full_aggregation,exact input parity/phase table -> canonical CNOT-Rz,0.75,0.75,logical_all_to_all_no_routing,passed,data/runs/w4-matched-representation-20260802/cells/cell-641a6038c0389ecb4488/cell.log,16,2147483648,17,b9cb592c209d69d80e89c93ecd80bf14670f484d98933a7bca94a5ed9c620012,24,12,"['cx', 'rz']",36,0,e607ae08c014f5185a9d667e2977e0f48df9e987aca1a3e2aef564aefe58aa20,3ab434b6e3a8261aca33633074f0d7950e5e58d390dc81c112cba78cb203e148,12,8,qasm_bridge,rep-36f7ea347f208e656e0a,data/runs/w4-matched-representation-20260802/representations/rep-36f7ea347f208e656e0a/representation_manifest.json,3409883c5e18d01ce0b1943bb7aa5a7da44222a63d8731b821a4ef886ec01580,False,105988096,20260812,788,5200,778,5237,712,completed,"[""cx"",""rz"",""h""]",slice-c-m16,8316,20.0,0.0,0.3150644159177318,0.20922416704706848
16,12,cell-13d0162f17d2bfee50a8,pyzx_rewrite_identity_up_to_global_phase_v1,True,passed,pyzx_full_reduce,OpenQASM2 -> PyZX graph/full_reduce/extract -> target basis,0.75,0.75,logical_all_to_all_no_routing,passed,data/runs/w4-matched-representation-20260802/cells/cell-13d0162f17d2bfee50a8/cell.log,16,2147483648,17,6f6c9161fe099c51c62eceaa0abb06f1c429a1bfec4b68bfbc41153ab3eadb9f,52,50,"['cx', 'h', 'rz']",224,160,360cafbc7a3328540eb20981619aed2397980252a7ea5666e44b7f448ea70aed,dd451eb10e3bfc2bb3368a4c9484393ed0d08543fa6f4c0de8418d552da385e3,12,8,qasm_bridge,rep-c217f4b7f51deea5a043,data/runs/w4-matched-representation-20260802/representations/rep-c217f4b7f51deea5a043/representation_manifest.json,6bb7112504dad24b8492e6d9245e035203104f5bfe555ad9965e89c72d01a95c,False,108691456,20260811,788,5200,2550,29346,2484,completed,"[""cx"",""rz"",""h""]",slice-c-m16,8316,20.0,0.0,0.33181495894677937,0.24012008297722787
16,12,cell-dfe026128c6771061c78,pyzx_rewrite_identity_up_to_global_phase_v1,True,passed,pyzx_full_reduce,OpenQASM2 -> PyZX graph/full_reduce/extract -> target basis,0.75,0.75,logical_all_to_all_no_routing,passed,data/runs/w4-matched-representation-20260802/cells/cell-dfe026128c6771061c78/cell.log,16,2147483648,17,6f6c9161fe099c51c62eceaa0abb06f1c429a1bfec4b68bfbc41153ab3eadb9f,52,50,"['cx', 'h', 'rz']",224,160,360cafbc7a3328540eb20981619aed2397980252a7ea5666e44b7f448ea70aed,dd451eb10e3bfc2bb3368a4c9484393ed0d08543fa6f4c0de8418d552da385e3,12,8,qasm_bridge,rep-36f7ea347f208e656e0a,data/runs/w4-matched-representation-20260802/representations/rep-36f7ea347f208e656e0a/representation_manifest.json,3409883c5e18d01ce0b1943bb7aa5a7da44222a63d8731b821a4ef886ec01580,False,108707840,20260812,788,5200,2550,29346,2484,completed,"[""cx"",""rz"",""h""]",slice-c-m16,8316,20.0,0.0,0.3353112079203129,0.23197233292739838
16,12,cell-4ccfa5d69505d7de8d4d,pyzx_rewrite_identity_up_to_global_phase_v1,True,passed,qiskit_opt3,OpenQASM2 -> Qiskit preset level 3 -> target basis,0.75,0.75,logical_all_to_all_no_routing,passed,data/runs/w4-matched-representation-20260802/cells/cell-4ccfa5d69505d7de8d4d/cell.log,16,2147483648,17,b86a424e1a556943a2aa1d7cf24ec273723482ddef6b5ba8aafb6f630cd22121,24,12,"['cx', 'rz']",36,0,e6a3a4f45714dd28a3f0086f50de7cca1d6c53495e9839a4d3eb2da1c98410c1,3ab434b6e3a8261aca33633074f0d7950e5e58d390dc81c112cba78cb203e148,12,8,qasm_bridge,rep-c217f4b7f51deea5a043,data/runs/w4-matched-representation-20260802/representations/rep-c217f4b7f51deea5a043/representation_manifest.json,6bb7112504dad24b8492e6d9245e035203104f5bfe555ad9965e89c72d01a95c,False,109117440,20260811,788,5200,773,5236,712,completed,"[""cx"",""rz"",""h""]",slice-c-m16,8316,20.0,0.0,0.314351583016105,0.22077566699590534
16,12,cell-690348a8f1ee77b395df,pyzx_rewrite_identity_up_to_global_phase_v1,True,passed,qiskit_opt3,OpenQASM2 -> Qiskit preset level 3 -> target basis,0.75,0.75,logical_all_to_all_no_routing,passed,data/runs/w4-matched-representation-20260802/cells/cell-690348a8f1ee77b395df/cell.log,16,2147483648,17,b86a424e1a556943a2aa1d7cf24ec273723482ddef6b5ba8aafb6f630cd22121,24,12,"['cx', 'rz']",36,0,e6a3a4f45714dd28a3f0086f50de7cca1d6c53495e9839a4d3eb2da1c98410c1,3ab434b6e3a8261aca33633074f0d7950e5e58d390dc81c112cba78cb203e148,12,8,qasm_bridge,rep-36f7ea347f208e656e0a,data/runs/w4-matched-representation-20260802/representations/rep-36f7ea347f208e656e0a/representation_manifest.json,3409883c5e18d01ce0b1943bb7aa5a7da44222a63d8731b821a4ef886ec01580,False,109002752,20260812,788,5200,773,5236,712,completed,"[""cx"",""rz"",""h""]",slice-c-m16,8316,20.0,0.0,0.3178706250619143,0.22497970797121525
16,12,cell-554760c310909004c5cb,pyzx_rewrite_identity_up_to_global_phase_v1,True,passed,tket_paulisimp,OpenQASM2 -> TKET DecomposeBoxes/AutoRebase/PauliSimp -> target basis,0.75,0.75,logical_all_to_all_no_routing,passed,data/runs/w4-matched-representation-20260802/cells/cell-554760c310909004c5cb/cell.log,16,2147483648,17,e0c6009e5553788085c5db1c8350adf77867f1f0aa77553fb0e71af938d169a6,46,30,"['cx', 'h', 'rz']",160,34,7484f48923e1238f34ab0c005885248687144b2a53ffd021fc96541c455be0f6,433966dec8d5ef785c87db3d072381e95dff5d2c68ddb4467372c844e47e0f13,80,8,qasm_bridge,rep-c217f4b7f51deea5a043,data/runs/w4-matched-representation-20260802/representations/rep-c217f4b7f51deea5a043/representation_manifest.json,6bb7112504dad24b8492e6d9245e035203104f5bfe555ad9965e89c72d01a95c,False,156139520,20260811,788,5200,2498,23631,2434,completed,"[""cx"",""rz"",""h""]",slice-c-m16,8316,20.0,0.0,0.5572910419432446,0.4252664999803528
16,12,cell-e24ea6782937cf530d42,pyzx_rewrite_identity_up_to_global_phase_v1,True,passed,tket_paulisimp,OpenQASM2 -> TKET DecomposeBoxes/AutoRebase/PauliSimp -> target basis,0.75,0.75,logical_all_to_all_no_routing,passed,data/runs/w4-matched-representation-20260802/cells/cell-e24ea6782937cf530d42/cell.log,16,2147483648,17,e0c6009e5553788085c5db1c8350adf77867f1f0aa77553fb0e71af938d169a6,46,30,"['cx', 'h', 'rz']",160,34,7484f48923e1238f34ab0c005885248687144b2a53ffd021fc96541c455be0f6,433966dec8d5ef785c87db3d072381e95dff5d2c68ddb4467372c844e47e0f13,80,8,qasm_bridge,rep-36f7ea347f208e656e0a,data/runs/w4-matched-representation-20260802/representations/rep-36f7ea347f208e656e0a/representation_manifest.json,3409883c5e18d01ce0b1943bb7aa5a7da44222a63d8731b821a4ef886ec01580,False,156139520,20260812,788,5200,2498,23631,2434,completed,"[""cx"",""rz"",""h""]",slice-c-m16,8316,20.0,0.0,0.5571803749771789,0.42167908302508295
16,12,cell-68c32e437aa01a41d97a,pyzx_rewrite_identity_up_to_global_phase_v1,True,passed,echo_passthrough,literal input circuit -> output,0.75,0.75,logical_all_to_all_no_routing,passed,data/runs/w4-matched-representation-20260802/cells/cell-68c32e437aa01a41d97a/cell.log,16,2147483648,17,6ad6e50ba3d8875bd4ed6a66f2d6dab92f2c010496edccfed9ad20c1293b2e92,192,66,"['cx', 'rz']",288,0,e56dae27a9bd6ee9c9b5d0236ecb7f33e4ac67e2ef875f58f28351345937b6a4,69da4fe727c32fea3ccca4fef3b8b18d24d1589e11af8c3e0ac09bff78fe6b8d,96,8,random_commuting_order,rep-9d344951a442f362fdb4,data/runs/w4-matched-representation-20260802/representations/rep-9d344951a442f362fdb4/representation_manifest.json,9ee0bbe5ba89f79c7b1f4e68f11629340f9ad3152eb04aa29b2f67299c7b2353,False,106610688,20260811,8637,44826,5609,44832,5543,completed,"[""cx"",""rz"",""h""]",slice-c-m16,8316,20.0,0.0,0.3336806669831276,0.23381516698282212
16,12,cell-1e589daf6727d71b67bc,pyzx_rewrite_identity_up_to_global_phase_v1,True,passed,echo_passthrough,literal input circuit -> output,0.75,0.75,logical_all_to_all_no_routing,passed,data/runs/w4-matched-representation-20260802/cells/cell-1e589daf6727d71b67bc/cell.log,16,2147483648,17,45451b1de4cd3fab3bf2268522ae49688c39f61ff28d3754d0b84413e1ccdb6a,192,66,"['cx', 'rz']",288,0,a137530ca5035aee0450ae6e9562334cc61c2770b1571cd8dd32e45ffd97349c,e79086e3512bc5876682d2ab055083087cf125626a6ab79dcc2168e0361db543,96,8,random_commuting_order,rep-d4db261dcf3fb1efff48,data/runs/w4-matched-representation-20260802/representations/rep-d4db261dcf3fb1efff48/representation_manifest.json,de52bb54458941d57fc3a1f5eabd857556e778206fa3b8b7ebca0c05c1b9b392,False,106496000,20260812,8637,44826,5609,44832,5543,completed,"[""cx"",""rz"",""h""]",slice-c-m16,8316,20.0,0.0,0.3352539159823209,0.2322525419294834
16,12,cell-3b35e6e7a8a6c0b4be05,pyzx_rewrite_identity_up_to_global_phase_v1,True,passed,full_aggregation,exact input parity/phase table -> canonical CNOT-Rz,0.75,0.75,logical_all_to_all_no_routing,passed,data/runs/w4-matched-representation-20260802/cells/cell-3b35e6e7a8a6c0b4be05/cell.log,16,2147483648,17,b9cb592c209d69d80e89c93ecd80bf14670f484d98933a7bca94a5ed9c620012,24,12,"['cx', 'rz']",36,0,e607ae08c014f5185a9d667e2977e0f48df9e987aca1a3e2aef564aefe58aa20,3ab434b6e3a8261aca33633074f0d7950e5e58d390dc81c112cba78cb203e148,12,8,random_commuting_order,rep-9d344951a442f362fdb4,data/runs/w4-matched-representation-20260802/representations/rep-9d344951a442f362fdb4/representation_manifest.json,9ee0bbe5ba89f79c7b1f4e68f11629340f9ad3152eb04aa29b2f67299c7b2353,False,106102784,20260811,8637,44826,778,5237,712,completed,"[""cx"",""rz"",""h""]",slice-c-m16,8316,20.0,0.0,0.31609120802022517,0.21012983296532184
16,12,cell-c610e36e15b6e7093a88,pyzx_rewrite_identity_up_to_global_phase_v1,True,passed,full_aggregation,exact input parity/phase table -> canonical CNOT-Rz,0.75,0.75,logical_all_to_all_no_routing,passed,data/runs/w4-matched-representation-20260802/cells/cell-c610e36e15b6e7093a88/cell.log,16,2147483648,17,b9cb592c209d69d80e89c93ecd80bf14670f484d98933a7bca94a5ed9c620012,24,12,"['cx', 'rz']",36,0,e607ae08c014f5185a9d667e2977e0f48df9e987aca1a3e2aef564aefe58aa20,3ab434b6e3a8261aca33633074f0d7950e5e58d390dc81c112cba78cb203e148,12,8,random_commuting_order,rep-d4db261dcf3fb1efff48,data/runs/w4-matched-representation-20260802/representations/rep-d4db261dcf3fb1efff48/representation_manifest.json,de52bb54458941d57fc3a1f5eabd857556e778206fa3b8b7ebca0c05c1b9b392,False,106020864,20260812,8637,44826,778,5237,712,completed,"[""cx"",""rz"",""h""]",slice-c-m16,8316,20.0,0.0,0.3086289999773726,0.21350695798173547
16,12,cell-c98f7202227ddfac61b9,pyzx_rewrite_identity_up_to_global_phase_v1,True,passed,pyzx_full_reduce,OpenQASM2 -> PyZX graph/full_reduce/extract -> target basis,0.75,0.75,logical_all_to_all_no_routing,passed,data/runs/w4-matched-representation-20260802/cells/cell-c98f7202227ddfac61b9/cell.log,16,2147483648,17,6f6c9161fe099c51c62eceaa0abb06f1c429a1bfec4b68bfbc41153ab3eadb9f,52,50,"['cx', 'h', 'rz']",224,160,360cafbc7a3328540eb20981619aed2397980252a7ea5666e44b7f448ea70aed,dd451eb10e3bfc2bb3368a4c9484393ed0d08543fa6f4c0de8418d552da385e3,12,8,random_commuting_order,rep-9d344951a442f362fdb4,data/runs/w4-matched-representation-20260802/representations/rep-9d344951a442f362fdb4/representation_manifest.json,9ee0bbe5ba89f79c7b1f4e68f11629340f9ad3152eb04aa29b2f67299c7b2353,False,108838912,20260811,8637,44826,2550,29346,2484,completed,"[""cx"",""rz"",""h""]",slice-c-m16,8316,20.0,0.0,0.36473704199306667,0.252047875081189
16,12,cell-6019c57e1478eb8a99fb,pyzx_rewrite_identity_up_to_global_phase_v1,True,passed,pyzx_full_reduce,OpenQASM2 -> PyZX graph/full_reduce/extract -> target basis,0.75,0.75,logical_all_to_all_no_routing,passed,data/runs/w4-matched-representation-20260802/cells/cell-6019c57e1478eb8a99fb/cell.log,16,2147483648,17,6f6c9161fe099c51c62eceaa0abb06f1c429a1bfec4b68bfbc41153ab3eadb9f,52,50,"['cx', 'h', 'rz']",224,160,360cafbc7a3328540eb20981619aed2397980252a7ea5666e44b7f448ea70aed,dd451eb10e3bfc2bb3368a4c9484393ed0d08543fa6f4c0de8418d552da385e3,12,8,random_commuting_order,rep-d4db261dcf3fb1efff48,data/runs/w4-matched-representation-20260802/representations/rep-d4db261dcf3fb1efff48/representation_manifest.json,de52bb54458941d57fc3a1f5eabd857556e778206fa3b8b7ebca0c05c1b9b392,False,109182976,20260812,8637,44826,2550,29346,2484,completed,"[""cx"",""rz"",""h""]",slice-c-m16,8316,20.0,0.0,0.3674264579312876,0.26808391592931
16,12,cell-b36a81e89574215669b9,pyzx_rewrite_identity_up_to_global_phase_v1,True,passed,qiskit_opt3,OpenQASM2 -> Qiskit preset level 3 -> target basis,0.75,0.75,logical_all_to_all_no_routing,passed,data/runs/w4-matched-representation-20260802/cells/cell-b36a81e89574215669b9/cell.log,16,2147483648,17,7b90b03d26dce542c9974dc31699f6f14723fa184a61797136680b91d5788cd8,108,39,"['cx', 'rz']",162,0,4ec5f038a5d1a9bee54283412b434582e93c87a2636b58d4d1aa76935ec32308,7a4053734f6462cbd8efcfa0e70a92373738c7c471f0e3e447426fecf6ebb8e5,54,8,random_commuting_order,rep-9d344951a442f362fdb4,data/runs/w4-matched-representation-20260802/representations/rep-9d344951a442f362fdb4/representation_manifest.json,9ee0bbe5ba89f79c7b1f4e68f11629340f9ad3152eb04aa29b2f67299c7b2353,False,109690880,20260811,8637,44826,3244,24841,3183,completed,"[""cx"",""rz"",""h""]",slice-c-m16,8316,20.0,0.0,0.3335462909890339,0.23883716692216694
16,12,cell-8d96b76030b9909d1360,pyzx_rewrite_identity_up_to_global_phase_v1,True,passed,qiskit_opt3,OpenQASM2 -> Qiskit preset level 3 -> target basis,0.75,0.75,logical_all_to_all_no_routing,passed,data/runs/w4-matched-representation-20260802/cells/cell-8d96b76030b9909d1360/cell.log,16,2147483648,17,d628c506233c33038f4eac4c12d06af186ec76c5b5b89cd853b9e18ffefd7739,110,36,"['cx', 'rz']",165,0,3cf75e0649d8e2882c8659dea8922b44ae34cf03da2f2b8433e29f5c4983e14e,20523b98474a4ca26a36d986968e2a6aaad4f1cf25ad8493e99ba4609861121e,55,8,random_commuting_order,rep-d4db261dcf3fb1efff48,data/runs/w4-matched-representation-20260802/representations/rep-d4db261dcf3fb1efff48/representation_manifest.json,de52bb54458941d57fc3a1f5eabd857556e778206fa3b8b7ebca0c05c1b9b392,False,109641728,20260812,8637,44826,3281,25314,3220,completed,"[""cx"",""rz"",""h""]",slice-c-m16,8316,20.0,0.0,0.3354954170063138,0.23567066702526063
16,12,cell-cb62b31659c33101ebaa,pyzx_rewrite_identity_up_to_global_phase_v1,True,passed,tket_paulisimp,OpenQASM2 -> TKET DecomposeBoxes/AutoRebase/PauliSimp -> target basis,0.75,0.75,logical_all_to_all_no_routing,passed,data/runs/w4-matched-representation-20260802/cells/cell-cb62b31659c33101ebaa/cell.log,16,2147483648,17,fe6cad0cac4845394074b99f8bc1b0fb6294d40b28a69692b035bdd6cbb9dee0,46,30,"['cx', 'h', 'rz']",160,34,e90aa0c7643b608bd55729b28e9eda5ac31baa62edbbbc4a6dc3de455fc1c15d,37190baaad74b5378dd8c8ab8dc063cea7197a5af8488005bd761b34388c2a99,80,8,random_commuting_order,rep-9d344951a442f362fdb4,data/runs/w4-matched-representation-20260802/representations/rep-9d344951a442f362fdb4/representation_manifest.json,9ee0bbe5ba89f79c7b1f4e68f11629340f9ad3152eb04aa29b2f67299c7b2353,False,156729344,20260811,8637,44826,2499,23630,2435,completed,"[""cx"",""rz"",""h""]",slice-c-m16,8316,20.0,0.0,0.572296958998777,0.4386554160155356
16,12,cell-6d34de45223b90cce075,pyzx_rewrite_identity_up_to_global_phase_v1,True,passed,tket_paulisimp,OpenQASM2 -> TKET DecomposeBoxes/AutoRebase/PauliSimp -> target basis,0.75,0.75,logical_all_to_all_no_routing,passed,data/runs/w4-matched-representation-20260802/cells/cell-6d34de45223b90cce075/cell.log,16,2147483648,17,e0c6009e5553788085c5db1c8350adf77867f1f0aa77553fb0e71af938d169a6,46,30,"['cx', 'h', 'rz']",160,34,7484f48923e1238f34ab0c005885248687144b2a53ffd021fc96541c455be0f6,433966dec8d5ef785c87db3d072381e95dff5d2c68ddb4467372c844e47e0f13,80,8,random_commuting_order,rep-d4db261dcf3fb1efff48,data/runs/w4-matched-representation-20260802/representations/rep-d4db261dcf3fb1efff48/representation_manifest.json,de52bb54458941d57fc3a1f5eabd857556e778206fa3b8b7ebca0c05c1b9b392,False,156499968,20260812,8637,44826,2498,23631,2434,completed,"[""cx"",""rz"",""h""]",slice-c-m16,8316,20.0,0.0,0.5692768340231851,0.4321364170173183
16,12,cell-dd8f8666165a7ba8e037,pyzx_rewrite_identity_up_to_global_phase_v1,True,passed,echo_passthrough,literal input circuit -> output,0.75,0.75,logical_all_to_all_no_routing,passed,data/runs/w4-matched-representation-20260802/cells/cell-dd8f8666165a7ba8e037/cell.log,16,2147483648,17,b0719f68a281315d494156a6cd3177eb25b31ce15acc471490d72437e648f416,192,54,"['cx', 'rz']",288,0,da0d1cd8bcae0293ee5943549c2ce01ea862fc4938c44eb1fe0410bc1156ffa7,517c93c49bda4b91ca0baf02f650e25e82ce2423a802ffbb2dc468cff2bbacb4,96,8,round_robin_flat,rep-deb70023f1af01deb863,data/runs/w4-matched-representation-20260802/representations/rep-deb70023f1af01deb863/representation_manifest.json,19ad793b7cb060dbbbf14634ae04c142be1f2176eda2e9f23f280a176c2e130b,False,106561536,20260811,8637,44820,5609,44832,5543,completed,"[""cx"",""rz"",""h""]",slice-c-m16,8316,20.0,0.0,0.35505750006996095,0.24799683294259012
16,12,cell-61945aa25f64fda25cce,pyzx_rewrite_identity_up_to_global_phase_v1,True,passed,echo_passthrough,literal input circuit -> output,0.75,0.75,logical_all_to_all_no_routing,passed,data/runs/w4-matched-representation-20260802/cells/cell-61945aa25f64fda25cce/cell.log,16,2147483648,17,b0719f68a281315d494156a6cd3177eb25b31ce15acc471490d72437e648f416,192,54,"['cx', 'rz']",288,0,da0d1cd8bcae0293ee5943549c2ce01ea862fc4938c44eb1fe0410bc1156ffa7,517c93c49bda4b91ca0baf02f650e25e82ce2423a802ffbb2dc468cff2bbacb4,96,8,round_robin_flat,rep-6cb01247066be4963667,data/runs/w4-matched-representation-20260802/representations/rep-6cb01247066be4963667/representation_manifest.json,819f31dd7a74622fa9ec3128418b808460d2249ab6cb61beb60a927ca4db34e3,False,106512384,20260812,8637,44820,5609,44832,5543,completed,"[""cx"",""rz"",""h""]",slice-c-m16,8316,20.0,0.0,0.35825637506786734,0.24579333304427564
16,12,cell-57cee76a38665404d0a9,pyzx_rewrite_identity_up_to_global_phase_v1,True,passed,full_aggregation,exact input parity/phase table -> canonical CNOT-Rz,0.75,0.75,logical_all_to_all_no_routing,passed,data/runs/w4-matched-representation-20260802/cells/cell-57cee76a38665404d0a9/cell.log,16,2147483648,17,b9cb592c209d69d80e89c93ecd80bf14670f484d98933a7bca94a5ed9c620012,24,12,"['cx', 'rz']",36,0,e607ae08c014f5185a9d667e2977e0f48df9e987aca1a3e2aef564aefe58aa20,3ab434b6e3a8261aca33633074f0d7950e5e58d390dc81c112cba78cb203e148,12,8,round_robin_flat,rep-deb70023f1af01deb863,data/runs/w4-matched-representation-20260802/representations/rep-deb70023f1af01deb863/representation_manifest.json,19ad793b7cb060dbbbf14634ae04c142be1f2176eda2e9f23f280a176c2e130b,False,106004480,20260811,8637,44820,778,5237,712,completed,"[""cx"",""rz"",""h""]",slice-c-m16,8316,20.0,0.0,0.3135722919832915,0.20982062502298504
16,12,cell-7829f7afb9bc7d1f1dc5,pyzx_rewrite_identity_up_to_global_phase_v1,True,passed,full_aggregation,exact input parity/phase table -> canonical CNOT-Rz,0.75,0.75,logical_all_to_all_no_routing,passed,data/runs/w4-matched-representation-20260802/cells/cell-7829f7afb9bc7d1f1dc5/cell.log,16,2147483648,17,b9cb592c209d69d80e89c93ecd80bf14670f484d98933a7bca94a5ed9c620012,24,12,"['cx', 'rz']",36,0,e607ae08c014f5185a9d667e2977e0f48df9e987aca1a3e2aef564aefe58aa20,3ab434b6e3a8261aca33633074f0d7950e5e58d390dc81c112cba78cb203e148,12,8,round_robin_flat,rep-6cb01247066be4963667,data/runs/w4-matched-representation-20260802/representations/rep-6cb01247066be4963667/representation_manifest.json,819f31dd7a74622fa9ec3128418b808460d2249ab6cb61beb60a927ca4db34e3,False,106070016,20260812,8637,44820,778,5237,712,completed,"[""cx"",""rz"",""h""]",slice-c-m16,8316,20.0,0.0,0.3144289590418339,0.20980791689362377
16,12,cell-f7a97c8b5fd734a04da5,pyzx_rewrite_identity_up_to_global_phase_v1,True,passed,pyzx_full_reduce,OpenQASM2 -> PyZX graph/full_reduce/extract -> target basis,0.75,0.75,logical_all_to_all_no_routing,passed,data/runs/w4-matched-representation-20260802/cells/cell-f7a97c8b5fd734a04da5/cell.log,16,2147483648,17,6f6c9161fe099c51c62eceaa0abb06f1c429a1bfec4b68bfbc41153ab3eadb9f,52,50,"['cx', 'h', 'rz']",224,160,360cafbc7a3328540eb20981619aed2397980252a7ea5666e44b7f448ea70aed,dd451eb10e3bfc2bb3368a4c9484393ed0d08543fa6f4c0de8418d552da385e3,12,8,round_robin_flat,rep-deb70023f1af01deb863,data/runs/w4-matched-representation-20260802/representations/rep-deb70023f1af01deb863/representation_manifest.json,19ad793b7cb060dbbbf14634ae04c142be1f2176eda2e9f23f280a176c2e130b,False,108806144,20260811,8637,44820,2550,29346,2484,completed,"[""cx"",""rz"",""h""]",slice-c-m16,8316,20.0,0.0,0.3631341669242829,0.2658122089924291
16,12,cell-613a6b7f80498960c716,pyzx_rewrite_identity_up_to_global_phase_v1,True,passed,pyzx_full_reduce,OpenQASM2 -> PyZX graph/full_reduce/extract -> target basis,0.75,0.75,logical_all_to_all_no_routing,passed,data/runs/w4-matched-representation-20260802/cells/cell-613a6b7f80498960c716/cell.log,16,2147483648,17,6f6c9161fe099c51c62eceaa0abb06f1c429a1bfec4b68bfbc41153ab3eadb9f,52,50,"['cx', 'h', 'rz']",224,160,360cafbc7a3328540eb20981619aed2397980252a7ea5666e44b7f448ea70aed,dd451eb10e3bfc2bb3368a4c9484393ed0d08543fa6f4c0de8418d552da385e3,12,8,round_robin_flat,rep-6cb01247066be4963667,data/runs/w4-matched-representation-20260802/representations/rep-6cb01247066be4963667/representation_manifest.json,819f31dd7a74622fa9ec3128418b808460d2249ab6cb61beb60a927ca4db34e3,False,108822528,20260812,8637,44820,2550,29346,2484,completed,"[""cx"",""rz"",""h""]",slice-c-m16,8316,20.0,0.0,0.36659174994565547,0.2644847909687087
16,12,cell-af612f5f4efb1f0be97d,pyzx_rewrite_identity_up_to_global_phase_v1,True,passed,qiskit_opt3,OpenQASM2 -> Qiskit preset level 3 -> target basis,0.75,0.75,logical_all_to_all_no_routing,passed,data/runs/w4-matched-representation-20260802/cells/cell-af612f5f4efb1f0be97d/cell.log,16,2147483648,17,067588e75c1d090ec99713a6c65a2525bff94b1dc08b20f298110ebf46c6f940,192,54,"['cx', 'rz']",288,0,f538b3553987b5fe06cf0fc8e3e79efdeded8d421073b35f834bd4565639846b,ba2a73f7d1787dbad205a93fdb273a546dbd9f40fb8fcd509cad39ba3b2763b9,96,8,round_robin_flat,rep-deb70023f1af01deb863,data/runs/w4-matched-representation-20260802/representations/rep-deb70023f1af01deb863/representation_manifest.json,19ad793b7cb060dbbbf14634ae04c142be1f2176eda2e9f23f280a176c2e130b,False,109756416,20260811,8637,44820,5604,44848,5543,completed,"[""cx"",""rz"",""h""]",slice-c-m16,8316,20.0,0.0,0.3593035410158336,0.2520160829881206
16,12,cell-4aefcf0918a396ac6e91,pyzx_rewrite_identity_up_to_global_phase_v1,True,passed,qiskit_opt3,OpenQASM2 -> Qiskit preset level 3 -> target basis,0.75,0.75,logical_all_to_all_no_routing,passed,data/runs/w4-matched-representation-20260802/cells/cell-4aefcf0918a396ac6e91/cell.log,16,2147483648,17,067588e75c1d090ec99713a6c65a2525bff94b1dc08b20f298110ebf46c6f940,192,54,"['cx', 'rz']",288,0,f538b3553987b5fe06cf0fc8e3e79efdeded8d421073b35f834bd4565639846b,ba2a73f7d1787dbad205a93fdb273a546dbd9f40fb8fcd509cad39ba3b2763b9,96,8,round_robin_flat,rep-6cb01247066be4963667,data/runs/w4-matched-representation-20260802/representations/rep-6cb01247066be4963667/representation_manifest.json,819f31dd7a74622fa9ec3128418b808460d2249ab6cb61beb60a927ca4db34e3,False,109756416,20260812,8637,44820,5604,44848,5543,completed,"[""cx"",""rz"",""h""]",slice-c-m16,8316,20.0,0.0,0.36346775002311915,0.25521620793733746
16,12,cell-1e28b07c075cdd3c7451,pyzx_rewrite_identity_up_to_global_phase_v1,True,passed,tket_paulisimp,OpenQASM2 -> TKET DecomposeBoxes/AutoRebase/PauliSimp -> target basis,0.75,0.75,logical_all_to_all_no_routing,passed,data/runs/w4-matched-representation-20260802/cells/cell-1e28b07c075cdd3c7451/cell.log,16,2147483648,17,b822564fdbfb57bb902296001ff3d9558f343f71c96eef7fec3a17f67e8b2e44,46,30,"['cx', 'h', 'rz']",160,34,e0c8913eb6a2b18385ef6d395d9112788bf83cf9d5cec0e85c029b233faab39b,6909897304598f49b7b613535d959c849ceee9053802f22f9e3a2a31aad430e1,80,8,round_robin_flat,rep-deb70023f1af01deb863,data/runs/w4-matched-representation-20260802/representations/rep-deb70023f1af01deb863/representation_manifest.json,19ad793b7cb060dbbbf14634ae04c142be1f2176eda2e9f23f280a176c2e130b,False,156598272,20260811,8637,44820,2499,23630,2435,completed,"[""cx"",""rz"",""h""]",slice-c-m16,8316,20.0,0.0,0.5588545000646263,0.43097904103342444
16,12,cell-85c75250c9b1cb1a6aa0,pyzx_rewrite_identity_up_to_global_phase_v1,True,passed,tket_paulisimp,OpenQASM2 -> TKET DecomposeBoxes/AutoRebase/PauliSimp -> target basis,0.75,0.75,logical_all_to_all_no_routing,passed,data/runs/w4-matched-representation-20260802/cells/cell-85c75250c9b1cb1a6aa0/cell.log,16,2147483648,17,b822564fdbfb57bb902296001ff3d9558f343f71c96eef7fec3a17f67e8b2e44,46,30,"['cx', 'h', 'rz']",160,34,e0c8913eb6a2b18385ef6d395d9112788bf83cf9d5cec0e85c029b233faab39b,6909897304598f49b7b613535d959c849ceee9053802f22f9e3a2a31aad430e1,80,8,round_robin_flat,rep-6cb01247066be4963667,data/runs/w4-matched-representation-20260802/representations/rep-6cb01247066be4963667/representation_manifest.json,819f31dd7a74622fa9ec3128418b808460d2249ab6cb61beb60a927ca4db34e3,False,156631040,20260812,8637,44820,2499,23630,2435,completed,"[""cx"",""rz"",""h""]",slice-c-m16,8316,20.0,0.0,0.5785192500334233,0.4305947079556063
16,12,cell-a83ba15359437d85178a,pyzx_rewrite_identity_up_to_global_phase_v1,True,passed,echo_passthrough,literal input circuit -> output,0.75,0.75,logical_all_to_all_no_routing,passed,data/runs/w4-matched-representation-20260802/cells/cell-a83ba15359437d85178a/cell.log,16,2147483648,17,c478582a81c5bb63c6618aacd386c3a0da52b146a85a9deeb5fa86da3141dfa6,24,12,"['cx', 'rz']",36,0,f2b2886be9e7778c8d612b7198a1a049533168848371c7b9947e9347309ad133,3ab434b6e3a8261aca33633074f0d7950e5e58d390dc81c112cba78cb203e148,12,8,semantic_aggregate,rep-f2d5fa22528d438723d7,data/runs/w4-matched-representation-20260802/representations/rep-f2d5fa22528d438723d7/representation_manifest.json,59d256ade578cbfe1c3aec8fb22ad990c3f32b3a21d14483078e092b89a2e911,False,105971712,20260811,1224,5207,778,5217,712,completed,"[""cx"",""rz"",""h""]",slice-c-m16,8316,20.0,0.0,0.3095475420122966,0.20868491707369685
16,12,cell-50ed8ff878986b199b90,pyzx_rewrite_identity_up_to_global_phase_v1,True,passed,echo_passthrough,literal input circuit -> output,0.75,0.75,logical_all_to_all_no_routing,passed,data/runs/w4-matched-representation-20260802/cells/cell-50ed8ff878986b199b90/cell.log,16,2147483648,17,c478582a81c5bb63c6618aacd386c3a0da52b146a85a9deeb5fa86da3141dfa6,24,12,"['cx', 'rz']",36,0,f2b2886be9e7778c8d612b7198a1a049533168848371c7b9947e9347309ad133,3ab434b6e3a8261aca33633074f0d7950e5e58d390dc81c112cba78cb203e148,12,8,semantic_aggregate,rep-2405da7f43b91ca88551,data/runs/w4-matched-representation-20260802/representations/rep-2405da7f43b91ca88551/representation_manifest.json,4b81b64608bc8010e5c6223e18cecc381a3e3f481a1f4b92f679bba8392addf7,False,105955328,20260812,1224,5207,778,5217,712,completed,"[""cx"",""rz"",""h""]",slice-c-m16,8316,20.0,0.0,0.30886562494561076,0.20722624997142702
16,12,cell-138af67432842168cae5,pyzx_rewrite_identity_up_to_global_phase_v1,True,passed,full_aggregation,exact input parity/phase table -> canonical CNOT-Rz,0.75,0.75,logical_all_to_all_no_routing,passed,data/runs/w4-matched-representation-20260802/cells/cell-138af67432842168cae5/cell.log,16,2147483648,17,b9cb592c209d69d80e89c93ecd80bf14670f484d98933a7bca94a5ed9c620012,24,12,"['cx', 'rz']",36,0,e607ae08c014f5185a9d667e2977e0f48df9e987aca1a3e2aef564aefe58aa20,3ab434b6e3a8261aca33633074f0d7950e5e58d390dc81c112cba78cb203e148,12,8,semantic_aggregate,rep-f2d5fa22528d438723d7,data/runs/w4-matched-representation-20260802/representations/rep-f2d5fa22528d438723d7/representation_manifest.json,59d256ade578cbfe1c3aec8fb22ad990c3f32b3a21d14483078e092b89a2e911,False,105988096,20260811,1224,5207,778,5237,712,completed,"[""cx"",""rz"",""h""]",slice-c-m16,8316,20.0,0.0,0.3203820420894772,0.2087310419883579
16,12,cell-05b68a1d2992bad81b56,pyzx_rewrite_identity_up_to_global_phase_v1,True,passed,full_aggregation,exact input parity/phase table -> canonical CNOT-Rz,0.75,0.75,logical_all_to_all_no_routing,passed,data/runs/w4-matched-representation-20260802/cells/cell-05b68a1d2992bad81b56/cell.log,16,2147483648,17,b9cb592c209d69d80e89c93ecd80bf14670f484d98933a7bca94a5ed9c620012,24,12,"['cx', 'rz']",36,0,e607ae08c014f5185a9d667e2977e0f48df9e987aca1a3e2aef564aefe58aa20,3ab434b6e3a8261aca33633074f0d7950e5e58d390dc81c112cba78cb203e148,12,8,semantic_aggregate,rep-2405da7f43b91ca88551,data/runs/w4-matched-representation-20260802/representations/rep-2405da7f43b91ca88551/representation_manifest.json,4b81b64608bc8010e5c6223e18cecc381a3e3f481a1f4b92f679bba8392addf7,False,106070016,20260812,1224,5207,778,5237,712,completed,"[""cx"",""rz"",""h""]",slice-c-m16,8316,20.0,0.0,0.31440620904322714,0.20884545799344778
16,12,cell-e9a85484a5db5642be05,pyzx_rewrite_identity_up_to_global_phase_v1,True,passed,pyzx_full_reduce,OpenQASM2 -> PyZX graph/full_reduce/extract -> target basis,0.75,0.75,logical_all_to_all_no_routing,passed,data/runs/w4-matched-representation-20260802/cells/cell-e9a85484a5db5642be05/cell.log,16,2147483648,17,6f6c9161fe099c51c62eceaa0abb06f1c429a1bfec4b68bfbc41153ab3eadb9f,52,50,"['cx', 'h', 'rz']",224,160,360cafbc7a3328540eb20981619aed2397980252a7ea5666e44b7f448ea70aed,dd451eb10e3bfc2bb3368a4c9484393ed0d08543fa6f4c0de8418d552da385e3,12,8,semantic_aggregate,rep-f2d5fa22528d438723d7,data/runs/w4-matched-representation-20260802/representations/rep-f2d5fa22528d438723d7/representation_manifest.json,59d256ade578cbfe1c3aec8fb22ad990c3f32b3a21d14483078e092b89a2e911,False,108724224,20260811,1224,5207,2550,29346,2484,completed,"[""cx"",""rz"",""h""]",slice-c-m16,8316,20.0,0.0,0.33368041599169374,0.23170950007624924
16,12,cell-c1d1bef1eb5460bb29e8,pyzx_rewrite_identity_up_to_global_phase_v1,True,passed,pyzx_full_reduce,OpenQASM2 -> PyZX graph/full_reduce/extract -> target basis,0.75,0.75,logical_all_to_all_no_routing,passed,data/runs/w4-matched-representation-20260802/cells/cell-c1d1bef1eb5460bb29e8/cell.log,16,2147483648,17,6f6c9161fe099c51c62eceaa0abb06f1c429a1bfec4b68bfbc41153ab3eadb9f,52,50,"['cx', 'h', 'rz']",224,160,360cafbc7a3328540eb20981619aed2397980252a7ea5666e44b7f448ea70aed,dd451eb10e3bfc2bb3368a4c9484393ed0d08543fa6f4c0de8418d552da385e3,12,8,semantic_aggregate,rep-2405da7f43b91ca88551,data/runs/w4-matched-representation-20260802/representations/rep-2405da7f43b91ca88551/representation_manifest.json,4b81b64608bc8010e5c6223e18cecc381a3e3f481a1f4b92f679bba8392addf7,False,108724224,20260812,1224,5207,2550,29346,2484,completed,"[""cx"",""rz"",""h""]",slice-c-m16,8316,20.0,0.0,0.3395398330176249,0.23323820799123496
16,12,cell-33da6310306c49e8ad5a,pyzx_rewrite_identity_up_to_global_phase_v1,True,passed,qiskit_opt3,OpenQASM2 -> Qiskit preset level 3 -> target basis,0.75,0.75,logical_all_to_all_no_routing,passed,data/runs/w4-matched-representation-20260802/cells/cell-33da6310306c49e8ad5a/cell.log,16,2147483648,17,b86a424e1a556943a2aa1d7cf24ec273723482ddef6b5ba8aafb6f630cd22121,24,12,"['cx', 'rz']",36,0,e6a3a4f45714dd28a3f0086f50de7cca1d6c53495e9839a4d3eb2da1c98410c1,3ab434b6e3a8261aca33633074f0d7950e5e58d390dc81c112cba78cb203e148,12,8,semantic_aggregate,rep-f2d5fa22528d438723d7,data/runs/w4-matched-representation-20260802/representations/rep-f2d5fa22528d438723d7/representation_manifest.json,59d256ade578cbfe1c3aec8fb22ad990c3f32b3a21d14483078e092b89a2e911,False,108888064,20260811,1224,5207,773,5236,712,completed,"[""cx"",""rz"",""h""]",slice-c-m16,8316,20.0,0.0,0.3336525000631809,0.22361454099882394
16,12,cell-925a2c3790859da11723,pyzx_rewrite_identity_up_to_global_phase_v1,True,passed,qiskit_opt3,OpenQASM2 -> Qiskit preset level 3 -> target basis,0.75,0.75,logical_all_to_all_no_routing,passed,data/runs/w4-matched-representation-20260802/cells/cell-925a2c3790859da11723/cell.log,16,2147483648,17,b86a424e1a556943a2aa1d7cf24ec273723482ddef6b5ba8aafb6f630cd22121,24,12,"['cx', 'rz']",36,0,e6a3a4f45714dd28a3f0086f50de7cca1d6c53495e9839a4d3eb2da1c98410c1,3ab434b6e3a8261aca33633074f0d7950e5e58d390dc81c112cba78cb203e148,12,8,semantic_aggregate,rep-2405da7f43b91ca88551,data/runs/w4-matched-representation-20260802/representations/rep-2405da7f43b91ca88551/representation_manifest.json,4b81b64608bc8010e5c6223e18cecc381a3e3f481a1f4b92f679bba8392addf7,False,109068288,20260812,1224,5207,773,5236,712,completed,"[""cx"",""rz"",""h""]",slice-c-m16,8316,20.0,0.0,0.31021412496920675,0.21988862508442253
16,12,cell-aca0b42ed90af96d8ab8,pyzx_rewrite_identity_up_to_global_phase_v1,True,passed,tket_paulisimp,OpenQASM2 -> TKET DecomposeBoxes/AutoRebase/PauliSimp -> target basis,0.75,0.75,logical_all_to_all_no_routing,passed,data/runs/w4-matched-representation-20260802/cells/cell-aca0b42ed90af96d8ab8/cell.log,16,2147483648,17,e0c6009e5553788085c5db1c8350adf77867f1f0aa77553fb0e71af938d169a6,46,30,"['cx', 'h', 'rz']",160,34,7484f48923e1238f34ab0c005885248687144b2a53ffd021fc96541c455be0f6,433966dec8d5ef785c87db3d072381e95dff5d2c68ddb4467372c844e47e0f13,80,8,semantic_aggregate,rep-f2d5fa22528d438723d7,data/runs/w4-matched-representation-20260802/representations/rep-f2d5fa22528d438723d7/representation_manifest.json,59d256ade578cbfe1c3aec8fb22ad990c3f32b3a21d14483078e092b89a2e911,False,156221440,20260811,1224,5207,2498,23631,2434,completed,"[""cx"",""rz"",""h""]",slice-c-m16,8316,20.0,0.0,0.5782575419871137,0.42907762492541224
16,12,cell-1e22243033519fac676c,pyzx_rewrite_identity_up_to_global_phase_v1,True,passed,tket_paulisimp,OpenQASM2 -> TKET DecomposeBoxes/AutoRebase/PauliSimp -> target basis,0.75,0.75,logical_all_to_all_no_routing,passed,data/runs/w4-matched-representation-20260802/cells/cell-1e22243033519fac676c/cell.log,16,2147483648,17,e0c6009e5553788085c5db1c8350adf77867f1f0aa77553fb0e71af938d169a6,46,30,"['cx', 'h', 'rz']",160,34,7484f48923e1238f34ab0c005885248687144b2a53ffd021fc96541c455be0f6,433966dec8d5ef785c87db3d072381e95dff5d2c68ddb4467372c844e47e0f13,80,8,semantic_aggregate,rep-2405da7f43b91ca88551,data/runs/w4-matched-representation-20260802/representations/rep-2405da7f43b91ca88551/representation_manifest.json,4b81b64608bc8010e5c6223e18cecc381a3e3f481a1f4b92f679bba8392addf7,False,156090368,20260812,1224,5207,2498,23631,2434,completed,"[""cx"",""rz"",""h""]",slice-c-m16,8316,20.0,0.0,0.5530735000502318,0.4252947500208393
16,12,cell-45d220e32d2b08d18d47,pyzx_rewrite_identity_up_to_global_phase_v1,True,passed,echo_passthrough,literal input circuit -> output,0.75,0.75,logical_all_to_all_no_routing,passed,data/runs/w4-matched-representation-20260802/cells/cell-45d220e32d2b08d18d47/cell.log,16,2147483648,17,718e2c4e9cbcc93976e6acf5eb9aecebac74b2177a61989511ce0954c2d7b172,24,12,"['cx', 'rz']",36,0,555ea3c82dcd67061360d6b50ee2eda8943ffee338cd06a742ae8d429e670e6f,381fa4473761dc4d196cf1b21ece193142704fd063872de40e5510b7e27bc6dc,12,8,tket_bridge,rep-8f60ec31efdd3299f7c8,data/runs/w4-matched-representation-20260802/representations/rep-8f60ec31efdd3299f7c8/representation_manifest.json,87b3bc2fc6e8133e92e24a81f5a9103f99d04eb214ed77cadf48a15ecdf20e0d,False,105955328,20260811,748,5200,778,5217,712,completed,"[""cx"",""rz"",""h""]",slice-c-m16,8316,20.0,0.0,0.3174264170229435,0.20866329199634492
16,12,cell-a614badedf9ddcafe648,pyzx_rewrite_identity_up_to_global_phase_v1,True,passed,echo_passthrough,literal input circuit -> output,0.75,0.75,logical_all_to_all_no_routing,passed,data/runs/w4-matched-representation-20260802/cells/cell-a614badedf9ddcafe648/cell.log,16,2147483648,17,718e2c4e9cbcc93976e6acf5eb9aecebac74b2177a61989511ce0954c2d7b172,24,12,"['cx', 'rz']",36,0,555ea3c82dcd67061360d6b50ee2eda8943ffee338cd06a742ae8d429e670e6f,381fa4473761dc4d196cf1b21ece193142704fd063872de40e5510b7e27bc6dc,12,8,tket_bridge,rep-558fb355901b0cf6dc55,data/runs/w4-matched-representation-20260802/representations/rep-558fb355901b0cf6dc55/representation_manifest.json,591350ee814b1b656cd06fa193f7768672d930f629594a461cc1e95ec9183264,False,106004480,20260812,748,5200,778,5217,712,completed,"[""cx"",""rz"",""h""]",slice-c-m16,8316,20.0,0.0,0.3143814579816535,0.21241320890840143
16,12,cell-422c53216a2cbc3abf27,pyzx_rewrite_identity_up_to_global_phase_v1,True,passed,full_aggregation,exact input parity/phase table -> canonical CNOT-Rz,0.75,0.75,logical_all_to_all_no_routing,passed,data/runs/w4-matched-representation-20260802/cells/cell-422c53216a2cbc3abf27/cell.log,16,2147483648,17,b9cb592c209d69d80e89c93ecd80bf14670f484d98933a7bca94a5ed9c620012,24,12,"['cx', 'rz']",36,0,e607ae08c014f5185a9d667e2977e0f48df9e987aca1a3e2aef564aefe58aa20,3ab434b6e3a8261aca33633074f0d7950e5e58d390dc81c112cba78cb203e148,12,8,tket_bridge,rep-8f60ec31efdd3299f7c8,data/runs/w4-matched-representation-20260802/representations/rep-8f60ec31efdd3299f7c8/representation_manifest.json,87b3bc2fc6e8133e92e24a81f5a9103f99d04eb214ed77cadf48a15ecdf20e0d,False,106250240,20260811,748,5200,778,5237,712,completed,"[""cx"",""rz"",""h""]",slice-c-m16,8316,20.0,0.0,0.3202841250458732,0.21010024996940047
16,12,cell-a7fa3e912b14e7b9374b,pyzx_rewrite_identity_up_to_global_phase_v1,True,passed,full_aggregation,exact input parity/phase table -> canonical CNOT-Rz,0.75,0.75,logical_all_to_all_no_routing,passed,data/runs/w4-matched-representation-20260802/cells/cell-a7fa3e912b14e7b9374b/cell.log,16,2147483648,17,b9cb592c209d69d80e89c93ecd80bf14670f484d98933a7bca94a5ed9c620012,24,12,"['cx', 'rz']",36,0,e607ae08c014f5185a9d667e2977e0f48df9e987aca1a3e2aef564aefe58aa20,3ab434b6e3a8261aca33633074f0d7950e5e58d390dc81c112cba78cb203e148,12,8,tket_bridge,rep-558fb355901b0cf6dc55,data/runs/w4-matched-representation-20260802/representations/rep-558fb355901b0cf6dc55/representation_manifest.json,591350ee814b1b656cd06fa193f7768672d930f629594a461cc1e95ec9183264,False,106037248,20260812,748,5200,778,5237,712,completed,"[""cx"",""rz"",""h""]",slice-c-m16,8316,20.0,0.0,0.3184651250485331,0.20807254198007286
16,12,cell-10827ff168f9a833c302,pyzx_rewrite_identity_up_to_global_phase_v1,True,passed,pyzx_full_reduce,OpenQASM2 -> PyZX graph/full_reduce/extract -> target basis,0.75,0.75,logical_all_to_all_no_routing,passed,data/runs/w4-matched-representation-20260802/cells/cell-10827ff168f9a833c302/cell.log,16,2147483648,17,6f6c9161fe099c51c62eceaa0abb06f1c429a1bfec4b68bfbc41153ab3eadb9f,52,50,"['cx', 'h', 'rz']",224,160,360cafbc7a3328540eb20981619aed2397980252a7ea5666e44b7f448ea70aed,dd451eb10e3bfc2bb3368a4c9484393ed0d08543fa6f4c0de8418d552da385e3,12,8,tket_bridge,rep-8f60ec31efdd3299f7c8,data/runs/w4-matched-representation-20260802/representations/rep-8f60ec31efdd3299f7c8/representation_manifest.json,87b3bc2fc6e8133e92e24a81f5a9103f99d04eb214ed77cadf48a15ecdf20e0d,False,108756992,20260811,748,5200,2550,29346,2484,completed,"[""cx"",""rz"",""h""]",slice-c-m16,8316,20.0,0.0,0.3396600419655442,0.23554837494157255
16,12,cell-9018490ce3d9d3e245c8,pyzx_rewrite_identity_up_to_global_phase_v1,True,passed,pyzx_full_reduce,OpenQASM2 -> PyZX graph/full_reduce/extract -> target basis,0.75,0.75,logical_all_to_all_no_routing,passed,data/runs/w4-matched-representation-20260802/cells/cell-9018490ce3d9d3e245c8/cell.log,16,2147483648,17,6f6c9161fe099c51c62eceaa0abb06f1c429a1bfec4b68bfbc41153ab3eadb9f,52,50,"['cx', 'h', 'rz']",224,160,360cafbc7a3328540eb20981619aed2397980252a7ea5666e44b7f448ea70aed,dd451eb10e3bfc2bb3368a4c9484393ed0d08543fa6f4c0de8418d552da385e3,12,8,tket_bridge,rep-558fb355901b0cf6dc55,data/runs/w4-matched-representation-20260802/representations/rep-558fb355901b0cf6dc55/representation_manifest.json,591350ee814b1b656cd06fa193f7768672d930f629594a461cc1e95ec9183264,False,108675072,20260812,748,5200,2550,29346,2484,completed,"[""cx"",""rz"",""h""]",slice-c-m16,8316,20.0,0.0,0.33959287498146296,0.2313352080527693
16,12,cell-0f3e8bc958bfc3122346,pyzx_rewrite_identity_up_to_global_phase_v1,True,passed,qiskit_opt3,OpenQASM2 -> Qiskit preset level 3 -> target basis,0.75,0.75,logical_all_to_all_no_routing,passed,data/runs/w4-matched-representation-20260802/cells/cell-0f3e8bc958bfc3122346/cell.log,16,2147483648,17,b86a424e1a556943a2aa1d7cf24ec273723482ddef6b5ba8aafb6f630cd22121,24,12,"['cx', 'rz']",36,0,e6a3a4f45714dd28a3f0086f50de7cca1d6c53495e9839a4d3eb2da1c98410c1,3ab434b6e3a8261aca33633074f0d7950e5e58d390dc81c112cba78cb203e148,12,8,tket_bridge,rep-8f60ec31efdd3299f7c8,data/runs/w4-matched-representation-20260802/representations/rep-8f60ec31efdd3299f7c8/representation_manifest.json,87b3bc2fc6e8133e92e24a81f5a9103f99d04eb214ed77cadf48a15ecdf20e0d,False,108871680,20260811,748,5200,773,5236,712,completed,"[""cx"",""rz"",""h""]",slice-c-m16,8316,20.0,0.0,0.31888054101727903,0.219553834060207
16,12,cell-7b21eaa5a729d875040a,pyzx_rewrite_identity_up_to_global_phase_v1,True,passed,qiskit_opt3,OpenQASM2 -> Qiskit preset level 3 -> target basis,0.75,0.75,logical_all_to_all_no_routing,passed,data/runs/w4-matched-representation-20260802/cells/cell-7b21eaa5a729d875040a/cell.log,16,2147483648,17,b86a424e1a556943a2aa1d7cf24ec273723482ddef6b5ba8aafb6f630cd22121,24,12,"['cx', 'rz']",36,0,e6a3a4f45714dd28a3f0086f50de7cca1d6c53495e9839a4d3eb2da1c98410c1,3ab434b6e3a8261aca33633074f0d7950e5e58d390dc81c112cba78cb203e148,12,8,tket_bridge,rep-558fb355901b0cf6dc55,data/runs/w4-matched-representation-20260802/representations/rep-558fb355901b0cf6dc55/representation_manifest.json,591350ee814b1b656cd06fa193f7768672d930f629594a461cc1e95ec9183264,False,109035520,20260812,748,5200,773,5236,712,completed,"[""cx"",""rz"",""h""]",slice-c-m16,8316,20.0,0.0,0.33079266699496657,0.22394695796538144
16,12,cell-97f3c1b71f13f7656f70,pyzx_rewrite_identity_up_to_global_phase_v1,True,passed,tket_paulisimp,OpenQASM2 -> TKET DecomposeBoxes/AutoRebase/PauliSimp -> target basis,0.75,0.75,logical_all_to_all_no_routing,passed,data/runs/w4-matched-representation-20260802/cells/cell-97f3c1b71f13f7656f70/cell.log,16,2147483648,17,e0c6009e5553788085c5db1c8350adf77867f1f0aa77553fb0e71af938d169a6,46,30,"['cx', 'h', 'rz']",160,34,7484f48923e1238f34ab0c005885248687144b2a53ffd021fc96541c455be0f6,433966dec8d5ef785c87db3d072381e95dff5d2c68ddb4467372c844e47e0f13,80,8,tket_bridge,rep-8f60ec31efdd3299f7c8,data/runs/w4-matched-representation-20260802/representations/rep-8f60ec31efdd3299f7c8/representation_manifest.json,87b3bc2fc6e8133e92e24a81f5a9103f99d04eb214ed77cadf48a15ecdf20e0d,False,156188672,20260811,748,5200,2498,23631,2434,completed,"[""cx"",""rz"",""h""]",slice-c-m16,8316,20.0,0.0,0.5764405409572646,0.42589529196266085
16,12,cell-67432d6d8b1565354518,pyzx_rewrite_identity_up_to_global_phase_v1,True,passed,tket_paulisimp,OpenQASM2 -> TKET DecomposeBoxes/AutoRebase/PauliSimp -> target basis,0.75,0.75,logical_all_to_all_no_routing,passed,data/runs/w4-matched-representation-20260802/cells/cell-67432d6d8b1565354518/cell.log,16,2147483648,17,e0c6009e5553788085c5db1c8350adf77867f1f0aa77553fb0e71af938d169a6,46,30,"['cx', 'h', 'rz']",160,34,7484f48923e1238f34ab0c005885248687144b2a53ffd021fc96541c455be0f6,433966dec8d5ef785c87db3d072381e95dff5d2c68ddb4467372c844e47e0f13,80,8,tket_bridge,rep-558fb355901b0cf6dc55,data/runs/w4-matched-representation-20260802/representations/rep-558fb355901b0cf6dc55/representation_manifest.json,591350ee814b1b656cd06fa193f7768672d930f629594a461cc1e95ec9183264,False,156090368,20260812,748,5200,2498,23631,2434,completed,"[""cx"",""rz"",""h""]",slice-c-m16,8316,20.0,0.0,0.578331624972634,0.4312704160111025
16,12,cell-c237c57214b920cc9ff2,pyzx_rewrite_identity_up_to_global_phase_v1,True,passed,echo_passthrough,literal input circuit -> output,0.75,0.75,logical_all_to_all_no_routing,passed,data/runs/w4-matched-representation-20260802/cells/cell-c237c57214b920cc9ff2/cell.log,16,2147483648,17,c478582a81c5bb63c6618aacd386c3a0da52b146a85a9deeb5fa86da3141dfa6,24,12,"['cx', 'rz']",36,0,f2b2886be9e7778c8d612b7198a1a049533168848371c7b9947e9347309ad133,3ab434b6e3a8261aca33633074f0d7950e5e58d390dc81c112cba78cb203e148,12,8,zx_bridge,rep-4f74a2b0ee49ac0ab5b4,data/runs/w4-matched-representation-20260802/representations/rep-4f74a2b0ee49ac0ab5b4/representation_manifest.json,052b59d01f8d11204eff2b7b9d714ed8c99344aaff2a7d8889860cd9da68e3ed,False,105889792,20260811,777,5198,778,5217,712,completed,"[""cx"",""rz"",""h""]",slice-c-m16,8316,20.0,0.0,0.31849904090631753,0.2095571670215577
16,12,cell-c9c5b809dc1393ea7d28,pyzx_rewrite_identity_up_to_global_phase_v1,True,passed,echo_passthrough,literal input circuit -> output,0.75,0.75,logical_all_to_all_no_routing,passed,data/runs/w4-matched-representation-20260802/cells/cell-c9c5b809dc1393ea7d28/cell.log,16,2147483648,17,c478582a81c5bb63c6618aacd386c3a0da52b146a85a9deeb5fa86da3141dfa6,24,12,"['cx', 'rz']",36,0,f2b2886be9e7778c8d612b7198a1a049533168848371c7b9947e9347309ad133,3ab434b6e3a8261aca33633074f0d7950e5e58d390dc81c112cba78cb203e148,12,8,zx_bridge,rep-a8a4647b173cffb931d9,data/runs/w4-matched-representation-20260802/representations/rep-a8a4647b173cffb931d9/representation_manifest.json,61828118d97afde7d901c075f34d16ac40e4b89e770b36060d32c353b17985bf,False,105938944,20260812,777,5198,778,5217,712,completed,"[""cx"",""rz"",""h""]",slice-c-m16,8316,20.0,0.0,0.3096200410509482,0.20887487498112023
16,12,cell-f814f2a53f8abf6a047f,pyzx_rewrite_identity_up_to_global_phase_v1,True,passed,full_aggregation,exact input parity/phase table -> canonical CNOT-Rz,0.75,0.75,logical_all_to_all_no_routing,passed,data/runs/w4-matched-representation-20260802/cells/cell-f814f2a53f8abf6a047f/cell.log,16,2147483648,17,b9cb592c209d69d80e89c93ecd80bf14670f484d98933a7bca94a5ed9c620012,24,12,"['cx', 'rz']",36,0,e607ae08c014f5185a9d667e2977e0f48df9e987aca1a3e2aef564aefe58aa20,3ab434b6e3a8261aca33633074f0d7950e5e58d390dc81c112cba78cb203e148,12,8,zx_bridge,rep-4f74a2b0ee49ac0ab5b4,data/runs/w4-matched-representation-20260802/representations/rep-4f74a2b0ee49ac0ab5b4/representation_manifest.json,052b59d01f8d11204eff2b7b9d714ed8c99344aaff2a7d8889860cd9da68e3ed,False,105922560,20260811,777,5198,778,5237,712,completed,"[""cx"",""rz"",""h""]",slice-c-m16,8316,20.0,0.0,0.3107860420132056,0.21116050006821752
16,12,cell-62a4d6cb7384a687ef22,pyzx_rewrite_identity_up_to_global_phase_v1,True,passed,full_aggregation,exact input parity/phase table -> canonical CNOT-Rz,0.75,0.75,logical_all_to_all_no_routing,passed,data/runs/w4-matched-representation-20260802/cells/cell-62a4d6cb7384a687ef22/cell.log,16,2147483648,17,b9cb592c209d69d80e89c93ecd80bf14670f484d98933a7bca94a5ed9c620012,24,12,"['cx', 'rz']",36,0,e607ae08c014f5185a9d667e2977e0f48df9e987aca1a3e2aef564aefe58aa20,3ab434b6e3a8261aca33633074f0d7950e5e58d390dc81c112cba78cb203e148,12,8,zx_bridge,rep-a8a4647b173cffb931d9,data/runs/w4-matched-representation-20260802/representations/rep-a8a4647b173cffb931d9/representation_manifest.json,61828118d97afde7d901c075f34d16ac40e4b89e770b36060d32c353b17985bf,False,106004480,20260812,777,5198,778,5237,712,completed,"[""cx"",""rz"",""h""]",slice-c-m16,8316,20.0,0.0,0.3026117500849068,0.20719037496019155
16,12,cell-b1da6b85ce241a7bbb99,pyzx_rewrite_identity_up_to_global_phase_v1,True,passed,pyzx_full_reduce,OpenQASM2 -> PyZX graph/full_reduce/extract -> target basis,0.75,0.75,logical_all_to_all_no_routing,passed,data/runs/w4-matched-representation-20260802/cells/cell-b1da6b85ce241a7bbb99/cell.log,16,2147483648,17,6f6c9161fe099c51c62eceaa0abb06f1c429a1bfec4b68bfbc41153ab3eadb9f,52,50,"['cx', 'h', 'rz']",224,160,360cafbc7a3328540eb20981619aed2397980252a7ea5666e44b7f448ea70aed,dd451eb10e3bfc2bb3368a4c9484393ed0d08543fa6f4c0de8418d552da385e3,12,8,zx_bridge,rep-4f74a2b0ee49ac0ab5b4,data/runs/w4-matched-representation-20260802/representations/rep-4f74a2b0ee49ac0ab5b4/representation_manifest.json,052b59d01f8d11204eff2b7b9d714ed8c99344aaff2a7d8889860cd9da68e3ed,False,108756992,20260811,777,5198,2550,29346,2484,completed,"[""cx"",""rz"",""h""]",slice-c-m16,8316,20.0,0.0,0.3627458750270307,0.23842333303764462
16,12,cell-90d178a9a25539cbfe51,pyzx_rewrite_identity_up_to_global_phase_v1,True,passed,pyzx_full_reduce,OpenQASM2 -> PyZX graph/full_reduce/extract -> target basis,0.75,0.75,logical_all_to_all_no_routing,passed,data/runs/w4-matched-representation-20260802/cells/cell-90d178a9a25539cbfe51/cell.log,16,2147483648,17,6f6c9161fe099c51c62eceaa0abb06f1c429a1bfec4b68bfbc41153ab3eadb9f,52,50,"['cx', 'h', 'rz']",224,160,360cafbc7a3328540eb20981619aed2397980252a7ea5666e44b7f448ea70aed,dd451eb10e3bfc2bb3368a4c9484393ed0d08543fa6f4c0de8418d552da385e3,12,8,zx_bridge,rep-a8a4647b173cffb931d9,data/runs/w4-matched-representation-20260802/representations/rep-a8a4647b173cffb931d9/representation_manifest.json,61828118d97afde7d901c075f34d16ac40e4b89e770b36060d32c353b17985bf,False,108707840,20260812,777,5198,2550,29346,2484,completed,"[""cx"",""rz"",""h""]",slice-c-m16,8316,20.0,0.0,0.339764624950476,0.23956691706553102
16,12,cell-d76dc133314ecd105657,pyzx_rewrite_identity_up_to_global_phase_v1,True,passed,qiskit_opt3,OpenQASM2 -> Qiskit preset level 3 -> target basis,0.75,0.75,logical_all_to_all_no_routing,passed,data/runs/w4-matched-representation-20260802/cells/cell-d76dc133314ecd105657/cell.log,16,2147483648,17,b86a424e1a556943a2aa1d7cf24ec273723482ddef6b5ba8aafb6f630cd22121,24,12,"['cx', 'rz']",36,0,e6a3a4f45714dd28a3f0086f50de7cca1d6c53495e9839a4d3eb2da1c98410c1,3ab434b6e3a8261aca33633074f0d7950e5e58d390dc81c112cba78cb203e148,12,8,zx_bridge,rep-4f74a2b0ee49ac0ab5b4,data/runs/w4-matched-representation-20260802/representations/rep-4f74a2b0ee49ac0ab5b4/representation_manifest.json,052b59d01f8d11204eff2b7b9d714ed8c99344aaff2a7d8889860cd9da68e3ed,False,108953600,20260811,777,5198,773,5236,712,completed,"[""cx"",""rz"",""h""]",slice-c-m16,8316,20.0,0.0,0.31799474998842925,0.2208761249203235
16,12,cell-1625c6bcf5fb76a2a873,pyzx_rewrite_identity_up_to_global_phase_v1,True,passed,qiskit_opt3,OpenQASM2 -> Qiskit preset level 3 -> target basis,0.75,0.75,logical_all_to_all_no_routing,passed,data/runs/w4-matched-representation-20260802/cells/cell-1625c6bcf5fb76a2a873/cell.log,16,2147483648,17,b86a424e1a556943a2aa1d7cf24ec273723482ddef6b5ba8aafb6f630cd22121,24,12,"['cx', 'rz']",36,0,e6a3a4f45714dd28a3f0086f50de7cca1d6c53495e9839a4d3eb2da1c98410c1,3ab434b6e3a8261aca33633074f0d7950e5e58d390dc81c112cba78cb203e148,12,8,zx_bridge,rep-a8a4647b173cffb931d9,data/runs/w4-matched-representation-20260802/representations/rep-a8a4647b173cffb931d9/representation_manifest.json,61828118d97afde7d901c075f34d16ac40e4b89e770b36060d32c353b17985bf,False,108937216,20260812,777,5198,773,5236,712,completed,"[""cx"",""rz"",""h""]",slice-c-m16,8316,20.0,0.0,0.31408945901785046,0.22229750000406057
16,12,cell-e3b16c7fbc08a8509aa2,pyzx_rewrite_identity_up_to_global_phase_v1,True,passed,tket_paulisimp,OpenQASM2 -> TKET DecomposeBoxes/AutoRebase/PauliSimp -> target basis,0.75,0.75,logical_all_to_all_no_routing,passed,data/runs/w4-matched-representation-20260802/cells/cell-e3b16c7fbc08a8509aa2/cell.log,16,2147483648,17,e0c6009e5553788085c5db1c8350adf77867f1f0aa77553fb0e71af938d169a6,46,30,"['cx', 'h', 'rz']",160,34,7484f48923e1238f34ab0c005885248687144b2a53ffd021fc96541c455be0f6,433966dec8d5ef785c87db3d072381e95dff5d2c68ddb4467372c844e47e0f13,80,8,zx_bridge,rep-4f74a2b0ee49ac0ab5b4,data/runs/w4-matched-representation-20260802/representations/rep-4f74a2b0ee49ac0ab5b4/representation_manifest.json,052b59d01f8d11204eff2b7b9d714ed8c99344aaff2a7d8889860cd9da68e3ed,False,156057600,20260811,777,5198,2498,23631,2434,completed,"[""cx"",""rz"",""h""]",slice-c-m16,8316,20.0,0.0,0.5690644580172375,0.42675233306363225
16,12,cell-9fe9b2d6dde83fb733f1,pyzx_rewrite_identity_up_to_global_phase_v1,True,passed,tket_paulisimp,OpenQASM2 -> TKET DecomposeBoxes/AutoRebase/PauliSimp -> target basis,0.75,0.75,logical_all_to_all_no_routing,passed,data/runs/w4-matched-representation-20260802/cells/cell-9fe9b2d6dde83fb733f1/cell.log,16,2147483648,17,e0c6009e5553788085c5db1c8350adf77867f1f0aa77553fb0e71af938d169a6,46,30,"['cx', 'h', 'rz']",160,34,7484f48923e1238f34ab0c005885248687144b2a53ffd021fc96541c455be0f6,433966dec8d5ef785c87db3d072381e95dff5d2c68ddb4467372c844e47e0f13,80,8,zx_bridge,rep-a8a4647b173cffb931d9,data/runs/w4-matched-representation-20260802/representations/rep-a8a4647b173cffb931d9/representation_manifest.json,61828118d97afde7d901c075f34d16ac40e4b89e770b36060d32c353b17985bf,False,156155904,20260812,777,5198,2498,23631,2434,completed,"[""cx"",""rz"",""h""]",slice-c-m16,8316,20.0,0.0,0.5571285410551354,0.42649425007402897
16,24,cell-8d77dfcad55c7aa64add,pyzx_rewrite_identity_up_to_global_phase_v1,True,passed,echo_passthrough,literal input circuit -> output,0.75,0.75,logical_all_to_all_no_routing,passed,data/runs/w4-matched-representation-20260802/cells/cell-8d77dfcad55c7aa64add/cell.log,32,2147483648,33,9f3a79cd691cbdb1e3f4f175f9a6ee01da794b7945850b444e4f4a5eb78f9a00,384,360,"['cx', 'rz']",576,0,8233f2118c6282c27d8519afe3a6631a81d8ffaea0f3d5efcd0409eda32936c5,2a4883dcf3bf085c9ed60cbe54428ea19bf04f410f38df72ed6627a1be1bea60,192,8,contiguous_flat,rep-3e86a4d3f29970c0dfcd,data/runs/w4-matched-representation-20260802/representations/rep-3e86a4d3f29970c0dfcd/representation_manifest.json,348c436994778e3aba3129e049c5e0b05bc4761418dde51996f41619da1b0d4b,False,107118592,20260811,17175,90224,11121,90237,11055,completed,"[""cx"",""rz"",""h""]",slice-c-m32,8332,20.0,0.0,0.3747524580685422,0.27036316599696875
16,24,cell-152800f018f20c528355,pyzx_rewrite_identity_up_to_global_phase_v1,True,passed,echo_passthrough,literal input circuit -> output,0.75,0.75,logical_all_to_all_no_routing,passed,data/runs/w4-matched-representation-20260802/cells/cell-152800f018f20c528355/cell.log,32,2147483648,33,9f3a79cd691cbdb1e3f4f175f9a6ee01da794b7945850b444e4f4a5eb78f9a00,384,360,"['cx', 'rz']",576,0,8233f2118c6282c27d8519afe3a6631a81d8ffaea0f3d5efcd0409eda32936c5,2a4883dcf3bf085c9ed60cbe54428ea19bf04f410f38df72ed6627a1be1bea60,192,8,contiguous_flat,rep-5c9025eaf396f7812661,data/runs/w4-matched-representation-20260802/representations/rep-5c9025eaf396f7812661/representation_manifest.json,bbedba533d0b3e4353f196257ceeeffb0c29da7f624a5c6af59a2e8220b10d8d,False,107085824,20260812,17175,90224,11121,90237,11055,completed,"[""cx"",""rz"",""h""]",slice-c-m32,8332,20.0,0.0,0.3748615419026464,0.2687469999073073
16,24,cell-1eb22b75f659b99f8a3c,pyzx_rewrite_identity_up_to_global_phase_v1,True,passed,full_aggregation,exact input parity/phase table -> canonical CNOT-Rz,0.75,0.75,logical_all_to_all_no_routing,passed,data/runs/w4-matched-representation-20260802/cells/cell-1eb22b75f659b99f8a3c/cell.log,32,2147483648,33,c132779d43ad4ed40a3f0e79cdbe4056a1aafffa3d0039bb63d8e7a6b99da3d4,48,45,"['cx', 'rz']",72,0,c7038ed85688f1a5cfa7e3287825bdde31825451d5eb52151d266ef3a6f68b70,aba3e16148e6bc9805aae09a652f1466e4be0029550f3a3f05bb8f98574b2f00,24,8,contiguous_flat,rep-3e86a4d3f29970c0dfcd,data/runs/w4-matched-representation-20260802/representations/rep-3e86a4d3f29970c0dfcd/representation_manifest.json,348c436994778e3aba3129e049c5e0b05bc4761418dde51996f41619da1b0d4b,False,107741184,20260811,17175,90224,1457,10442,1391,completed,"[""cx"",""rz"",""h""]",slice-c-m32,8332,20.0,0.0,0.3346522080246359,0.24125583295244724
16,24,cell-72e43fbb4e5d4b6521df,pyzx_rewrite_identity_up_to_global_phase_v1,True,passed,full_aggregation,exact input parity/phase table -> canonical CNOT-Rz,0.75,0.75,logical_all_to_all_no_routing,passed,data/runs/w4-matched-representation-20260802/cells/cell-72e43fbb4e5d4b6521df/cell.log,32,2147483648,33,c132779d43ad4ed40a3f0e79cdbe4056a1aafffa3d0039bb63d8e7a6b99da3d4,48,45,"['cx', 'rz']",72,0,c7038ed85688f1a5cfa7e3287825bdde31825451d5eb52151d266ef3a6f68b70,aba3e16148e6bc9805aae09a652f1466e4be0029550f3a3f05bb8f98574b2f00,24,8,contiguous_flat,rep-5c9025eaf396f7812661,data/runs/w4-matched-representation-20260802/representations/rep-5c9025eaf396f7812661/representation_manifest.json,bbedba533d0b3e4353f196257ceeeffb0c29da7f624a5c6af59a2e8220b10d8d,False,106397696,20260812,17175,90224,1457,10442,1391,completed,"[""cx"",""rz"",""h""]",slice-c-m32,8332,20.0,0.0,0.3330329169984907,0.22310712502803653
16,24,cell-e93a297c64e2b18aa72a,pyzx_rewrite_identity_up_to_global_phase_v1,True,passed,pyzx_full_reduce,OpenQASM2 -> PyZX graph/full_reduce/extract -> target basis,0.75,0.75,logical_all_to_all_no_routing,passed,data/runs/w4-matched-representation-20260802/cells/cell-e93a297c64e2b18aa72a/cell.log,32,2147483648,33,e00b79c1f6bd5033cfd65d6b060b03510426032e4d4ad447ab64345ad49a4529,272,424,"['cx', 'h', 'rz']",946,650,6963aaa472dc86aa458935dd1cc31364995f1ccb2234ec8469f21c1676f7c9bb,50fdb0a027c87ab289f5d8f7e68be9502c9fba52340029cb4ef25183d3e820de,24,8,contiguous_flat,rep-3e86a4d3f29970c0dfcd,data/runs/w4-matched-representation-20260802/representations/rep-3e86a4d3f29970c0dfcd/representation_manifest.json,348c436994778e3aba3129e049c5e0b05bc4761418dde51996f41619da1b0d4b,False,110739456,20260811,17175,90224,10675,126687,10609,completed,"[""cx"",""rz"",""h""]",slice-c-m32,8332,20.0,0.0,0.4893539169570431,0.3750720419920981
16,24,cell-35a30a96b852e9e22651,pyzx_rewrite_identity_up_to_global_phase_v1,True,passed,pyzx_full_reduce,OpenQASM2 -> PyZX graph/full_reduce/extract -> target basis,0.75,0.75,logical_all_to_all_no_routing,passed,data/runs/w4-matched-representation-20260802/cells/cell-35a30a96b852e9e22651/cell.log,32,2147483648,33,e00b79c1f6bd5033cfd65d6b060b03510426032e4d4ad447ab64345ad49a4529,272,424,"['cx', 'h', 'rz']",946,650,6963aaa472dc86aa458935dd1cc31364995f1ccb2234ec8469f21c1676f7c9bb,50fdb0a027c87ab289f5d8f7e68be9502c9fba52340029cb4ef25183d3e820de,24,8,contiguous_flat,rep-5c9025eaf396f7812661,data/runs/w4-matched-representation-20260802/representations/rep-5c9025eaf396f7812661/representation_manifest.json,bbedba533d0b3e4353f196257ceeeffb0c29da7f624a5c6af59a2e8220b10d8d,False,110657536,20260812,17175,90224,10675,126687,10609,completed,"[""cx"",""rz"",""h""]",slice-c-m32,8332,20.0,0.0,0.4796026669209823,0.3778684170683846
16,24,cell-89e1eaacd5a30b5bcc41,pyzx_rewrite_identity_up_to_global_phase_v1,True,passed,qiskit_opt3,OpenQASM2 -> Qiskit preset level 3 -> target basis,0.75,0.75,logical_all_to_all_no_routing,passed,data/runs/w4-matched-representation-20260802/cells/cell-89e1eaacd5a30b5bcc41/cell.log,32,2147483648,33,5b182aea4cb2da8900e99125f4810e2acbbb6f56391b77ab0836870c33c99e66,48,45,"['cx', 'rz']",72,0,8a7c4309efca121d448b064ead41b19f46fc2dedd6e78cb7b53574c520355f4d,9334d18238e7ea2d927c548d40beca7e69da7a59880a5bf337eea99ffd842607,24,8,contiguous_flat,rep-3e86a4d3f29970c0dfcd,data/runs/w4-matched-representation-20260802/representations/rep-3e86a4d3f29970c0dfcd/representation_manifest.json,348c436994778e3aba3129e049c5e0b05bc4761418dde51996f41619da1b0d4b,False,109527040,20260811,17175,90224,1455,10441,1394,completed,"[""cx"",""rz"",""h""]",slice-c-m32,8332,20.0,0.0,0.3381766250822693,0.23672658298164606
16,24,cell-f30a19216295857a66e7,pyzx_rewrite_identity_up_to_global_phase_v1,True,passed,qiskit_opt3,OpenQASM2 -> Qiskit preset level 3 -> target basis,0.75,0.75,logical_all_to_all_no_routing,passed,data/runs/w4-matched-representation-20260802/cells/cell-f30a19216295857a66e7/cell.log,32,2147483648,33,5b182aea4cb2da8900e99125f4810e2acbbb6f56391b77ab0836870c33c99e66,48,45,"['cx', 'rz']",72,0,8a7c4309efca121d448b064ead41b19f46fc2dedd6e78cb7b53574c520355f4d,9334d18238e7ea2d927c548d40beca7e69da7a59880a5bf337eea99ffd842607,24,8,contiguous_flat,rep-5c9025eaf396f7812661,data/runs/w4-matched-representation-20260802/representations/rep-5c9025eaf396f7812661/representation_manifest.json,bbedba533d0b3e4353f196257ceeeffb0c29da7f624a5c6af59a2e8220b10d8d,False,109658112,20260812,17175,90224,1455,10441,1394,completed,"[""cx"",""rz"",""h""]",slice-c-m32,8332,20.0,0.0,0.333686750032939,0.2362907079514116
16,24,cell-ba6d4af2e31e53699e1c,pyzx_rewrite_identity_up_to_global_phase_v1,True,passed,tket_paulisimp,OpenQASM2 -> TKET DecomposeBoxes/AutoRebase/PauliSimp -> target basis,0.75,0.75,logical_all_to_all_no_routing,passed,data/runs/w4-matched-representation-20260802/cells/cell-ba6d4af2e31e53699e1c/cell.log,32,2147483648,33,6d89b33e1f216f94fa5e3ac24feb1592eceae85611f105ff78904df47e90b293,200,162,"['cx', 'h', 'rz']",422,66,b3d426289ed80f7356ab091e604842ef51850cac2eb0d7b68e363913fa74fa1f,5fa1faa900d8b3adad1ed87000d99099c3e78d0a30d5be24f56da5422c0648a3,156,8,contiguous_flat,rep-3e86a4d3f29970c0dfcd,data/runs/w4-matched-representation-20260802/representations/rep-3e86a4d3f29970c0dfcd/representation_manifest.json,348c436994778e3aba3129e049c5e0b05bc4761418dde51996f41619da1b0d4b,False,158285824,20260811,17175,90224,6571,63570,6507,completed,"[""cx"",""rz"",""h""]",slice-c-m32,8332,20.0,0.0,0.6277826660079882,0.482698459061794
16,24,cell-9134138e21a62179681f,pyzx_rewrite_identity_up_to_global_phase_v1,True,passed,tket_paulisimp,OpenQASM2 -> TKET DecomposeBoxes/AutoRebase/PauliSimp -> target basis,0.75,0.75,logical_all_to_all_no_routing,passed,data/runs/w4-matched-representation-20260802/cells/cell-9134138e21a62179681f/cell.log,32,2147483648,33,6d89b33e1f216f94fa5e3ac24feb1592eceae85611f105ff78904df47e90b293,200,162,"['cx', 'h', 'rz']",422,66,b3d426289ed80f7356ab091e604842ef51850cac2eb0d7b68e363913fa74fa1f,5fa1faa900d8b3adad1ed87000d99099c3e78d0a30d5be24f56da5422c0648a3,156,8,contiguous_flat,rep-5c9025eaf396f7812661,data/runs/w4-matched-representation-20260802/representations/rep-5c9025eaf396f7812661/representation_manifest.json,bbedba533d0b3e4353f196257ceeeffb0c29da7f624a5c6af59a2e8220b10d8d,False,158482432,20260812,17175,90224,6571,63570,6507,completed,"[""cx"",""rz"",""h""]",slice-c-m32,8332,20.0,0.0,0.6335625409847125,0.48432687495369464
16,24,cell-97289338ed97f2713789,pyzx_rewrite_identity_up_to_global_phase_v1,True,passed,echo_passthrough,literal input circuit -> output,0.75,0.75,logical_all_to_all_no_routing,passed,data/runs/w4-matched-representation-20260802/cells/cell-97289338ed97f2713789/cell.log,32,2147483648,33,988f31ae7f15e598f69defef07f04b3e26a224aad101e1ab21d3d9a6812f684a,192,180,"['cx', 'rz']",288,0,6cd2f394bae8561451237c5e18bfc379563fa8bd9277afa5a4814be9b2c3bc59,7094397048d1361c2697e74f921b3ca128c9b23c78608ed739acc1c452f139f9,96,8,locally_folded_flat,rep-67eca020fe83981414a9,data/runs/w4-matched-representation-20260802/representations/rep-67eca020fe83981414a9/representation_manifest.json,7dd764262d3804d2825363cabad15b521c242f8900af012ec3ebb80522685804,False,106594304,20260811,8625,44450,5581,44459,5515,completed,"[""cx"",""rz"",""h""]",slice-c-m32,8332,20.0,0.0,0.3430424160324037,0.24610329198185354
16,24,cell-3a53ac92d4fad6c5532e,pyzx_rewrite_identity_up_to_global_phase_v1,True,passed,echo_passthrough,literal input circuit -> output,0.75,0.75,logical_all_to_all_no_routing,passed,data/runs/w4-matched-representation-20260802/cells/cell-3a53ac92d4fad6c5532e/cell.log,32,2147483648,33,988f31ae7f15e598f69defef07f04b3e26a224aad101e1ab21d3d9a6812f684a,192,180,"['cx', 'rz']",288,0,6cd2f394bae8561451237c5e18bfc379563fa8bd9277afa5a4814be9b2c3bc59,7094397048d1361c2697e74f921b3ca128c9b23c78608ed739acc1c452f139f9,96,8,locally_folded_flat,rep-24c8f0980c5e9d63029d,data/runs/w4-matched-representation-20260802/representations/rep-24c8f0980c5e9d63029d/representation_manifest.json,9687fb2835d5af78ca74cb6a177fe34c36d098e6df4de7de1969ac0678f182a2,False,106594304,20260812,8625,44450,5581,44459,5515,completed,"[""cx"",""rz"",""h""]",slice-c-m32,8332,20.0,0.0,0.3314923330908641,0.23993529204744846
16,24,cell-ead6ec8f7507dc4a5a5c,pyzx_rewrite_identity_up_to_global_phase_v1,True,passed,full_aggregation,exact input parity/phase table -> canonical CNOT-Rz,0.75,0.75,logical_all_to_all_no_routing,passed,data/runs/w4-matched-representation-20260802/cells/cell-ead6ec8f7507dc4a5a5c/cell.log,32,2147483648,33,c132779d43ad4ed40a3f0e79cdbe4056a1aafffa3d0039bb63d8e7a6b99da3d4,48,45,"['cx', 'rz']",72,0,c7038ed85688f1a5cfa7e3287825bdde31825451d5eb52151d266ef3a6f68b70,aba3e16148e6bc9805aae09a652f1466e4be0029550f3a3f05bb8f98574b2f00,24,8,locally_folded_flat,rep-67eca020fe83981414a9,data/runs/w4-matched-representation-20260802/representations/rep-67eca020fe83981414a9/representation_manifest.json,7dd764262d3804d2825363cabad15b521c242f8900af012ec3ebb80522685804,False,106315776,20260811,8625,44450,1457,10442,1391,completed,"[""cx"",""rz"",""h""]",slice-c-m32,8332,20.0,0.0,0.33280791610013694,0.22089020803105086
16,24,cell-3c759c20ced7338baaa7,pyzx_rewrite_identity_up_to_global_phase_v1,True,passed,full_aggregation,exact input parity/phase table -> canonical CNOT-Rz,0.75,0.75,logical_all_to_all_no_routing,passed,data/runs/w4-matched-representation-20260802/cells/cell-3c759c20ced7338baaa7/cell.log,32,2147483648,33,c132779d43ad4ed40a3f0e79cdbe4056a1aafffa3d0039bb63d8e7a6b99da3d4,48,45,"['cx', 'rz']",72,0,c7038ed85688f1a5cfa7e3287825bdde31825451d5eb52151d266ef3a6f68b70,aba3e16148e6bc9805aae09a652f1466e4be0029550f3a3f05bb8f98574b2f00,24,8,locally_folded_flat,rep-24c8f0980c5e9d63029d,data/runs/w4-matched-representation-20260802/representations/rep-24c8f0980c5e9d63029d/representation_manifest.json,9687fb2835d5af78ca74cb6a177fe34c36d098e6df4de7de1969ac0678f182a2,False,106315776,20260812,8625,44450,1457,10442,1391,completed,"[""cx"",""rz"",""h""]",slice-c-m32,8332,20.0,0.0,0.33529554202686995,0.22434337507002056
16,24,cell-387ab5e750c24602479f,pyzx_rewrite_identity_up_to_global_phase_v1,True,passed,pyzx_full_reduce,OpenQASM2 -> PyZX graph/full_reduce/extract -> target basis,0.75,0.75,logical_all_to_all_no_routing,passed,data/runs/w4-matched-representation-20260802/cells/cell-387ab5e750c24602479f/cell.log,32,2147483648,33,e00b79c1f6bd5033cfd65d6b060b03510426032e4d4ad447ab64345ad49a4529,272,424,"['cx', 'h', 'rz']",946,650,6963aaa472dc86aa458935dd1cc31364995f1ccb2234ec8469f21c1676f7c9bb,50fdb0a027c87ab289f5d8f7e68be9502c9fba52340029cb4ef25183d3e820de,24,8,locally_folded_flat,rep-67eca020fe83981414a9,data/runs/w4-matched-representation-20260802/representations/rep-67eca020fe83981414a9/representation_manifest.json,7dd764262d3804d2825363cabad15b521c242f8900af012ec3ebb80522685804,False,110723072,20260811,8625,44450,10675,126687,10609,completed,"[""cx"",""rz"",""h""]",slice-c-m32,8332,20.0,0.0,0.4555014590732753,0.35028558305930346
16,24,cell-4598f79e92baf3e2b658,pyzx_rewrite_identity_up_to_global_phase_v1,True,passed,pyzx_full_reduce,OpenQASM2 -> PyZX graph/full_reduce/extract -> target basis,0.75,0.75,logical_all_to_all_no_routing,passed,data/runs/w4-matched-representation-20260802/cells/cell-4598f79e92baf3e2b658/cell.log,32,2147483648,33,e00b79c1f6bd5033cfd65d6b060b03510426032e4d4ad447ab64345ad49a4529,272,424,"['cx', 'h', 'rz']",946,650,6963aaa472dc86aa458935dd1cc31364995f1ccb2234ec8469f21c1676f7c9bb,50fdb0a027c87ab289f5d8f7e68be9502c9fba52340029cb4ef25183d3e820de,24,8,locally_folded_flat,rep-24c8f0980c5e9d63029d,data/runs/w4-matched-representation-20260802/representations/rep-24c8f0980c5e9d63029d/representation_manifest.json,9687fb2835d5af78ca74cb6a177fe34c36d098e6df4de7de1969ac0678f182a2,False,110788608,20260812,8625,44450,10675,126687,10609,completed,"[""cx"",""rz"",""h""]",slice-c-m32,8332,20.0,0.0,0.4395918749505654,0.34915975003968924
16,24,cell-0c8cac5f30fefdd4f5e1,pyzx_rewrite_identity_up_to_global_phase_v1,True,passed,qiskit_opt3,OpenQASM2 -> Qiskit preset level 3 -> target basis,0.75,0.75,logical_all_to_all_no_routing,passed,data/runs/w4-matched-representation-20260802/cells/cell-0c8cac5f30fefdd4f5e1/cell.log,32,2147483648,33,9f84b2ec978c0baacbf7e09469da7f3674fca7377d5b96f6b32c3135e41efa8c,48,45,"['cx', 'rz']",72,0,2bc77ad05a60c5a09885c64619129ee5ae544205cea360d88ac57b69fa4ba436,aba3e16148e6bc9805aae09a652f1466e4be0029550f3a3f05bb8f98574b2f00,24,8,locally_folded_flat,rep-67eca020fe83981414a9,data/runs/w4-matched-representation-20260802/representations/rep-67eca020fe83981414a9/representation_manifest.json,7dd764262d3804d2825363cabad15b521c242f8900af012ec3ebb80522685804,False,109543424,20260811,8625,44450,1452,10441,1391,completed,"[""cx"",""rz"",""h""]",slice-c-m32,8332,20.0,0.0,0.33540637500118464,0.23627945908810943
16,24,cell-e45a543685dbdfdf5338,pyzx_rewrite_identity_up_to_global_phase_v1,True,passed,qiskit_opt3,OpenQASM2 -> Qiskit preset level 3 -> target basis,0.75,0.75,logical_all_to_all_no_routing,passed,data/runs/w4-matched-representation-20260802/cells/cell-e45a543685dbdfdf5338/cell.log,32,2147483648,33,9f84b2ec978c0baacbf7e09469da7f3674fca7377d5b96f6b32c3135e41efa8c,48,45,"['cx', 'rz']",72,0,2bc77ad05a60c5a09885c64619129ee5ae544205cea360d88ac57b69fa4ba436,aba3e16148e6bc9805aae09a652f1466e4be0029550f3a3f05bb8f98574b2f00,24,8,locally_folded_flat,rep-24c8f0980c5e9d63029d,data/runs/w4-matched-representation-20260802/representations/rep-24c8f0980c5e9d63029d/representation_manifest.json,9687fb2835d5af78ca74cb6a177fe34c36d098e6df4de7de1969ac0678f182a2,False,109314048,20260812,8625,44450,1452,10441,1391,completed,"[""cx"",""rz"",""h""]",slice-c-m32,8332,20.0,0.0,0.33215775003191084,0.23414141696412116
16,24,cell-2015da75ed79724462d5,pyzx_rewrite_identity_up_to_global_phase_v1,True,passed,tket_paulisimp,OpenQASM2 -> TKET DecomposeBoxes/AutoRebase/PauliSimp -> target basis,0.75,0.75,logical_all_to_all_no_routing,passed,data/runs/w4-matched-representation-20260802/cells/cell-2015da75ed79724462d5/cell.log,32,2147483648,33,6d89b33e1f216f94fa5e3ac24feb1592eceae85611f105ff78904df47e90b293,200,162,"['cx', 'h', 'rz']",422,66,b3d426289ed80f7356ab091e604842ef51850cac2eb0d7b68e363913fa74fa1f,5fa1faa900d8b3adad1ed87000d99099c3e78d0a30d5be24f56da5422c0648a3,156,8,locally_folded_flat,rep-67eca020fe83981414a9,data/runs/w4-matched-representation-20260802/representations/rep-67eca020fe83981414a9/representation_manifest.json,7dd764262d3804d2825363cabad15b521c242f8900af012ec3ebb80522685804,False,157614080,20260811,8625,44450,6571,63570,6507,completed,"[""cx"",""rz"",""h""]",slice-c-m32,8332,20.0,0.0,0.6235532499849796,0.47486520803067833
16,24,cell-a8ee99f5f1c27a7208b8,pyzx_rewrite_identity_up_to_global_phase_v1,True,passed,tket_paulisimp,OpenQASM2 -> TKET DecomposeBoxes/AutoRebase/PauliSimp -> target basis,0.75,0.75,logical_all_to_all_no_routing,passed,data/runs/w4-matched-representation-20260802/cells/cell-a8ee99f5f1c27a7208b8/cell.log,32,2147483648,33,6d89b33e1f216f94fa5e3ac24feb1592eceae85611f105ff78904df47e90b293,200,162,"['cx', 'h', 'rz']",422,66,b3d426289ed80f7356ab091e604842ef51850cac2eb0d7b68e363913fa74fa1f,5fa1faa900d8b3adad1ed87000d99099c3e78d0a30d5be24f56da5422c0648a3,156,8,locally_folded_flat,rep-24c8f0980c5e9d63029d,data/runs/w4-matched-representation-20260802/representations/rep-24c8f0980c5e9d63029d/representation_manifest.json,9687fb2835d5af78ca74cb6a177fe34c36d098e6df4de7de1969ac0678f182a2,False,157646848,20260812,8625,44450,6571,63570,6507,completed,"[""cx"",""rz"",""h""]",slice-c-m32,8332,20.0,0.0,0.6106977500021458,0.47218945901840925
16,24,cell-f7a6e89d6873e496bfc9,pyzx_rewrite_identity_up_to_global_phase_v1,True,passed,echo_passthrough,literal input circuit -> output,0.75,0.75,logical_all_to_all_no_routing,passed,data/runs/w4-matched-representation-20260802/cells/cell-f7a6e89d6873e496bfc9/cell.log,32,2147483648,33,a6d9f08c66977040292e6decae9929112eeef0c8ec3e7d3c44304aa56c1a0e3d,384,87,"['cx', 'rz']",576,0,e4091ac04cd50c49c43086c6074fe5ad4663f6dd1a973860fd77f3f13123cb2f,ffaae4c292888c62a140857f2a0587cc600b8922dbde61c945cb33190c77596b,192,8,masked_share_update,rep-e22c457fbaa94313bb98,data/runs/w4-matched-representation-20260802/representations/rep-e22c457fbaa94313bb98/representation_manifest.json,ffb462fb71403d810cfc5219927cc87ae07c3595a0d68f64a7ac1ff490583dbd,False,107397120,20260811,17030,90081,11223,90090,11157,completed,"[""cx"",""rz"",""h""]",slice-c-m32,8332,20.0,0.0,0.43285383307375014,0.3392123749945313
16,24,cell-0719c1e0a9734ae60d62,pyzx_rewrite_identity_up_to_global_phase_v1,True,passed,echo_passthrough,literal input circuit -> output,0.75,0.75,logical_all_to_all_no_routing,passed,data/runs/w4-matched-representation-20260802/cells/cell-0719c1e0a9734ae60d62/cell.log,32,2147483648,33,31c0067161c7c3a3bf54419a1ef922096d55663e0d0a7066a11c7887e0926c54,384,87,"['cx', 'rz']",576,0,34c005afc14197d50c852f0cb8c801e887690326718b2049fb169ed312d9f02f,80b6062b9d5d28728d16033bc375e276d7a5d2e22b0527a3291d921f0be04f5f,192,8,masked_share_update,rep-21073d233d2c648f8d9d,data/runs/w4-matched-representation-20260802/representations/rep-21073d233d2c648f8d9d/representation_manifest.json,f2b65e25bd025b06331cb0505bf323b3203a9e7a8b64a418d69065a29966e2ed,False,107511808,20260812,17040,90083,11241,90092,11175,completed,"[""cx"",""rz"",""h""]",slice-c-m32,8332,20.0,0.0,0.4371253749122843,0.32504374999552965
16,24,cell-af44f4da5ffc608a89ee,pyzx_rewrite_identity_up_to_global_phase_v1,True,passed,full_aggregation,exact input parity/phase table -> canonical CNOT-Rz,0.75,0.75,logical_all_to_all_no_routing,passed,data/runs/w4-matched-representation-20260802/cells/cell-af44f4da5ffc608a89ee/cell.log,32,2147483648,33,c132779d43ad4ed40a3f0e79cdbe4056a1aafffa3d0039bb63d8e7a6b99da3d4,48,45,"['cx', 'rz']",72,0,c7038ed85688f1a5cfa7e3287825bdde31825451d5eb52151d266ef3a6f68b70,aba3e16148e6bc9805aae09a652f1466e4be0029550f3a3f05bb8f98574b2f00,24,8,masked_share_update,rep-e22c457fbaa94313bb98,data/runs/w4-matched-representation-20260802/representations/rep-e22c457fbaa94313bb98/representation_manifest.json,ffb462fb71403d810cfc5219927cc87ae07c3595a0d68f64a7ac1ff490583dbd,False,106430464,20260811,17030,90081,1457,10442,1391,completed,"[""cx"",""rz"",""h""]",slice-c-m32,8332,20.0,0.0,0.33628637494985014,0.2213552501052618
16,24,cell-5aa285015b5a2e6eb57d,pyzx_rewrite_identity_up_to_global_phase_v1,True,passed,full_aggregation,exact input parity/phase table -> canonical CNOT-Rz,0.75,0.75,logical_all_to_all_no_routing,passed,data/runs/w4-matched-representation-20260802/cells/cell-5aa285015b5a2e6eb57d/cell.log,32,2147483648,33,c132779d43ad4ed40a3f0e79cdbe4056a1aafffa3d0039bb63d8e7a6b99da3d4,48,45,"['cx', 'rz']",72,0,c7038ed85688f1a5cfa7e3287825bdde31825451d5eb52151d266ef3a6f68b70,aba3e16148e6bc9805aae09a652f1466e4be0029550f3a3f05bb8f98574b2f00,24,8,masked_share_update,rep-21073d233d2c648f8d9d,data/runs/w4-matched-representation-20260802/representations/rep-21073d233d2c648f8d9d/representation_manifest.json,f2b65e25bd025b06331cb0505bf323b3203a9e7a8b64a418d69065a29966e2ed,False,106348544,20260812,17040,90083,1457,10442,1391,completed,"[""cx"",""rz"",""h""]",slice-c-m32,8332,20.0,0.0,0.3233367908978835,0.22431266703642905
16,24,cell-30da7a7a150a97b1edce,pyzx_rewrite_identity_up_to_global_phase_v1,True,passed,pyzx_full_reduce,OpenQASM2 -> PyZX graph/full_reduce/extract -> target basis,0.75,0.75,logical_all_to_all_no_routing,passed,data/runs/w4-matched-representation-20260802/cells/cell-30da7a7a150a97b1edce/cell.log,32,2147483648,33,e00b79c1f6bd5033cfd65d6b060b03510426032e4d4ad447ab64345ad49a4529,272,424,"['cx', 'h', 'rz']",946,650,6963aaa472dc86aa458935dd1cc31364995f1ccb2234ec8469f21c1676f7c9bb,50fdb0a027c87ab289f5d8f7e68be9502c9fba52340029cb4ef25183d3e820de,24,8,masked_share_update,rep-e22c457fbaa94313bb98,data/runs/w4-matched-representation-20260802/representations/rep-e22c457fbaa94313bb98/representation_manifest.json,ffb462fb71403d810cfc5219927cc87ae07c3595a0d68f64a7ac1ff490583dbd,False,110903296,20260811,17030,90081,10675,126687,10609,completed,"[""cx"",""rz"",""h""]",slice-c-m32,8332,20.0,0.0,0.5543036659946665,0.4545620830031112
16,24,cell-76b63b41ce58a0ab4540,pyzx_rewrite_identity_up_to_global_phase_v1,True,passed,pyzx_full_reduce,OpenQASM2 -> PyZX graph/full_reduce/extract -> target basis,0.75,0.75,logical_all_to_all_no_routing,passed,data/runs/w4-matched-representation-20260802/cells/cell-76b63b41ce58a0ab4540/cell.log,32,2147483648,33,e00b79c1f6bd5033cfd65d6b060b03510426032e4d4ad447ab64345ad49a4529,272,424,"['cx', 'h', 'rz']",946,650,6963aaa472dc86aa458935dd1cc31364995f1ccb2234ec8469f21c1676f7c9bb,50fdb0a027c87ab289f5d8f7e68be9502c9fba52340029cb4ef25183d3e820de,24,8,masked_share_update,rep-21073d233d2c648f8d9d,data/runs/w4-matched-representation-20260802/representations/rep-21073d233d2c648f8d9d/representation_manifest.json,f2b65e25bd025b06331cb0505bf323b3203a9e7a8b64a418d69065a29966e2ed,False,110952448,20260812,17040,90083,10675,126687,10609,completed,"[""cx"",""rz"",""h""]",slice-c-m32,8332,20.0,0.0,0.5376031249761581,0.4452220000093803
16,24,cell-c6c26963b55b8441c21d,pyzx_rewrite_identity_up_to_global_phase_v1,False,inconclusive,qiskit_opt3,OpenQASM2 -> Qiskit preset level 3 -> target basis,0.75,0.75,logical_all_to_all_no_routing,passed,data/runs/w4-matched-representation-20260802/cells/cell-c6c26963b55b8441c21d/cell.log,32,2147483648,33,7908366f1a88eeb5735f8cd1c5841769503ba498162b35f37a8508657a550dc8,365,103,"['cx', 'h', 'rz']",609,28,70daa3715302d7e5778dc202d62074a6a7b89ad05f9015cc06a34ea761c6b5e2,538a2df9f385c9f6332fe9526496e740e80b6a7c8d3e4d9a484dbce3082599ae,216,8,masked_share_update,rep-e22c457fbaa94313bb98,data/runs/w4-matched-representation-20260802/representations/rep-e22c457fbaa94313bb98/representation_manifest.json,ffb462fb71403d810cfc5219927cc87ae07c3595a0d68f64a7ac1ff490583dbd,False,111329280,20260811,17030,90081,11672,94513,11611,predicate_error,"[""cx"",""rz"",""h""]",slice-c-m32,8332,20.0,0.0,0.43146274995524436,0.34071262495126575
16,24,cell-8a5fd7bc21045eaaa0a8,pyzx_rewrite_identity_up_to_global_phase_v1,True,passed,qiskit_opt3,OpenQASM2 -> Qiskit preset level 3 -> target basis,0.75,0.75,logical_all_to_all_no_routing,passed,data/runs/w4-matched-representation-20260802/cells/cell-8a5fd7bc21045eaaa0a8/cell.log,32,2147483648,33,a1199b357330291c51351399a41d107d78cb2e3d7a71769fed0b3ec879cb45ff,364,87,"['cx', 'h', 'rz']",564,12,49dbb82990f106d13f3c75ff7481cdac1ac422d65df5a25f87b4b5340e827e37,8a90651ed20e29f5e224953b535c4059c142e692fc0ffbc7db95424cf6cc858b,188,8,masked_share_update,rep-21073d233d2c648f8d9d,data/runs/w4-matched-representation-20260802/representations/rep-21073d233d2c648f8d9d/representation_manifest.json,f2b65e25bd025b06331cb0505bf323b3203a9e7a8b64a418d69065a29966e2ed,False,111558656,20260812,17040,90083,10881,87804,10820,completed,"[""cx"",""rz"",""h""]",slice-c-m32,8332,20.0,0.0,0.438153832918033,0.3375999159179628
16,24,cell-ed3e76b9dd7c2d4127f5,pyzx_rewrite_identity_up_to_global_phase_v1,True,passed,tket_paulisimp,OpenQASM2 -> TKET DecomposeBoxes/AutoRebase/PauliSimp -> target basis,0.75,0.75,logical_all_to_all_no_routing,passed,data/runs/w4-matched-representation-20260802/cells/cell-ed3e76b9dd7c2d4127f5/cell.log,32,2147483648,33,5857f751b7fd9c1f4ddd5a705ab1178fdffd9bd54b0276bb924b58aed17a985e,204,163,"['cx', 'h', 'rz']",430,66,b11a1bd31312661f18d901f840b4ea692c8a5fc524bf0a578445bae543d09487,7987f3b4a1271ecb56688fe6cd3bbecb456e3459c029c7de44d9040d9898d6b1,160,8,masked_share_update,rep-e22c457fbaa94313bb98,data/runs/w4-matched-representation-20260802/representations/rep-e22c457fbaa94313bb98/representation_manifest.json,ffb462fb71403d810cfc5219927cc87ae07c3595a0d68f64a7ac1ff490583dbd,False,158433280,20260811,17030,90081,6749,64838,6685,completed,"[""cx"",""rz"",""h""]",slice-c-m32,8332,20.0,0.0,0.6160447080619633,0.48257670807652175
16,24,cell-da5422110df6d43c406d,pyzx_rewrite_identity_up_to_global_phase_v1,True,passed,tket_paulisimp,OpenQASM2 -> TKET DecomposeBoxes/AutoRebase/PauliSimp -> target basis,0.75,0.75,logical_all_to_all_no_routing,passed,data/runs/w4-matched-representation-20260802/cells/cell-da5422110df6d43c406d/cell.log,32,2147483648,33,a7f74514ba16cceca6e18a3961dfd51419d6ab941f6f8b0147780b6045a694aa,208,164,"['cx', 'h', 'rz']",438,66,621e7c85991d8a4fe2b6f51915d8ede0d55cd21d9594053c9baa07e4247062ca,45d6cfce30bdc57f8620237859122100ef93d8d08393724664963f88d258c19d,164,8,masked_share_update,rep-21073d233d2c648f8d9d,data/runs/w4-matched-representation-20260802/representations/rep-21073d233d2c648f8d9d/representation_manifest.json,f2b65e25bd025b06331cb0505bf323b3203a9e7a8b64a418d69065a29966e2ed,False,158367744,20260812,17040,90083,6864,66116,6800,completed,"[""cx"",""rz"",""h""]",slice-c-m32,8332,20.0,0.0,0.6328227090416476,0.4858342499937862
16,24,cell-3e47604ba8e85e6d4198,pyzx_rewrite_identity_up_to_global_phase_v1,True,passed,echo_passthrough,literal input circuit -> output,0.75,0.75,logical_all_to_all_no_routing,passed,data/runs/w4-matched-representation-20260802/cells/cell-3e47604ba8e85e6d4198/cell.log,32,2147483648,33,65e22c57ab3d3e38dd0c5577133c1fed19e659aca75268f0e244f9a8beed9662,48,45,"['cx', 'rz']",72,0,42ba640b85a72d5b489555fdb709c70baa4bd85a2c5da22a4bf8fe606d2daba8,aba3e16148e6bc9805aae09a652f1466e4be0029550f3a3f05bb8f98574b2f00,24,8,qasm_bridge,rep-6f541a464d97b5aa1359,data/runs/w4-matched-representation-20260802/representations/rep-6f541a464d97b5aa1359/representation_manifest.json,2083592b6eb708f006313c317a3b3799534c868aa3ddc34a7aa914329e56a86b,False,106184704,20260811,1467,10405,1457,10422,1391,completed,"[""cx"",""rz"",""h""]",slice-c-m32,8332,20.0,0.0,0.3169175829971209,0.2201559169916436
16,24,cell-31dc1e833c21f8020219,pyzx_rewrite_identity_up_to_global_phase_v1,True,passed,echo_passthrough,literal input circuit -> output,0.75,0.75,logical_all_to_all_no_routing,passed,data/runs/w4-matched-representation-20260802/cells/cell-31dc1e833c21f8020219/cell.log,32,2147483648,33,65e22c57ab3d3e38dd0c5577133c1fed19e659aca75268f0e244f9a8beed9662,48,45,"['cx', 'rz']",72,0,42ba640b85a72d5b489555fdb709c70baa4bd85a2c5da22a4bf8fe606d2daba8,aba3e16148e6bc9805aae09a652f1466e4be0029550f3a3f05bb8f98574b2f00,24,8,qasm_bridge,rep-329b24caffbb8fca06dc,data/runs/w4-matched-representation-20260802/representations/rep-329b24caffbb8fca06dc/representation_manifest.json,9328fc525e7ec5ff2466b800cd2d01e89e34c69d0ed28fca421a8432a8196f55,False,106184704,20260812,1467,10405,1457,10422,1391,completed,"[""cx"",""rz"",""h""]",slice-c-m32,8332,20.0,0.0,0.3217176250182092,0.21989125001709908
16,24,cell-01c034a69b0ac7b74a8b,pyzx_rewrite_identity_up_to_global_phase_v1,True,passed,full_aggregation,exact input parity/phase table -> canonical CNOT-Rz,0.75,0.75,logical_all_to_all_no_routing,passed,data/runs/w4-matched-representation-20260802/cells/cell-01c034a69b0ac7b74a8b/cell.log,32,2147483648,33,c132779d43ad4ed40a3f0e79cdbe4056a1aafffa3d0039bb63d8e7a6b99da3d4,48,45,"['cx', 'rz']",72,0,c7038ed85688f1a5cfa7e3287825bdde31825451d5eb52151d266ef3a6f68b70,aba3e16148e6bc9805aae09a652f1466e4be0029550f3a3f05bb8f98574b2f00,24,8,qasm_bridge,rep-6f541a464d97b5aa1359,data/runs/w4-matched-representation-20260802/representations/rep-6f541a464d97b5aa1359/representation_manifest.json,2083592b6eb708f006313c317a3b3799534c868aa3ddc34a7aa914329e56a86b,False,106266624,20260811,1467,10405,1457,10442,1391,completed,"[""cx"",""rz"",""h""]",slice-c-m32,8332,20.0,0.0,0.33401870797388256,0.22394579194951802
16,24,cell-37e7061f6c53975c4030,pyzx_rewrite_identity_up_to_global_phase_v1,True,passed,full_aggregation,exact input parity/phase table -> canonical CNOT-Rz,0.75,0.75,logical_all_to_all_no_routing,passed,data/runs/w4-matched-representation-20260802/cells/cell-37e7061f6c53975c4030/cell.log,32,2147483648,33,c132779d43ad4ed40a3f0e79cdbe4056a1aafffa3d0039bb63d8e7a6b99da3d4,48,45,"['cx', 'rz']",72,0,c7038ed85688f1a5cfa7e3287825bdde31825451d5eb52151d266ef3a6f68b70,aba3e16148e6bc9805aae09a652f1466e4be0029550f3a3f05bb8f98574b2f00,24,8,qasm_bridge,rep-329b24caffbb8fca06dc,data/runs/w4-matched-representation-20260802/representations/rep-329b24caffbb8fca06dc/representation_manifest.json,9328fc525e7ec5ff2466b800cd2d01e89e34c69d0ed28fca421a8432a8196f55,False,106201088,20260812,1467,10405,1457,10442,1391,completed,"[""cx"",""rz"",""h""]",slice-c-m32,8332,20.0,0.0,0.31182637508027256,0.22305783408228308
16,24,cell-c68e7d57c3414956e36d,pyzx_rewrite_identity_up_to_global_phase_v1,True,passed,pyzx_full_reduce,OpenQASM2 -> PyZX graph/full_reduce/extract -> target basis,0.75,0.75,logical_all_to_all_no_routing,passed,data/runs/w4-matched-representation-20260802/cells/cell-c68e7d57c3414956e36d/cell.log,32,2147483648,33,e00b79c1f6bd5033cfd65d6b060b03510426032e4d4ad447ab64345ad49a4529,272,424,"['cx', 'h', 'rz']",946,650,6963aaa472dc86aa458935dd1cc31364995f1ccb2234ec8469f21c1676f7c9bb,50fdb0a027c87ab289f5d8f7e68be9502c9fba52340029cb4ef25183d3e820de,24,8,qasm_bridge,rep-6f541a464d97b5aa1359,data/runs/w4-matched-representation-20260802/representations/rep-6f541a464d97b5aa1359/representation_manifest.json,2083592b6eb708f006313c317a3b3799534c868aa3ddc34a7aa914329e56a86b,False,110542848,20260811,1467,10405,10675,126687,10609,completed,"[""cx"",""rz"",""h""]",slice-c-m32,8332,20.0,0.0,0.4439858749974519,0.3366581660229713
16,24,cell-97ae794c115dd51d8978,pyzx_rewrite_identity_up_to_global_phase_v1,True,passed,pyzx_full_reduce,OpenQASM2 -> PyZX graph/full_reduce/extract -> target basis,0.75,0.75,logical_all_to_all_no_routing,passed,data/runs/w4-matched-representation-20260802/cells/cell-97ae794c115dd51d8978/cell.log,32,2147483648,33,e00b79c1f6bd5033cfd65d6b060b03510426032e4d4ad447ab64345ad49a4529,272,424,"['cx', 'h', 'rz']",946,650,6963aaa472dc86aa458935dd1cc31364995f1ccb2234ec8469f21c1676f7c9bb,50fdb0a027c87ab289f5d8f7e68be9502c9fba52340029cb4ef25183d3e820de,24,8,qasm_bridge,rep-329b24caffbb8fca06dc,data/runs/w4-matched-representation-20260802/representations/rep-329b24caffbb8fca06dc/representation_manifest.json,9328fc525e7ec5ff2466b800cd2d01e89e34c69d0ed28fca421a8432a8196f55,False,110477312,20260812,1467,10405,10675,126687,10609,completed,"[""cx"",""rz"",""h""]",slice-c-m32,8332,20.0,0.0,0.487173083005473,0.3482099580578506
16,24,cell-53c797a3735718b9dfdc,pyzx_rewrite_identity_up_to_global_phase_v1,True,passed,qiskit_opt3,OpenQASM2 -> Qiskit preset level 3 -> target basis,0.75,0.75,logical_all_to_all_no_routing,passed,data/runs/w4-matched-representation-20260802/cells/cell-53c797a3735718b9dfdc/cell.log,32,2147483648,33,9f84b2ec978c0baacbf7e09469da7f3674fca7377d5b96f6b32c3135e41efa8c,48,45,"['cx', 'rz']",72,0,2bc77ad05a60c5a09885c64619129ee5ae544205cea360d88ac57b69fa4ba436,aba3e16148e6bc9805aae09a652f1466e4be0029550f3a3f05bb8f98574b2f00,24,8,qasm_bridge,rep-6f541a464d97b5aa1359,data/runs/w4-matched-representation-20260802/representations/rep-6f541a464d97b5aa1359/representation_manifest.json,2083592b6eb708f006313c317a3b3799534c868aa3ddc34a7aa914329e56a86b,False,109215744,20260811,1467,10405,1452,10441,1391,completed,"[""cx"",""rz"",""h""]",slice-c-m32,8332,20.0,0.0,0.38267954206094146,0.26329662499483675
16,24,cell-e9abfdcb8374fcb259d5,pyzx_rewrite_identity_up_to_global_phase_v1,True,passed,qiskit_opt3,OpenQASM2 -> Qiskit preset level 3 -> target basis,0.75,0.75,logical_all_to_all_no_routing,passed,data/runs/w4-matched-representation-20260802/cells/cell-e9abfdcb8374fcb259d5/cell.log,32,2147483648,33,9f84b2ec978c0baacbf7e09469da7f3674fca7377d5b96f6b32c3135e41efa8c,48,45,"['cx', 'rz']",72,0,2bc77ad05a60c5a09885c64619129ee5ae544205cea360d88ac57b69fa4ba436,aba3e16148e6bc9805aae09a652f1466e4be0029550f3a3f05bb8f98574b2f00,24,8,qasm_bridge,rep-329b24caffbb8fca06dc,data/runs/w4-matched-representation-20260802/representations/rep-329b24caffbb8fca06dc/representation_manifest.json,9328fc525e7ec5ff2466b800cd2d01e89e34c69d0ed28fca421a8432a8196f55,False,109133824,20260812,1467,10405,1452,10441,1391,completed,"[""cx"",""rz"",""h""]",slice-c-m32,8332,20.0,0.0,0.363800875027664,0.25372662500012666
16,24,cell-c1a2ff85b528b4405bde,pyzx_rewrite_identity_up_to_global_phase_v1,True,passed,tket_paulisimp,OpenQASM2 -> TKET DecomposeBoxes/AutoRebase/PauliSimp -> target basis,0.75,0.75,logical_all_to_all_no_routing,passed,data/runs/w4-matched-representation-20260802/cells/cell-c1a2ff85b528b4405bde/cell.log,32,2147483648,33,6d89b33e1f216f94fa5e3ac24feb1592eceae85611f105ff78904df47e90b293,200,162,"['cx', 'h', 'rz']",422,66,b3d426289ed80f7356ab091e604842ef51850cac2eb0d7b68e363913fa74fa1f,5fa1faa900d8b3adad1ed87000d99099c3e78d0a30d5be24f56da5422c0648a3,156,8,qasm_bridge,rep-6f541a464d97b5aa1359,data/runs/w4-matched-representation-20260802/representations/rep-6f541a464d97b5aa1359/representation_manifest.json,2083592b6eb708f006313c317a3b3799534c868aa3ddc34a7aa914329e56a86b,False,157581312,20260811,1467,10405,6571,63570,6507,completed,"[""cx"",""rz"",""h""]",slice-c-m32,8332,20.0,0.0,0.7605679160915315,0.5836340839741752
16,24,cell-c5fb982a5f0de5f1e67d,pyzx_rewrite_identity_up_to_global_phase_v1,True,passed,tket_paulisimp,OpenQASM2 -> TKET DecomposeBoxes/AutoRebase/PauliSimp -> target basis,0.75,0.75,logical_all_to_all_no_routing,passed,data/runs/w4-matched-representation-20260802/cells/cell-c5fb982a5f0de5f1e67d/cell.log,32,2147483648,33,6d89b33e1f216f94fa5e3ac24feb1592eceae85611f105ff78904df47e90b293,200,162,"['cx', 'h', 'rz']",422,66,b3d426289ed80f7356ab091e604842ef51850cac2eb0d7b68e363913fa74fa1f,5fa1faa900d8b3adad1ed87000d99099c3e78d0a30d5be24f56da5422c0648a3,156,8,qasm_bridge,rep-329b24caffbb8fca06dc,data/runs/w4-matched-representation-20260802/representations/rep-329b24caffbb8fca06dc/representation_manifest.json,9328fc525e7ec5ff2466b800cd2d01e89e34c69d0ed28fca421a8432a8196f55,False,157417472,20260812,1467,10405,6571,63570,6507,completed,"[""cx"",""rz"",""h""]",slice-c-m32,8332,20.0,0.0,0.7873234580038115,0.5221745410235599
16,24,cell-1e62ac89f8d0da20d015,pyzx_rewrite_identity_up_to_global_phase_v1,True,passed,echo_passthrough,literal input circuit -> output,0.75,0.75,logical_all_to_all_no_routing,passed,data/runs/w4-matched-representation-20260802/cells/cell-1e62ac89f8d0da20d015/cell.log,32,2147483648,33,506751387a5fcabd2526d6d3512492d02b21112f3e3c1d46e3ae722f5d413a58,384,96,"['cx', 'rz']",576,0,8c35b88312bf7b0e6ef3a8f801bc64a0b6052f3608f64b8ef12c1e8d5e56b4a5,1a6988a3ad5611cd72366277ae443bf720639adc4c68a9669fb6414546981513,192,8,random_commuting_order,rep-1cf36580a3a2653b2330,data/runs/w4-matched-representation-20260802/representations/rep-1cf36580a3a2653b2330/representation_manifest.json,bcec86d9ebc68b812b69f93ba8f5f002236f7b72032a4444d10b6d0afd2a8aa8,False,107266048,20260811,17175,90246,11121,90252,11055,completed,"[""cx"",""rz"",""h""]",slice-c-m32,8332,20.0,0.0,0.42628833290655166,0.31492029200308025
16,24,cell-211f53c51429ec7f5452,pyzx_rewrite_identity_up_to_global_phase_v1,True,passed,echo_passthrough,literal input circuit -> output,0.75,0.75,logical_all_to_all_no_routing,passed,data/runs/w4-matched-representation-20260802/cells/cell-211f53c51429ec7f5452/cell.log,32,2147483648,33,e70c8aff68da9a73918349a7ef03616776976b8848842fc64ec260762c898047,384,90,"['cx', 'rz']",576,0,c3c0d9f311f799d4ab71ffc8b2e16a0b30c50316ad7a3732eaae106b2d402f76,dfe771b69a670dd023bfece607edcaaf4260f07d3b3fe911731020923dffeb05,192,8,random_commuting_order,rep-064d85d4bf07def2071d,data/runs/w4-matched-representation-20260802/representations/rep-064d85d4bf07def2071d/representation_manifest.json,3131d3e92e111ea807893a0b5ddbebcd1d645e2202ebfc0976d9df0614809836,False,107331584,20260812,17175,90246,11121,90252,11055,completed,"[""cx"",""rz"",""h""]",slice-c-m32,8332,20.0,0.0,0.400350458920002,0.2941670420113951
16,24,cell-593a0a8a6c7be3366a7e,pyzx_rewrite_identity_up_to_global_phase_v1,True,passed,full_aggregation,exact input parity/phase table -> canonical CNOT-Rz,0.75,0.75,logical_all_to_all_no_routing,passed,data/runs/w4-matched-representation-20260802/cells/cell-593a0a8a6c7be3366a7e/cell.log,32,2147483648,33,c132779d43ad4ed40a3f0e79cdbe4056a1aafffa3d0039bb63d8e7a6b99da3d4,48,45,"['cx', 'rz']",72,0,c7038ed85688f1a5cfa7e3287825bdde31825451d5eb52151d266ef3a6f68b70,aba3e16148e6bc9805aae09a652f1466e4be0029550f3a3f05bb8f98574b2f00,24,8,random_commuting_order,rep-1cf36580a3a2653b2330,data/runs/w4-matched-representation-20260802/representations/rep-1cf36580a3a2653b2330/representation_manifest.json,bcec86d9ebc68b812b69f93ba8f5f002236f7b72032a4444d10b6d0afd2a8aa8,False,106414080,20260811,17175,90246,1457,10442,1391,completed,"[""cx"",""rz"",""h""]",slice-c-m32,8332,20.0,0.0,0.3319196669617668,0.22622604190837592
16,24,cell-22a88edc1739000eaa69,pyzx_rewrite_identity_up_to_global_phase_v1,True,passed,full_aggregation,exact input parity/phase table -> canonical CNOT-Rz,0.75,0.75,logical_all_to_all_no_routing,passed,data/runs/w4-matched-representation-20260802/cells/cell-22a88edc1739000eaa69/cell.log,32,2147483648,33,c132779d43ad4ed40a3f0e79cdbe4056a1aafffa3d0039bb63d8e7a6b99da3d4,48,45,"['cx', 'rz']",72,0,c7038ed85688f1a5cfa7e3287825bdde31825451d5eb52151d266ef3a6f68b70,aba3e16148e6bc9805aae09a652f1466e4be0029550f3a3f05bb8f98574b2f00,24,8,random_commuting_order,rep-064d85d4bf07def2071d,data/runs/w4-matched-representation-20260802/representations/rep-064d85d4bf07def2071d/representation_manifest.json,3131d3e92e111ea807893a0b5ddbebcd1d645e2202ebfc0976d9df0614809836,False,106332160,20260812,17175,90246,1457,10442,1391,completed,"[""cx"",""rz"",""h""]",slice-c-m32,8332,20.0,0.0,0.3355018339352682,0.22268358303699642
16,24,cell-71e8b431afd9b9b5bc69,pyzx_rewrite_identity_up_to_global_phase_v1,True,passed,pyzx_full_reduce,OpenQASM2 -> PyZX graph/full_reduce/extract -> target basis,0.75,0.75,logical_all_to_all_no_routing,passed,data/runs/w4-matched-representation-20260802/cells/cell-71e8b431afd9b9b5bc69/cell.log,32,2147483648,33,e00b79c1f6bd5033cfd65d6b060b03510426032e4d4ad447ab64345ad49a4529,272,424,"['cx', 'h', 'rz']",946,650,6963aaa472dc86aa458935dd1cc31364995f1ccb2234ec8469f21c1676f7c9bb,50fdb0a027c87ab289f5d8f7e68be9502c9fba52340029cb4ef25183d3e820de,24,8,random_commuting_order,rep-1cf36580a3a2653b2330,data/runs/w4-matched-representation-20260802/representations/rep-1cf36580a3a2653b2330/representation_manifest.json,bcec86d9ebc68b812b69f93ba8f5f002236f7b72032a4444d10b6d0afd2a8aa8,False,110657536,20260811,17175,90246,10675,126687,10609,completed,"[""cx"",""rz"",""h""]",slice-c-m32,8332,20.0,0.0,0.5024800830287859,0.40413579205051064
16,24,cell-603cbd7438a182ca6b99,pyzx_rewrite_identity_up_to_global_phase_v1,True,passed,pyzx_full_reduce,OpenQASM2 -> PyZX graph/full_reduce/extract -> target basis,0.75,0.75,logical_all_to_all_no_routing,passed,data/runs/w4-matched-representation-20260802/cells/cell-603cbd7438a182ca6b99/cell.log,32,2147483648,33,e00b79c1f6bd5033cfd65d6b060b03510426032e4d4ad447ab64345ad49a4529,272,424,"['cx', 'h', 'rz']",946,650,6963aaa472dc86aa458935dd1cc31364995f1ccb2234ec8469f21c1676f7c9bb,50fdb0a027c87ab289f5d8f7e68be9502c9fba52340029cb4ef25183d3e820de,24,8,random_commuting_order,rep-064d85d4bf07def2071d,data/runs/w4-matched-representation-20260802/representations/rep-064d85d4bf07def2071d/representation_manifest.json,3131d3e92e111ea807893a0b5ddbebcd1d645e2202ebfc0976d9df0614809836,False,110723072,20260812,17175,90246,10675,126687,10609,completed,"[""cx"",""rz"",""h""]",slice-c-m32,8332,20.0,0.0,0.5097717080498114,0.40297466702759266
16,24,cell-59b0c61a7685c15ec11d,pyzx_rewrite_identity_up_to_global_phase_v1,True,passed,qiskit_opt3,OpenQASM2 -> Qiskit preset level 3 -> target basis,0.75,0.75,logical_all_to_all_no_routing,passed,data/runs/w4-matched-representation-20260802/cells/cell-59b0c61a7685c15ec11d/cell.log,32,2147483648,33,9ad977cba214bc8796b64c15a75536e2c13b3ed420fc04f7ab55a341e3f19e24,244,69,"['cx', 'rz']",366,0,f231b56a6bf2532e9fe3e9000316b5e3073ccbd0f6e6a85a769c3751272044ec,081d5a7895f3e965ab23ce4641095af56bdbb472944672933b1a399bd37e548e,122,8,random_commuting_order,rep-1cf36580a3a2653b2330,data/runs/w4-matched-representation-20260802/representations/rep-1cf36580a3a2653b2330/representation_manifest.json,bcec86d9ebc68b812b69f93ba8f5f002236f7b72032a4444d10b6d0afd2a8aa8,False,110346240,20260811,17175,90246,7114,56881,7053,completed,"[""cx"",""rz"",""h""]",slice-c-m32,8332,20.0,0.0,0.38689308299217373,0.28190966695547104
16,24,cell-8ea309c3ae4349059536,pyzx_rewrite_identity_up_to_global_phase_v1,True,passed,qiskit_opt3,OpenQASM2 -> Qiskit preset level 3 -> target basis,0.75,0.75,logical_all_to_all_no_routing,passed,data/runs/w4-matched-representation-20260802/cells/cell-8ea309c3ae4349059536/cell.log,32,2147483648,33,e88f01a83c7f6d2a2ccf416d71f4a0619572088bc8b59d88100a2e14204c4086,248,72,"['cx', 'rz']",372,0,57f81580169fab7e39b15f68957eb38964c79060f743d2fd1500b2ae58f827ee,faf8a298c77844a47d88ce90ca22c0fb72a755128cccb2857cbb643b6878eebd,124,8,random_commuting_order,rep-064d85d4bf07def2071d,data/runs/w4-matched-representation-20260802/representations/rep-064d85d4bf07def2071d/representation_manifest.json,3131d3e92e111ea807893a0b5ddbebcd1d645e2202ebfc0976d9df0614809836,False,110346240,20260812,17175,90246,7115,57837,7054,completed,"[""cx"",""rz"",""h""]",slice-c-m32,8332,20.0,0.0,0.38656929100397974,0.2798645420698449
16,24,cell-439f1ce2608d249bb205,pyzx_rewrite_identity_up_to_global_phase_v1,True,passed,tket_paulisimp,OpenQASM2 -> TKET DecomposeBoxes/AutoRebase/PauliSimp -> target basis,0.75,0.75,logical_all_to_all_no_routing,passed,data/runs/w4-matched-representation-20260802/cells/cell-439f1ce2608d249bb205/cell.log,32,2147483648,33,a941929e08433ed0df61030e5d28c5a1cf2df83e2d69b097f8d09ada31de4778,200,162,"['cx', 'h', 'rz']",422,66,7b1f7cf9136f51f9355f7d4899ba6b4bd5aaa0557dcfcc8dcb675e98ad346237,dc44d946d1f989a19e9cd89c55bd77ae091c8e9dcc2eef03796b4975a1712e96,156,8,random_commuting_order,rep-1cf36580a3a2653b2330,data/runs/w4-matched-representation-20260802/representations/rep-1cf36580a3a2653b2330/representation_manifest.json,bcec86d9ebc68b812b69f93ba8f5f002236f7b72032a4444d10b6d0afd2a8aa8,False,158433280,20260811,17175,90246,6571,63570,6507,completed,"[""cx"",""rz"",""h""]",slice-c-m32,8332,20.0,0.0,0.6325364579679444,0.4860754159744829
16,24,cell-c426ba7216bcc429385f,pyzx_rewrite_identity_up_to_global_phase_v1,True,passed,tket_paulisimp,OpenQASM2 -> TKET DecomposeBoxes/AutoRebase/PauliSimp -> target basis,0.75,0.75,logical_all_to_all_no_routing,passed,data/runs/w4-matched-representation-20260802/cells/cell-c426ba7216bcc429385f/cell.log,32,2147483648,33,8734e543330a942ccc2c0aa8daab05d08414d3c53b4768eb1db288bc270e812b,200,162,"['cx', 'h', 'rz']",422,66,798470166d41938fc063c6709bd416a4b81d57d35d28ea53ba2ba9d7efee0e22,c304e984412c8fa4716be07ad4a312c18d74e1d57a9d14caa4f44aebe7aacfb0,156,8,random_commuting_order,rep-064d85d4bf07def2071d,data/runs/w4-matched-representation-20260802/representations/rep-064d85d4bf07def2071d/representation_manifest.json,3131d3e92e111ea807893a0b5ddbebcd1d645e2202ebfc0976d9df0614809836,False,158531584,20260812,17175,90246,6572,63570,6508,completed,"[""cx"",""rz"",""h""]",slice-c-m32,8332,20.0,0.0,0.6247246250277385,0.4894196660025045
16,24,cell-88fb1d07c6252817f01c,pyzx_rewrite_identity_up_to_global_phase_v1,True,passed,echo_passthrough,literal input circuit -> output,0.75,0.75,logical_all_to_all_no_routing,passed,data/runs/w4-matched-representation-20260802/cells/cell-88fb1d07c6252817f01c/cell.log,32,2147483648,33,14a71e1eee30296e350284accf026fe5b518918204b51197488a867f34ee583d,384,87,"['cx', 'rz']",576,0,7d88e38f79c49c23d5a6cc0d206c50566886f6a32868ae9627782a6ca12443ea,3a12b7e795fd9e89d26f6f1ca16b11347386d9751673b3b608894f967e278ac3,192,8,round_robin_flat,rep-fe4f2d7266fc7e8378c9,data/runs/w4-matched-representation-20260802/representations/rep-fe4f2d7266fc7e8378c9/representation_manifest.json,d455396ce5ee6a3de180543b3925f14955e5b81314d1748272aa43e8edc92117,False,107413504,20260811,17175,90240,11121,90252,11055,completed,"[""cx"",""rz"",""h""]",slice-c-m32,8332,20.0,0.0,0.44392612494993955,0.3451006250688806
16,24,cell-69cda91cd41783fb6978,pyzx_rewrite_identity_up_to_global_phase_v1,True,passed,echo_passthrough,literal input circuit -> output,0.75,0.75,logical_all_to_all_no_routing,passed,data/runs/w4-matched-representation-20260802/cells/cell-69cda91cd41783fb6978/cell.log,32,2147483648,33,14a71e1eee30296e350284accf026fe5b518918204b51197488a867f34ee583d,384,87,"['cx', 'rz']",576,0,7d88e38f79c49c23d5a6cc0d206c50566886f6a32868ae9627782a6ca12443ea,3a12b7e795fd9e89d26f6f1ca16b11347386d9751673b3b608894f967e278ac3,192,8,round_robin_flat,rep-6cd6a57ce30114d7a67d,data/runs/w4-matched-representation-20260802/representations/rep-6cd6a57ce30114d7a67d/representation_manifest.json,1ef8afa1308af29fbd029078986d46175140e87f44f50db7915bcfd80e04ade7,False,107462656,20260812,17175,90240,11121,90252,11055,completed,"[""cx"",""rz"",""h""]",slice-c-m32,8332,20.0,0.0,0.4488800830440596,0.3384482079418376
16,24,cell-00eb7f2aac61d556c211,pyzx_rewrite_identity_up_to_global_phase_v1,True,passed,full_aggregation,exact input parity/phase table -> canonical CNOT-Rz,0.75,0.75,logical_all_to_all_no_routing,passed,data/runs/w4-matched-representation-20260802/cells/cell-00eb7f2aac61d556c211/cell.log,32,2147483648,33,c132779d43ad4ed40a3f0e79cdbe4056a1aafffa3d0039bb63d8e7a6b99da3d4,48,45,"['cx', 'rz']",72,0,c7038ed85688f1a5cfa7e3287825bdde31825451d5eb52151d266ef3a6f68b70,aba3e16148e6bc9805aae09a652f1466e4be0029550f3a3f05bb8f98574b2f00,24,8,round_robin_flat,rep-fe4f2d7266fc7e8378c9,data/runs/w4-matched-representation-20260802/representations/rep-fe4f2d7266fc7e8378c9/representation_manifest.json,d455396ce5ee6a3de180543b3925f14955e5b81314d1748272aa43e8edc92117,False,106397696,20260811,17175,90240,1457,10442,1391,completed,"[""cx"",""rz"",""h""]",slice-c-m32,8332,20.0,0.0,0.32193504099268466,0.22862795798573643
16,24,cell-eaadf8edb3956fd94444,pyzx_rewrite_identity_up_to_global_phase_v1,True,passed,full_aggregation,exact input parity/phase table -> canonical CNOT-Rz,0.75,0.75,logical_all_to_all_no_routing,passed,data/runs/w4-matched-representation-20260802/cells/cell-eaadf8edb3956fd94444/cell.log,32,2147483648,33,c132779d43ad4ed40a3f0e79cdbe4056a1aafffa3d0039bb63d8e7a6b99da3d4,48,45,"['cx', 'rz']",72,0,c7038ed85688f1a5cfa7e3287825bdde31825451d5eb52151d266ef3a6f68b70,aba3e16148e6bc9805aae09a652f1466e4be0029550f3a3f05bb8f98574b2f00,24,8,round_robin_flat,rep-6cd6a57ce30114d7a67d,data/runs/w4-matched-representation-20260802/representations/rep-6cd6a57ce30114d7a67d/representation_manifest.json,1ef8afa1308af29fbd029078986d46175140e87f44f50db7915bcfd80e04ade7,False,106430464,20260812,17175,90240,1457,10442,1391,completed,"[""cx"",""rz"",""h""]",slice-c-m32,8332,20.0,0.0,0.3362453329609707,0.2250250409124419
16,24,cell-30e52ff7c99af17e482e,pyzx_rewrite_identity_up_to_global_phase_v1,True,passed,pyzx_full_reduce,OpenQASM2 -> PyZX graph/full_reduce/extract -> target basis,0.75,0.75,logical_all_to_all_no_routing,passed,data/runs/w4-matched-representation-20260802/cells/cell-30e52ff7c99af17e482e/cell.log,32,2147483648,33,e00b79c1f6bd5033cfd65d6b060b03510426032e4d4ad447ab64345ad49a4529,272,424,"['cx', 'h', 'rz']",946,650,6963aaa472dc86aa458935dd1cc31364995f1ccb2234ec8469f21c1676f7c9bb,50fdb0a027c87ab289f5d8f7e68be9502c9fba52340029cb4ef25183d3e820de,24,8,round_robin_flat,rep-fe4f2d7266fc7e8378c9,data/runs/w4-matched-representation-20260802/representations/rep-fe4f2d7266fc7e8378c9/representation_manifest.json,d455396ce5ee6a3de180543b3925f14955e5b81314d1748272aa43e8edc92117,False,110837760,20260811,17175,90240,10675,126687,10609,completed,"[""cx"",""rz"",""h""]",slice-c-m32,8332,20.0,0.0,0.5470733749680221,0.44633470894768834
16,24,cell-1d53dd45212efb655cb5,pyzx_rewrite_identity_up_to_global_phase_v1,True,passed,pyzx_full_reduce,OpenQASM2 -> PyZX graph/full_reduce/extract -> target basis,0.75,0.75,logical_all_to_all_no_routing,passed,data/runs/w4-matched-representation-20260802/cells/cell-1d53dd45212efb655cb5/cell.log,32,2147483648,33,e00b79c1f6bd5033cfd65d6b060b03510426032e4d4ad447ab64345ad49a4529,272,424,"['cx', 'h', 'rz']",946,650,6963aaa472dc86aa458935dd1cc31364995f1ccb2234ec8469f21c1676f7c9bb,50fdb0a027c87ab289f5d8f7e68be9502c9fba52340029cb4ef25183d3e820de,24,8,round_robin_flat,rep-6cd6a57ce30114d7a67d,data/runs/w4-matched-representation-20260802/representations/rep-6cd6a57ce30114d7a67d/representation_manifest.json,1ef8afa1308af29fbd029078986d46175140e87f44f50db7915bcfd80e04ade7,False,110886912,20260812,17175,90240,10675,126687,10609,completed,"[""cx"",""rz"",""h""]",slice-c-m32,8332,20.0,0.0,0.5614179170224816,0.4561466670129448
16,24,cell-12b6fadc2c8f4bcd6b6b,pyzx_rewrite_identity_up_to_global_phase_v1,True,passed,qiskit_opt3,OpenQASM2 -> Qiskit preset level 3 -> target basis,0.75,0.75,logical_all_to_all_no_routing,passed,data/runs/w4-matched-representation-20260802/cells/cell-12b6fadc2c8f4bcd6b6b/cell.log,32,2147483648,33,24c26c4018d402571a9148e9b848cc1f85b0c3c61ea2845616f6aa1b12f76ab3,370,87,"['cx', 'rz']",555,0,66852d2983059540e15a5eaf02a170e13a788d661e8c922f8e90ed2e6a9eae8c,97aa4fba497866ba42f3e167437124646417f89cd4953c5ee559d956087e83b7,185,8,round_robin_flat,rep-fe4f2d7266fc7e8378c9,data/runs/w4-matched-representation-20260802/representations/rep-fe4f2d7266fc7e8378c9/representation_manifest.json,d455396ce5ee6a3de180543b3925f14955e5b81314d1748272aa43e8edc92117,False,110641152,20260811,17175,90240,10682,86916,10621,completed,"[""cx"",""rz"",""h""]",slice-c-m32,8332,20.0,0.0,0.43527045799419284,0.3264539579395205
16,24,cell-16d12b062a0461404c86,pyzx_rewrite_identity_up_to_global_phase_v1,True,passed,qiskit_opt3,OpenQASM2 -> Qiskit preset level 3 -> target basis,0.75,0.75,logical_all_to_all_no_routing,passed,data/runs/w4-matched-representation-20260802/cells/cell-16d12b062a0461404c86/cell.log,32,2147483648,33,24c26c4018d402571a9148e9b848cc1f85b0c3c61ea2845616f6aa1b12f76ab3,370,87,"['cx', 'rz']",555,0,66852d2983059540e15a5eaf02a170e13a788d661e8c922f8e90ed2e6a9eae8c,97aa4fba497866ba42f3e167437124646417f89cd4953c5ee559d956087e83b7,185,8,round_robin_flat,rep-6cd6a57ce30114d7a67d,data/runs/w4-matched-representation-20260802/representations/rep-6cd6a57ce30114d7a67d/representation_manifest.json,1ef8afa1308af29fbd029078986d46175140e87f44f50db7915bcfd80e04ade7,False,110673920,20260812,17175,90240,10682,86916,10621,completed,"[""cx"",""rz"",""h""]",slice-c-m32,8332,20.0,0.0,0.4260217919945717,0.3262868330348283
16,24,cell-5f17946a053d0b05c1ff,pyzx_rewrite_identity_up_to_global_phase_v1,True,passed,tket_paulisimp,OpenQASM2 -> TKET DecomposeBoxes/AutoRebase/PauliSimp -> target basis,0.75,0.75,logical_all_to_all_no_routing,passed,data/runs/w4-matched-representation-20260802/cells/cell-5f17946a053d0b05c1ff/cell.log,32,2147483648,33,140c3014832a6ced572fd6ccf5a9d4335e434fe6f62c5f0cfed2e19eb8e5c0a8,200,162,"['cx', 'h', 'rz']",422,66,355171fd2c739ce5b1e8cbb873030c4bdfff2db030f4e0d1a95b6f2b66f2571e,5d4adc3ea070082a01cbef06121218549a1658503472a926063d9e55674d3893,156,8,round_robin_flat,rep-fe4f2d7266fc7e8378c9,data/runs/w4-matched-representation-20260802/representations/rep-fe4f2d7266fc7e8378c9/representation_manifest.json,d455396ce5ee6a3de180543b3925f14955e5b81314d1748272aa43e8edc92117,False,158498816,20260811,17175,90240,6573,63566,6509,completed,"[""cx"",""rz"",""h""]",slice-c-m32,8332,20.0,0.0,0.6278116670437157,0.4829420839669183
16,24,cell-14f6e23db116f2105e56,pyzx_rewrite_identity_up_to_global_phase_v1,True,passed,tket_paulisimp,OpenQASM2 -> TKET DecomposeBoxes/AutoRebase/PauliSimp -> target basis,0.75,0.75,logical_all_to_all_no_routing,passed,data/runs/w4-matched-representation-20260802/cells/cell-14f6e23db116f2105e56/cell.log,32,2147483648,33,140c3014832a6ced572fd6ccf5a9d4335e434fe6f62c5f0cfed2e19eb8e5c0a8,200,162,"['cx', 'h', 'rz']",422,66,355171fd2c739ce5b1e8cbb873030c4bdfff2db030f4e0d1a95b6f2b66f2571e,5d4adc3ea070082a01cbef06121218549a1658503472a926063d9e55674d3893,156,8,round_robin_flat,rep-6cd6a57ce30114d7a67d,data/runs/w4-matched-representation-20260802/representations/rep-6cd6a57ce30114d7a67d/representation_manifest.json,1ef8afa1308af29fbd029078986d46175140e87f44f50db7915bcfd80e04ade7,False,158384128,20260812,17175,90240,6573,63566,6509,completed,"[""cx"",""rz"",""h""]",slice-c-m32,8332,20.0,0.0,0.6278646660503,0.4791952089872211
16,24,cell-30664013238df5275292,pyzx_rewrite_identity_up_to_global_phase_v1,True,passed,echo_passthrough,literal input circuit -> output,0.75,0.75,logical_all_to_all_no_routing,passed,data/runs/w4-matched-representation-20260802/cells/cell-30664013238df5275292/cell.log,32,2147483648,33,65e22c57ab3d3e38dd0c5577133c1fed19e659aca75268f0e244f9a8beed9662,48,45,"['cx', 'rz']",72,0,42ba640b85a72d5b489555fdb709c70baa4bd85a2c5da22a4bf8fe606d2daba8,aba3e16148e6bc9805aae09a652f1466e4be0029550f3a3f05bb8f98574b2f00,24,8,semantic_aggregate,rep-a51686dd5a3f82f3f5c6,data/runs/w4-matched-representation-20260802/representations/rep-a51686dd5a3f82f3f5c6/representation_manifest.json,2ba72e37ea7bb691f96734d2f0b20aa2d508bd81e91ff98c797356dc192c6d4f,False,106217472,20260811,2364,10412,1457,10422,1391,completed,"[""cx"",""rz"",""h""]",slice-c-m32,8332,20.0,0.0,0.3101815420668572,0.21777008392382413
16,24,cell-da6532b7ecee36de9829,pyzx_rewrite_identity_up_to_global_phase_v1,True,passed,echo_passthrough,literal input circuit -> output,0.75,0.75,logical_all_to_all_no_routing,passed,data/runs/w4-matched-representation-20260802/cells/cell-da6532b7ecee36de9829/cell.log,32,2147483648,33,65e22c57ab3d3e38dd0c5577133c1fed19e659aca75268f0e244f9a8beed9662,48,45,"['cx', 'rz']",72,0,42ba640b85a72d5b489555fdb709c70baa4bd85a2c5da22a4bf8fe606d2daba8,aba3e16148e6bc9805aae09a652f1466e4be0029550f3a3f05bb8f98574b2f00,24,8,semantic_aggregate,rep-b5a094a67595fbca78a1,data/runs/w4-matched-representation-20260802/representations/rep-b5a094a67595fbca78a1/representation_manifest.json,0150a6e6e5d47670616750c2adcb10a539fa1e51893a18840f92c7cbc601aafe,False,106217472,20260812,2364,10412,1457,10422,1391,completed,"[""cx"",""rz"",""h""]",slice-c-m32,8332,20.0,0.0,0.31020708300638944,0.21966520801652223
16,24,cell-9f6ea2a1bebdca013367,pyzx_rewrite_identity_up_to_global_phase_v1,True,passed,full_aggregation,exact input parity/phase table -> canonical CNOT-Rz,0.75,0.75,logical_all_to_all_no_routing,passed,data/runs/w4-matched-representation-20260802/cells/cell-9f6ea2a1bebdca013367/cell.log,32,2147483648,33,c132779d43ad4ed40a3f0e79cdbe4056a1aafffa3d0039bb63d8e7a6b99da3d4,48,45,"['cx', 'rz']",72,0,c7038ed85688f1a5cfa7e3287825bdde31825451d5eb52151d266ef3a6f68b70,aba3e16148e6bc9805aae09a652f1466e4be0029550f3a3f05bb8f98574b2f00,24,8,semantic_aggregate,rep-a51686dd5a3f82f3f5c6,data/runs/w4-matched-representation-20260802/representations/rep-a51686dd5a3f82f3f5c6/representation_manifest.json,2ba72e37ea7bb691f96734d2f0b20aa2d508bd81e91ff98c797356dc192c6d4f,False,106168320,20260811,2364,10412,1457,10442,1391,completed,"[""cx"",""rz"",""h""]",slice-c-m32,8332,20.0,0.0,0.3345452909125015,0.2208975829416886
16,24,cell-9cfa16b4422cfb6a7254,pyzx_rewrite_identity_up_to_global_phase_v1,True,passed,full_aggregation,exact input parity/phase table -> canonical CNOT-Rz,0.75,0.75,logical_all_to_all_no_routing,passed,data/runs/w4-matched-representation-20260802/cells/cell-9cfa16b4422cfb6a7254/cell.log,32,2147483648,33,c132779d43ad4ed40a3f0e79cdbe4056a1aafffa3d0039bb63d8e7a6b99da3d4,48,45,"['cx', 'rz']",72,0,c7038ed85688f1a5cfa7e3287825bdde31825451d5eb52151d266ef3a6f68b70,aba3e16148e6bc9805aae09a652f1466e4be0029550f3a3f05bb8f98574b2f00,24,8,semantic_aggregate,rep-b5a094a67595fbca78a1,data/runs/w4-matched-representation-20260802/representations/rep-b5a094a67595fbca78a1/representation_manifest.json,0150a6e6e5d47670616750c2adcb10a539fa1e51893a18840f92c7cbc601aafe,False,106102784,20260812,2364,10412,1457,10442,1391,completed,"[""cx"",""rz"",""h""]",slice-c-m32,8332,20.0,0.0,0.3166424169903621,0.22212829103227705
16,24,cell-1938fcb1f37e98243415,pyzx_rewrite_identity_up_to_global_phase_v1,True,passed,pyzx_full_reduce,OpenQASM2 -> PyZX graph/full_reduce/extract -> target basis,0.75,0.75,logical_all_to_all_no_routing,passed,data/runs/w4-matched-representation-20260802/cells/cell-1938fcb1f37e98243415/cell.log,32,2147483648,33,e00b79c1f6bd5033cfd65d6b060b03510426032e4d4ad447ab64345ad49a4529,272,424,"['cx', 'h', 'rz']",946,650,6963aaa472dc86aa458935dd1cc31364995f1ccb2234ec8469f21c1676f7c9bb,50fdb0a027c87ab289f5d8f7e68be9502c9fba52340029cb4ef25183d3e820de,24,8,semantic_aggregate,rep-a51686dd5a3f82f3f5c6,data/runs/w4-matched-representation-20260802/representations/rep-a51686dd5a3f82f3f5c6/representation_manifest.json,2ba72e37ea7bb691f96734d2f0b20aa2d508bd81e91ff98c797356dc192c6d4f,False,110493696,20260811,2364,10412,10675,126687,10609,completed,"[""cx"",""rz"",""h""]",slice-c-m32,8332,20.0,0.0,0.4260983329731971,0.3348799579543993
16,24,cell-125fed8176d56f557624,pyzx_rewrite_identity_up_to_global_phase_v1,True,passed,pyzx_full_reduce,OpenQASM2 -> PyZX graph/full_reduce/extract -> target basis,0.75,0.75,logical_all_to_all_no_routing,passed,data/runs/w4-matched-representation-20260802/cells/cell-125fed8176d56f557624/cell.log,32,2147483648,33,e00b79c1f6bd5033cfd65d6b060b03510426032e4d4ad447ab64345ad49a4529,272,424,"['cx', 'h', 'rz']",946,650,6963aaa472dc86aa458935dd1cc31364995f1ccb2234ec8469f21c1676f7c9bb,50fdb0a027c87ab289f5d8f7e68be9502c9fba52340029cb4ef25183d3e820de,24,8,semantic_aggregate,rep-b5a094a67595fbca78a1,data/runs/w4-matched-representation-20260802/representations/rep-b5a094a67595fbca78a1/representation_manifest.json,0150a6e6e5d47670616750c2adcb10a539fa1e51893a18840f92c7cbc601aafe,False,110526464,20260812,2364,10412,10675,126687,10609,completed,"[""cx"",""rz"",""h""]",slice-c-m32,8332,20.0,0.0,0.43684916594065726,0.3370390839409083
16,24,cell-7d6d7b0f342ea5b78afc,pyzx_rewrite_identity_up_to_global_phase_v1,True,passed,qiskit_opt3,OpenQASM2 -> Qiskit preset level 3 -> target basis,0.75,0.75,logical_all_to_all_no_routing,passed,data/runs/w4-matched-representation-20260802/cells/cell-7d6d7b0f342ea5b78afc/cell.log,32,2147483648,33,9f84b2ec978c0baacbf7e09469da7f3674fca7377d5b96f6b32c3135e41efa8c,48,45,"['cx', 'rz']",72,0,2bc77ad05a60c5a09885c64619129ee5ae544205cea360d88ac57b69fa4ba436,aba3e16148e6bc9805aae09a652f1466e4be0029550f3a3f05bb8f98574b2f00,24,8,semantic_aggregate,rep-a51686dd5a3f82f3f5c6,data/runs/w4-matched-representation-20260802/representations/rep-a51686dd5a3f82f3f5c6/representation_manifest.json,2ba72e37ea7bb691f96734d2f0b20aa2d508bd81e91ff98c797356dc192c6d4f,False,109232128,20260811,2364,10412,1452,10441,1391,completed,"[""cx"",""rz"",""h""]",slice-c-m32,8332,20.0,0.0,0.3372865410055965,0.2305119999218732
16,24,cell-249900d6aeb58a800a68,pyzx_rewrite_identity_up_to_global_phase_v1,True,passed,qiskit_opt3,OpenQASM2 -> Qiskit preset level 3 -> target basis,0.75,0.75,logical_all_to_all_no_routing,passed,data/runs/w4-matched-representation-20260802/cells/cell-249900d6aeb58a800a68/cell.log,32,2147483648,33,9f84b2ec978c0baacbf7e09469da7f3674fca7377d5b96f6b32c3135e41efa8c,48,45,"['cx', 'rz']",72,0,2bc77ad05a60c5a09885c64619129ee5ae544205cea360d88ac57b69fa4ba436,aba3e16148e6bc9805aae09a652f1466e4be0029550f3a3f05bb8f98574b2f00,24,8,semantic_aggregate,rep-b5a094a67595fbca78a1,data/runs/w4-matched-representation-20260802/representations/rep-b5a094a67595fbca78a1/representation_manifest.json,0150a6e6e5d47670616750c2adcb10a539fa1e51893a18840f92c7cbc601aafe,False,109412352,20260812,2364,10412,1452,10441,1391,completed,"[""cx"",""rz"",""h""]",slice-c-m32,8332,20.0,0.0,0.3389338329434395,0.231842250097543
16,24,cell-438169a5049d172425ce,pyzx_rewrite_identity_up_to_global_phase_v1,True,passed,tket_paulisimp,OpenQASM2 -> TKET DecomposeBoxes/AutoRebase/PauliSimp -> target basis,0.75,0.75,logical_all_to_all_no_routing,passed,data/runs/w4-matched-representation-20260802/cells/cell-438169a5049d172425ce/cell.log,32,2147483648,33,6d89b33e1f216f94fa5e3ac24feb1592eceae85611f105ff78904df47e90b293,200,162,"['cx', 'h', 'rz']",422,66,b3d426289ed80f7356ab091e604842ef51850cac2eb0d7b68e363913fa74fa1f,5fa1faa900d8b3adad1ed87000d99099c3e78d0a30d5be24f56da5422c0648a3,156,8,semantic_aggregate,rep-a51686dd5a3f82f3f5c6,data/runs/w4-matched-representation-20260802/representations/rep-a51686dd5a3f82f3f5c6/representation_manifest.json,2ba72e37ea7bb691f96734d2f0b20aa2d508bd81e91ff98c797356dc192c6d4f,False,157515776,20260811,2364,10412,6571,63570,6507,completed,"[""cx"",""rz"",""h""]",slice-c-m32,8332,20.0,0.0,0.6154905000003055,0.47422820900101215
16,24,cell-57b9862fc348078eb590,pyzx_rewrite_identity_up_to_global_phase_v1,True,passed,tket_paulisimp,OpenQASM2 -> TKET DecomposeBoxes/AutoRebase/PauliSimp -> target basis,0.75,0.75,logical_all_to_all_no_routing,passed,data/runs/w4-matched-representation-20260802/cells/cell-57b9862fc348078eb590/cell.log,32,2147483648,33,6d89b33e1f216f94fa5e3ac24feb1592eceae85611f105ff78904df47e90b293,200,162,"['cx', 'h', 'rz']",422,66,b3d426289ed80f7356ab091e604842ef51850cac2eb0d7b68e363913fa74fa1f,5fa1faa900d8b3adad1ed87000d99099c3e78d0a30d5be24f56da5422c0648a3,156,8,semantic_aggregate,rep-b5a094a67595fbca78a1,data/runs/w4-matched-representation-20260802/representations/rep-b5a094a67595fbca78a1/representation_manifest.json,0150a6e6e5d47670616750c2adcb10a539fa1e51893a18840f92c7cbc601aafe,False,157351936,20260812,2364,10412,6571,63570,6507,completed,"[""cx"",""rz"",""h""]",slice-c-m32,8332,20.0,0.0,0.5997111249016598,0.4693158749723807
16,24,cell-06fbc09391d7173bcaa4,pyzx_rewrite_identity_up_to_global_phase_v1,True,passed,echo_passthrough,literal input circuit -> output,0.75,0.75,logical_all_to_all_no_routing,passed,data/runs/w4-matched-representation-20260802/cells/cell-06fbc09391d7173bcaa4/cell.log,32,2147483648,33,de414c2737b10a531bcb5034de0a51c62b01b69b565887dadacf3104e23422bf,48,45,"['cx', 'rz']",72,0,ce92e97ca3ccaf710ab6eb7853018f380a286f59d7f08030ac487572d2792079,f5e84cf63751e2b97e476e3d5167d7d6436d387fb4ee205c2eafb49a2a3ccfd1,24,8,tket_bridge,rep-c835b8373bdd5fed0a70,data/runs/w4-matched-representation-20260802/representations/rep-c835b8373bdd5fed0a70/representation_manifest.json,4f85d7c6815ba51483ade1e07c8c83309c88f4f4a26bf660a18fd96d6c4664d4,False,106332160,20260811,1399,10405,1457,10422,1391,completed,"[""cx"",""rz"",""h""]",slice-c-m32,8332,20.0,0.0,0.33879020798485726,0.22333187493495643
16,24,cell-4aa3424b5c7c84a20fb5,pyzx_rewrite_identity_up_to_global_phase_v1,True,passed,echo_passthrough,literal input circuit -> output,0.75,0.75,logical_all_to_all_no_routing,passed,data/runs/w4-matched-representation-20260802/cells/cell-4aa3424b5c7c84a20fb5/cell.log,32,2147483648,33,de414c2737b10a531bcb5034de0a51c62b01b69b565887dadacf3104e23422bf,48,45,"['cx', 'rz']",72,0,ce92e97ca3ccaf710ab6eb7853018f380a286f59d7f08030ac487572d2792079,f5e84cf63751e2b97e476e3d5167d7d6436d387fb4ee205c2eafb49a2a3ccfd1,24,8,tket_bridge,rep-89ad3ea2778e3721878c,data/runs/w4-matched-representation-20260802/representations/rep-89ad3ea2778e3721878c/representation_manifest.json,4ab38e22dbebfdf307e9ed7063d6bb25fb2ee5e409452e556c902bab7aaf0dcf,False,106184704,20260812,1399,10405,1457,10422,1391,completed,"[""cx"",""rz"",""h""]",slice-c-m32,8332,20.0,0.0,0.3155555420089513,0.21823708398733288
16,24,cell-5da83ea57bbe33d4d53e,pyzx_rewrite_identity_up_to_global_phase_v1,True,passed,full_aggregation,exact input parity/phase table -> canonical CNOT-Rz,0.75,0.75,logical_all_to_all_no_routing,passed,data/runs/w4-matched-representation-20260802/cells/cell-5da83ea57bbe33d4d53e/cell.log,32,2147483648,33,c132779d43ad4ed40a3f0e79cdbe4056a1aafffa3d0039bb63d8e7a6b99da3d4,48,45,"['cx', 'rz']",72,0,c7038ed85688f1a5cfa7e3287825bdde31825451d5eb52151d266ef3a6f68b70,aba3e16148e6bc9805aae09a652f1466e4be0029550f3a3f05bb8f98574b2f00,24,8,tket_bridge,rep-c835b8373bdd5fed0a70,data/runs/w4-matched-representation-20260802/representations/rep-c835b8373bdd5fed0a70/representation_manifest.json,4f85d7c6815ba51483ade1e07c8c83309c88f4f4a26bf660a18fd96d6c4664d4,False,106217472,20260811,1399,10405,1457,10442,1391,completed,"[""cx"",""rz"",""h""]",slice-c-m32,8332,20.0,0.0,0.3157002080697566,0.21933049999643117
16,24,cell-0cd242e35adfd614cfd0,pyzx_rewrite_identity_up_to_global_phase_v1,True,passed,full_aggregation,exact input parity/phase table -> canonical CNOT-Rz,0.75,0.75,logical_all_to_all_no_routing,passed,data/runs/w4-matched-representation-20260802/cells/cell-0cd242e35adfd614cfd0/cell.log,32,2147483648,33,c132779d43ad4ed40a3f0e79cdbe4056a1aafffa3d0039bb63d8e7a6b99da3d4,48,45,"['cx', 'rz']",72,0,c7038ed85688f1a5cfa7e3287825bdde31825451d5eb52151d266ef3a6f68b70,aba3e16148e6bc9805aae09a652f1466e4be0029550f3a3f05bb8f98574b2f00,24,8,tket_bridge,rep-89ad3ea2778e3721878c,data/runs/w4-matched-representation-20260802/representations/rep-89ad3ea2778e3721878c/representation_manifest.json,4ab38e22dbebfdf307e9ed7063d6bb25fb2ee5e409452e556c902bab7aaf0dcf,False,106184704,20260812,1399,10405,1457,10442,1391,completed,"[""cx"",""rz"",""h""]",slice-c-m32,8332,20.0,0.0,0.31275420798920095,0.22055737499613315
16,24,cell-298329d732885b7e0468,pyzx_rewrite_identity_up_to_global_phase_v1,True,passed,pyzx_full_reduce,OpenQASM2 -> PyZX graph/full_reduce/extract -> target basis,0.75,0.75,logical_all_to_all_no_routing,passed,data/runs/w4-matched-representation-20260802/cells/cell-298329d732885b7e0468/cell.log,32,2147483648,33,e00b79c1f6bd5033cfd65d6b060b03510426032e4d4ad447ab64345ad49a4529,272,424,"['cx', 'h', 'rz']",946,650,6963aaa472dc86aa458935dd1cc31364995f1ccb2234ec8469f21c1676f7c9bb,50fdb0a027c87ab289f5d8f7e68be9502c9fba52340029cb4ef25183d3e820de,24,8,tket_bridge,rep-c835b8373bdd5fed0a70,data/runs/w4-matched-representation-20260802/representations/rep-c835b8373bdd5fed0a70/representation_manifest.json,4f85d7c6815ba51483ade1e07c8c83309c88f4f4a26bf660a18fd96d6c4664d4,False,110526464,20260811,1399,10405,10675,126687,10609,completed,"[""cx"",""rz"",""h""]",slice-c-m32,8332,20.0,0.0,0.42645766702480614,0.335409790975973
16,24,cell-22ca17f0d58da26f1a2b,pyzx_rewrite_identity_up_to_global_phase_v1,True,passed,pyzx_full_reduce,OpenQASM2 -> PyZX graph/full_reduce/extract -> target basis,0.75,0.75,logical_all_to_all_no_routing,passed,data/runs/w4-matched-representation-20260802/cells/cell-22ca17f0d58da26f1a2b/cell.log,32,2147483648,33,e00b79c1f6bd5033cfd65d6b060b03510426032e4d4ad447ab64345ad49a4529,272,424,"['cx', 'h', 'rz']",946,650,6963aaa472dc86aa458935dd1cc31364995f1ccb2234ec8469f21c1676f7c9bb,50fdb0a027c87ab289f5d8f7e68be9502c9fba52340029cb4ef25183d3e820de,24,8,tket_bridge,rep-89ad3ea2778e3721878c,data/runs/w4-matched-representation-20260802/representations/rep-89ad3ea2778e3721878c/representation_manifest.json,4ab38e22dbebfdf307e9ed7063d6bb25fb2ee5e409452e556c902bab7aaf0dcf,False,110608384,20260812,1399,10405,10675,126687,10609,completed,"[""cx"",""rz"",""h""]",slice-c-m32,8332,20.0,0.0,0.434825332951732,0.339611875009723
16,24,cell-d2f4ddc62b7dc0735c3c,pyzx_rewrite_identity_up_to_global_phase_v1,True,passed,qiskit_opt3,OpenQASM2 -> Qiskit preset level 3 -> target basis,0.75,0.75,logical_all_to_all_no_routing,passed,data/runs/w4-matched-representation-20260802/cells/cell-d2f4ddc62b7dc0735c3c/cell.log,32,2147483648,33,9f84b2ec978c0baacbf7e09469da7f3674fca7377d5b96f6b32c3135e41efa8c,48,45,"['cx', 'rz']",72,0,2bc77ad05a60c5a09885c64619129ee5ae544205cea360d88ac57b69fa4ba436,aba3e16148e6bc9805aae09a652f1466e4be0029550f3a3f05bb8f98574b2f00,24,8,tket_bridge,rep-c835b8373bdd5fed0a70,data/runs/w4-matched-representation-20260802/representations/rep-c835b8373bdd5fed0a70/representation_manifest.json,4f85d7c6815ba51483ade1e07c8c83309c88f4f4a26bf660a18fd96d6c4664d4,False,109133824,20260811,1399,10405,1452,10441,1391,completed,"[""cx"",""rz"",""h""]",slice-c-m32,8332,20.0,0.0,0.3393805830273777,0.2364942089188844
16,24,cell-7790cd0a41f5c6f7148b,pyzx_rewrite_identity_up_to_global_phase_v1,True,passed,qiskit_opt3,OpenQASM2 -> Qiskit preset level 3 -> target basis,0.75,0.75,logical_all_to_all_no_routing,passed,data/runs/w4-matched-representation-20260802/cells/cell-7790cd0a41f5c6f7148b/cell.log,32,2147483648,33,9f84b2ec978c0baacbf7e09469da7f3674fca7377d5b96f6b32c3135e41efa8c,48,45,"['cx', 'rz']",72,0,2bc77ad05a60c5a09885c64619129ee5ae544205cea360d88ac57b69fa4ba436,aba3e16148e6bc9805aae09a652f1466e4be0029550f3a3f05bb8f98574b2f00,24,8,tket_bridge,rep-89ad3ea2778e3721878c,data/runs/w4-matched-representation-20260802/representations/rep-89ad3ea2778e3721878c/representation_manifest.json,4ab38e22dbebfdf307e9ed7063d6bb25fb2ee5e409452e556c902bab7aaf0dcf,False,109330432,20260812,1399,10405,1452,10441,1391,completed,"[""cx"",""rz"",""h""]",slice-c-m32,8332,20.0,0.0,0.3326099580153823,0.23081191699020565
16,24,cell-1cd8f64582d63ba626e0,pyzx_rewrite_identity_up_to_global_phase_v1,True,passed,tket_paulisimp,OpenQASM2 -> TKET DecomposeBoxes/AutoRebase/PauliSimp -> target basis,0.75,0.75,logical_all_to_all_no_routing,passed,data/runs/w4-matched-representation-20260802/cells/cell-1cd8f64582d63ba626e0/cell.log,32,2147483648,33,6d89b33e1f216f94fa5e3ac24feb1592eceae85611f105ff78904df47e90b293,200,162,"['cx', 'h', 'rz']",422,66,b3d426289ed80f7356ab091e604842ef51850cac2eb0d7b68e363913fa74fa1f,5fa1faa900d8b3adad1ed87000d99099c3e78d0a30d5be24f56da5422c0648a3,156,8,tket_bridge,rep-c835b8373bdd5fed0a70,data/runs/w4-matched-representation-20260802/representations/rep-c835b8373bdd5fed0a70/representation_manifest.json,4f85d7c6815ba51483ade1e07c8c83309c88f4f4a26bf660a18fd96d6c4664d4,False,157384704,20260811,1399,10405,6571,63570,6507,completed,"[""cx"",""rz"",""h""]",slice-c-m32,8332,20.0,0.0,0.6127571249380708,0.46419983298983425
16,24,cell-932f6b23d472900fdc68,pyzx_rewrite_identity_up_to_global_phase_v1,True,passed,tket_paulisimp,OpenQASM2 -> TKET DecomposeBoxes/AutoRebase/PauliSimp -> target basis,0.75,0.75,logical_all_to_all_no_routing,passed,data/runs/w4-matched-representation-20260802/cells/cell-932f6b23d472900fdc68/cell.log,32,2147483648,33,6d89b33e1f216f94fa5e3ac24feb1592eceae85611f105ff78904df47e90b293,200,162,"['cx', 'h', 'rz']",422,66,b3d426289ed80f7356ab091e604842ef51850cac2eb0d7b68e363913fa74fa1f,5fa1faa900d8b3adad1ed87000d99099c3e78d0a30d5be24f56da5422c0648a3,156,8,tket_bridge,rep-89ad3ea2778e3721878c,data/runs/w4-matched-representation-20260802/representations/rep-89ad3ea2778e3721878c/representation_manifest.json,4ab38e22dbebfdf307e9ed7063d6bb25fb2ee5e409452e556c902bab7aaf0dcf,False,157433856,20260812,1399,10405,6571,63570,6507,completed,"[""cx"",""rz"",""h""]",slice-c-m32,8332,20.0,0.0,0.6093197909649462,0.4689808749826625
16,24,cell-62385026b5abea2c9a0f,pyzx_rewrite_identity_up_to_global_phase_v1,True,passed,echo_passthrough,literal input circuit -> output,0.75,0.75,logical_all_to_all_no_routing,passed,data/runs/w4-matched-representation-20260802/cells/cell-62385026b5abea2c9a0f/cell.log,32,2147483648,33,65e22c57ab3d3e38dd0c5577133c1fed19e659aca75268f0e244f9a8beed9662,48,45,"['cx', 'rz']",72,0,42ba640b85a72d5b489555fdb709c70baa4bd85a2c5da22a4bf8fe606d2daba8,aba3e16148e6bc9805aae09a652f1466e4be0029550f3a3f05bb8f98574b2f00,24,8,zx_bridge,rep-63cfc08fc2f4c4d790d0,data/runs/w4-matched-representation-20260802/representations/rep-63cfc08fc2f4c4d790d0/representation_manifest.json,559733227169a55b4c91485bb86550ab6a5f27b7b78aea91006ef38d7f14cee3,False,106381312,20260811,1452,10403,1457,10422,1391,completed,"[""cx"",""rz"",""h""]",slice-c-m32,8332,20.0,0.0,0.33808854210656136,0.2383777080103755
16,24,cell-7155e514d54f143d61df,pyzx_rewrite_identity_up_to_global_phase_v1,True,passed,echo_passthrough,literal input circuit -> output,0.75,0.75,logical_all_to_all_no_routing,passed,data/runs/w4-matched-representation-20260802/cells/cell-7155e514d54f143d61df/cell.log,32,2147483648,33,65e22c57ab3d3e38dd0c5577133c1fed19e659aca75268f0e244f9a8beed9662,48,45,"['cx', 'rz']",72,0,42ba640b85a72d5b489555fdb709c70baa4bd85a2c5da22a4bf8fe606d2daba8,aba3e16148e6bc9805aae09a652f1466e4be0029550f3a3f05bb8f98574b2f00,24,8,zx_bridge,rep-cb0b2629516156dbdc8c,data/runs/w4-matched-representation-20260802/representations/rep-cb0b2629516156dbdc8c/representation_manifest.json,27202913ccd344132a3b5929bcbd8d418c5c94d3eccea9d80153606cb3f8ab3e,False,106201088,20260812,1452,10403,1457,10422,1391,completed,"[""cx"",""rz"",""h""]",slice-c-m32,8332,20.0,0.0,0.3135466669918969,0.22330566705204546
16,24,cell-024988dbe0838227cf31,pyzx_rewrite_identity_up_to_global_phase_v1,True,passed,full_aggregation,exact input parity/phase table -> canonical CNOT-Rz,0.75,0.75,logical_all_to_all_no_routing,passed,data/runs/w4-matched-representation-20260802/cells/cell-024988dbe0838227cf31/cell.log,32,2147483648,33,c132779d43ad4ed40a3f0e79cdbe4056a1aafffa3d0039bb63d8e7a6b99da3d4,48,45,"['cx', 'rz']",72,0,c7038ed85688f1a5cfa7e3287825bdde31825451d5eb52151d266ef3a6f68b70,aba3e16148e6bc9805aae09a652f1466e4be0029550f3a3f05bb8f98574b2f00,24,8,zx_bridge,rep-63cfc08fc2f4c4d790d0,data/runs/w4-matched-representation-20260802/representations/rep-63cfc08fc2f4c4d790d0/representation_manifest.json,559733227169a55b4c91485bb86550ab6a5f27b7b78aea91006ef38d7f14cee3,False,106217472,20260811,1452,10403,1457,10442,1391,completed,"[""cx"",""rz"",""h""]",slice-c-m32,8332,20.0,0.0,0.33507174998521805,0.22503770899493247
16,24,cell-9e0eab8d0f487d310526,pyzx_rewrite_identity_up_to_global_phase_v1,True,passed,full_aggregation,exact input parity/phase table -> canonical CNOT-Rz,0.75,0.75,logical_all_to_all_no_routing,passed,data/runs/w4-matched-representation-20260802/cells/cell-9e0eab8d0f487d310526/cell.log,32,2147483648,33,c132779d43ad4ed40a3f0e79cdbe4056a1aafffa3d0039bb63d8e7a6b99da3d4,48,45,"['cx', 'rz']",72,0,c7038ed85688f1a5cfa7e3287825bdde31825451d5eb52151d266ef3a6f68b70,aba3e16148e6bc9805aae09a652f1466e4be0029550f3a3f05bb8f98574b2f00,24,8,zx_bridge,rep-cb0b2629516156dbdc8c,data/runs/w4-matched-representation-20260802/representations/rep-cb0b2629516156dbdc8c/representation_manifest.json,27202913ccd344132a3b5929bcbd8d418c5c94d3eccea9d80153606cb3f8ab3e,False,106119168,20260812,1452,10403,1457,10442,1391,completed,"[""cx"",""rz"",""h""]",slice-c-m32,8332,20.0,0.0,0.33490108407568187,0.22605583304539323
16,24,cell-f43528b13aff2172a84a,pyzx_rewrite_identity_up_to_global_phase_v1,True,passed,pyzx_full_reduce,OpenQASM2 -> PyZX graph/full_reduce/extract -> target basis,0.75,0.75,logical_all_to_all_no_routing,passed,data/runs/w4-matched-representation-20260802/cells/cell-f43528b13aff2172a84a/cell.log,32,2147483648,33,e00b79c1f6bd5033cfd65d6b060b03510426032e4d4ad447ab64345ad49a4529,272,424,"['cx', 'h', 'rz']",946,650,6963aaa472dc86aa458935dd1cc31364995f1ccb2234ec8469f21c1676f7c9bb,50fdb0a027c87ab289f5d8f7e68be9502c9fba52340029cb4ef25183d3e820de,24,8,zx_bridge,rep-63cfc08fc2f4c4d790d0,data/runs/w4-matched-representation-20260802/representations/rep-63cfc08fc2f4c4d790d0/representation_manifest.json,559733227169a55b4c91485bb86550ab6a5f27b7b78aea91006ef38d7f14cee3,False,110542848,20260811,1452,10403,10675,126687,10609,completed,"[""cx"",""rz"",""h""]",slice-c-m32,8332,20.0,0.0,0.4500574580160901,0.34398195799440145
16,24,cell-f2e931f72aeb87523ceb,pyzx_rewrite_identity_up_to_global_phase_v1,True,passed,pyzx_full_reduce,OpenQASM2 -> PyZX graph/full_reduce/extract -> target basis,0.75,0.75,logical_all_to_all_no_routing,passed,data/runs/w4-matched-representation-20260802/cells/cell-f2e931f72aeb87523ceb/cell.log,32,2147483648,33,e00b79c1f6bd5033cfd65d6b060b03510426032e4d4ad447ab64345ad49a4529,272,424,"['cx', 'h', 'rz']",946,650,6963aaa472dc86aa458935dd1cc31364995f1ccb2234ec8469f21c1676f7c9bb,50fdb0a027c87ab289f5d8f7e68be9502c9fba52340029cb4ef25183d3e820de,24,8,zx_bridge,rep-cb0b2629516156dbdc8c,data/runs/w4-matched-representation-20260802/representations/rep-cb0b2629516156dbdc8c/representation_manifest.json,27202913ccd344132a3b5929bcbd8d418c5c94d3eccea9d80153606cb3f8ab3e,False,110706688,20260812,1452,10403,10675,126687,10609,completed,"[""cx"",""rz"",""h""]",slice-c-m32,8332,20.0,0.0,0.4599848749348894,0.3488668749341741
16,24,cell-a0d7fd41fccbd8296d75,pyzx_rewrite_identity_up_to_global_phase_v1,True,passed,qiskit_opt3,OpenQASM2 -> Qiskit preset level 3 -> target basis,0.75,0.75,logical_all_to_all_no_routing,passed,data/runs/w4-matched-representation-20260802/cells/cell-a0d7fd41fccbd8296d75/cell.log,32,2147483648,33,9f84b2ec978c0baacbf7e09469da7f3674fca7377d5b96f6b32c3135e41efa8c,48,45,"['cx', 'rz']",72,0,2bc77ad05a60c5a09885c64619129ee5ae544205cea360d88ac57b69fa4ba436,aba3e16148e6bc9805aae09a652f1466e4be0029550f3a3f05bb8f98574b2f00,24,8,zx_bridge,rep-63cfc08fc2f4c4d790d0,data/runs/w4-matched-representation-20260802/representations/rep-63cfc08fc2f4c4d790d0/representation_manifest.json,559733227169a55b4c91485bb86550ab6a5f27b7b78aea91006ef38d7f14cee3,False,109363200,20260811,1452,10403,1452,10441,1391,completed,"[""cx"",""rz"",""h""]",slice-c-m32,8332,20.0,0.0,0.3379360829712823,0.23045079200528562
16,24,cell-f3a30d93be282da1a87d,pyzx_rewrite_identity_up_to_global_phase_v1,True,passed,qiskit_opt3,OpenQASM2 -> Qiskit preset level 3 -> target basis,0.75,0.75,logical_all_to_all_no_routing,passed,data/runs/w4-matched-representation-20260802/cells/cell-f3a30d93be282da1a87d/cell.log,32,2147483648,33,9f84b2ec978c0baacbf7e09469da7f3674fca7377d5b96f6b32c3135e41efa8c,48,45,"['cx', 'rz']",72,0,2bc77ad05a60c5a09885c64619129ee5ae544205cea360d88ac57b69fa4ba436,aba3e16148e6bc9805aae09a652f1466e4be0029550f3a3f05bb8f98574b2f00,24,8,zx_bridge,rep-cb0b2629516156dbdc8c,data/runs/w4-matched-representation-20260802/representations/rep-cb0b2629516156dbdc8c/representation_manifest.json,27202913ccd344132a3b5929bcbd8d418c5c94d3eccea9d80153606cb3f8ab3e,False,109264896,20260812,1452,10403,1452,10441,1391,completed,"[""cx"",""rz"",""h""]",slice-c-m32,8332,20.0,0.0,0.3470698749879375,0.23761483293492347
16,24,cell-0d2a75e3fd1069636b01,pyzx_rewrite_identity_up_to_global_phase_v1,True,passed,tket_paulisimp,OpenQASM2 -> TKET DecomposeBoxes/AutoRebase/PauliSimp -> target basis,0.75,0.75,logical_all_to_all_no_routing,passed,data/runs/w4-matched-representation-20260802/cells/cell-0d2a75e3fd1069636b01/cell.log,32,2147483648,33,6d89b33e1f216f94fa5e3ac24feb1592eceae85611f105ff78904df47e90b293,200,162,"['cx', 'h', 'rz']",422,66,b3d426289ed80f7356ab091e604842ef51850cac2eb0d7b68e363913fa74fa1f,5fa1faa900d8b3adad1ed87000d99099c3e78d0a30d5be24f56da5422c0648a3,156,8,zx_bridge,rep-63cfc08fc2f4c4d790d0,data/runs/w4-matched-representation-20260802/representations/rep-63cfc08fc2f4c4d790d0/representation_manifest.json,559733227169a55b4c91485bb86550ab6a5f27b7b78aea91006ef38d7f14cee3,False,157433856,20260811,1452,10403,6571,63570,6507,completed,"[""cx"",""rz"",""h""]",slice-c-m32,8332,20.0,0.0,0.5967329590348527,0.4633525829995051
16,24,cell-d00e04f568a2281e9ac3,pyzx_rewrite_identity_up_to_global_phase_v1,True,passed,tket_paulisimp,OpenQASM2 -> TKET DecomposeBoxes/AutoRebase/PauliSimp -> target basis,0.75,0.75,logical_all_to_all_no_routing,passed,data/runs/w4-matched-representation-20260802/cells/cell-d00e04f568a2281e9ac3/cell.log,32,2147483648,33,6d89b33e1f216f94fa5e3ac24feb1592eceae85611f105ff78904df47e90b293,200,162,"['cx', 'h', 'rz']",422,66,b3d426289ed80f7356ab091e604842ef51850cac2eb0d7b68e363913fa74fa1f,5fa1faa900d8b3adad1ed87000d99099c3e78d0a30d5be24f56da5422c0648a3,156,8,zx_bridge,rep-cb0b2629516156dbdc8c,data/runs/w4-matched-representation-20260802/representations/rep-cb0b2629516156dbdc8c/representation_manifest.json,27202913ccd344132a3b5929bcbd8d418c5c94d3eccea9d80153606cb3f8ab3e,False,157384704,20260812,1452,10403,6571,63570,6507,completed,"[""cx"",""rz"",""h""]",slice-c-m32,8332,20.0,0.0,0.6241226251004264,0.47352374996989965
16,48,cell-a788048dc2b8d22f0b6e,pyzx_rewrite_identity_up_to_global_phase_v1,True,passed,echo_passthrough,literal input circuit -> output,0.75,0.75,logical_all_to_all_no_routing,passed,data/runs/w4-matched-representation-20260802/cells/cell-a788048dc2b8d22f0b6e/cell.log,64,2147483648,65,51efb0c2bfa2d63d268c82cab947ba399e5fa71f5888a3ef2052e089e4063d34,768,144,"['cx', 'rz']",1152,0,76201e03c76e890f44a2ef44ad630e5adf0b49b4e03eb15d2a687973b98f52a5,99ab6af93b453b151730acdd9a9726aa33cca3a48026195fba59fc711a2d48c3,384,8,contiguous_flat,rep-4abd524730cd806fa6c0,data/runs/w4-matched-representation-20260802/representations/rep-4abd524730cd806fa6c0/representation_manifest.json,9d20be08f07a59a6a605e6433c91423b86714ba7eac279be1c8fc4db8049fd30,False,108232704,20260811,34271,180686,22531,180699,22463,completed,"[""cx"",""rz"",""h""]",slice-c-m64,8364,20.0,0.0,0.49618570890743285,0.3888492080150172
16,48,cell-7fcf01d82dc9ee5b05e1,pyzx_rewrite_identity_up_to_global_phase_v1,True,passed,echo_passthrough,literal input circuit -> output,0.75,0.75,logical_all_to_all_no_routing,passed,data/runs/w4-matched-representation-20260802/cells/cell-7fcf01d82dc9ee5b05e1/cell.log,64,2147483648,65,51efb0c2bfa2d63d268c82cab947ba399e5fa71f5888a3ef2052e089e4063d34,768,144,"['cx', 'rz']",1152,0,76201e03c76e890f44a2ef44ad630e5adf0b49b4e03eb15d2a687973b98f52a5,99ab6af93b453b151730acdd9a9726aa33cca3a48026195fba59fc711a2d48c3,384,8,contiguous_flat,rep-2d73b58c8422b3180b3c,data/runs/w4-matched-representation-20260802/representations/rep-2d73b58c8422b3180b3c/representation_manifest.json,7a02909d79dab36e908e9459ff750b350e58b7c90f5f0e333de1499239a04523,False,108167168,20260812,34271,180686,22531,180699,22463,completed,"[""cx"",""rz"",""h""]",slice-c-m64,8364,20.0,0.0,0.48852016602177173,0.39087925001513213
16,48,cell-c45b309c7f56af6708e3,pyzx_rewrite_identity_up_to_global_phase_v1,True,passed,full_aggregation,exact input parity/phase table -> canonical CNOT-Rz,0.75,0.75,logical_all_to_all_no_routing,passed,data/runs/w4-matched-representation-20260802/cells/cell-c45b309c7f56af6708e3/cell.log,64,2147483648,65,c234de34e9ca9f206f066413e6691a22837fe2eb03bf462d5da793920661b46e,96,18,"['cx', 'rz']",144,0,f075f3d5fafbaa4794713a40a6a02fc7d5d2b2f3da476f6056648e8a4d4108ee,c8e1308940b01c20f4bfa88539b0b463676d824e0750d1e583a2e168c4f2e186,48,8,contiguous_flat,rep-4abd524730cd806fa6c0,data/runs/w4-matched-representation-20260802/representations/rep-4abd524730cd806fa6c0/representation_manifest.json,9d20be08f07a59a6a605e6433c91423b86714ba7eac279be1c8fc4db8049fd30,False,106840064,20260811,34271,180686,2830,20687,2764,completed,"[""cx"",""rz"",""h""]",slice-c-m64,8364,20.0,0.0,0.3311643749475479,0.23445533297490329
16,48,cell-86f7bdf68d01804f87d3,pyzx_rewrite_identity_up_to_global_phase_v1,True,passed,full_aggregation,exact input parity/phase table -> canonical CNOT-Rz,0.75,0.75,logical_all_to_all_no_routing,passed,data/runs/w4-matched-representation-20260802/cells/cell-86f7bdf68d01804f87d3/cell.log,64,2147483648,65,c234de34e9ca9f206f066413e6691a22837fe2eb03bf462d5da793920661b46e,96,18,"['cx', 'rz']",144,0,f075f3d5fafbaa4794713a40a6a02fc7d5d2b2f3da476f6056648e8a4d4108ee,c8e1308940b01c20f4bfa88539b0b463676d824e0750d1e583a2e168c4f2e186,48,8,contiguous_flat,rep-2d73b58c8422b3180b3c,data/runs/w4-matched-representation-20260802/representations/rep-2d73b58c8422b3180b3c/representation_manifest.json,7a02909d79dab36e908e9459ff750b350e58b7c90f5f0e333de1499239a04523,False,106987520,20260812,34271,180686,2830,20687,2764,completed,"[""cx"",""rz"",""h""]",slice-c-m64,8364,20.0,0.0,0.3400335420155898,0.23319466703105718
16,48,cell-16a034c565a319d69520,pyzx_rewrite_identity_up_to_global_phase_v1,True,passed,pyzx_full_reduce,OpenQASM2 -> PyZX graph/full_reduce/extract -> target basis,0.75,0.75,logical_all_to_all_no_routing,passed,data/runs/w4-matched-representation-20260802/cells/cell-16a034c565a319d69520/cell.log,64,2147483648,65,d0fb0adc30c2a79b6b722a12aca81650f87cb65d25845c7b0739af8d938c1365,246,91,"['cx', 'h', 'rz']",1008,714,d9fa5656471e2e888c9fddcd5b342fef633cb0b66610efcb32bc4c30899bce3b,f296b97c8d52705b86d396862f87d6acd2786d2f8371034e1d10659c25f06441,48,8,contiguous_flat,rep-4abd524730cd806fa6c0,data/runs/w4-matched-representation-20260802/representations/rep-4abd524730cd806fa6c0/representation_manifest.json,9d20be08f07a59a6a605e6433c91423b86714ba7eac279be1c8fc4db8049fd30,False,111771648,20260811,34271,180686,11484,133509,11418,completed,"[""cx"",""rz"",""h""]",slice-c-m64,8364,20.0,0.0,0.6393736250465736,0.5412342089693993
16,48,cell-afdbc6f4ac70af22a859,pyzx_rewrite_identity_up_to_global_phase_v1,True,passed,pyzx_full_reduce,OpenQASM2 -> PyZX graph/full_reduce/extract -> target basis,0.75,0.75,logical_all_to_all_no_routing,passed,data/runs/w4-matched-representation-20260802/cells/cell-afdbc6f4ac70af22a859/cell.log,64,2147483648,65,d0fb0adc30c2a79b6b722a12aca81650f87cb65d25845c7b0739af8d938c1365,246,91,"['cx', 'h', 'rz']",1008,714,d9fa5656471e2e888c9fddcd5b342fef633cb0b66610efcb32bc4c30899bce3b,f296b97c8d52705b86d396862f87d6acd2786d2f8371034e1d10659c25f06441,48,8,contiguous_flat,rep-2d73b58c8422b3180b3c,data/runs/w4-matched-representation-20260802/representations/rep-2d73b58c8422b3180b3c/representation_manifest.json,7a02909d79dab36e908e9459ff750b350e58b7c90f5f0e333de1499239a04523,False,111329280,20260812,34271,180686,11484,133509,11418,completed,"[""cx"",""rz"",""h""]",slice-c-m64,8364,20.0,0.0,0.6412172089330852,0.5285156250465661
16,48,cell-54852eb9775aa5c23468,pyzx_rewrite_identity_up_to_global_phase_v1,True,passed,qiskit_opt3,OpenQASM2 -> Qiskit preset level 3 -> target basis,0.75,0.75,logical_all_to_all_no_routing,passed,data/runs/w4-matched-representation-20260802/cells/cell-54852eb9775aa5c23468/cell.log,64,2147483648,65,cf9a934c7c97f673d3cdbd0e4272b06853db14b675ede619d880706905c4944f,96,18,"['cx', 'rz']",144,0,3a7c6538c878d771c17252369226a6f0a61c7a3225506603b7208593dbbb1bd3,c1433d9f485028f26fc3e66c90c76bf9ee6ecb8255a26faa82cf063ead0de00e,48,8,contiguous_flat,rep-4abd524730cd806fa6c0,data/runs/w4-matched-representation-20260802/representations/rep-4abd524730cd806fa6c0/representation_manifest.json,9d20be08f07a59a6a605e6433c91423b86714ba7eac279be1c8fc4db8049fd30,False,110510080,20260811,34271,180686,2832,20686,2771,completed,"[""cx"",""rz"",""h""]",slice-c-m64,8364,20.0,0.0,0.3612765410216525,0.2527894589584321
16,48,cell-acefae44ee8191a345ea,pyzx_rewrite_identity_up_to_global_phase_v1,True,passed,qiskit_opt3,OpenQASM2 -> Qiskit preset level 3 -> target basis,0.75,0.75,logical_all_to_all_no_routing,passed,data/runs/w4-matched-representation-20260802/cells/cell-acefae44ee8191a345ea/cell.log,64,2147483648,65,cf9a934c7c97f673d3cdbd0e4272b06853db14b675ede619d880706905c4944f,96,18,"['cx', 'rz']",144,0,3a7c6538c878d771c17252369226a6f0a61c7a3225506603b7208593dbbb1bd3,c1433d9f485028f26fc3e66c90c76bf9ee6ecb8255a26faa82cf063ead0de00e,48,8,contiguous_flat,rep-2d73b58c8422b3180b3c,data/runs/w4-matched-representation-20260802/representations/rep-2d73b58c8422b3180b3c/representation_manifest.json,7a02909d79dab36e908e9459ff750b350e58b7c90f5f0e333de1499239a04523,False,110428160,20260812,34271,180686,2832,20686,2771,completed,"[""cx"",""rz"",""h""]",slice-c-m64,8364,20.0,0.0,0.33982729190029204,0.24851520801894367
16,48,cell-319551b2cf11a586be36,pyzx_rewrite_identity_up_to_global_phase_v1,True,passed,tket_paulisimp,OpenQASM2 -> TKET DecomposeBoxes/AutoRebase/PauliSimp -> target basis,0.75,0.75,logical_all_to_all_no_routing,passed,data/runs/w4-matched-representation-20260802/cells/cell-319551b2cf11a586be36/cell.log,64,2147483648,65,f218168e339e7f4a076f7afda40fd95662e1bdff2524d287304951a7f847b0dd,218,44,"['cx', 'h', 'rz']",656,130,f541ded44f269153415a59f6cf74557106bdbf365a7327802cde49dcd3445068,184b767dff8390dbf2f2c46c5deb4e91cb712f9dd9249cbac3f3e83491469943,308,8,contiguous_flat,rep-4abd524730cd806fa6c0,data/runs/w4-matched-representation-20260802/representations/rep-4abd524730cd806fa6c0/representation_manifest.json,9d20be08f07a59a6a605e6433c91423b86714ba7eac279be1c8fc4db8049fd30,False,161087488,20260811,34271,180686,10270,98171,10206,completed,"[""cx"",""rz"",""h""]",slice-c-m64,8364,20.0,0.0,0.6811121250502765,0.5382723750080913
16,48,cell-1ccc3427fb9cb4538fdb,pyzx_rewrite_identity_up_to_global_phase_v1,True,passed,tket_paulisimp,OpenQASM2 -> TKET DecomposeBoxes/AutoRebase/PauliSimp -> target basis,0.75,0.75,logical_all_to_all_no_routing,passed,data/runs/w4-matched-representation-20260802/cells/cell-1ccc3427fb9cb4538fdb/cell.log,64,2147483648,65,f218168e339e7f4a076f7afda40fd95662e1bdff2524d287304951a7f847b0dd,218,44,"['cx', 'h', 'rz']",656,130,f541ded44f269153415a59f6cf74557106bdbf365a7327802cde49dcd3445068,184b767dff8390dbf2f2c46c5deb4e91cb712f9dd9249cbac3f3e83491469943,308,8,contiguous_flat,rep-2d73b58c8422b3180b3c,data/runs/w4-matched-representation-20260802/representations/rep-2d73b58c8422b3180b3c/representation_manifest.json,7a02909d79dab36e908e9459ff750b350e58b7c90f5f0e333de1499239a04523,False,161284096,20260812,34271,180686,10270,98171,10206,completed,"[""cx"",""rz"",""h""]",slice-c-m64,8364,20.0,0.0,0.692842666991055,0.5449004999827594
16,48,cell-1ea5ac2185bf6505afbe,pyzx_rewrite_identity_up_to_global_phase_v1,True,passed,echo_passthrough,literal input circuit -> output,0.75,0.75,logical_all_to_all_no_routing,passed,data/runs/w4-matched-representation-20260802/cells/cell-1ea5ac2185bf6505afbe/cell.log,64,2147483648,65,8cb919e46e4edd3bb456469253409c11be4b1a7915b632deb17015c5da187892,384,72,"['cx', 'rz']",576,0,69f09383fdd721f60f92b29c3553cff9f3302ffbac0c4650e89ec6f4a695b406,bdf35adceb09c6b1ab78f2f9f69dc3a90720c744b55c77b7ba9bfee39bdb86f4,192,8,locally_folded_flat,rep-d7277efca41b8af7a979,data/runs/w4-matched-representation-20260802/representations/rep-d7277efca41b8af7a979/representation_manifest.json,231e6dbc81603303be87dd96a9a61f1d6dd93e1c8ada88ec8c8cd77c6b02f871,False,107266048,20260811,17143,89164,11233,89173,11167,completed,"[""cx"",""rz"",""h""]",slice-c-m64,8364,20.0,0.0,0.3799084579804912,0.2824521668953821
16,48,cell-bf89478c1efcf98250bf,pyzx_rewrite_identity_up_to_global_phase_v1,True,passed,echo_passthrough,literal input circuit -> output,0.75,0.75,logical_all_to_all_no_routing,passed,data/runs/w4-matched-representation-20260802/cells/cell-bf89478c1efcf98250bf/cell.log,64,2147483648,65,8cb919e46e4edd3bb456469253409c11be4b1a7915b632deb17015c5da187892,384,72,"['cx', 'rz']",576,0,69f09383fdd721f60f92b29c3553cff9f3302ffbac0c4650e89ec6f4a695b406,bdf35adceb09c6b1ab78f2f9f69dc3a90720c744b55c77b7ba9bfee39bdb86f4,192,8,locally_folded_flat,rep-b029134475da0b602920,data/runs/w4-matched-representation-20260802/representations/rep-b029134475da0b602920/representation_manifest.json,215105e7ad888c87dc1b5e432f9a11a3788216dbbc28202a7d8183f977b7c949,False,107298816,20260812,17143,89164,11233,89173,11167,completed,"[""cx"",""rz"",""h""]",slice-c-m64,8364,20.0,0.0,0.38656966702546924,0.2848482079571113
16,48,cell-02bf30670520df5bf4a7,pyzx_rewrite_identity_up_to_global_phase_v1,True,passed,full_aggregation,exact input parity/phase table -> canonical CNOT-Rz,0.75,0.75,logical_all_to_all_no_routing,passed,data/runs/w4-matched-representation-20260802/cells/cell-02bf30670520df5bf4a7/cell.log,64,2147483648,65,c234de34e9ca9f206f066413e6691a22837fe2eb03bf462d5da793920661b46e,96,18,"['cx', 'rz']",144,0,f075f3d5fafbaa4794713a40a6a02fc7d5d2b2f3da476f6056648e8a4d4108ee,c8e1308940b01c20f4bfa88539b0b463676d824e0750d1e583a2e168c4f2e186,48,8,locally_folded_flat,rep-d7277efca41b8af7a979,data/runs/w4-matched-representation-20260802/representations/rep-d7277efca41b8af7a979/representation_manifest.json,231e6dbc81603303be87dd96a9a61f1d6dd93e1c8ada88ec8c8cd77c6b02f871,False,106643456,20260811,17143,89164,2830,20687,2764,completed,"[""cx"",""rz"",""h""]",slice-c-m64,8364,20.0,0.0,0.33368450007401407,0.23163587506860495
16,48,cell-9e082267055db842f64b,pyzx_rewrite_identity_up_to_global_phase_v1,True,passed,full_aggregation,exact input parity/phase table -> canonical CNOT-Rz,0.75,0.75,logical_all_to_all_no_routing,passed,data/runs/w4-matched-representation-20260802/cells/cell-9e082267055db842f64b/cell.log,64,2147483648,65,c234de34e9ca9f206f066413e6691a22837fe2eb03bf462d5da793920661b46e,96,18,"['cx', 'rz']",144,0,f075f3d5fafbaa4794713a40a6a02fc7d5d2b2f3da476f6056648e8a4d4108ee,c8e1308940b01c20f4bfa88539b0b463676d824e0750d1e583a2e168c4f2e186,48,8,locally_folded_flat,rep-b029134475da0b602920,data/runs/w4-matched-representation-20260802/representations/rep-b029134475da0b602920/representation_manifest.json,215105e7ad888c87dc1b5e432f9a11a3788216dbbc28202a7d8183f977b7c949,False,106676224,20260812,17143,89164,2830,20687,2764,completed,"[""cx"",""rz"",""h""]",slice-c-m64,8364,20.0,0.0,0.3381342920474708,0.23403379204683006
16,48,cell-9984fc561b31afbb03a1,pyzx_rewrite_identity_up_to_global_phase_v1,True,passed,pyzx_full_reduce,OpenQASM2 -> PyZX graph/full_reduce/extract -> target basis,0.75,0.75,logical_all_to_all_no_routing,passed,data/runs/w4-matched-representation-20260802/cells/cell-9984fc561b31afbb03a1/cell.log,64,2147483648,65,d0fb0adc30c2a79b6b722a12aca81650f87cb65d25845c7b0739af8d938c1365,246,91,"['cx', 'h', 'rz']",1008,714,d9fa5656471e2e888c9fddcd5b342fef633cb0b66610efcb32bc4c30899bce3b,f296b97c8d52705b86d396862f87d6acd2786d2f8371034e1d10659c25f06441,48,8,locally_folded_flat,rep-d7277efca41b8af7a979,data/runs/w4-matched-representation-20260802/representations/rep-d7277efca41b8af7a979/representation_manifest.json,231e6dbc81603303be87dd96a9a61f1d6dd93e1c8ada88ec8c8cd77c6b02f871,False,111067136,20260811,17143,89164,11484,133509,11418,completed,"[""cx"",""rz"",""h""]",slice-c-m64,8364,20.0,0.0,0.552846375037916,0.44847066700458527
16,48,cell-6cd4134634411cb82ab1,pyzx_rewrite_identity_up_to_global_phase_v1,True,passed,pyzx_full_reduce,OpenQASM2 -> PyZX graph/full_reduce/extract -> target basis,0.75,0.75,logical_all_to_all_no_routing,passed,data/runs/w4-matched-representation-20260802/cells/cell-6cd4134634411cb82ab1/cell.log,64,2147483648,65,d0fb0adc30c2a79b6b722a12aca81650f87cb65d25845c7b0739af8d938c1365,246,91,"['cx', 'h', 'rz']",1008,714,d9fa5656471e2e888c9fddcd5b342fef633cb0b66610efcb32bc4c30899bce3b,f296b97c8d52705b86d396862f87d6acd2786d2f8371034e1d10659c25f06441,48,8,locally_folded_flat,rep-b029134475da0b602920,data/runs/w4-matched-representation-20260802/representations/rep-b029134475da0b602920/representation_manifest.json,215105e7ad888c87dc1b5e432f9a11a3788216dbbc28202a7d8183f977b7c949,False,111083520,20260812,17143,89164,11484,133509,11418,completed,"[""cx"",""rz"",""h""]",slice-c-m64,8364,20.0,0.0,0.5365742080612108,0.44072025001514703
16,48,cell-8a8945652f699f361b91,pyzx_rewrite_identity_up_to_global_phase_v1,True,passed,qiskit_opt3,OpenQASM2 -> Qiskit preset level 3 -> target basis,0.75,0.75,logical_all_to_all_no_routing,passed,data/runs/w4-matched-representation-20260802/cells/cell-8a8945652f699f361b91/cell.log,64,2147483648,65,cdb9c23eb4969f3acc3c19712cff562d5f6b4141807e1b569d4c494fae10a277,96,18,"['cx', 'rz']",144,0,20f14fcb764e8130a6505a83b9bbedf90c0a0aaebd577ffb0364a36b3ac640b7,c8e1308940b01c20f4bfa88539b0b463676d824e0750d1e583a2e168c4f2e186,48,8,locally_folded_flat,rep-d7277efca41b8af7a979,data/runs/w4-matched-representation-20260802/representations/rep-d7277efca41b8af7a979/representation_manifest.json,231e6dbc81603303be87dd96a9a61f1d6dd93e1c8ada88ec8c8cd77c6b02f871,False,109969408,20260811,17143,89164,2825,20686,2764,completed,"[""cx"",""rz"",""h""]",slice-c-m64,8364,20.0,0.0,0.3601832080166787,0.24862420791760087
16,48,cell-1ec1efe4c249ff804ec5,pyzx_rewrite_identity_up_to_global_phase_v1,True,passed,qiskit_opt3,OpenQASM2 -> Qiskit preset level 3 -> target basis,0.75,0.75,logical_all_to_all_no_routing,passed,data/runs/w4-matched-representation-20260802/cells/cell-1ec1efe4c249ff804ec5/cell.log,64,2147483648,65,cdb9c23eb4969f3acc3c19712cff562d5f6b4141807e1b569d4c494fae10a277,96,18,"['cx', 'rz']",144,0,20f14fcb764e8130a6505a83b9bbedf90c0a0aaebd577ffb0364a36b3ac640b7,c8e1308940b01c20f4bfa88539b0b463676d824e0750d1e583a2e168c4f2e186,48,8,locally_folded_flat,rep-b029134475da0b602920,data/runs/w4-matched-representation-20260802/representations/rep-b029134475da0b602920/representation_manifest.json,215105e7ad888c87dc1b5e432f9a11a3788216dbbc28202a7d8183f977b7c949,False,109985792,20260812,17143,89164,2825,20686,2764,completed,"[""cx"",""rz"",""h""]",slice-c-m64,8364,20.0,0.0,0.35075266601052135,0.24681525002233684
16,48,cell-a9de072fe24704826e66,pyzx_rewrite_identity_up_to_global_phase_v1,True,passed,tket_paulisimp,OpenQASM2 -> TKET DecomposeBoxes/AutoRebase/PauliSimp -> target basis,0.75,0.75,logical_all_to_all_no_routing,passed,data/runs/w4-matched-representation-20260802/cells/cell-a9de072fe24704826e66/cell.log,64,2147483648,65,f218168e339e7f4a076f7afda40fd95662e1bdff2524d287304951a7f847b0dd,218,44,"['cx', 'h', 'rz']",656,130,f541ded44f269153415a59f6cf74557106bdbf365a7327802cde49dcd3445068,184b767dff8390dbf2f2c46c5deb4e91cb712f9dd9249cbac3f3e83491469943,308,8,locally_folded_flat,rep-d7277efca41b8af7a979,data/runs/w4-matched-representation-20260802/representations/rep-d7277efca41b8af7a979/representation_manifest.json,231e6dbc81603303be87dd96a9a61f1d6dd93e1c8ada88ec8c8cd77c6b02f871,False,160038912,20260811,17143,89164,10270,98171,10206,completed,"[""cx"",""rz"",""h""]",slice-c-m64,8364,20.0,0.0,0.6757239999715239,0.5260094580007717
16,48,cell-989fb424de3f202b7ef2,pyzx_rewrite_identity_up_to_global_phase_v1,True,passed,tket_paulisimp,OpenQASM2 -> TKET DecomposeBoxes/AutoRebase/PauliSimp -> target basis,0.75,0.75,logical_all_to_all_no_routing,passed,data/runs/w4-matched-representation-20260802/cells/cell-989fb424de3f202b7ef2/cell.log,64,2147483648,65,f218168e339e7f4a076f7afda40fd95662e1bdff2524d287304951a7f847b0dd,218,44,"['cx', 'h', 'rz']",656,130,f541ded44f269153415a59f6cf74557106bdbf365a7327802cde49dcd3445068,184b767dff8390dbf2f2c46c5deb4e91cb712f9dd9249cbac3f3e83491469943,308,8,locally_folded_flat,rep-b029134475da0b602920,data/runs/w4-matched-representation-20260802/representations/rep-b029134475da0b602920/representation_manifest.json,215105e7ad888c87dc1b5e432f9a11a3788216dbbc28202a7d8183f977b7c949,False,159956992,20260812,17143,89164,10270,98171,10206,completed,"[""cx"",""rz"",""h""]",slice-c-m64,8364,20.0,0.0,0.6765078330645338,0.5247246660292149
16,48,cell-020bf3f7446e9c2cbaf4,pyzx_rewrite_identity_up_to_global_phase_v1,True,passed,echo_passthrough,literal input circuit -> output,0.75,0.75,logical_all_to_all_no_routing,passed,data/runs/w4-matched-representation-20260802/cells/cell-020bf3f7446e9c2cbaf4/cell.log,64,2147483648,65,40fa388fa3cc80f33955900de352e8253fd0914d4543eedd1228ca1f948f08fb,768,60,"['cx', 'rz']",1152,0,69e3259c0a0a7f1076299879a61ce6d47b4f79e65fe26e0d1c9e891a77ade8de,2a84d7aaf921723f420dadf15946214bca9244f5c7455f55b2a754eb24127627,384,8,masked_share_update,rep-09eae32c828b35522cab,data/runs/w4-matched-representation-20260802/representations/rep-09eae32c828b35522cab/representation_manifest.json,ec473082a06fa81ad58c451c5bfdd506c548d785790307e1557339bb25795566,False,108560384,20260811,33966,180485,22415,180494,22347,completed,"[""cx"",""rz"",""h""]",slice-c-m64,8364,20.0,0.0,0.5678842500783503,0.46139049995690584
16,48,cell-ca016bc466f470def80e,pyzx_rewrite_identity_up_to_global_phase_v1,True,passed,echo_passthrough,literal input circuit -> output,0.75,0.75,logical_all_to_all_no_routing,passed,data/runs/w4-matched-representation-20260802/cells/cell-ca016bc466f470def80e/cell.log,64,2147483648,65,9673faec5d51a0cf78f9db64dea342112ab057eadef5812ef6be00e8c8d74f54,768,60,"['cx', 'rz']",1152,0,7f27e91a1e571117878c0c2832454e3c7b1fa4b90312f4dfc80a5d2499b66d88,22bde48f4b3e399877031c8d466810d27bc6bb408b3a61ec7fb05d37f9384558,384,8,masked_share_update,rep-38cad5274dd1fed6291a,data/runs/w4-matched-representation-20260802/representations/rep-38cad5274dd1fed6291a/representation_manifest.json,7a9a274c2a0a7e06191e9f36bf794109d11f468411b5fc2ff5ef296bb56e6c4e,False,108412928,20260812,33987,180472,22458,180481,22390,completed,"[""cx"",""rz"",""h""]",slice-c-m64,8364,20.0,0.0,0.5505510419607162,0.4532491669524461
16,48,cell-b9957083abdaf9d9995b,pyzx_rewrite_identity_up_to_global_phase_v1,True,passed,full_aggregation,exact input parity/phase table -> canonical CNOT-Rz,0.75,0.75,logical_all_to_all_no_routing,passed,data/runs/w4-matched-representation-20260802/cells/cell-b9957083abdaf9d9995b/cell.log,64,2147483648,65,c234de34e9ca9f206f066413e6691a22837fe2eb03bf462d5da793920661b46e,96,18,"['cx', 'rz']",144,0,f075f3d5fafbaa4794713a40a6a02fc7d5d2b2f3da476f6056648e8a4d4108ee,c8e1308940b01c20f4bfa88539b0b463676d824e0750d1e583a2e168c4f2e186,48,8,masked_share_update,rep-09eae32c828b35522cab,data/runs/w4-matched-representation-20260802/representations/rep-09eae32c828b35522cab/representation_manifest.json,ec473082a06fa81ad58c451c5bfdd506c548d785790307e1557339bb25795566,False,106938368,20260811,33966,180485,2830,20687,2764,completed,"[""cx"",""rz"",""h""]",slice-c-m64,8364,20.0,0.0,0.33959937503095716,0.2388483330141753
16,48,cell-94d3b40edf7dc70f58b7,pyzx_rewrite_identity_up_to_global_phase_v1,True,passed,full_aggregation,exact input parity/phase table -> canonical CNOT-Rz,0.75,0.75,logical_all_to_all_no_routing,passed,data/runs/w4-matched-representation-20260802/cells/cell-94d3b40edf7dc70f58b7/cell.log,64,2147483648,65,c234de34e9ca9f206f066413e6691a22837fe2eb03bf462d5da793920661b46e,96,18,"['cx', 'rz']",144,0,f075f3d5fafbaa4794713a40a6a02fc7d5d2b2f3da476f6056648e8a4d4108ee,c8e1308940b01c20f4bfa88539b0b463676d824e0750d1e583a2e168c4f2e186,48,8,masked_share_update,rep-38cad5274dd1fed6291a,data/runs/w4-matched-representation-20260802/representations/rep-38cad5274dd1fed6291a/representation_manifest.json,7a9a274c2a0a7e06191e9f36bf794109d11f468411b5fc2ff5ef296bb56e6c4e,False,107036672,20260812,33987,180472,2830,20687,2764,completed,"[""cx"",""rz"",""h""]",slice-c-m64,8364,20.0,0.0,0.3398614999605343,0.2340567910578102
16,48,cell-43bb6d74d5c0bee1c446,pyzx_rewrite_identity_up_to_global_phase_v1,True,passed,pyzx_full_reduce,OpenQASM2 -> PyZX graph/full_reduce/extract -> target basis,0.75,0.75,logical_all_to_all_no_routing,passed,data/runs/w4-matched-representation-20260802/cells/cell-43bb6d74d5c0bee1c446/cell.log,64,2147483648,65,d0fb0adc30c2a79b6b722a12aca81650f87cb65d25845c7b0739af8d938c1365,246,91,"['cx', 'h', 'rz']",1008,714,d9fa5656471e2e888c9fddcd5b342fef633cb0b66610efcb32bc4c30899bce3b,f296b97c8d52705b86d396862f87d6acd2786d2f8371034e1d10659c25f06441,48,8,masked_share_update,rep-09eae32c828b35522cab,data/runs/w4-matched-representation-20260802/representations/rep-09eae32c828b35522cab/representation_manifest.json,ec473082a06fa81ad58c451c5bfdd506c548d785790307e1557339bb25795566,False,111558656,20260811,33966,180485,11484,133509,11418,completed,"[""cx"",""rz"",""h""]",slice-c-m64,8364,20.0,0.0,0.7150024999864399,0.6083670830121264
16,48,cell-9f3235c9122b47c7c566,pyzx_rewrite_identity_up_to_global_phase_v1,True,passed,pyzx_full_reduce,OpenQASM2 -> PyZX graph/full_reduce/extract -> target basis,0.75,0.75,logical_all_to_all_no_routing,passed,data/runs/w4-matched-representation-20260802/cells/cell-9f3235c9122b47c7c566/cell.log,64,2147483648,65,d0fb0adc30c2a79b6b722a12aca81650f87cb65d25845c7b0739af8d938c1365,246,91,"['cx', 'h', 'rz']",1008,714,d9fa5656471e2e888c9fddcd5b342fef633cb0b66610efcb32bc4c30899bce3b,f296b97c8d52705b86d396862f87d6acd2786d2f8371034e1d10659c25f06441,48,8,masked_share_update,rep-38cad5274dd1fed6291a,data/runs/w4-matched-representation-20260802/representations/rep-38cad5274dd1fed6291a/representation_manifest.json,7a9a274c2a0a7e06191e9f36bf794109d11f468411b5fc2ff5ef296bb56e6c4e,False,111575040,20260812,33987,180472,11484,133509,11418,completed,"[""cx"",""rz"",""h""]",slice-c-m64,8364,20.0,0.0,0.7135856250533834,0.6212242080364376
16,48,cell-5a89b9a52994c21dfbcf,pyzx_rewrite_identity_up_to_global_phase_v1,False,inconclusive,qiskit_opt3,OpenQASM2 -> Qiskit preset level 3 -> target basis,0.75,0.75,logical_all_to_all_no_routing,passed,data/runs/w4-matched-representation-20260802/cells/cell-5a89b9a52994c21dfbcf/cell.log,64,2147483648,65,def9a33394d756a1128be596846f43108d9867babc3891b7c8b412e84e275bfd,706,90,"['cx', 'h', 'rz']",1423,108,e14d0295bfa3f21bdc33c34b48e49da374c74c6a37bbcc5be19f2561b13243be,8e391097731ea5e08756b0721cf76f70d5e88e67840d267cc6c162cf6051b373,609,8,masked_share_update,rep-09eae32c828b35522cab,data/runs/w4-matched-representation-20260802/representations/rep-09eae32c828b35522cab/representation_manifest.json,ec473082a06fa81ad58c451c5bfdd506c548d785790307e1557339bb25795566,False,114409472,20260811,33966,180485,26822,220613,26759,predicate_error,"[""cx"",""rz"",""h""]",slice-c-m64,8364,20.0,0.0,0.7027814579196274,0.5916340830735862
16,48,cell-ed7b50c2f32a332f644a,pyzx_rewrite_identity_up_to_global_phase_v1,False,inconclusive,qiskit_opt3,OpenQASM2 -> Qiskit preset level 3 -> target basis,0.75,0.75,logical_all_to_all_no_routing,passed,data/runs/w4-matched-representation-20260802/cells/cell-ed7b50c2f32a332f644a/cell.log,64,2147483648,65,deb082376a6b13c3f6e59e2757dfbbcf91b770107c00c9d2223d1e74a80f8b26,696,88,"['cx', 'h', 'rz']",1456,118,7436ecaaf152ea831cd6a8549341d00ec190f72aa2247e569285bec9c91afc30,a9d68fb5648c8e5057ce41cbf997031dbe20d9c6468c8e00cd564cd08307ba7b,642,8,masked_share_update,rep-38cad5274dd1fed6291a,data/runs/w4-matched-representation-20260802/representations/rep-38cad5274dd1fed6291a/representation_manifest.json,7a9a274c2a0a7e06191e9f36bf794109d11f468411b5fc2ff5ef296bb56e6c4e,False,113164288,20260812,33987,180472,27395,225590,27332,predicate_error,"[""cx"",""rz"",""h""]",slice-c-m64,8364,20.0,0.0,0.6693532079225406,0.5625467499485239
16,48,cell-47268339d9046805e56d,pyzx_rewrite_identity_up_to_global_phase_v1,True,passed,tket_paulisimp,OpenQASM2 -> TKET DecomposeBoxes/AutoRebase/PauliSimp -> target basis,0.75,0.75,logical_all_to_all_no_routing,passed,data/runs/w4-matched-representation-20260802/cells/cell-47268339d9046805e56d/cell.log,64,2147483648,65,e6eee7351f580f49c938b5eebfc759d0bd948b0630ee0620f6f0727452fe4893,238,45,"['cx', 'h', 'rz']",703,130,6d1c93956fc8b987a503796dd526905a9b3241d9c66d082e905d5c62e021cdf7,896e51911d4cecf644a0eba710fb151ab25abe0e84985cac22b5ba10811aa075,335,8,masked_share_update,rep-09eae32c828b35522cab,data/runs/w4-matched-representation-20260802/representations/rep-09eae32c828b35522cab/representation_manifest.json,ec473082a06fa81ad58c451c5bfdd506c548d785790307e1557339bb25795566,False,161824768,20260811,33966,180485,11093,105665,11029,completed,"[""cx"",""rz"",""h""]",slice-c-m64,8364,20.0,0.0,0.7162109590135515,0.5685137080727145
16,48,cell-17849cb71a348b27d90f,pyzx_rewrite_identity_up_to_global_phase_v1,True,passed,tket_paulisimp,OpenQASM2 -> TKET DecomposeBoxes/AutoRebase/PauliSimp -> target basis,0.75,0.75,logical_all_to_all_no_routing,passed,data/runs/w4-matched-representation-20260802/cells/cell-17849cb71a348b27d90f/cell.log,64,2147483648,65,f389e86a8301e30fdee1d0fb9364b8ce3870d6bd41acdcfed77ba55eed15809e,230,47,"['cx', 'h', 'rz']",690,130,e6836aea0a3aef8eb3bcc24afe7180ae466ac04aec2091b6704940213b8e96ef,5660a9a32cb8f6d1e0bfa72fc00d49f215267e12823d5342c2eefcf35c707c9a,330,8,masked_share_update,rep-38cad5274dd1fed6291a,data/runs/w4-matched-representation-20260802/representations/rep-38cad5274dd1fed6291a/representation_manifest.json,7a9a274c2a0a7e06191e9f36bf794109d11f468411b5fc2ff5ef296bb56e6c4e,False,161628160,20260812,33987,180472,10935,103602,10871,completed,"[""cx"",""rz"",""h""]",slice-c-m64,8364,20.0,0.0,0.7029013750143349,0.5716318750055507
16,48,cell-8bbd84266dbf9cd2c591,pyzx_rewrite_identity_up_to_global_phase_v1,True,passed,echo_passthrough,literal input circuit -> output,0.75,0.75,logical_all_to_all_no_routing,passed,data/runs/w4-matched-representation-20260802/cells/cell-8bbd84266dbf9cd2c591/cell.log,64,2147483648,65,4a329fe6cbe6716a2bd485a2199f9568836f1ea2421152b69ade866fc2ac0749,96,18,"['cx', 'rz']",144,0,a8c6410e80961aa16eacf07045125d427521ed285cb6a9f72d9360343056ee90,c8e1308940b01c20f4bfa88539b0b463676d824e0750d1e583a2e168c4f2e186,48,8,qasm_bridge,rep-7c3ad78693d095ccfa91,data/runs/w4-matched-representation-20260802/representations/rep-7c3ad78693d095ccfa91/representation_manifest.json,dd5d99f8082a5f733fcdb52a1a70861deda4a77891dbab57d59905d4be4ed688,False,106659840,20260811,2840,20650,2830,20667,2764,completed,"[""cx"",""rz"",""h""]",slice-c-m64,8364,20.0,0.0,0.3392030419781804,0.23156966699752957
16,48,cell-2f51f3747ed69c88ae51,pyzx_rewrite_identity_up_to_global_phase_v1,True,passed,echo_passthrough,literal input circuit -> output,0.75,0.75,logical_all_to_all_no_routing,passed,data/runs/w4-matched-representation-20260802/cells/cell-2f51f3747ed69c88ae51/cell.log,64,2147483648,65,4a329fe6cbe6716a2bd485a2199f9568836f1ea2421152b69ade866fc2ac0749,96,18,"['cx', 'rz']",144,0,a8c6410e80961aa16eacf07045125d427521ed285cb6a9f72d9360343056ee90,c8e1308940b01c20f4bfa88539b0b463676d824e0750d1e583a2e168c4f2e186,48,8,qasm_bridge,rep-78c0064cfcdfad2b89f0,data/runs/w4-matched-representation-20260802/representations/rep-78c0064cfcdfad2b89f0/representation_manifest.json,7999c539af2af391c5149732d370d2a5aa204e5b342a2e7b27c772aa9d39ca33,False,106463232,20260812,2840,20650,2830,20667,2764,completed,"[""cx"",""rz"",""h""]",slice-c-m64,8364,20.0,0.0,0.3235674169845879,0.23181829100940377
16,48,cell-fd17ce749594b278d728,pyzx_rewrite_identity_up_to_global_phase_v1,True,passed,full_aggregation,exact input parity/phase table -> canonical CNOT-Rz,0.75,0.75,logical_all_to_all_no_routing,passed,data/runs/w4-matched-representation-20260802/cells/cell-fd17ce749594b278d728/cell.log,64,2147483648,65,c234de34e9ca9f206f066413e6691a22837fe2eb03bf462d5da793920661b46e,96,18,"['cx', 'rz']",144,0,f075f3d5fafbaa4794713a40a6a02fc7d5d2b2f3da476f6056648e8a4d4108ee,c8e1308940b01c20f4bfa88539b0b463676d824e0750d1e583a2e168c4f2e186,48,8,qasm_bridge,rep-7c3ad78693d095ccfa91,data/runs/w4-matched-representation-20260802/representations/rep-7c3ad78693d095ccfa91/representation_manifest.json,dd5d99f8082a5f733fcdb52a1a70861deda4a77891dbab57d59905d4be4ed688,False,106659840,20260811,2840,20650,2830,20687,2764,completed,"[""cx"",""rz"",""h""]",slice-c-m64,8364,20.0,0.0,0.3431971670361236,0.24415241600945592
16,48,cell-b742e9fc9d31794ebbef,pyzx_rewrite_identity_up_to_global_phase_v1,True,passed,full_aggregation,exact input parity/phase table -> canonical CNOT-Rz,0.75,0.75,logical_all_to_all_no_routing,passed,data/runs/w4-matched-representation-20260802/cells/cell-b742e9fc9d31794ebbef/cell.log,64,2147483648,65,c234de34e9ca9f206f066413e6691a22837fe2eb03bf462d5da793920661b46e,96,18,"['cx', 'rz']",144,0,f075f3d5fafbaa4794713a40a6a02fc7d5d2b2f3da476f6056648e8a4d4108ee,c8e1308940b01c20f4bfa88539b0b463676d824e0750d1e583a2e168c4f2e186,48,8,qasm_bridge,rep-78c0064cfcdfad2b89f0,data/runs/w4-matched-representation-20260802/representations/rep-78c0064cfcdfad2b89f0/representation_manifest.json,7999c539af2af391c5149732d370d2a5aa204e5b342a2e7b27c772aa9d39ca33,False,106577920,20260812,2840,20650,2830,20687,2764,completed,"[""cx"",""rz"",""h""]",slice-c-m64,8364,20.0,0.0,0.33498908404726535,0.2333178750704974
16,48,cell-d088b4df09a377a5937d,pyzx_rewrite_identity_up_to_global_phase_v1,True,passed,pyzx_full_reduce,OpenQASM2 -> PyZX graph/full_reduce/extract -> target basis,0.75,0.75,logical_all_to_all_no_routing,passed,data/runs/w4-matched-representation-20260802/cells/cell-d088b4df09a377a5937d/cell.log,64,2147483648,65,d0fb0adc30c2a79b6b722a12aca81650f87cb65d25845c7b0739af8d938c1365,246,91,"['cx', 'h', 'rz']",1008,714,d9fa5656471e2e888c9fddcd5b342fef633cb0b66610efcb32bc4c30899bce3b,f296b97c8d52705b86d396862f87d6acd2786d2f8371034e1d10659c25f06441,48,8,qasm_bridge,rep-7c3ad78693d095ccfa91,data/runs/w4-matched-representation-20260802/representations/rep-7c3ad78693d095ccfa91/representation_manifest.json,dd5d99f8082a5f733fcdb52a1a70861deda4a77891dbab57d59905d4be4ed688,False,111001600,20260811,2840,20650,11484,133509,11418,completed,"[""cx"",""rz"",""h""]",slice-c-m64,8364,20.0,0.0,0.5026881670346484,0.4027582909911871
16,48,cell-c51fda38a8583abdda43,pyzx_rewrite_identity_up_to_global_phase_v1,True,passed,pyzx_full_reduce,OpenQASM2 -> PyZX graph/full_reduce/extract -> target basis,0.75,0.75,logical_all_to_all_no_routing,passed,data/runs/w4-matched-representation-20260802/cells/cell-c51fda38a8583abdda43/cell.log,64,2147483648,65,d0fb0adc30c2a79b6b722a12aca81650f87cb65d25845c7b0739af8d938c1365,246,91,"['cx', 'h', 'rz']",1008,714,d9fa5656471e2e888c9fddcd5b342fef633cb0b66610efcb32bc4c30899bce3b,f296b97c8d52705b86d396862f87d6acd2786d2f8371034e1d10659c25f06441,48,8,qasm_bridge,rep-78c0064cfcdfad2b89f0,data/runs/w4-matched-representation-20260802/representations/rep-78c0064cfcdfad2b89f0/representation_manifest.json,7999c539af2af391c5149732d370d2a5aa204e5b342a2e7b27c772aa9d39ca33,False,111017984,20260812,2840,20650,11484,133509,11418,completed,"[""cx"",""rz"",""h""]",slice-c-m64,8364,20.0,0.0,0.5071655829669908,0.40676208306103945
16,48,cell-779de0c2007c8ab5c692,pyzx_rewrite_identity_up_to_global_phase_v1,True,passed,qiskit_opt3,OpenQASM2 -> Qiskit preset level 3 -> target basis,0.75,0.75,logical_all_to_all_no_routing,passed,data/runs/w4-matched-representation-20260802/cells/cell-779de0c2007c8ab5c692/cell.log,64,2147483648,65,cdb9c23eb4969f3acc3c19712cff562d5f6b4141807e1b569d4c494fae10a277,96,18,"['cx', 'rz']",144,0,20f14fcb764e8130a6505a83b9bbedf90c0a0aaebd577ffb0364a36b3ac640b7,c8e1308940b01c20f4bfa88539b0b463676d824e0750d1e583a2e168c4f2e186,48,8,qasm_bridge,rep-7c3ad78693d095ccfa91,data/runs/w4-matched-representation-20260802/representations/rep-7c3ad78693d095ccfa91/representation_manifest.json,dd5d99f8082a5f733fcdb52a1a70861deda4a77891dbab57d59905d4be4ed688,False,109658112,20260811,2840,20650,2825,20686,2764,completed,"[""cx"",""rz"",""h""]",slice-c-m64,8364,20.0,0.0,0.35536987497471273,0.2438186660874635
16,48,cell-17f21423daa6532c803a,pyzx_rewrite_identity_up_to_global_phase_v1,True,passed,qiskit_opt3,OpenQASM2 -> Qiskit preset level 3 -> target basis,0.75,0.75,logical_all_to_all_no_routing,passed,data/runs/w4-matched-representation-20260802/cells/cell-17f21423daa6532c803a/cell.log,64,2147483648,65,cdb9c23eb4969f3acc3c19712cff562d5f6b4141807e1b569d4c494fae10a277,96,18,"['cx', 'rz']",144,0,20f14fcb764e8130a6505a83b9bbedf90c0a0aaebd577ffb0364a36b3ac640b7,c8e1308940b01c20f4bfa88539b0b463676d824e0750d1e583a2e168c4f2e186,48,8,qasm_bridge,rep-78c0064cfcdfad2b89f0,data/runs/w4-matched-representation-20260802/representations/rep-78c0064cfcdfad2b89f0/representation_manifest.json,7999c539af2af391c5149732d370d2a5aa204e5b342a2e7b27c772aa9d39ca33,False,109641728,20260812,2840,20650,2825,20686,2764,completed,"[""cx"",""rz"",""h""]",slice-c-m64,8364,20.0,0.0,0.3670607910025865,0.24730216700118035
16,48,cell-2798a0ab840d0e4ed0e9,pyzx_rewrite_identity_up_to_global_phase_v1,True,passed,tket_paulisimp,OpenQASM2 -> TKET DecomposeBoxes/AutoRebase/PauliSimp -> target basis,0.75,0.75,logical_all_to_all_no_routing,passed,data/runs/w4-matched-representation-20260802/cells/cell-2798a0ab840d0e4ed0e9/cell.log,64,2147483648,65,f218168e339e7f4a076f7afda40fd95662e1bdff2524d287304951a7f847b0dd,218,44,"['cx', 'h', 'rz']",656,130,f541ded44f269153415a59f6cf74557106bdbf365a7327802cde49dcd3445068,184b767dff8390dbf2f2c46c5deb4e91cb712f9dd9249cbac3f3e83491469943,308,8,qasm_bridge,rep-7c3ad78693d095ccfa91,data/runs/w4-matched-representation-20260802/representations/rep-7c3ad78693d095ccfa91/representation_manifest.json,dd5d99f8082a5f733fcdb52a1a70861deda4a77891dbab57d59905d4be4ed688,False,159318016,20260811,2840,20650,10270,98171,10206,completed,"[""cx"",""rz"",""h""]",slice-c-m64,8364,20.0,0.0,0.6521182500291616,0.5174148329533637
16,48,cell-269ab904ec489bbd12cd,pyzx_rewrite_identity_up_to_global_phase_v1,True,passed,tket_paulisimp,OpenQASM2 -> TKET DecomposeBoxes/AutoRebase/PauliSimp -> target basis,0.75,0.75,logical_all_to_all_no_routing,passed,data/runs/w4-matched-representation-20260802/cells/cell-269ab904ec489bbd12cd/cell.log,64,2147483648,65,f218168e339e7f4a076f7afda40fd95662e1bdff2524d287304951a7f847b0dd,218,44,"['cx', 'h', 'rz']",656,130,f541ded44f269153415a59f6cf74557106bdbf365a7327802cde49dcd3445068,184b767dff8390dbf2f2c46c5deb4e91cb712f9dd9249cbac3f3e83491469943,308,8,qasm_bridge,rep-78c0064cfcdfad2b89f0,data/runs/w4-matched-representation-20260802/representations/rep-78c0064cfcdfad2b89f0/representation_manifest.json,7999c539af2af391c5149732d370d2a5aa204e5b342a2e7b27c772aa9d39ca33,False,159219712,20260812,2840,20650,10270,98171,10206,completed,"[""cx"",""rz"",""h""]",slice-c-m64,8364,20.0,0.0,0.649982166942209,0.5156333330087364
16,48,cell-c62c5db3dafbb49d8f7a,pyzx_rewrite_identity_up_to_global_phase_v1,True,passed,echo_passthrough,literal input circuit -> output,0.75,0.75,logical_all_to_all_no_routing,passed,data/runs/w4-matched-representation-20260802/cells/cell-c62c5db3dafbb49d8f7a/cell.log,64,2147483648,65,dd97e1d34fb15e0941f38858fd41a87434028de35227875afbed86ad6ea69e19,768,84,"['cx', 'rz']",1152,0,81ec7236c5c0d7b743e3682b835387ad9d0aa2b7e0b4408c7bcd1ebbcff6a9a6,df090dcae25bf662eba45e7b53d533f166f0c22b8dd6e504cdeb67045de755e3,384,8,random_commuting_order,rep-00b7f46f4ad9c066cd2e,data/runs/w4-matched-representation-20260802/representations/rep-00b7f46f4ad9c066cd2e/representation_manifest.json,450e26d56cbd89451ba28cb297b434e17f4a76a6154efc2e2e4dfcc7e22cc4b1,False,108347392,20260811,34271,180730,22531,180736,22463,completed,"[""cx"",""rz"",""h""]",slice-c-m64,8364,20.0,0.0,0.5146316669415683,0.42169912508688867
16,48,cell-d268d50fc8405ef10042,pyzx_rewrite_identity_up_to_global_phase_v1,True,passed,echo_passthrough,literal input circuit -> output,0.75,0.75,logical_all_to_all_no_routing,passed,data/runs/w4-matched-representation-20260802/cells/cell-d268d50fc8405ef10042/cell.log,64,2147483648,65,a7e0c17ee5acfb9cd3099c0ff2273a5e078f53b775cd05e6f64413cfecdd3f9b,768,84,"['cx', 'rz']",1152,0,ed9e350670c28ecbd5e5ad0728b37bef28ad34d4f3ed959059cc90586f0a3fa0,9acb4993312ed1aba80de9793cd64a0a935ac03ce8af5a968ea0807d56248f14,384,8,random_commuting_order,rep-fb55b51e5ba7c7853b3d,data/runs/w4-matched-representation-20260802/representations/rep-fb55b51e5ba7c7853b3d/representation_manifest.json,31b571b66e935ecd60b64237b7566109c9f5e423688469e235fa64d34203e562,False,108249088,20260812,34271,180727,22531,180733,22463,completed,"[""cx"",""rz"",""h""]",slice-c-m64,8364,20.0,0.0,0.5253587090410292,0.42891208408400416
16,48,cell-48d51a919a197ad872fb,pyzx_rewrite_identity_up_to_global_phase_v1,True,passed,full_aggregation,exact input parity/phase table -> canonical CNOT-Rz,0.75,0.75,logical_all_to_all_no_routing,passed,data/runs/w4-matched-representation-20260802/cells/cell-48d51a919a197ad872fb/cell.log,64,2147483648,65,c234de34e9ca9f206f066413e6691a22837fe2eb03bf462d5da793920661b46e,96,18,"['cx', 'rz']",144,0,f075f3d5fafbaa4794713a40a6a02fc7d5d2b2f3da476f6056648e8a4d4108ee,c8e1308940b01c20f4bfa88539b0b463676d824e0750d1e583a2e168c4f2e186,48,8,random_commuting_order,rep-00b7f46f4ad9c066cd2e,data/runs/w4-matched-representation-20260802/representations/rep-00b7f46f4ad9c066cd2e/representation_manifest.json,450e26d56cbd89451ba28cb297b434e17f4a76a6154efc2e2e4dfcc7e22cc4b1,False,107184128,20260811,34271,180730,2830,20687,2764,completed,"[""cx"",""rz"",""h""]",slice-c-m64,8364,20.0,0.0,0.358731959015131,0.25577679194975644
16,48,cell-2cc33b85d0c3d48314c8,pyzx_rewrite_identity_up_to_global_phase_v1,True,passed,full_aggregation,exact input parity/phase table -> canonical CNOT-Rz,0.75,0.75,logical_all_to_all_no_routing,passed,data/runs/w4-matched-representation-20260802/cells/cell-2cc33b85d0c3d48314c8/cell.log,64,2147483648,65,c234de34e9ca9f206f066413e6691a22837fe2eb03bf462d5da793920661b46e,96,18,"['cx', 'rz']",144,0,f075f3d5fafbaa4794713a40a6a02fc7d5d2b2f3da476f6056648e8a4d4108ee,c8e1308940b01c20f4bfa88539b0b463676d824e0750d1e583a2e168c4f2e186,48,8,random_commuting_order,rep-fb55b51e5ba7c7853b3d,data/runs/w4-matched-representation-20260802/representations/rep-fb55b51e5ba7c7853b3d/representation_manifest.json,31b571b66e935ecd60b64237b7566109c9f5e423688469e235fa64d34203e562,False,106987520,20260812,34271,180727,2830,20687,2764,completed,"[""cx"",""rz"",""h""]",slice-c-m64,8364,20.0,0.0,0.34467575000599027,0.23429950000718236
16,48,cell-9bd1097108e8768a2a53,pyzx_rewrite_identity_up_to_global_phase_v1,True,passed,pyzx_full_reduce,OpenQASM2 -> PyZX graph/full_reduce/extract -> target basis,0.75,0.75,logical_all_to_all_no_routing,passed,data/runs/w4-matched-representation-20260802/cells/cell-9bd1097108e8768a2a53/cell.log,64,2147483648,65,d0fb0adc30c2a79b6b722a12aca81650f87cb65d25845c7b0739af8d938c1365,246,91,"['cx', 'h', 'rz']",1008,714,d9fa5656471e2e888c9fddcd5b342fef633cb0b66610efcb32bc4c30899bce3b,f296b97c8d52705b86d396862f87d6acd2786d2f8371034e1d10659c25f06441,48,8,random_commuting_order,rep-00b7f46f4ad9c066cd2e,data/runs/w4-matched-representation-20260802/representations/rep-00b7f46f4ad9c066cd2e/representation_manifest.json,450e26d56cbd89451ba28cb297b434e17f4a76a6154efc2e2e4dfcc7e22cc4b1,False,111542272,20260811,34271,180730,11484,133509,11418,completed,"[""cx"",""rz"",""h""]",slice-c-m64,8364,20.0,0.0,0.6752321660751477,0.5649453330552205
16,48,cell-286b390dbb7bc353bbf3,pyzx_rewrite_identity_up_to_global_phase_v1,True,passed,pyzx_full_reduce,OpenQASM2 -> PyZX graph/full_reduce/extract -> target basis,0.75,0.75,logical_all_to_all_no_routing,passed,data/runs/w4-matched-representation-20260802/cells/cell-286b390dbb7bc353bbf3/cell.log,64,2147483648,65,d0fb0adc30c2a79b6b722a12aca81650f87cb65d25845c7b0739af8d938c1365,246,91,"['cx', 'h', 'rz']",1008,714,d9fa5656471e2e888c9fddcd5b342fef633cb0b66610efcb32bc4c30899bce3b,f296b97c8d52705b86d396862f87d6acd2786d2f8371034e1d10659c25f06441,48,8,random_commuting_order,rep-fb55b51e5ba7c7853b3d,data/runs/w4-matched-representation-20260802/representations/rep-fb55b51e5ba7c7853b3d/representation_manifest.json,31b571b66e935ecd60b64237b7566109c9f5e423688469e235fa64d34203e562,False,111460352,20260812,34271,180727,11484,133509,11418,completed,"[""cx"",""rz"",""h""]",slice-c-m64,8364,20.0,0.0,0.6556306250859052,0.5665847500786185
16,48,cell-4ff7fb95d3df08f970cb,pyzx_rewrite_identity_up_to_global_phase_v1,True,passed,qiskit_opt3,OpenQASM2 -> Qiskit preset level 3 -> target basis,0.75,0.75,logical_all_to_all_no_routing,passed,data/runs/w4-matched-representation-20260802/cells/cell-4ff7fb95d3df08f970cb/cell.log,64,2147483648,65,94b7899b29ac6d4ce985532f91e4fc96bb1d951c0e517353ace013d93b26170f,438,57,"['cx', 'rz']",657,0,f16b9726543244560b9335b30e46aa2bfdca708c24d5e0caa70c5427f16f6134,66f8e9a7b0fab796179d71a2e30e4175ed84a1b3bbd230e7af59a7931e7a0021,219,8,random_commuting_order,rep-00b7f46f4ad9c066cd2e,data/runs/w4-matched-representation-20260802/representations/rep-00b7f46f4ad9c066cd2e/representation_manifest.json,450e26d56cbd89451ba28cb297b434e17f4a76a6154efc2e2e4dfcc7e22cc4b1,False,111280128,20260811,34271,180730,12801,102078,12740,completed,"[""cx"",""rz"",""h""]",slice-c-m64,8364,20.0,0.0,0.44127070903778076,0.3493127910187468
16,48,cell-da9942275776a8783e63,pyzx_rewrite_identity_up_to_global_phase_v1,True,passed,qiskit_opt3,OpenQASM2 -> Qiskit preset level 3 -> target basis,0.75,0.75,logical_all_to_all_no_routing,passed,data/runs/w4-matched-representation-20260802/cells/cell-da9942275776a8783e63/cell.log,64,2147483648,65,b50d4cd9f297068afad61eee134be8851cf727275dc4c90b6cccd9f0c308d8a2,424,60,"['cx', 'rz']",636,0,d13ac257a805e769634f1aa1ac92452d7b2b7a3dbdfa74ca2f629f6ce2f0f3ab,15bed57d783a41edd4b451743ea278435bbe27e5fc086b50dda6802864f79bca,212,8,random_commuting_order,rep-fb55b51e5ba7c7853b3d,data/runs/w4-matched-representation-20260802/representations/rep-fb55b51e5ba7c7853b3d/representation_manifest.json,31b571b66e935ecd60b64237b7566109c9f5e423688469e235fa64d34203e562,False,111443968,20260812,34271,180727,12466,98753,12405,completed,"[""cx"",""rz"",""h""]",slice-c-m64,8364,20.0,0.0,0.43768904195167124,0.33969033404719085
16,48,cell-cf3e27d67b8bb82d3769,pyzx_rewrite_identity_up_to_global_phase_v1,True,passed,tket_paulisimp,OpenQASM2 -> TKET DecomposeBoxes/AutoRebase/PauliSimp -> target basis,0.75,0.75,logical_all_to_all_no_routing,passed,data/runs/w4-matched-representation-20260802/cells/cell-cf3e27d67b8bb82d3769/cell.log,64,2147483648,65,ebdd46a8b8e3562b021514ee23724e0d0f3e2727bb0943e998e559af773a6d78,218,44,"['cx', 'h', 'rz']",656,130,d59a5625e65f417c5b1cc70ebb75a815e37a5d5d2240f6f39ac4f5793579b75c,fd5401f8ef211433f84436ad2df9cfd7bdbe4ae7b7cfac5370c05cfdf24c1689,308,8,random_commuting_order,rep-00b7f46f4ad9c066cd2e,data/runs/w4-matched-representation-20260802/representations/rep-00b7f46f4ad9c066cd2e/representation_manifest.json,450e26d56cbd89451ba28cb297b434e17f4a76a6154efc2e2e4dfcc7e22cc4b1,False,161562624,20260811,34271,180730,10271,98170,10207,completed,"[""cx"",""rz"",""h""]",slice-c-m64,8364,20.0,0.0,0.6925269159255549,0.5522033339366317
16,48,cell-9ccc3d7162801d4c8968,pyzx_rewrite_identity_up_to_global_phase_v1,True,passed,tket_paulisimp,OpenQASM2 -> TKET DecomposeBoxes/AutoRebase/PauliSimp -> target basis,0.75,0.75,logical_all_to_all_no_routing,passed,data/runs/w4-matched-representation-20260802/cells/cell-9ccc3d7162801d4c8968/cell.log,64,2147483648,65,40491caf895bfd0ff280b919fc4c0d8f6b72513c3ed9848734c0b096f1858443,218,44,"['cx', 'h', 'rz']",656,130,e2b7de439ad91699c3b4235cff06fcd3aa588fbab61b601e7da3ddec3e773996,e316af5bdf13969e77e3fff1fecbc8899143f7d5198d8b648348742e923b27c3,308,8,random_commuting_order,rep-fb55b51e5ba7c7853b3d,data/runs/w4-matched-representation-20260802/representations/rep-fb55b51e5ba7c7853b3d/representation_manifest.json,31b571b66e935ecd60b64237b7566109c9f5e423688469e235fa64d34203e562,False,161251328,20260812,34271,180727,10270,98171,10206,completed,"[""cx"",""rz"",""h""]",slice-c-m64,8364,20.0,0.0,0.6882279169512913,0.5451349170180038
16,48,cell-ee6a007691ad7ab591bf,pyzx_rewrite_identity_up_to_global_phase_v1,True,passed,echo_passthrough,literal input circuit -> output,0.75,0.75,logical_all_to_all_no_routing,passed,data/runs/w4-matched-representation-20260802/cells/cell-ee6a007691ad7ab591bf/cell.log,64,2147483648,65,cd4370cb7fb7c0c4c5d2261cb1ace592838eaf8f9cf5f6ba5352723b9b19f78b,768,60,"['cx', 'rz']",1152,0,c16bc6bda2b6501678119838c8676ce228818946a55007ad8c3a34db2c00e31e,bcbe529030e90255d2983340b97c67f97da4b434a8f3e089d722a28c4bd59743,384,8,round_robin_flat,rep-8da2395e0cd427e9df89,data/runs/w4-matched-representation-20260802/representations/rep-8da2395e0cd427e9df89/representation_manifest.json,c01e42411bc48284dceee957e3e815b2bbe136b2f6392575d9fe5b1825e48704,False,108511232,20260811,34271,180729,22531,180741,22463,completed,"[""cx"",""rz"",""h""]",slice-c-m64,8364,20.0,0.0,0.567136500030756,0.45786550000775605
16,48,cell-b353d87b95aa304b041a,pyzx_rewrite_identity_up_to_global_phase_v1,True,passed,echo_passthrough,literal input circuit -> output,0.75,0.75,logical_all_to_all_no_routing,passed,data/runs/w4-matched-representation-20260802/cells/cell-b353d87b95aa304b041a/cell.log,64,2147483648,65,cd4370cb7fb7c0c4c5d2261cb1ace592838eaf8f9cf5f6ba5352723b9b19f78b,768,60,"['cx', 'rz']",1152,0,c16bc6bda2b6501678119838c8676ce228818946a55007ad8c3a34db2c00e31e,bcbe529030e90255d2983340b97c67f97da4b434a8f3e089d722a28c4bd59743,384,8,round_robin_flat,rep-1fe24dbde187b933d29b,data/runs/w4-matched-representation-20260802/representations/rep-1fe24dbde187b933d29b/representation_manifest.json,1e88628c36665d1d58ce76cb5c26c604da3db2e1f7a02733ff315e5cd71323fa,False,108347392,20260812,34271,180729,22531,180741,22463,completed,"[""cx"",""rz"",""h""]",slice-c-m64,8364,20.0,0.0,0.5547284999629483,0.4537967079086229
16,48,cell-0bb1a2fb52249a51b593,pyzx_rewrite_identity_up_to_global_phase_v1,True,passed,full_aggregation,exact input parity/phase table -> canonical CNOT-Rz,0.75,0.75,logical_all_to_all_no_routing,passed,data/runs/w4-matched-representation-20260802/cells/cell-0bb1a2fb52249a51b593/cell.log,64,2147483648,65,c234de34e9ca9f206f066413e6691a22837fe2eb03bf462d5da793920661b46e,96,18,"['cx', 'rz']",144,0,f075f3d5fafbaa4794713a40a6a02fc7d5d2b2f3da476f6056648e8a4d4108ee,c8e1308940b01c20f4bfa88539b0b463676d824e0750d1e583a2e168c4f2e186,48,8,round_robin_flat,rep-8da2395e0cd427e9df89,data/runs/w4-matched-representation-20260802/representations/rep-8da2395e0cd427e9df89/representation_manifest.json,c01e42411bc48284dceee957e3e815b2bbe136b2f6392575d9fe5b1825e48704,False,106938368,20260811,34271,180729,2830,20687,2764,completed,"[""cx"",""rz"",""h""]",slice-c-m64,8364,20.0,0.0,0.3413518749875948,0.23852675000671297
16,48,cell-0340ae00e4cda7263e7e,pyzx_rewrite_identity_up_to_global_phase_v1,True,passed,full_aggregation,exact input parity/phase table -> canonical CNOT-Rz,0.75,0.75,logical_all_to_all_no_routing,passed,data/runs/w4-matched-representation-20260802/cells/cell-0340ae00e4cda7263e7e/cell.log,64,2147483648,65,c234de34e9ca9f206f066413e6691a22837fe2eb03bf462d5da793920661b46e,96,18,"['cx', 'rz']",144,0,f075f3d5fafbaa4794713a40a6a02fc7d5d2b2f3da476f6056648e8a4d4108ee,c8e1308940b01c20f4bfa88539b0b463676d824e0750d1e583a2e168c4f2e186,48,8,round_robin_flat,rep-1fe24dbde187b933d29b,data/runs/w4-matched-representation-20260802/representations/rep-1fe24dbde187b933d29b/representation_manifest.json,1e88628c36665d1d58ce76cb5c26c604da3db2e1f7a02733ff315e5cd71323fa,False,106971136,20260812,34271,180729,2830,20687,2764,completed,"[""cx"",""rz"",""h""]",slice-c-m64,8364,20.0,0.0,0.3340951249701902,0.2326935000019148
16,48,cell-73ef52345a453cec2bbb,pyzx_rewrite_identity_up_to_global_phase_v1,True,passed,pyzx_full_reduce,OpenQASM2 -> PyZX graph/full_reduce/extract -> target basis,0.75,0.75,logical_all_to_all_no_routing,passed,data/runs/w4-matched-representation-20260802/cells/cell-73ef52345a453cec2bbb/cell.log,64,2147483648,65,d0fb0adc30c2a79b6b722a12aca81650f87cb65d25845c7b0739af8d938c1365,246,91,"['cx', 'h', 'rz']",1008,714,d9fa5656471e2e888c9fddcd5b342fef633cb0b66610efcb32bc4c30899bce3b,f296b97c8d52705b86d396862f87d6acd2786d2f8371034e1d10659c25f06441,48,8,round_robin_flat,rep-8da2395e0cd427e9df89,data/runs/w4-matched-representation-20260802/representations/rep-8da2395e0cd427e9df89/representation_manifest.json,c01e42411bc48284dceee957e3e815b2bbe136b2f6392575d9fe5b1825e48704,False,111509504,20260811,34271,180729,11484,133509,11418,completed,"[""cx"",""rz"",""h""]",slice-c-m64,8364,20.0,0.0,0.7181630409322679,0.6194537500850856
16,48,cell-3bb9ee2d69b8719ae75f,pyzx_rewrite_identity_up_to_global_phase_v1,True,passed,pyzx_full_reduce,OpenQASM2 -> PyZX graph/full_reduce/extract -> target basis,0.75,0.75,logical_all_to_all_no_routing,passed,data/runs/w4-matched-representation-20260802/cells/cell-3bb9ee2d69b8719ae75f/cell.log,64,2147483648,65,d0fb0adc30c2a79b6b722a12aca81650f87cb65d25845c7b0739af8d938c1365,246,91,"['cx', 'h', 'rz']",1008,714,d9fa5656471e2e888c9fddcd5b342fef633cb0b66610efcb32bc4c30899bce3b,f296b97c8d52705b86d396862f87d6acd2786d2f8371034e1d10659c25f06441,48,8,round_robin_flat,rep-1fe24dbde187b933d29b,data/runs/w4-matched-representation-20260802/representations/rep-1fe24dbde187b933d29b/representation_manifest.json,1e88628c36665d1d58ce76cb5c26c604da3db2e1f7a02733ff315e5cd71323fa,False,111542272,20260812,34271,180729,11484,133509,11418,completed,"[""cx"",""rz"",""h""]",slice-c-m64,8364,20.0,0.0,0.7245994169497862,0.6196464999811724
16,48,cell-8f2d75c92adcd21c3c0a,pyzx_rewrite_identity_up_to_global_phase_v1,True,passed,qiskit_opt3,OpenQASM2 -> Qiskit preset level 3 -> target basis,0.75,0.75,logical_all_to_all_no_routing,passed,data/runs/w4-matched-representation-20260802/cells/cell-8f2d75c92adcd21c3c0a/cell.log,64,2147483648,65,adafe446db39943c87d4c006b2d8de891d8e804daa25b0e34ec0fb1b83591e56,726,60,"['cx', 'rz']",1089,0,456202968cc809bdb7fa0f3e2747b9f3ac2672bc99cfa8138035c5e7fd557ba3,517417f7de240cca9e40df4a702eadbff416fac39ee7315cea2ff37ed3d9dc06,363,8,round_robin_flat,rep-8da2395e0cd427e9df89,data/runs/w4-matched-representation-20260802/representations/rep-8da2395e0cd427e9df89/representation_manifest.json,c01e42411bc48284dceee957e3e815b2bbe136b2f6392575d9fe5b1825e48704,False,111755264,20260811,34271,180729,21300,170720,21237,completed,"[""cx"",""rz"",""h""]",slice-c-m64,8364,20.0,0.0,0.5305989169282839,0.4376668749609962
16,48,cell-0b33cbc042cec5c23ce2,pyzx_rewrite_identity_up_to_global_phase_v1,True,passed,qiskit_opt3,OpenQASM2 -> Qiskit preset level 3 -> target basis,0.75,0.75,logical_all_to_all_no_routing,passed,data/runs/w4-matched-representation-20260802/cells/cell-0b33cbc042cec5c23ce2/cell.log,64,2147483648,65,adafe446db39943c87d4c006b2d8de891d8e804daa25b0e34ec0fb1b83591e56,726,60,"['cx', 'rz']",1089,0,456202968cc809bdb7fa0f3e2747b9f3ac2672bc99cfa8138035c5e7fd557ba3,517417f7de240cca9e40df4a702eadbff416fac39ee7315cea2ff37ed3d9dc06,363,8,round_robin_flat,rep-1fe24dbde187b933d29b,data/runs/w4-matched-representation-20260802/representations/rep-1fe24dbde187b933d29b/representation_manifest.json,1e88628c36665d1d58ce76cb5c26c604da3db2e1f7a02733ff315e5cd71323fa,False,111722496,20260812,34271,180729,21300,170720,21237,completed,"[""cx"",""rz"",""h""]",slice-c-m64,8364,20.0,0.0,0.5227212909376249,0.4322506249882281
16,48,cell-cbcd18bfcd43996cc9b8,pyzx_rewrite_identity_up_to_global_phase_v1,True,passed,tket_paulisimp,OpenQASM2 -> TKET DecomposeBoxes/AutoRebase/PauliSimp -> target basis,0.75,0.75,logical_all_to_all_no_routing,passed,data/runs/w4-matched-representation-20260802/cells/cell-cbcd18bfcd43996cc9b8/cell.log,64,2147483648,65,9b822d26a0c3c89eba52c416e4c0d057c9487b9be1243b48f24b96d62b27df39,218,44,"['cx', 'h', 'rz']",656,130,f33474469e0e1de04bf504cdb289c0e5730b85d106c949d2ac31af8e156b62bb,b497b53732c247f0bb691457a4019f8bba977c5240e6d52ce27b5c0ca098fc85,308,8,round_robin_flat,rep-8da2395e0cd427e9df89,data/runs/w4-matched-representation-20260802/representations/rep-8da2395e0cd427e9df89/representation_manifest.json,c01e42411bc48284dceee957e3e815b2bbe136b2f6392575d9fe5b1825e48704,False,161316864,20260811,34271,180729,10276,98165,10212,completed,"[""cx"",""rz"",""h""]",slice-c-m64,8364,20.0,0.0,0.7016618340276182,0.5613813330419362
16,48,cell-ef903283b97152128789,pyzx_rewrite_identity_up_to_global_phase_v1,True,passed,tket_paulisimp,OpenQASM2 -> TKET DecomposeBoxes/AutoRebase/PauliSimp -> target basis,0.75,0.75,logical_all_to_all_no_routing,passed,data/runs/w4-matched-representation-20260802/cells/cell-ef903283b97152128789/cell.log,64,2147483648,65,9b822d26a0c3c89eba52c416e4c0d057c9487b9be1243b48f24b96d62b27df39,218,44,"['cx', 'h', 'rz']",656,130,f33474469e0e1de04bf504cdb289c0e5730b85d106c949d2ac31af8e156b62bb,b497b53732c247f0bb691457a4019f8bba977c5240e6d52ce27b5c0ca098fc85,308,8,round_robin_flat,rep-1fe24dbde187b933d29b,data/runs/w4-matched-representation-20260802/representations/rep-1fe24dbde187b933d29b/representation_manifest.json,1e88628c36665d1d58ce76cb5c26c604da3db2e1f7a02733ff315e5cd71323fa,False,161742848,20260812,34271,180729,10276,98165,10212,completed,"[""cx"",""rz"",""h""]",slice-c-m64,8364,20.0,0.0,0.6862991249654442,0.5570902080507949
16,48,cell-5b3b06370f28ebb0ce27,pyzx_rewrite_identity_up_to_global_phase_v1,True,passed,echo_passthrough,literal input circuit -> output,0.75,0.75,logical_all_to_all_no_routing,passed,data/runs/w4-matched-representation-20260802/cells/cell-5b3b06370f28ebb0ce27/cell.log,64,2147483648,65,4a329fe6cbe6716a2bd485a2199f9568836f1ea2421152b69ade866fc2ac0749,96,18,"['cx', 'rz']",144,0,a8c6410e80961aa16eacf07045125d427521ed285cb6a9f72d9360343056ee90,c8e1308940b01c20f4bfa88539b0b463676d824e0750d1e583a2e168c4f2e186,48,8,semantic_aggregate,rep-7f21a506be994a8c0257,data/runs/w4-matched-representation-20260802/representations/rep-7f21a506be994a8c0257/representation_manifest.json,e22ee30270460a59a3b45e7cba56ead67a35b4cf2ada3fd0c226f5a551b30a88,False,106692608,20260811,4644,20657,2830,20667,2764,completed,"[""cx"",""rz"",""h""]",slice-c-m64,8364,20.0,0.0,0.32647750002797693,0.2371834999648854
16,48,cell-e5d9c077058da1c21ccd,pyzx_rewrite_identity_up_to_global_phase_v1,True,passed,echo_passthrough,literal input circuit -> output,0.75,0.75,logical_all_to_all_no_routing,passed,data/runs/w4-matched-representation-20260802/cells/cell-e5d9c077058da1c21ccd/cell.log,64,2147483648,65,4a329fe6cbe6716a2bd485a2199f9568836f1ea2421152b69ade866fc2ac0749,96,18,"['cx', 'rz']",144,0,a8c6410e80961aa16eacf07045125d427521ed285cb6a9f72d9360343056ee90,c8e1308940b01c20f4bfa88539b0b463676d824e0750d1e583a2e168c4f2e186,48,8,semantic_aggregate,rep-de8903bc7d71adce16ef,data/runs/w4-matched-representation-20260802/representations/rep-de8903bc7d71adce16ef/representation_manifest.json,fed32aa7d36f78995695bcfeca678bf3d1ed00f69c4548839a3f24cf1f18e0f5,False,106545152,20260812,4644,20657,2830,20667,2764,completed,"[""cx"",""rz"",""h""]",slice-c-m64,8364,20.0,0.0,0.33507191704120487,0.23052833403926343
16,48,cell-19f12912a4d4c83854b0,pyzx_rewrite_identity_up_to_global_phase_v1,True,passed,full_aggregation,exact input parity/phase table -> canonical CNOT-Rz,0.75,0.75,logical_all_to_all_no_routing,passed,data/runs/w4-matched-representation-20260802/cells/cell-19f12912a4d4c83854b0/cell.log,64,2147483648,65,c234de34e9ca9f206f066413e6691a22837fe2eb03bf462d5da793920661b46e,96,18,"['cx', 'rz']",144,0,f075f3d5fafbaa4794713a40a6a02fc7d5d2b2f3da476f6056648e8a4d4108ee,c8e1308940b01c20f4bfa88539b0b463676d824e0750d1e583a2e168c4f2e186,48,8,semantic_aggregate,rep-7f21a506be994a8c0257,data/runs/w4-matched-representation-20260802/representations/rep-7f21a506be994a8c0257/representation_manifest.json,e22ee30270460a59a3b45e7cba56ead67a35b4cf2ada3fd0c226f5a551b30a88,False,106545152,20260811,4644,20657,2830,20687,2764,completed,"[""cx"",""rz"",""h""]",slice-c-m64,8364,20.0,0.0,0.3408393330173567,0.23306883301120251
16,48,cell-05573d6b02380336287d,pyzx_rewrite_identity_up_to_global_phase_v1,True,passed,full_aggregation,exact input parity/phase table -> canonical CNOT-Rz,0.75,0.75,logical_all_to_all_no_routing,passed,data/runs/w4-matched-representation-20260802/cells/cell-05573d6b02380336287d/cell.log,64,2147483648,65,c234de34e9ca9f206f066413e6691a22837fe2eb03bf462d5da793920661b46e,96,18,"['cx', 'rz']",144,0,f075f3d5fafbaa4794713a40a6a02fc7d5d2b2f3da476f6056648e8a4d4108ee,c8e1308940b01c20f4bfa88539b0b463676d824e0750d1e583a2e168c4f2e186,48,8,semantic_aggregate,rep-de8903bc7d71adce16ef,data/runs/w4-matched-representation-20260802/representations/rep-de8903bc7d71adce16ef/representation_manifest.json,fed32aa7d36f78995695bcfeca678bf3d1ed00f69c4548839a3f24cf1f18e0f5,False,106512384,20260812,4644,20657,2830,20687,2764,completed,"[""cx"",""rz"",""h""]",slice-c-m64,8364,20.0,0.0,0.33816037501674145,0.2343922919826582
16,48,cell-988974c70ae48e57aaab,pyzx_rewrite_identity_up_to_global_phase_v1,True,passed,pyzx_full_reduce,OpenQASM2 -> PyZX graph/full_reduce/extract -> target basis,0.75,0.75,logical_all_to_all_no_routing,passed,data/runs/w4-matched-representation-20260802/cells/cell-988974c70ae48e57aaab/cell.log,64,2147483648,65,d0fb0adc30c2a79b6b722a12aca81650f87cb65d25845c7b0739af8d938c1365,246,91,"['cx', 'h', 'rz']",1008,714,d9fa5656471e2e888c9fddcd5b342fef633cb0b66610efcb32bc4c30899bce3b,f296b97c8d52705b86d396862f87d6acd2786d2f8371034e1d10659c25f06441,48,8,semantic_aggregate,rep-7f21a506be994a8c0257,data/runs/w4-matched-representation-20260802/representations/rep-7f21a506be994a8c0257/representation_manifest.json,e22ee30270460a59a3b45e7cba56ead67a35b4cf2ada3fd0c226f5a551b30a88,False,111050752,20260811,4644,20657,11484,133509,11418,completed,"[""cx"",""rz"",""h""]",slice-c-m64,8364,20.0,0.0,0.5160105829127133,0.4038549589458853
16,48,cell-32aa60fec00df3ca5088,pyzx_rewrite_identity_up_to_global_phase_v1,True,passed,pyzx_full_reduce,OpenQASM2 -> PyZX graph/full_reduce/extract -> target basis,0.75,0.75,logical_all_to_all_no_routing,passed,data/runs/w4-matched-representation-20260802/cells/cell-32aa60fec00df3ca5088/cell.log,64,2147483648,65,d0fb0adc30c2a79b6b722a12aca81650f87cb65d25845c7b0739af8d938c1365,246,91,"['cx', 'h', 'rz']",1008,714,d9fa5656471e2e888c9fddcd5b342fef633cb0b66610efcb32bc4c30899bce3b,f296b97c8d52705b86d396862f87d6acd2786d2f8371034e1d10659c25f06441,48,8,semantic_aggregate,rep-de8903bc7d71adce16ef,data/runs/w4-matched-representation-20260802/representations/rep-de8903bc7d71adce16ef/representation_manifest.json,fed32aa7d36f78995695bcfeca678bf3d1ed00f69c4548839a3f24cf1f18e0f5,False,111050752,20260812,4644,20657,11484,133509,11418,completed,"[""cx"",""rz"",""h""]",slice-c-m64,8364,20.0,0.0,0.5041905419202521,0.4041408329503611
16,48,cell-712464b4652b256a35c5,pyzx_rewrite_identity_up_to_global_phase_v1,True,passed,qiskit_opt3,OpenQASM2 -> Qiskit preset level 3 -> target basis,0.75,0.75,logical_all_to_all_no_routing,passed,data/runs/w4-matched-representation-20260802/cells/cell-712464b4652b256a35c5/cell.log,64,2147483648,65,cdb9c23eb4969f3acc3c19712cff562d5f6b4141807e1b569d4c494fae10a277,96,18,"['cx', 'rz']",144,0,20f14fcb764e8130a6505a83b9bbedf90c0a0aaebd577ffb0364a36b3ac640b7,c8e1308940b01c20f4bfa88539b0b463676d824e0750d1e583a2e168c4f2e186,48,8,semantic_aggregate,rep-7f21a506be994a8c0257,data/runs/w4-matched-representation-20260802/representations/rep-7f21a506be994a8c0257/representation_manifest.json,e22ee30270460a59a3b45e7cba56ead67a35b4cf2ada3fd0c226f5a551b30a88,False,109543424,20260811,4644,20657,2825,20686,2764,completed,"[""cx"",""rz"",""h""]",slice-c-m64,8364,20.0,0.0,0.3416022500023246,0.24308925005607307
16,48,cell-5806b6a384eade7bb657,pyzx_rewrite_identity_up_to_global_phase_v1,True,passed,qiskit_opt3,OpenQASM2 -> Qiskit preset level 3 -> target basis,0.75,0.75,logical_all_to_all_no_routing,passed,data/runs/w4-matched-representation-20260802/cells/cell-5806b6a384eade7bb657/cell.log,64,2147483648,65,cdb9c23eb4969f3acc3c19712cff562d5f6b4141807e1b569d4c494fae10a277,96,18,"['cx', 'rz']",144,0,20f14fcb764e8130a6505a83b9bbedf90c0a0aaebd577ffb0364a36b3ac640b7,c8e1308940b01c20f4bfa88539b0b463676d824e0750d1e583a2e168c4f2e186,48,8,semantic_aggregate,rep-de8903bc7d71adce16ef,data/runs/w4-matched-representation-20260802/representations/rep-de8903bc7d71adce16ef/representation_manifest.json,fed32aa7d36f78995695bcfeca678bf3d1ed00f69c4548839a3f24cf1f18e0f5,False,109641728,20260812,4644,20657,2825,20686,2764,completed,"[""cx"",""rz"",""h""]",slice-c-m64,8364,20.0,0.0,0.3409614160191268,0.24305675004143268
16,48,cell-8bba075a5a3e9846dc49,pyzx_rewrite_identity_up_to_global_phase_v1,True,passed,tket_paulisimp,OpenQASM2 -> TKET DecomposeBoxes/AutoRebase/PauliSimp -> target basis,0.75,0.75,logical_all_to_all_no_routing,passed,data/runs/w4-matched-representation-20260802/cells/cell-8bba075a5a3e9846dc49/cell.log,64,2147483648,65,f218168e339e7f4a076f7afda40fd95662e1bdff2524d287304951a7f847b0dd,218,44,"['cx', 'h', 'rz']",656,130,f541ded44f269153415a59f6cf74557106bdbf365a7327802cde49dcd3445068,184b767dff8390dbf2f2c46c5deb4e91cb712f9dd9249cbac3f3e83491469943,308,8,semantic_aggregate,rep-7f21a506be994a8c0257,data/runs/w4-matched-representation-20260802/representations/rep-7f21a506be994a8c0257/representation_manifest.json,e22ee30270460a59a3b45e7cba56ead67a35b4cf2ada3fd0c226f5a551b30a88,False,159334400,20260811,4644,20657,10270,98171,10206,completed,"[""cx"",""rz"",""h""]",slice-c-m64,8364,20.0,0.0,0.6536751250969246,0.5172550419811159
16,48,cell-c86a2a9372ecd7b01bfa,pyzx_rewrite_identity_up_to_global_phase_v1,True,passed,tket_paulisimp,OpenQASM2 -> TKET DecomposeBoxes/AutoRebase/PauliSimp -> target basis,0.75,0.75,logical_all_to_all_no_routing,passed,data/runs/w4-matched-representation-20260802/cells/cell-c86a2a9372ecd7b01bfa/cell.log,64,2147483648,65,f218168e339e7f4a076f7afda40fd95662e1bdff2524d287304951a7f847b0dd,218,44,"['cx', 'h', 'rz']",656,130,f541ded44f269153415a59f6cf74557106bdbf365a7327802cde49dcd3445068,184b767dff8390dbf2f2c46c5deb4e91cb712f9dd9249cbac3f3e83491469943,308,8,semantic_aggregate,rep-de8903bc7d71adce16ef,data/runs/w4-matched-representation-20260802/representations/rep-de8903bc7d71adce16ef/representation_manifest.json,fed32aa7d36f78995695bcfeca678bf3d1ed00f69c4548839a3f24cf1f18e0f5,False,159252480,20260812,4644,20657,10270,98171,10206,completed,"[""cx"",""rz"",""h""]",slice-c-m64,8364,20.0,0.0,0.6566185000119731,0.5144510420504957
16,48,cell-e07518062898568ceebc,pyzx_rewrite_identity_up_to_global_phase_v1,True,passed,echo_passthrough,literal input circuit -> output,0.75,0.75,logical_all_to_all_no_routing,passed,data/runs/w4-matched-representation-20260802/cells/cell-e07518062898568ceebc/cell.log,64,2147483648,65,c442c3956ab38c3f6f09ee69c56bdbeb9cc3271dd6a8a0acd9a44a5d6f06ca97,96,18,"['cx', 'rz']",144,0,8ea43210e5e774401dfd7795397c6b677817c825c21cd697a6b4742b16ba82d0,99669540bb72ec727619d425082609d83192371076044d85e16aa82d65087546,48,8,tket_bridge,rep-e0285d26ee19b2ca144c,data/runs/w4-matched-representation-20260802/representations/rep-e0285d26ee19b2ca144c/representation_manifest.json,34179422abac9b9c265059c726d19e2439eb27a93e360e8073da75fe47da21c2,False,106627072,20260811,2713,20650,2830,20667,2764,completed,"[""cx"",""rz"",""h""]",slice-c-m64,8364,20.0,0.0,0.34017512504942715,0.2356167499674484
16,48,cell-19d7fdfee2590f08086a,pyzx_rewrite_identity_up_to_global_phase_v1,True,passed,echo_passthrough,literal input circuit -> output,0.75,0.75,logical_all_to_all_no_routing,passed,data/runs/w4-matched-representation-20260802/cells/cell-19d7fdfee2590f08086a/cell.log,64,2147483648,65,c442c3956ab38c3f6f09ee69c56bdbeb9cc3271dd6a8a0acd9a44a5d6f06ca97,96,18,"['cx', 'rz']",144,0,8ea43210e5e774401dfd7795397c6b677817c825c21cd697a6b4742b16ba82d0,99669540bb72ec727619d425082609d83192371076044d85e16aa82d65087546,48,8,tket_bridge,rep-a8c27809f08ef68ab1c3,data/runs/w4-matched-representation-20260802/representations/rep-a8c27809f08ef68ab1c3/representation_manifest.json,075d72895a5dcd9f5c3884ffa69205b8cdef84d21b54df590bb29d5f7cce0a1a,False,106627072,20260812,2713,20650,2830,20667,2764,completed,"[""cx"",""rz"",""h""]",slice-c-m64,8364,20.0,0.0,0.3371595839271322,0.23098400002345443
16,48,cell-5732fda79a4bdf8fd572,pyzx_rewrite_identity_up_to_global_phase_v1,True,passed,full_aggregation,exact input parity/phase table -> canonical CNOT-Rz,0.75,0.75,logical_all_to_all_no_routing,passed,data/runs/w4-matched-representation-20260802/cells/cell-5732fda79a4bdf8fd572/cell.log,64,2147483648,65,c234de34e9ca9f206f066413e6691a22837fe2eb03bf462d5da793920661b46e,96,18,"['cx', 'rz']",144,0,f075f3d5fafbaa4794713a40a6a02fc7d5d2b2f3da476f6056648e8a4d4108ee,c8e1308940b01c20f4bfa88539b0b463676d824e0750d1e583a2e168c4f2e186,48,8,tket_bridge,rep-e0285d26ee19b2ca144c,data/runs/w4-matched-representation-20260802/representations/rep-e0285d26ee19b2ca144c/representation_manifest.json,34179422abac9b9c265059c726d19e2439eb27a93e360e8073da75fe47da21c2,False,106528768,20260811,2713,20650,2830,20687,2764,completed,"[""cx"",""rz"",""h""]",slice-c-m64,8364,20.0,0.0,0.3315734580392018,0.23335641692392528
16,48,cell-216d6ec1beeac2b4abd1,pyzx_rewrite_identity_up_to_global_phase_v1,True,passed,full_aggregation,exact input parity/phase table -> canonical CNOT-Rz,0.75,0.75,logical_all_to_all_no_routing,passed,data/runs/w4-matched-representation-20260802/cells/cell-216d6ec1beeac2b4abd1/cell.log,64,2147483648,65,c234de34e9ca9f206f066413e6691a22837fe2eb03bf462d5da793920661b46e,96,18,"['cx', 'rz']",144,0,f075f3d5fafbaa4794713a40a6a02fc7d5d2b2f3da476f6056648e8a4d4108ee,c8e1308940b01c20f4bfa88539b0b463676d824e0750d1e583a2e168c4f2e186,48,8,tket_bridge,rep-a8c27809f08ef68ab1c3,data/runs/w4-matched-representation-20260802/representations/rep-a8c27809f08ef68ab1c3/representation_manifest.json,075d72895a5dcd9f5c3884ffa69205b8cdef84d21b54df590bb29d5f7cce0a1a,False,106430464,20260812,2713,20650,2830,20687,2764,completed,"[""cx"",""rz"",""h""]",slice-c-m64,8364,20.0,0.0,0.3400982079328969,0.23494383308570832
16,48,cell-c5e10ac6609d9d7ee8a0,pyzx_rewrite_identity_up_to_global_phase_v1,True,passed,pyzx_full_reduce,OpenQASM2 -> PyZX graph/full_reduce/extract -> target basis,0.75,0.75,logical_all_to_all_no_routing,passed,data/runs/w4-matched-representation-20260802/cells/cell-c5e10ac6609d9d7ee8a0/cell.log,64,2147483648,65,d0fb0adc30c2a79b6b722a12aca81650f87cb65d25845c7b0739af8d938c1365,246,91,"['cx', 'h', 'rz']",1008,714,d9fa5656471e2e888c9fddcd5b342fef633cb0b66610efcb32bc4c30899bce3b,f296b97c8d52705b86d396862f87d6acd2786d2f8371034e1d10659c25f06441,48,8,tket_bridge,rep-e0285d26ee19b2ca144c,data/runs/w4-matched-representation-20260802/representations/rep-e0285d26ee19b2ca144c/representation_manifest.json,34179422abac9b9c265059c726d19e2439eb27a93e360e8073da75fe47da21c2,False,111296512,20260811,2713,20650,11484,133509,11418,completed,"[""cx"",""rz"",""h""]",slice-c-m64,8364,20.0,0.0,0.5070192499551922,0.4029647500719875
16,48,cell-4a715f27c8fca1989d13,pyzx_rewrite_identity_up_to_global_phase_v1,True,passed,pyzx_full_reduce,OpenQASM2 -> PyZX graph/full_reduce/extract -> target basis,0.75,0.75,logical_all_to_all_no_routing,passed,data/runs/w4-matched-representation-20260802/cells/cell-4a715f27c8fca1989d13/cell.log,64,2147483648,65,d0fb0adc30c2a79b6b722a12aca81650f87cb65d25845c7b0739af8d938c1365,246,91,"['cx', 'h', 'rz']",1008,714,d9fa5656471e2e888c9fddcd5b342fef633cb0b66610efcb32bc4c30899bce3b,f296b97c8d52705b86d396862f87d6acd2786d2f8371034e1d10659c25f06441,48,8,tket_bridge,rep-a8c27809f08ef68ab1c3,data/runs/w4-matched-representation-20260802/representations/rep-a8c27809f08ef68ab1c3/representation_manifest.json,075d72895a5dcd9f5c3884ffa69205b8cdef84d21b54df590bb29d5f7cce0a1a,False,110936064,20260812,2713,20650,11484,133509,11418,completed,"[""cx"",""rz"",""h""]",slice-c-m64,8364,20.0,0.0,0.5094555000541732,0.4062707500997931
16,48,cell-e7d7e7a69e0c51faa89e,pyzx_rewrite_identity_up_to_global_phase_v1,True,passed,qiskit_opt3,OpenQASM2 -> Qiskit preset level 3 -> target basis,0.75,0.75,logical_all_to_all_no_routing,passed,data/runs/w4-matched-representation-20260802/cells/cell-e7d7e7a69e0c51faa89e/cell.log,64,2147483648,65,cdb9c23eb4969f3acc3c19712cff562d5f6b4141807e1b569d4c494fae10a277,96,18,"['cx', 'rz']",144,0,20f14fcb764e8130a6505a83b9bbedf90c0a0aaebd577ffb0364a36b3ac640b7,c8e1308940b01c20f4bfa88539b0b463676d824e0750d1e583a2e168c4f2e186,48,8,tket_bridge,rep-e0285d26ee19b2ca144c,data/runs/w4-matched-representation-20260802/representations/rep-e0285d26ee19b2ca144c/representation_manifest.json,34179422abac9b9c265059c726d19e2439eb27a93e360e8073da75fe47da21c2,False,109658112,20260811,2713,20650,2825,20686,2764,completed,"[""cx"",""rz"",""h""]",slice-c-m64,8364,20.0,0.0,0.3451247080229223,0.24353816697839648
16,48,cell-c8e5c57df71dbd87e3d4,pyzx_rewrite_identity_up_to_global_phase_v1,True,passed,qiskit_opt3,OpenQASM2 -> Qiskit preset level 3 -> target basis,0.75,0.75,logical_all_to_all_no_routing,passed,data/runs/w4-matched-representation-20260802/cells/cell-c8e5c57df71dbd87e3d4/cell.log,64,2147483648,65,cdb9c23eb4969f3acc3c19712cff562d5f6b4141807e1b569d4c494fae10a277,96,18,"['cx', 'rz']",144,0,20f14fcb764e8130a6505a83b9bbedf90c0a0aaebd577ffb0364a36b3ac640b7,c8e1308940b01c20f4bfa88539b0b463676d824e0750d1e583a2e168c4f2e186,48,8,tket_bridge,rep-a8c27809f08ef68ab1c3,data/runs/w4-matched-representation-20260802/representations/rep-a8c27809f08ef68ab1c3/representation_manifest.json,075d72895a5dcd9f5c3884ffa69205b8cdef84d21b54df590bb29d5f7cce0a1a,False,109559808,20260812,2713,20650,2825,20686,2764,completed,"[""cx"",""rz"",""h""]",slice-c-m64,8364,20.0,0.0,0.3364591660210863,0.24572787492070347
16,48,cell-46b356f5034215932acc,pyzx_rewrite_identity_up_to_global_phase_v1,True,passed,tket_paulisimp,OpenQASM2 -> TKET DecomposeBoxes/AutoRebase/PauliSimp -> target basis,0.75,0.75,logical_all_to_all_no_routing,passed,data/runs/w4-matched-representation-20260802/cells/cell-46b356f5034215932acc/cell.log,64,2147483648,65,f218168e339e7f4a076f7afda40fd95662e1bdff2524d287304951a7f847b0dd,218,44,"['cx', 'h', 'rz']",656,130,f541ded44f269153415a59f6cf74557106bdbf365a7327802cde49dcd3445068,184b767dff8390dbf2f2c46c5deb4e91cb712f9dd9249cbac3f3e83491469943,308,8,tket_bridge,rep-e0285d26ee19b2ca144c,data/runs/w4-matched-representation-20260802/representations/rep-e0285d26ee19b2ca144c/representation_manifest.json,34179422abac9b9c265059c726d19e2439eb27a93e360e8073da75fe47da21c2,False,159170560,20260811,2713,20650,10270,98171,10206,completed,"[""cx"",""rz"",""h""]",slice-c-m64,8364,20.0,0.0,0.6530898750061169,0.5193509999662638
16,48,cell-cc946c88020e0aed5e03,pyzx_rewrite_identity_up_to_global_phase_v1,True,passed,tket_paulisimp,OpenQASM2 -> TKET DecomposeBoxes/AutoRebase/PauliSimp -> target basis,0.75,0.75,logical_all_to_all_no_routing,passed,data/runs/w4-matched-representation-20260802/cells/cell-cc946c88020e0aed5e03/cell.log,64,2147483648,65,f218168e339e7f4a076f7afda40fd95662e1bdff2524d287304951a7f847b0dd,218,44,"['cx', 'h', 'rz']",656,130,f541ded44f269153415a59f6cf74557106bdbf365a7327802cde49dcd3445068,184b767dff8390dbf2f2c46c5deb4e91cb712f9dd9249cbac3f3e83491469943,308,8,tket_bridge,rep-a8c27809f08ef68ab1c3,data/runs/w4-matched-representation-20260802/representations/rep-a8c27809f08ef68ab1c3/representation_manifest.json,075d72895a5dcd9f5c3884ffa69205b8cdef84d21b54df590bb29d5f7cce0a1a,False,159137792,20260812,2713,20650,10270,98171,10206,completed,"[""cx"",""rz"",""h""]",slice-c-m64,8364,20.0,0.0,0.6487954589538276,0.5161147499457002
16,48,cell-097dd254dce8ea9ef67e,pyzx_rewrite_identity_up_to_global_phase_v1,True,passed,echo_passthrough,literal input circuit -> output,0.75,0.75,logical_all_to_all_no_routing,passed,data/runs/w4-matched-representation-20260802/cells/cell-097dd254dce8ea9ef67e/cell.log,64,2147483648,65,4a329fe6cbe6716a2bd485a2199f9568836f1ea2421152b69ade866fc2ac0749,96,18,"['cx', 'rz']",144,0,a8c6410e80961aa16eacf07045125d427521ed285cb6a9f72d9360343056ee90,c8e1308940b01c20f4bfa88539b0b463676d824e0750d1e583a2e168c4f2e186,48,8,zx_bridge,rep-826e039b6a8172ba6128,data/runs/w4-matched-representation-20260802/representations/rep-826e039b6a8172ba6128/representation_manifest.json,b5265980768e2624e38babc4b9d32de191631af664bb249b1069a684ef2a0da2,False,106479616,20260811,2792,20648,2830,20667,2764,completed,"[""cx"",""rz"",""h""]",slice-c-m64,8364,20.0,0.0,0.3254102920182049,0.23775616695638746
16,48,cell-a062d28065381c1e0d79,pyzx_rewrite_identity_up_to_global_phase_v1,True,passed,echo_passthrough,literal input circuit -> output,0.75,0.75,logical_all_to_all_no_routing,passed,data/runs/w4-matched-representation-20260802/cells/cell-a062d28065381c1e0d79/cell.log,64,2147483648,65,4a329fe6cbe6716a2bd485a2199f9568836f1ea2421152b69ade866fc2ac0749,96,18,"['cx', 'rz']",144,0,a8c6410e80961aa16eacf07045125d427521ed285cb6a9f72d9360343056ee90,c8e1308940b01c20f4bfa88539b0b463676d824e0750d1e583a2e168c4f2e186,48,8,zx_bridge,rep-9ba1ae238b4daa46b12b,data/runs/w4-matched-representation-20260802/representations/rep-9ba1ae238b4daa46b12b/representation_manifest.json,880f4df30ca659e6856fea3eca453042be61353c1bc6940898825d6c6cdc306e,False,106610688,20260812,2792,20648,2830,20667,2764,completed,"[""cx"",""rz"",""h""]",slice-c-m64,8364,20.0,0.0,0.35478508402593434,0.25369670800864697
16,48,cell-1c3f421c4fd4f4b56711,pyzx_rewrite_identity_up_to_global_phase_v1,True,passed,full_aggregation,exact input parity/phase table -> canonical CNOT-Rz,0.75,0.75,logical_all_to_all_no_routing,passed,data/runs/w4-matched-representation-20260802/cells/cell-1c3f421c4fd4f4b56711/cell.log,64,2147483648,65,c234de34e9ca9f206f066413e6691a22837fe2eb03bf462d5da793920661b46e,96,18,"['cx', 'rz']",144,0,f075f3d5fafbaa4794713a40a6a02fc7d5d2b2f3da476f6056648e8a4d4108ee,c8e1308940b01c20f4bfa88539b0b463676d824e0750d1e583a2e168c4f2e186,48,8,zx_bridge,rep-826e039b6a8172ba6128,data/runs/w4-matched-representation-20260802/representations/rep-826e039b6a8172ba6128/representation_manifest.json,b5265980768e2624e38babc4b9d32de191631af664bb249b1069a684ef2a0da2,False,106610688,20260811,2792,20648,2830,20687,2764,completed,"[""cx"",""rz"",""h""]",slice-c-m64,8364,20.0,0.0,0.33370829198975116,0.2323915830347687
16,48,cell-2536f417796280a9c442,pyzx_rewrite_identity_up_to_global_phase_v1,True,passed,full_aggregation,exact input parity/phase table -> canonical CNOT-Rz,0.75,0.75,logical_all_to_all_no_routing,passed,data/runs/w4-matched-representation-20260802/cells/cell-2536f417796280a9c442/cell.log,64,2147483648,65,c234de34e9ca9f206f066413e6691a22837fe2eb03bf462d5da793920661b46e,96,18,"['cx', 'rz']",144,0,f075f3d5fafbaa4794713a40a6a02fc7d5d2b2f3da476f6056648e8a4d4108ee,c8e1308940b01c20f4bfa88539b0b463676d824e0750d1e583a2e168c4f2e186,48,8,zx_bridge,rep-9ba1ae238b4daa46b12b,data/runs/w4-matched-representation-20260802/representations/rep-9ba1ae238b4daa46b12b/representation_manifest.json,880f4df30ca659e6856fea3eca453042be61353c1bc6940898825d6c6cdc306e,False,106561536,20260812,2792,20648,2830,20687,2764,completed,"[""cx"",""rz"",""h""]",slice-c-m64,8364,20.0,0.0,0.33365916600450873,0.23529837501700968
16,48,cell-06ad2afb0632e595f917,pyzx_rewrite_identity_up_to_global_phase_v1,True,passed,pyzx_full_reduce,OpenQASM2 -> PyZX graph/full_reduce/extract -> target basis,0.75,0.75,logical_all_to_all_no_routing,passed,data/runs/w4-matched-representation-20260802/cells/cell-06ad2afb0632e595f917/cell.log,64,2147483648,65,d0fb0adc30c2a79b6b722a12aca81650f87cb65d25845c7b0739af8d938c1365,246,91,"['cx', 'h', 'rz']",1008,714,d9fa5656471e2e888c9fddcd5b342fef633cb0b66610efcb32bc4c30899bce3b,f296b97c8d52705b86d396862f87d6acd2786d2f8371034e1d10659c25f06441,48,8,zx_bridge,rep-826e039b6a8172ba6128,data/runs/w4-matched-representation-20260802/representations/rep-826e039b6a8172ba6128/representation_manifest.json,b5265980768e2624e38babc4b9d32de191631af664bb249b1069a684ef2a0da2,False,111116288,20260811,2792,20648,11484,133509,11418,completed,"[""cx"",""rz"",""h""]",slice-c-m64,8364,20.0,0.0,0.5118629169883206,0.40340216597542167
16,48,cell-91e93024761fb366a802,pyzx_rewrite_identity_up_to_global_phase_v1,True,passed,pyzx_full_reduce,OpenQASM2 -> PyZX graph/full_reduce/extract -> target basis,0.75,0.75,logical_all_to_all_no_routing,passed,data/runs/w4-matched-representation-20260802/cells/cell-91e93024761fb366a802/cell.log,64,2147483648,65,d0fb0adc30c2a79b6b722a12aca81650f87cb65d25845c7b0739af8d938c1365,246,91,"['cx', 'h', 'rz']",1008,714,d9fa5656471e2e888c9fddcd5b342fef633cb0b66610efcb32bc4c30899bce3b,f296b97c8d52705b86d396862f87d6acd2786d2f8371034e1d10659c25f06441,48,8,zx_bridge,rep-9ba1ae238b4daa46b12b,data/runs/w4-matched-representation-20260802/representations/rep-9ba1ae238b4daa46b12b/representation_manifest.json,880f4df30ca659e6856fea3eca453042be61353c1bc6940898825d6c6cdc306e,False,110985216,20260812,2792,20648,11484,133509,11418,completed,"[""cx"",""rz"",""h""]",slice-c-m64,8364,20.0,0.0,0.5235017919912934,0.404078625026159
16,48,cell-42b1e7221c7605d3086a,pyzx_rewrite_identity_up_to_global_phase_v1,True,passed,qiskit_opt3,OpenQASM2 -> Qiskit preset level 3 -> target basis,0.75,0.75,logical_all_to_all_no_routing,passed,data/runs/w4-matched-representation-20260802/cells/cell-42b1e7221c7605d3086a/cell.log,64,2147483648,65,cdb9c23eb4969f3acc3c19712cff562d5f6b4141807e1b569d4c494fae10a277,96,18,"['cx', 'rz']",144,0,20f14fcb764e8130a6505a83b9bbedf90c0a0aaebd577ffb0364a36b3ac640b7,c8e1308940b01c20f4bfa88539b0b463676d824e0750d1e583a2e168c4f2e186,48,8,zx_bridge,rep-826e039b6a8172ba6128,data/runs/w4-matched-representation-20260802/representations/rep-826e039b6a8172ba6128/representation_manifest.json,b5265980768e2624e38babc4b9d32de191631af664bb249b1069a684ef2a0da2,False,109576192,20260811,2792,20648,2825,20686,2764,completed,"[""cx"",""rz"",""h""]",slice-c-m64,8364,20.0,0.0,0.33312137506436557,0.244096125010401
16,48,cell-09f491d6f466390246ef,pyzx_rewrite_identity_up_to_global_phase_v1,True,passed,qiskit_opt3,OpenQASM2 -> Qiskit preset level 3 -> target basis,0.75,0.75,logical_all_to_all_no_routing,passed,data/runs/w4-matched-representation-20260802/cells/cell-09f491d6f466390246ef/cell.log,64,2147483648,65,cdb9c23eb4969f3acc3c19712cff562d5f6b4141807e1b569d4c494fae10a277,96,18,"['cx', 'rz']",144,0,20f14fcb764e8130a6505a83b9bbedf90c0a0aaebd577ffb0364a36b3ac640b7,c8e1308940b01c20f4bfa88539b0b463676d824e0750d1e583a2e168c4f2e186,48,8,zx_bridge,rep-9ba1ae238b4daa46b12b,data/runs/w4-matched-representation-20260802/representations/rep-9ba1ae238b4daa46b12b/representation_manifest.json,880f4df30ca659e6856fea3eca453042be61353c1bc6940898825d6c6cdc306e,False,109690880,20260812,2792,20648,2825,20686,2764,completed,"[""cx"",""rz"",""h""]",slice-c-m64,8364,20.0,0.0,0.3427207500208169,0.2474177919793874
16,48,cell-6b69aa82170f8c6ac633,pyzx_rewrite_identity_up_to_global_phase_v1,True,passed,tket_paulisimp,OpenQASM2 -> TKET DecomposeBoxes/AutoRebase/PauliSimp -> target basis,0.75,0.75,logical_all_to_all_no_routing,passed,data/runs/w4-matched-representation-20260802/cells/cell-6b69aa82170f8c6ac633/cell.log,64,2147483648,65,f218168e339e7f4a076f7afda40fd95662e1bdff2524d287304951a7f847b0dd,218,44,"['cx', 'h', 'rz']",656,130,f541ded44f269153415a59f6cf74557106bdbf365a7327802cde49dcd3445068,184b767dff8390dbf2f2c46c5deb4e91cb712f9dd9249cbac3f3e83491469943,308,8,zx_bridge,rep-826e039b6a8172ba6128,data/runs/w4-matched-representation-20260802/representations/rep-826e039b6a8172ba6128/representation_manifest.json,b5265980768e2624e38babc4b9d32de191631af664bb249b1069a684ef2a0da2,False,159039488,20260811,2792,20648,10270,98171,10206,completed,"[""cx"",""rz"",""h""]",slice-c-m64,8364,20.0,0.0,0.645531874964945,0.5178412080276757
16,48,cell-a8e1f82422c15c6d9167,pyzx_rewrite_identity_up_to_global_phase_v1,True,passed,tket_paulisimp,OpenQASM2 -> TKET DecomposeBoxes/AutoRebase/PauliSimp -> target basis,0.75,0.75,logical_all_to_all_no_routing,passed,data/runs/w4-matched-representation-20260802/cells/cell-a8e1f82422c15c6d9167/cell.log,64,2147483648,65,f218168e339e7f4a076f7afda40fd95662e1bdff2524d287304951a7f847b0dd,218,44,"['cx', 'h', 'rz']",656,130,f541ded44f269153415a59f6cf74557106bdbf365a7327802cde49dcd3445068,184b767dff8390dbf2f2c46c5deb4e91cb712f9dd9249cbac3f3e83491469943,308,8,zx_bridge,rep-9ba1ae238b4daa46b12b,data/runs/w4-matched-representation-20260802/representations/rep-9ba1ae238b4daa46b12b/representation_manifest.json,880f4df30ca659e6856fea3eca453042be61353c1bc6940898825d6c6cdc306e,False,159481856,20260812,2792,20648,10270,98171,10206,completed,"[""cx"",""rz"",""h""]",slice-c-m64,8364,20.0,0.0,0.6688697499921545,0.5280159579124302
