schema,campaign_id,target_id,requested_gates,pipeline_id,pipeline_category,status,seed,epsilon_total,epsilon_algorithmic,epsilon_synthesis,epsilon_logical,allocated_total,realized_algorithmic_error_bound,realized_total_error_bound,epsilon_total_slack,qec_profile,physical_error_rate,cycle_time_seconds,certificate_sha256,certificate_kind,certificate_dense_passed,certificate_symbolic_status,compile_runtime_s,logical_qubits,output_gates,output_depth,output_cx,logical_rotations,bridge_format,bridge_input_gates,bridge_input_bytes,semantic_recovery_before_synthesis,allocation_policy,logical_t_states,allocated_synthesis_error,reported_synthesis_error_union_bound,allocation_steps,equal_decimal_precision,code_distance,clifford_cycles,factory_cycles,cycles,logical_error_per_patch_cycle,data_logical_failure_bound,factory_logical_failure_bound,distillation_failure_bound,logical_failure_bound,factory_profile,requested_factories,factories,data_physical_qubits,factory_physical_qubits,physical_qubits,runtime_seconds,spacetime_qubit_cycles,spacetime_qubit_seconds,pareto_qubits_runtime,bridge_output_bytes
ucc.qre.campaign-results.v1,w7-fixed-total-error-20260803-local,hdiag-4000,4000,semantic_first,semantic-first,completed_valid,20260803,0.001,0.0001,0.00045000000000000004,0.00045000000000000004,0.001,0.0001,0.0005950668000000002,0.00040493319999999986,surface_code_conservative,0.001,1e-06,84219116c634ea0f5fc37ffaadf52208a6c49fa11ec33285028edacbc968d866,exact_commuting_pauli_clifford_canonical_v1,True,completed_valid,11.168826792039908,4,42,24,12,22,native Qiskit semantic circuit,3998,74723,True,equal_decimal,772,0.00022,0.00011074512699999999,0,5,17,408,144364,144772,1.0000000000000006e-10,5.790880000000003e-05,0.00021715800000000012,2.702000000000005e-26,0.00027506680000000014,serial_1,1,1,2312,8670,10982,0.14477199999999998,1589886104,1589.886104,True,
ucc.qre.campaign-results.v1,w7-fixed-total-error-20260803-local,hdiag-4000,4000,semantic_first,semantic-first,completed_valid,20260803,0.001,0.0001,0.00045000000000000004,0.00045000000000000004,0.001,0.0001,0.0005535936000000002,0.0004464063999999998,surface_code_conservative,0.001,1e-06,84219116c634ea0f5fc37ffaadf52208a6c49fa11ec33285028edacbc968d866,exact_commuting_pauli_clifford_canonical_v1,True,completed_valid,11.168826792039908,4,42,24,12,22,native Qiskit semantic circuit,3998,74723,True,equal_decimal,772,0.00022,0.00011074512699999999,0,5,17,408,36091,36499,1.0000000000000006e-10,1.4599600000000008e-05,0.00021899400000000013,2.702000000000005e-26,0.00023359360000000013,modest_4,4,4,2312,34680,36992,0.036499,1350171008,1350.1710079999998,True,
ucc.qre.campaign-results.v1,w7-fixed-total-error-20260803-local,hdiag-4000,4000,semantic_first,semantic-first,completed_valid,20260803,0.001,0.0001,0.00045000000000000004,0.00045000000000000004,0.001,0.0001,0.0005535324000000002,0.00044646759999999986,surface_code_conservative,0.001,1e-06,84219116c634ea0f5fc37ffaadf52208a6c49fa11ec33285028edacbc968d866,exact_commuting_pauli_clifford_canonical_v1,True,completed_valid,11.168826792039908,4,42,24,12,22,native Qiskit semantic circuit,3998,74723,True,equal_decimal,772,0.00022,0.00011074512699999999,0,5,17,408,9163,9571,1.0000000000000006e-10,3.828400000000002e-06,0.00022970400000000012,2.702000000000005e-26,0.0002335324000000001,parallel_16,16,16,2312,138720,141032,0.009571,1349817272,1349.817272,True,
ucc.qre.campaign-results.v1,w7-fixed-total-error-20260803-local,hdiag-4000,4000,semantic_first,semantic-first,completed_valid,20260803,0.001,0.0001,0.00045000000000000004,0.00045000000000000004,0.001,0.0001,0.0005660172000000001,0.0004339827999999999,surface_code_conservative,0.001,1e-06,84219116c634ea0f5fc37ffaadf52208a6c49fa11ec33285028edacbc968d866,exact_commuting_pauli_clifford_canonical_v1,True,completed_valid,11.168826792039908,4,42,24,12,22,native Qiskit semantic circuit,3998,74723,True,equal_decimal,772,0.00022,0.00011074512699999999,0,5,17,408,4675,5083,1.0000000000000006e-10,2.033200000000001e-06,0.00024398400000000012,2.702000000000005e-26,0.00024601720000000014,parallel_32,32,32,2312,277440,279752,0.005083,1421979416,1421.979416,True,
ucc.qre.campaign-results.v1,w7-fixed-total-error-20260803-local,hdiag-4000,4000,semantic_first,semantic-first,completed_valid,20260803,0.001,0.0001,0.00045000000000000004,0.00045000000000000004,0.001,0.0001,0.00033003968,0.0006699603200000001,surface_code_improved,0.0001,5e-07,84219116c634ea0f5fc37ffaadf52208a6c49fa11ec33285028edacbc968d866,exact_commuting_pauli_clifford_canonical_v1,True,completed_valid,11.168826792039908,4,42,24,12,22,native Qiskit semantic circuit,3998,74723,True,equal_decimal,772,0.00022,0.00011074512699999999,0,5,9,216,62532,62748,1.0000000000000003e-11,2.509920000000001e-06,7.529760000000002e-06,2.702000000000002e-29,1.0039680000000003e-05,serial_1,1,1,648,1944,2592,0.031374,162642816,81.32140799999999,True,
ucc.qre.campaign-results.v1,w7-fixed-total-error-20260803-local,hdiag-4000,4000,semantic_first,semantic-first,completed_valid,20260803,0.001,0.0001,0.00045000000000000004,0.00045000000000000004,0.001,0.0001,0.00032824148000000004,0.00067175852,surface_code_improved,0.0001,5e-07,84219116c634ea0f5fc37ffaadf52208a6c49fa11ec33285028edacbc968d866,exact_commuting_pauli_clifford_canonical_v1,True,completed_valid,11.168826792039908,4,42,24,12,22,native Qiskit semantic circuit,3998,74723,True,equal_decimal,772,0.00022,0.00011074512699999999,0,5,9,216,15633,15849,1.0000000000000003e-11,6.339600000000002e-07,7.607520000000002e-06,2.702000000000002e-29,8.241480000000003e-06,modest_4,4,4,648,7776,8424,0.0079245,133511976,66.75598799999999,True,
ucc.qre.campaign-results.v1,w7-fixed-total-error-20260803-local,hdiag-4000,4000,semantic_first,semantic-first,completed_valid,20260803,0.001,0.0001,0.00045000000000000004,0.00045000000000000004,0.001,0.0001,0.00032820260000000003,0.0006717973999999999,surface_code_improved,0.0001,5e-07,84219116c634ea0f5fc37ffaadf52208a6c49fa11ec33285028edacbc968d866,exact_commuting_pauli_clifford_canonical_v1,True,completed_valid,11.168826792039908,4,42,24,12,22,native Qiskit semantic circuit,3998,74723,True,equal_decimal,772,0.00022,0.00011074512699999999,0,5,9,216,3969,4185,1.0000000000000003e-11,1.6740000000000006e-07,8.035200000000002e-06,2.702000000000002e-29,8.202600000000002e-06,parallel_16,16,16,648,31104,31752,0.0020924999999999997,132882120,66.44106,True,
ucc.qre.campaign-results.v1,w7-fixed-total-error-20260803-local,hdiag-4000,4000,semantic_first,semantic-first,completed_valid,20260803,0.001,0.0001,0.00045000000000000004,0.00045000000000000004,0.001,0.0001,0.00032869508,0.00067130492,surface_code_improved,0.0001,5e-07,84219116c634ea0f5fc37ffaadf52208a6c49fa11ec33285028edacbc968d866,exact_commuting_pauli_clifford_canonical_v1,True,completed_valid,11.168826792039908,4,42,24,12,22,native Qiskit semantic circuit,3998,74723,True,equal_decimal,772,0.00022,0.00011074512699999999,0,5,9,216,2025,2241,1.0000000000000003e-11,8.964000000000003e-08,8.605440000000002e-06,2.702000000000002e-29,8.695080000000001e-06,parallel_32,32,32,648,62208,62856,0.0011205,140860296,70.430148,True,
ucc.qre.campaign-results.v1,w7-fixed-total-error-20260803-local,hdiag-4000,4000,semantic_first,semantic-first,completed_valid,20260803,0.001,0.0001,0.00045000000000000004,0.00045000000000000004,0.001,0.0001,0.0007622760000000001,0.00023772399999999992,surface_code_conservative,0.001,1e-06,84219116c634ea0f5fc37ffaadf52208a6c49fa11ec33285028edacbc968d866,exact_commuting_pauli_clifford_canonical_v1,True,completed_valid,11.168826792039908,4,42,24,12,22,native Qiskit semantic circuit,3998,74723,True,t_cost_greedy,736,0.0004,0.00028573865700000004,1,5,17,408,137632,138040,1.0000000000000006e-10,5.521600000000003e-05,0.00020706000000000012,2.5760000000000044e-26,0.00026227600000000014,serial_1,1,1,2312,8670,10982,0.13804,1515955280,1515.95528,True,
ucc.qre.campaign-results.v1,w7-fixed-total-error-20260803-local,hdiag-4000,4000,semantic_first,semantic-first,completed_valid,20260803,0.001,0.0001,0.00045000000000000004,0.00045000000000000004,0.001,0.0001,0.0007228224000000002,0.00027717759999999986,surface_code_conservative,0.001,1e-06,84219116c634ea0f5fc37ffaadf52208a6c49fa11ec33285028edacbc968d866,exact_commuting_pauli_clifford_canonical_v1,True,completed_valid,11.168826792039908,4,42,24,12,22,native Qiskit semantic circuit,3998,74723,True,t_cost_greedy,736,0.0004,0.00028573865700000004,1,5,17,408,34408,34816,1.0000000000000006e-10,1.3926400000000008e-05,0.0002088960000000001,2.5760000000000044e-26,0.00022282240000000013,modest_4,4,4,2312,34680,36992,0.034816,1287913472,1287.913472,True,
ucc.qre.campaign-results.v1,w7-fixed-total-error-20260803-local,hdiag-4000,4000,semantic_first,semantic-first,completed_valid,20260803,0.001,0.0001,0.00045000000000000004,0.00045000000000000004,0.001,0.0001,0.0007198440000000001,0.00028015599999999994,surface_code_conservative,0.001,1e-06,84219116c634ea0f5fc37ffaadf52208a6c49fa11ec33285028edacbc968d866,exact_commuting_pauli_clifford_canonical_v1,True,completed_valid,11.168826792039908,4,42,24,12,22,native Qiskit semantic circuit,3998,74723,True,t_cost_greedy,736,0.0004,0.00028573865700000004,1,5,17,408,8602,9010,1.0000000000000006e-10,3.604000000000002e-06,0.0002162400000000001,2.5760000000000044e-26,0.00021984400000000013,parallel_16,16,16,2312,138720,141032,0.009009999999999999,1270698320,1270.6983199999997,True,
ucc.qre.campaign-results.v1,w7-fixed-total-error-20260803-local,hdiag-4000,4000,semantic_first,semantic-first,completed_valid,20260803,0.001,0.0001,0.00045000000000000004,0.00045000000000000004,0.001,0.0001,0.0007279156000000002,0.00027208439999999983,surface_code_conservative,0.001,1e-06,84219116c634ea0f5fc37ffaadf52208a6c49fa11ec33285028edacbc968d866,exact_commuting_pauli_clifford_canonical_v1,True,completed_valid,11.168826792039908,4,42,24,12,22,native Qiskit semantic circuit,3998,74723,True,t_cost_greedy,736,0.0004,0.00028573865700000004,1,5,17,408,4301,4709,1.0000000000000006e-10,1.8836000000000011e-06,0.00022603200000000012,2.5760000000000044e-26,0.00022791560000000013,parallel_32,32,32,2312,277440,279752,0.004709,1317352168,1317.352168,True,
ucc.qre.campaign-results.v1,w7-fixed-total-error-20260803-local,hdiag-4000,4000,semantic_first,semantic-first,completed_valid,20260803,0.001,0.0001,0.00045000000000000004,0.00045000000000000004,0.001,0.0001,0.00050957312,0.00049042688,surface_code_improved,0.0001,5e-07,84219116c634ea0f5fc37ffaadf52208a6c49fa11ec33285028edacbc968d866,exact_commuting_pauli_clifford_canonical_v1,True,completed_valid,11.168826792039908,4,42,24,12,22,native Qiskit semantic circuit,3998,74723,True,t_cost_greedy,736,0.0004,0.00028573865700000004,1,5,9,216,59616,59832,1.0000000000000003e-11,2.3932800000000007e-06,7.179840000000002e-06,2.576000000000002e-29,9.573120000000003e-06,serial_1,1,1,648,1944,2592,0.029915999999999998,155084544,77.542272,True,
ucc.qre.campaign-results.v1,w7-fixed-total-error-20260803-local,hdiag-4000,4000,semantic_first,semantic-first,completed_valid,20260803,0.001,0.0001,0.00045000000000000004,0.00045000000000000004,0.001,0.0001,0.0005078624,0.0004921376,surface_code_improved,0.0001,5e-07,84219116c634ea0f5fc37ffaadf52208a6c49fa11ec33285028edacbc968d866,exact_commuting_pauli_clifford_canonical_v1,True,completed_valid,11.168826792039908,4,42,24,12,22,native Qiskit semantic circuit,3998,74723,True,t_cost_greedy,736,0.0004,0.00028573865700000004,1,5,9,216,14904,15120,1.0000000000000003e-11,6.048000000000001e-07,7.257600000000002e-06,2.576000000000002e-29,7.862400000000003e-06,modest_4,4,4,648,7776,8424,0.00756,127370880,63.68544,True,
ucc.qre.campaign-results.v1,w7-fixed-total-error-20260803-local,hdiag-4000,4000,semantic_first,semantic-first,completed_valid,20260803,0.001,0.0001,0.00045000000000000004,0.00045000000000000004,0.001,0.0001,0.00050772632,0.00049227368,surface_code_improved,0.0001,5e-07,84219116c634ea0f5fc37ffaadf52208a6c49fa11ec33285028edacbc968d866,exact_commuting_pauli_clifford_canonical_v1,True,completed_valid,11.168826792039908,4,42,24,12,22,native Qiskit semantic circuit,3998,74723,True,t_cost_greedy,736,0.0004,0.00028573865700000004,1,5,9,216,3726,3942,1.0000000000000003e-11,1.5768000000000005e-07,7.568640000000002e-06,2.576000000000002e-29,7.726320000000002e-06,parallel_16,16,16,648,31104,31752,0.001971,125166384,62.583192000000004,True,
ucc.qre.campaign-results.v1,w7-fixed-total-error-20260803-local,hdiag-4000,4000,semantic_first,semantic-first,completed_valid,20260803,0.001,0.0001,0.00045000000000000004,0.00045000000000000004,0.001,0.0001,0.00050806652,0.00049193348,surface_code_improved,0.0001,5e-07,84219116c634ea0f5fc37ffaadf52208a6c49fa11ec33285028edacbc968d866,exact_commuting_pauli_clifford_canonical_v1,True,completed_valid,11.168826792039908,4,42,24,12,22,native Qiskit semantic circuit,3998,74723,True,t_cost_greedy,736,0.0004,0.00028573865700000004,1,5,9,216,1863,2079,1.0000000000000003e-11,8.316000000000002e-08,7.983360000000003e-06,2.576000000000002e-29,8.066520000000003e-06,parallel_32,32,32,648,62208,62856,0.0010395,130677624,65.338812,True,
ucc.qre.campaign-results.v1,w7-fixed-total-error-20260803-local,hdiag-4000,4000,semantic_first,semantic-first,completed_valid,20260803,1e-06,1e-07,4.5e-07,4.5e-07,1e-06,1e-07,3.8333650000000005e-07,6.166634999999999e-07,surface_code_conservative,0.001,1e-06,84219116c634ea0f5fc37ffaadf52208a6c49fa11ec33285028edacbc968d866,exact_commuting_pauli_clifford_canonical_v1,True,completed_valid,11.168826792039908,4,42,24,12,22,native Qiskit semantic circuit,3998,74723,True,equal_decimal,1210,2.2e-07,1.08625036e-07,0,8,25,600,332750,333350,1.0000000000000008e-14,1.333400000000001e-08,5.000250000000004e-08,4.2350000000000104e-38,6.333650000000005e-08,serial_1,1,1,5000,18750,23750,0.33335,7917062500,7917.062499999999,True,
ucc.qre.campaign-results.v1,w7-fixed-total-error-20260803-local,hdiag-4000,4000,semantic_first,semantic-first,completed_valid,20260803,1e-06,1e-07,4.5e-07,4.5e-07,1e-06,1e-07,3.7371200000000003e-07,6.262879999999999e-07,surface_code_conservative,0.001,1e-06,84219116c634ea0f5fc37ffaadf52208a6c49fa11ec33285028edacbc968d866,exact_commuting_pauli_clifford_canonical_v1,True,completed_valid,11.168826792039908,4,42,24,12,22,native Qiskit semantic circuit,3998,74723,True,equal_decimal,1210,2.2e-07,1.08625036e-07,0,8,25,600,83325,83925,1.0000000000000008e-14,3.3570000000000028e-09,5.035500000000004e-08,4.2350000000000104e-38,5.3712000000000044e-08,modest_4,4,4,5000,75000,80000,0.083925,6714000000,6714.0,True,
ucc.qre.campaign-results.v1,w7-fixed-total-error-20260803-local,hdiag-4000,4000,semantic_first,semantic-first,completed_valid,20260803,1e-06,1e-07,4.5e-07,4.5e-07,1e-06,1e-07,3.7246000000000004e-07,6.2754e-07,surface_code_conservative,0.001,1e-06,84219116c634ea0f5fc37ffaadf52208a6c49fa11ec33285028edacbc968d866,exact_commuting_pauli_clifford_canonical_v1,True,completed_valid,11.168826792039908,4,42,24,12,22,native Qiskit semantic circuit,3998,74723,True,equal_decimal,1210,2.2e-07,1.08625036e-07,0,8,25,600,20900,21500,1.0000000000000008e-14,8.600000000000006e-10,5.160000000000004e-08,4.2350000000000104e-38,5.246000000000004e-08,parallel_16,16,16,5000,300000,305000,0.0215,6557500000,6557.499999999999,True,
ucc.qre.campaign-results.v1,w7-fixed-total-error-20260803-local,hdiag-4000,4000,semantic_first,semantic-first,completed_valid,20260803,1e-06,1e-07,4.5e-07,4.5e-07,1e-06,1e-07,3.7348200000000004e-07,6.265179999999999e-07,surface_code_conservative,0.001,1e-06,84219116c634ea0f5fc37ffaadf52208a6c49fa11ec33285028edacbc968d866,exact_commuting_pauli_clifford_canonical_v1,True,completed_valid,11.168826792039908,4,42,24,12,22,native Qiskit semantic circuit,3998,74723,True,equal_decimal,1210,2.2e-07,1.08625036e-07,0,8,25,600,10450,11050,1.0000000000000008e-14,4.4200000000000033e-10,5.3040000000000043e-08,4.2350000000000104e-38,5.348200000000004e-08,parallel_32,32,32,5000,600000,605000,0.011049999999999999,6685250000,6685.249999999999,True,
ucc.qre.campaign-results.v1,w7-fixed-total-error-20260803-local,hdiag-4000,4000,semantic_first,semantic-first,completed_valid,20260803,1e-06,1e-07,4.5e-07,4.5e-07,1e-06,1e-07,5.120864e-07,4.879135999999999e-07,surface_code_improved,0.0001,5e-07,84219116c634ea0f5fc37ffaadf52208a6c49fa11ec33285028edacbc968d866,exact_commuting_pauli_clifford_canonical_v1,True,completed_valid,11.168826792039908,4,42,24,12,22,native Qiskit semantic circuit,3998,74723,True,equal_decimal,1210,2.2e-07,1.08625036e-07,0,8,11,264,119790,120054,1.0000000000000003e-13,4.8021600000000016e-08,1.4406480000000003e-07,4.235000000000004e-35,1.9208640000000004e-07,serial_1,1,1,968,2904,3872,0.060027,464849088,232.424544,True,
ucc.qre.campaign-results.v1,w7-fixed-total-error-20260803-local,hdiag-4000,4000,semantic_first,semantic-first,completed_valid,20260803,1e-06,1e-07,4.5e-07,4.5e-07,1e-06,1e-07,4.773572e-07,5.226427999999999e-07,surface_code_improved,0.0001,5e-07,84219116c634ea0f5fc37ffaadf52208a6c49fa11ec33285028edacbc968d866,exact_commuting_pauli_clifford_canonical_v1,True,completed_valid,11.168826792039908,4,42,24,12,22,native Qiskit semantic circuit,3998,74723,True,equal_decimal,1210,2.2e-07,1.08625036e-07,0,8,11,264,29997,30261,1.0000000000000003e-13,1.2104400000000004e-08,1.4525280000000005e-07,4.235000000000004e-35,1.5735720000000006e-07,modest_4,4,4,968,11616,12584,0.0151305,380804424,190.402212,True,
ucc.qre.campaign-results.v1,w7-fixed-total-error-20260803-local,hdiag-4000,4000,semantic_first,semantic-first,completed_valid,20260803,1e-06,1e-07,4.5e-07,4.5e-07,1e-06,1e-07,4.726448e-07,5.273551999999999e-07,surface_code_improved,0.0001,5e-07,84219116c634ea0f5fc37ffaadf52208a6c49fa11ec33285028edacbc968d866,exact_commuting_pauli_clifford_canonical_v1,True,completed_valid,11.168826792039908,4,42,24,12,22,native Qiskit semantic circuit,3998,74723,True,equal_decimal,1210,2.2e-07,1.08625036e-07,0,8,11,264,7524,7788,1.0000000000000003e-13,3.115200000000001e-09,1.4952960000000005e-07,4.235000000000004e-35,1.5264480000000004e-07,parallel_16,16,16,968,46464,47432,0.003894,369400416,184.700208,True,
ucc.qre.campaign-results.v1,w7-fixed-total-error-20260803-local,hdiag-4000,4000,semantic_first,semantic-first,completed_valid,20260803,1e-06,1e-07,4.5e-07,4.5e-07,1e-06,1e-07,4.7620880000000004e-07,5.237911999999999e-07,surface_code_improved,0.0001,5e-07,84219116c634ea0f5fc37ffaadf52208a6c49fa11ec33285028edacbc968d866,exact_commuting_pauli_clifford_canonical_v1,True,completed_valid,11.168826792039908,4,42,24,12,22,native Qiskit semantic circuit,3998,74723,True,equal_decimal,1210,2.2e-07,1.08625036e-07,0,8,11,264,3762,4026,1.0000000000000003e-13,1.6104000000000004e-09,1.5459840000000004e-07,4.235000000000004e-35,1.5620880000000003e-07,parallel_32,32,32,968,92928,93896,0.002013,378025296,189.012648,True,
ucc.qre.campaign-results.v1,w7-fixed-total-error-20260803-local,hdiag-4000,4000,semantic_first,semantic-first,completed_valid,20260803,1e-06,1e-07,4.5e-07,4.5e-07,1e-06,1e-07,5.617690000000001e-07,4.382309999999999e-07,surface_code_conservative,0.001,1e-06,84219116c634ea0f5fc37ffaadf52208a6c49fa11ec33285028edacbc968d866,exact_commuting_pauli_clifford_canonical_v1,True,completed_valid,11.168826792039908,4,42,24,12,22,native Qiskit semantic circuit,3998,74723,True,t_cost_greedy,1180,4e-07,2.5682107199999996e-07,2,8,25,600,324500,325100,1.0000000000000008e-14,1.300400000000001e-08,4.876500000000004e-08,4.13000000000001e-38,6.176900000000006e-08,serial_1,1,1,5000,18750,23750,0.3251,7721125000,7721.125,True,
ucc.qre.campaign-results.v1,w7-fixed-total-error-20260803-local,hdiag-4000,4000,semantic_first,semantic-first,completed_valid,20260803,1e-06,1e-07,4.5e-07,4.5e-07,1e-06,1e-07,5.52304e-07,4.4769599999999996e-07,surface_code_conservative,0.001,1e-06,84219116c634ea0f5fc37ffaadf52208a6c49fa11ec33285028edacbc968d866,exact_commuting_pauli_clifford_canonical_v1,True,completed_valid,11.168826792039908,4,42,24,12,22,native Qiskit semantic circuit,3998,74723,True,t_cost_greedy,1180,4e-07,2.5682107199999996e-07,2,8,25,600,81125,81725,1.0000000000000008e-14,3.2690000000000027e-09,4.903500000000004e-08,4.13000000000001e-38,5.230400000000004e-08,modest_4,4,4,5000,75000,80000,0.08172499999999999,6538000000,6537.999999999999,True,
ucc.qre.campaign-results.v1,w7-fixed-total-error-20260803-local,hdiag-4000,4000,semantic_first,semantic-first,completed_valid,20260803,1e-06,1e-07,4.5e-07,4.5e-07,1e-06,1e-07,5.51118e-07,4.48882e-07,surface_code_conservative,0.001,1e-06,84219116c634ea0f5fc37ffaadf52208a6c49fa11ec33285028edacbc968d866,exact_commuting_pauli_clifford_canonical_v1,True,completed_valid,11.168826792039908,4,42,24,12,22,native Qiskit semantic circuit,3998,74723,True,t_cost_greedy,1180,4e-07,2.5682107199999996e-07,2,8,25,600,20350,20950,1.0000000000000008e-14,8.380000000000006e-10,5.028000000000004e-08,4.13000000000001e-38,5.1118000000000035e-08,parallel_16,16,16,5000,300000,305000,0.02095,6389750000,6389.75,True,
ucc.qre.campaign-results.v1,w7-fixed-total-error-20260803-local,hdiag-4000,4000,semantic_first,semantic-first,completed_valid,20260803,1e-06,1e-07,4.5e-07,4.5e-07,1e-06,1e-07,5.52151e-07,4.4784899999999995e-07,surface_code_conservative,0.001,1e-06,84219116c634ea0f5fc37ffaadf52208a6c49fa11ec33285028edacbc968d866,exact_commuting_pauli_clifford_canonical_v1,True,completed_valid,11.168826792039908,4,42,24,12,22,native Qiskit semantic circuit,3998,74723,True,t_cost_greedy,1180,4e-07,2.5682107199999996e-07,2,8,25,600,10175,10775,1.0000000000000008e-14,4.310000000000003e-10,5.172000000000004e-08,4.13000000000001e-38,5.215100000000004e-08,parallel_32,32,32,5000,600000,605000,0.010775,6518875000,6518.875,True,
ucc.qre.campaign-results.v1,w7-fixed-total-error-20260803-local,hdiag-4000,4000,semantic_first,semantic-first,completed_valid,20260803,1e-06,1e-07,4.5e-07,4.5e-07,1e-06,1e-07,6.873344e-07,3.1266559999999993e-07,surface_code_improved,0.0001,5e-07,84219116c634ea0f5fc37ffaadf52208a6c49fa11ec33285028edacbc968d866,exact_commuting_pauli_clifford_canonical_v1,True,completed_valid,11.168826792039908,4,42,24,12,22,native Qiskit semantic circuit,3998,74723,True,t_cost_greedy,1180,4e-07,2.5682107199999996e-07,2,8,11,264,116820,117084,1.0000000000000003e-13,4.683360000000001e-08,1.4050080000000004e-07,4.1300000000000036e-35,1.8733440000000005e-07,serial_1,1,1,968,2904,3872,0.058542,453349248,226.674624,True,
ucc.qre.campaign-results.v1,w7-fixed-total-error-20260803-local,hdiag-4000,4000,semantic_first,semantic-first,completed_valid,20260803,1e-06,1e-07,4.5e-07,4.5e-07,1e-06,1e-07,6.532388000000001e-07,3.4676119999999987e-07,surface_code_improved,0.0001,5e-07,84219116c634ea0f5fc37ffaadf52208a6c49fa11ec33285028edacbc968d866,exact_commuting_pauli_clifford_canonical_v1,True,completed_valid,11.168826792039908,4,42,24,12,22,native Qiskit semantic circuit,3998,74723,True,t_cost_greedy,1180,4e-07,2.5682107199999996e-07,2,8,11,264,29205,29469,1.0000000000000003e-13,1.1787600000000003e-08,1.4145120000000005e-07,4.1300000000000036e-35,1.5323880000000006e-07,modest_4,4,4,968,11616,12584,0.0147345,370837896,185.418948,True,
ucc.qre.campaign-results.v1,w7-fixed-total-error-20260803-local,hdiag-4000,4000,semantic_first,semantic-first,completed_valid,20260803,1e-06,1e-07,4.5e-07,4.5e-07,1e-06,1e-07,6.48764e-07,3.5123599999999996e-07,surface_code_improved,0.0001,5e-07,84219116c634ea0f5fc37ffaadf52208a6c49fa11ec33285028edacbc968d866,exact_commuting_pauli_clifford_canonical_v1,True,completed_valid,11.168826792039908,4,42,24,12,22,native Qiskit semantic circuit,3998,74723,True,t_cost_greedy,1180,4e-07,2.5682107199999996e-07,2,8,11,264,7326,7590,1.0000000000000003e-13,3.0360000000000007e-09,1.4572800000000005e-07,4.1300000000000036e-35,1.4876400000000005e-07,parallel_16,16,16,968,46464,47432,0.0037949999999999998,360008880,180.00444,True,
ucc.qre.campaign-results.v1,w7-fixed-total-error-20260803-local,hdiag-4000,4000,semantic_first,semantic-first,completed_valid,20260803,1e-06,1e-07,4.5e-07,4.5e-07,1e-06,1e-07,6.523676e-07,3.4763239999999997e-07,surface_code_improved,0.0001,5e-07,84219116c634ea0f5fc37ffaadf52208a6c49fa11ec33285028edacbc968d866,exact_commuting_pauli_clifford_canonical_v1,True,completed_valid,11.168826792039908,4,42,24,12,22,native Qiskit semantic circuit,3998,74723,True,t_cost_greedy,1180,4e-07,2.5682107199999996e-07,2,8,11,264,3663,3927,1.0000000000000003e-13,1.5708000000000004e-09,1.5079680000000004e-07,4.1300000000000036e-35,1.5236760000000004e-07,parallel_32,32,32,968,92928,93896,0.0019635,368729592,184.36479599999998,True,
ucc.qre.campaign-results.v1,w7-fixed-total-error-20260803-local,hdiag-4000,4000,semantic_first,semantic-first,completed_valid,20260803,1e-09,1.0000000000000002e-10,4.5000000000000005e-10,4.5000000000000005e-10,1e-09,1.0000000000000002e-10,4.2795192000000013e-10,5.720480799999999e-10,surface_code_conservative,0.001,1e-06,84219116c634ea0f5fc37ffaadf52208a6c49fa11ec33285028edacbc968d866,exact_commuting_pauli_clifford_canonical_v1,True,completed_valid,11.168826792039908,4,42,24,12,22,native Qiskit semantic circuit,3998,74723,True,equal_decimal,1664,2.2e-10,9.990597e-11,0,11,31,744,567424,568168,1.0000000000000008e-17,2.2726720000000018e-11,8.522520000000007e-11,5.824000000000015e-47,1.0795192000000009e-10,serial_1,1,1,7688,28830,36518,0.568168,20748359024,20748.359024,True,
ucc.qre.campaign-results.v1,w7-fixed-total-error-20260803-local,hdiag-4000,4000,semantic_first,semantic-first,completed_valid,20260803,1e-09,1.0000000000000002e-10,4.5000000000000005e-10,4.5000000000000005e-10,1e-09,1.0000000000000002e-10,4.112640000000001e-10,5.887359999999999e-10,surface_code_conservative,0.001,1e-06,84219116c634ea0f5fc37ffaadf52208a6c49fa11ec33285028edacbc968d866,exact_commuting_pauli_clifford_canonical_v1,True,completed_valid,11.168826792039908,4,42,24,12,22,native Qiskit semantic circuit,3998,74723,True,equal_decimal,1664,2.2e-10,9.990597e-11,0,11,31,744,141856,142600,1.0000000000000008e-17,5.704000000000005e-12,8.556000000000008e-11,5.824000000000015e-47,9.126400000000008e-11,modest_4,4,4,7688,115320,123008,0.1426,17540940800,17540.9408,True,
ucc.qre.campaign-results.v1,w7-fixed-total-error-20260803-local,hdiag-4000,4000,semantic_first,semantic-first,completed_valid,20260803,1e-09,1.0000000000000002e-10,4.5000000000000005e-10,4.5000000000000005e-10,1e-09,1.0000000000000002e-10,4.083475200000001e-10,5.9165248e-10,surface_code_conservative,0.001,1e-06,84219116c634ea0f5fc37ffaadf52208a6c49fa11ec33285028edacbc968d866,exact_commuting_pauli_clifford_canonical_v1,True,completed_valid,11.168826792039908,4,42,24,12,22,native Qiskit semantic circuit,3998,74723,True,equal_decimal,1664,2.2e-10,9.990597e-11,0,11,31,744,35464,36208,1.0000000000000008e-17,1.4483200000000012e-12,8.689920000000007e-11,5.824000000000015e-47,8.834752000000008e-11,parallel_16,16,16,7688,461280,468968,0.036208,16980393344,16980.393344,True,
ucc.qre.campaign-results.v1,w7-fixed-total-error-20260803-local,hdiag-4000,4000,semantic_first,semantic-first,completed_valid,20260803,1e-09,1.0000000000000002e-10,4.5000000000000005e-10,4.5000000000000005e-10,1e-09,1.0000000000000002e-10,4.094238400000001e-10,5.905761599999999e-10,surface_code_conservative,0.001,1e-06,84219116c634ea0f5fc37ffaadf52208a6c49fa11ec33285028edacbc968d866,exact_commuting_pauli_clifford_canonical_v1,True,completed_valid,11.168826792039908,4,42,24,12,22,native Qiskit semantic circuit,3998,74723,True,equal_decimal,1664,2.2e-10,9.990597e-11,0,11,31,744,17732,18476,1.0000000000000008e-17,7.390400000000007e-13,8.868480000000008e-11,5.824000000000015e-47,8.942384000000008e-11,parallel_32,32,32,7688,922560,930248,0.018476,17187262048,17187.262048,True,
ucc.qre.campaign-results.v1,w7-fixed-total-error-20260803-local,hdiag-4000,4000,semantic_first,semantic-first,completed_valid,20260803,1e-09,1.0000000000000002e-10,4.5000000000000005e-10,4.5000000000000005e-10,1e-09,1.0000000000000002e-10,3.56e-10,6.44e-10,surface_code_improved,0.0001,5e-07,84219116c634ea0f5fc37ffaadf52208a6c49fa11ec33285028edacbc968d866,exact_commuting_pauli_clifford_canonical_v1,True,completed_valid,11.168826792039908,4,42,24,12,22,native Qiskit semantic circuit,3998,74723,True,equal_decimal,1664,2.2e-10,9.990597e-11,0,11,15,360,224640,225000,1.0000000000000002e-17,9.000000000000001e-12,2.7000000000000007e-11,5.824000000000004e-47,3.6000000000000005e-11,serial_1,1,1,1800,5400,7200,0.11249999999999999,1620000000,809.9999999999999,True,
ucc.qre.campaign-results.v1,w7-fixed-total-error-20260803-local,hdiag-4000,4000,semantic_first,semantic-first,completed_valid,20260803,1e-09,1.0000000000000002e-10,4.5000000000000005e-10,4.5000000000000005e-10,1e-09,1.0000000000000002e-10,3.4939040000000004e-10,6.506096e-10,surface_code_improved,0.0001,5e-07,84219116c634ea0f5fc37ffaadf52208a6c49fa11ec33285028edacbc968d866,exact_commuting_pauli_clifford_canonical_v1,True,completed_valid,11.168826792039908,4,42,24,12,22,native Qiskit semantic circuit,3998,74723,True,equal_decimal,1664,2.2e-10,9.990597e-11,0,11,15,360,56160,56520,1.0000000000000002e-17,2.2608000000000006e-12,2.7129600000000006e-11,5.824000000000004e-47,2.9390400000000006e-11,modest_4,4,4,1800,21600,23400,0.02826,1322568000,661.284,True,
ucc.qre.campaign-results.v1,w7-fixed-total-error-20260803-local,hdiag-4000,4000,semantic_first,semantic-first,completed_valid,20260803,1e-09,1.0000000000000002e-10,4.5000000000000005e-10,4.5000000000000005e-10,1e-09,1.0000000000000002e-10,3.4822400000000005e-10,6.51776e-10,surface_code_improved,0.0001,5e-07,84219116c634ea0f5fc37ffaadf52208a6c49fa11ec33285028edacbc968d866,exact_commuting_pauli_clifford_canonical_v1,True,completed_valid,11.168826792039908,4,42,24,12,22,native Qiskit semantic circuit,3998,74723,True,equal_decimal,1664,2.2e-10,9.990597e-11,0,11,15,360,14040,14400,1.0000000000000002e-17,5.760000000000002e-13,2.7648000000000005e-11,5.824000000000004e-47,2.8224000000000006e-11,parallel_16,16,16,1800,86400,88200,0.0072,1270080000,635.04,True,
ucc.qre.campaign-results.v1,w7-fixed-total-error-20260803-local,hdiag-4000,4000,semantic_first,semantic-first,completed_valid,20260803,1e-09,1.0000000000000002e-10,4.5000000000000005e-10,4.5000000000000005e-10,1e-09,1.0000000000000002e-10,3.486344e-10,6.513656e-10,surface_code_improved,0.0001,5e-07,84219116c634ea0f5fc37ffaadf52208a6c49fa11ec33285028edacbc968d866,exact_commuting_pauli_clifford_canonical_v1,True,completed_valid,11.168826792039908,4,42,24,12,22,native Qiskit semantic circuit,3998,74723,True,equal_decimal,1664,2.2e-10,9.990597e-11,0,11,15,360,7020,7380,1.0000000000000002e-17,2.9520000000000004e-13,2.8339200000000006e-11,5.824000000000004e-47,2.8634400000000006e-11,parallel_32,32,32,1800,172800,174600,0.0036899999999999997,1288548000,644.274,True,
ucc.qre.campaign-results.v1,w7-fixed-total-error-20260803-local,hdiag-4000,4000,semantic_first,semantic-first,completed_valid,20260803,1e-09,1.0000000000000002e-10,4.5000000000000005e-10,4.5000000000000005e-10,1e-09,1.0000000000000002e-10,6.0639696e-10,3.9360304000000006e-10,surface_code_conservative,0.001,1e-06,84219116c634ea0f5fc37ffaadf52208a6c49fa11ec33285028edacbc968d866,exact_commuting_pauli_clifford_canonical_v1,True,completed_valid,11.168826792039908,4,42,24,12,22,native Qiskit semantic circuit,3998,74723,True,t_cost_greedy,1640,3.9999999999999996e-10,1.84681352e-10,1,11,31,744,559240,559984,1.0000000000000008e-17,2.239936000000002e-11,8.399760000000007e-11,5.740000000000015e-47,1.063969600000001e-10,serial_1,1,1,7688,28830,36518,0.5599839999999999,20449495712,20449.495711999996,True,
ucc.qre.campaign-results.v1,w7-fixed-total-error-20260803-local,hdiag-4000,4000,semantic_first,semantic-first,completed_valid,20260803,1e-09,1.0000000000000002e-10,4.5000000000000005e-10,4.5000000000000005e-10,1e-09,1.0000000000000002e-10,5.899545600000001e-10,4.1004544e-10,surface_code_conservative,0.001,1e-06,84219116c634ea0f5fc37ffaadf52208a6c49fa11ec33285028edacbc968d866,exact_commuting_pauli_clifford_canonical_v1,True,completed_valid,11.168826792039908,4,42,24,12,22,native Qiskit semantic circuit,3998,74723,True,t_cost_greedy,1640,3.9999999999999996e-10,1.84681352e-10,1,11,31,744,139810,140554,1.0000000000000008e-17,5.622160000000004e-12,8.433240000000007e-11,5.740000000000015e-47,8.995456000000008e-11,modest_4,4,4,7688,115320,123008,0.14055399999999998,17289266432,17289.266431999997,True,
ucc.qre.campaign-results.v1,w7-fixed-total-error-20260803-local,hdiag-4000,4000,semantic_first,semantic-first,completed_valid,20260803,1e-09,1.0000000000000002e-10,4.5000000000000005e-10,4.5000000000000005e-10,1e-09,1.0000000000000002e-10,5.8751548e-10,4.124845200000001e-10,surface_code_conservative,0.001,1e-06,84219116c634ea0f5fc37ffaadf52208a6c49fa11ec33285028edacbc968d866,exact_commuting_pauli_clifford_canonical_v1,True,completed_valid,11.168826792039908,4,42,24,12,22,native Qiskit semantic circuit,3998,74723,True,t_cost_greedy,1640,3.9999999999999996e-10,1.84681352e-10,1,11,31,744,35123,35867,1.0000000000000008e-17,1.4346800000000011e-12,8.608080000000008e-11,5.740000000000015e-47,8.751548000000008e-11,parallel_16,16,16,7688,461280,468968,0.035866999999999996,16820475256,16820.475255999998,True,
ucc.qre.campaign-results.v1,w7-fixed-total-error-20260803-local,hdiag-4000,4000,semantic_first,semantic-first,completed_valid,20260803,1e-09,1.0000000000000002e-10,4.5000000000000005e-10,4.5000000000000005e-10,1e-09,1.0000000000000002e-10,5.8942384e-10,4.105761600000001e-10,surface_code_conservative,0.001,1e-06,84219116c634ea0f5fc37ffaadf52208a6c49fa11ec33285028edacbc968d866,exact_commuting_pauli_clifford_canonical_v1,True,completed_valid,11.168826792039908,4,42,24,12,22,native Qiskit semantic circuit,3998,74723,True,t_cost_greedy,1640,3.9999999999999996e-10,1.84681352e-10,1,11,31,744,17732,18476,1.0000000000000008e-17,7.390400000000007e-13,8.868480000000008e-11,5.740000000000015e-47,8.942384000000008e-11,parallel_32,32,32,7688,922560,930248,0.018476,17187262048,17187.262048,True,
ucc.qre.campaign-results.v1,w7-fixed-total-error-20260803-local,hdiag-4000,4000,semantic_first,semantic-first,completed_valid,20260803,1e-09,1.0000000000000002e-10,4.5000000000000005e-10,4.5000000000000005e-10,1e-09,1.0000000000000002e-10,5.354816e-10,4.6451840000000007e-10,surface_code_improved,0.0001,5e-07,84219116c634ea0f5fc37ffaadf52208a6c49fa11ec33285028edacbc968d866,exact_commuting_pauli_clifford_canonical_v1,True,completed_valid,11.168826792039908,4,42,24,12,22,native Qiskit semantic circuit,3998,74723,True,t_cost_greedy,1640,3.9999999999999996e-10,1.84681352e-10,1,11,15,360,221400,221760,1.0000000000000002e-17,8.870400000000002e-12,2.6611200000000007e-11,5.740000000000004e-47,3.548160000000001e-11,serial_1,1,1,1800,5400,7200,0.11087999999999999,1596672000,798.3359999999999,True,
ucc.qre.campaign-results.v1,w7-fixed-total-error-20260803-local,hdiag-4000,4000,semantic_first,semantic-first,completed_valid,20260803,1e-09,1.0000000000000002e-10,4.5000000000000005e-10,4.5000000000000005e-10,1e-09,1.0000000000000002e-10,5.289691999999999e-10,4.710308000000001e-10,surface_code_improved,0.0001,5e-07,84219116c634ea0f5fc37ffaadf52208a6c49fa11ec33285028edacbc968d866,exact_commuting_pauli_clifford_canonical_v1,True,completed_valid,11.168826792039908,4,42,24,12,22,native Qiskit semantic circuit,3998,74723,True,t_cost_greedy,1640,3.9999999999999996e-10,1.84681352e-10,1,11,15,360,55350,55710,1.0000000000000002e-17,2.2284000000000005e-12,2.6740800000000006e-11,5.740000000000004e-47,2.8969200000000008e-11,modest_4,4,4,1800,21600,23400,0.027854999999999998,1303614000,651.8069999999999,True,
ucc.qre.campaign-results.v1,w7-fixed-total-error-20260803-local,hdiag-4000,4000,semantic_first,semantic-first,completed_valid,20260803,1e-09,1.0000000000000002e-10,4.5000000000000005e-10,4.5000000000000005e-10,1e-09,1.0000000000000002e-10,5.279593999999999e-10,4.720406000000001e-10,surface_code_improved,0.0001,5e-07,84219116c634ea0f5fc37ffaadf52208a6c49fa11ec33285028edacbc968d866,exact_commuting_pauli_clifford_canonical_v1,True,completed_valid,11.168826792039908,4,42,24,12,22,native Qiskit semantic circuit,3998,74723,True,t_cost_greedy,1640,3.9999999999999996e-10,1.84681352e-10,1,11,15,360,13905,14265,1.0000000000000002e-17,5.706000000000001e-13,2.7388800000000007e-11,5.740000000000004e-47,2.795940000000001e-11,parallel_16,16,16,1800,86400,88200,0.0071325,1258173000,629.0865,True,
ucc.qre.campaign-results.v1,w7-fixed-total-error-20260803-local,hdiag-4000,4000,semantic_first,semantic-first,completed_valid,20260803,1e-09,1.0000000000000002e-10,4.5000000000000005e-10,4.5000000000000005e-10,1e-09,1.0000000000000002e-10,5.286343999999999e-10,4.713656000000001e-10,surface_code_improved,0.0001,5e-07,84219116c634ea0f5fc37ffaadf52208a6c49fa11ec33285028edacbc968d866,exact_commuting_pauli_clifford_canonical_v1,True,completed_valid,11.168826792039908,4,42,24,12,22,native Qiskit semantic circuit,3998,74723,True,t_cost_greedy,1640,3.9999999999999996e-10,1.84681352e-10,1,11,15,360,7020,7380,1.0000000000000002e-17,2.9520000000000004e-13,2.8339200000000006e-11,5.740000000000004e-47,2.8634400000000006e-11,parallel_32,32,32,1800,172800,174600,0.0036899999999999997,1288548000,644.274,True,
ucc.qre.campaign-results.v1,w7-fixed-total-error-20260803-local,hdiag-4000,4000,materialize_first,materialize-first,completed_valid,20260803,0.001,0.0001,0.00045000000000000004,0.00045000000000000004,0.001,0.0001,0.00033398284470000013,0.0006660171552999999,surface_code_conservative,0.001,1e-06,08dd96b20fd91920bb5e027049c30cb2c650516ca9dcb3799bc335e87c297e17,exact_commuting_pauli_clifford_canonical_v1,True,completed_valid,1.3521110829897225,4,9588,5593,4788,4792,materialized Qiskit basis circuit,13574,208787,False,equal_decimal,386558,4.792e-05,3.623401067299999e-05,0,8,23,128639,97799174,97927813,1.0000000000000007e-13,3.917112520000003e-05,0.0001468917195000001,1.3529530000000028e-32,0.00018606284470000013,serial_1,1,1,4232,15870,20102,97.927813,1968544896926,1968544.896926,True,
ucc.qre.campaign-results.v1,w7-fixed-total-error-20260803-local,hdiag-4000,4000,materialize_first,materialize-first,completed_valid,20260803,0.001,0.0001,0.00045000000000000004,0.00045000000000000004,0.001,0.0001,0.0003052227776000001,0.0006947772223999999,surface_code_conservative,0.001,1e-06,08dd96b20fd91920bb5e027049c30cb2c650516ca9dcb3799bc335e87c297e17,exact_commuting_pauli_clifford_canonical_v1,True,completed_valid,1.3521110829897225,4,9588,5593,4788,4792,materialized Qiskit basis circuit,13574,208787,False,equal_decimal,386558,4.792e-05,3.623401067299999e-05,0,8,23,128639,24449920,24578559,1.0000000000000007e-13,9.831423600000006e-06,0.0001474713540000001,1.3529530000000028e-32,0.0001573027776000001,modest_4,4,4,4232,63480,67712,24.578559,1664263387008,1664263.387008,True,
ucc.qre.campaign-results.v1,w7-fixed-total-error-20260803-local,hdiag-4000,4000,materialize_first,materialize-first,completed_valid,20260803,0.001,0.0001,0.00045000000000000004,0.00045000000000000004,0.001,0.0001,0.00030020330360000015,0.0006997966963999999,surface_code_conservative,0.001,1e-06,08dd96b20fd91920bb5e027049c30cb2c650516ca9dcb3799bc335e87c297e17,exact_commuting_pauli_clifford_canonical_v1,True,completed_valid,1.3521110829897225,4,9588,5593,4788,4792,materialized Qiskit basis circuit,13574,208787,False,equal_decimal,386558,4.792e-05,3.623401067299999e-05,0,8,23,128639,6112480,6241119,1.0000000000000007e-13,2.4964476000000015e-06,0.0001497868560000001,1.3529530000000028e-32,0.0001522833036000001,parallel_16,16,16,4232,253920,258152,6.241118999999999,1611157352088,1611157.352088,True,
ucc.qre.campaign-results.v1,w7-fixed-total-error-20260803-local,hdiag-4000,4000,materialize_first,materialize-first,completed_valid,20260803,0.001,0.0001,0.00045000000000000004,0.00045000000000000004,0.001,0.0001,0.0003020681436000001,0.0006979318563999999,surface_code_conservative,0.001,1e-06,08dd96b20fd91920bb5e027049c30cb2c650516ca9dcb3799bc335e87c297e17,exact_commuting_pauli_clifford_canonical_v1,True,completed_valid,1.3521110829897225,4,9588,5593,4788,4792,materialized Qiskit basis circuit,13574,208787,False,equal_decimal,386558,4.792e-05,3.623401067299999e-05,0,8,23,128639,3056240,3184879,1.0000000000000007e-13,1.2739516000000008e-06,0.0001528741920000001,1.3529530000000028e-32,0.0001541481436000001,parallel_32,32,32,4232,507840,512072,3.184879,1630887359288,1630887.359288,True,
ucc.qre.campaign-results.v1,w7-fixed-total-error-20260803-local,hdiag-4000,4000,materialize_first,materialize-first,completed_valid,20260803,0.001,0.0001,0.00045000000000000004,0.00045000000000000004,0.001,0.0001,0.00020924922400000003,0.0007907507759999999,surface_code_improved,0.0001,5e-07,08dd96b20fd91920bb5e027049c30cb2c650516ca9dcb3799bc335e87c297e17,exact_commuting_pauli_clifford_canonical_v1,True,completed_valid,1.3521110829897225,4,9588,5593,4788,4792,materialized Qiskit basis circuit,13574,208787,False,equal_decimal,386558,4.792e-05,3.623401067299999e-05,0,8,11,61523,38269242,38330765,1.0000000000000003e-13,1.5332306000000005e-05,4.5996918000000016e-05,1.3529530000000012e-32,6.132922400000002e-05,serial_1,1,1,968,2904,3872,19.1653825,148416722080,74208.36104,True,
ucc.qre.campaign-results.v1,w7-fixed-total-error-20260803-local,hdiag-4000,4000,materialize_first,materialize-first,completed_valid,20260803,0.001,0.0001,0.00045000000000000004,0.00045000000000000004,0.001,0.0001,0.00019799019160000002,0.0008020098084,surface_code_improved,0.0001,5e-07,08dd96b20fd91920bb5e027049c30cb2c650516ca9dcb3799bc335e87c297e17,exact_commuting_pauli_clifford_canonical_v1,True,completed_valid,1.3521110829897225,4,9588,5593,4788,4792,materialized Qiskit basis circuit,13574,208787,False,equal_decimal,386558,4.792e-05,3.623401067299999e-05,0,8,11,61523,9567360,9628883,1.0000000000000003e-13,3.851553200000001e-06,4.6218638400000016e-05,1.3529530000000012e-32,5.007019160000002e-05,modest_4,4,4,968,11616,12584,4.8144415,121169863672,60584.931836,True,
ucc.qre.campaign-results.v1,w7-fixed-total-error-20260803-local,hdiag-4000,4000,materialize_first,materialize-first,completed_valid,20260803,0.001,0.0001,0.00045000000000000004,0.00045000000000000004,0.001,0.0001,0.00019600591480000004,0.0008039940852,surface_code_improved,0.0001,5e-07,08dd96b20fd91920bb5e027049c30cb2c650516ca9dcb3799bc335e87c297e17,exact_commuting_pauli_clifford_canonical_v1,True,completed_valid,1.3521110829897225,4,9588,5593,4788,4792,materialized Qiskit basis circuit,13574,208787,False,equal_decimal,386558,4.792e-05,3.623401067299999e-05,0,8,11,61523,2391840,2453363,1.0000000000000003e-13,9.813452000000003e-07,4.7104569600000015e-05,1.3529530000000012e-32,4.808591480000002e-05,parallel_16,16,16,968,46464,47432,1.2266815,116367913816,58183.956908,True,
ucc.qre.campaign-results.v1,w7-fixed-total-error-20260803-local,hdiag-4000,4000,materialize_first,materialize-first,completed_valid,20260803,0.001,0.0001,0.00045000000000000004,0.00045000000000000004,0.001,0.0001,0.00019670878840000002,0.0008032912116,surface_code_improved,0.0001,5e-07,08dd96b20fd91920bb5e027049c30cb2c650516ca9dcb3799bc335e87c297e17,exact_commuting_pauli_clifford_canonical_v1,True,completed_valid,1.3521110829897225,4,9588,5593,4788,4792,materialized Qiskit basis circuit,13574,208787,False,equal_decimal,386558,4.792e-05,3.623401067299999e-05,0,8,11,61523,1195920,1257443,1.0000000000000003e-13,5.029772000000002e-07,4.828581120000001e-05,1.3529530000000012e-32,4.878878840000001e-05,parallel_32,32,32,968,92928,93896,0.6287214999999999,118068867928,59034.433963999996,True,
ucc.qre.campaign-results.v1,w7-fixed-total-error-20260803-local,hdiag-4000,4000,materialize_first,materialize-first,completed_valid,20260803,0.001,0.0001,0.00045000000000000004,0.00045000000000000004,0.001,0.0001,0.0007142007549000003,0.00028579924509999975,surface_code_conservative,0.001,1e-06,08dd96b20fd91920bb5e027049c30cb2c650516ca9dcb3799bc335e87c297e17,exact_commuting_pauli_clifford_canonical_v1,True,completed_valid,1.3521110829897225,4,9588,5593,4788,4792,materialized Qiskit basis circuit,13574,208787,False,t_cost_greedy,341744,0.0004496800000000002,0.00035708925277,24,8,23,128639,86461232,86589871,1.0000000000000007e-13,3.463594840000002e-05,0.0001298848065000001,1.1961040000000024e-32,0.00016452075490000013,serial_1,1,1,4232,15870,20102,86.589871,1740629586842,1740629.586842,True,
ucc.qre.campaign-results.v1,w7-fixed-total-error-20260803-local,hdiag-4000,4000,materialize_first,materialize-first,completed_valid,20260803,0.001,0.0001,0.00045000000000000004,0.00045000000000000004,0.001,0.0001,0.0006888412608000002,0.0003111587391999998,surface_code_conservative,0.001,1e-06,08dd96b20fd91920bb5e027049c30cb2c650516ca9dcb3799bc335e87c297e17,exact_commuting_pauli_clifford_canonical_v1,True,completed_valid,1.3521110829897225,4,9588,5593,4788,4792,materialized Qiskit basis circuit,13574,208787,False,t_cost_greedy,341744,0.0004496800000000002,0.00035708925277,24,8,23,128639,21615308,21743947,1.0000000000000007e-13,8.697578800000006e-06,0.00013046368200000008,1.1961040000000024e-32,0.0001391612608000001,modest_4,4,4,4232,63480,67712,21.743947,1472326139264,1472326.1392639999,True,
ucc.qre.campaign-results.v1,w7-fixed-total-error-20260803-local,hdiag-4000,4000,materialize_first,materialize-first,completed_valid,20260803,0.001,0.0001,0.00045000000000000004,0.00045000000000000004,0.001,0.0001,0.0006846721704000003,0.0003153278295999997,surface_code_conservative,0.001,1e-06,08dd96b20fd91920bb5e027049c30cb2c650516ca9dcb3799bc335e87c297e17,exact_commuting_pauli_clifford_canonical_v1,True,completed_valid,1.3521110829897225,4,9588,5593,4788,4792,materialized Qiskit basis circuit,13574,208787,False,t_cost_greedy,341744,0.0004496800000000002,0.00035708925277,24,8,23,128639,5403827,5532466,1.0000000000000007e-13,2.2129864000000013e-06,0.00013277918400000007,1.1961040000000024e-32,0.00013499217040000008,parallel_16,16,16,4232,253920,258152,5.532465999999999,1428217162832,1428217.1628319998,True,
ucc.qre.campaign-results.v1,w7-fixed-total-error-20260803-local,hdiag-4000,4000,materialize_first,materialize-first,completed_valid,20260803,0.001,0.0001,0.00045000000000000004,0.00045000000000000004,0.001,0.0001,0.0006866848636000002,0.0003133151363999998,surface_code_conservative,0.001,1e-06,08dd96b20fd91920bb5e027049c30cb2c650516ca9dcb3799bc335e87c297e17,exact_commuting_pauli_clifford_canonical_v1,True,completed_valid,1.3521110829897225,4,9588,5593,4788,4792,materialized Qiskit basis circuit,13574,208787,False,t_cost_greedy,341744,0.0004496800000000002,0.00035708925277,24,8,23,128639,2702040,2830679,1.0000000000000007e-13,1.1322716000000007e-06,0.0001358725920000001,1.1961040000000024e-32,0.00013700486360000008,parallel_32,32,32,4232,507840,512072,2.830679,1449511456888,1449511.456888,True,
ucc.qre.campaign-results.v1,w7-fixed-total-error-20260803-local,hdiag-4000,4000,materialize_first,materialize-first,completed_valid,20260803,0.001,0.0001,0.00045000000000000004,0.00045000000000000004,0.001,0.0001,0.0006039106864000002,0.0003960893135999998,surface_code_improved,0.0001,5e-07,08dd96b20fd91920bb5e027049c30cb2c650516ca9dcb3799bc335e87c297e17,exact_commuting_pauli_clifford_canonical_v1,True,completed_valid,1.3521110829897225,4,9588,5593,4788,4792,materialized Qiskit basis circuit,13574,208787,False,t_cost_greedy,341744,0.0004496800000000002,0.00035708925277,24,8,11,61523,33832656,33894179,1.0000000000000003e-13,1.3557671600000004e-05,4.067301480000001e-05,1.196104000000001e-32,5.423068640000002e-05,serial_1,1,1,968,2904,3872,16.9470895,131238261088,65619.130544,True,
ucc.qre.campaign-results.v1,w7-fixed-total-error-20260803-local,hdiag-4000,4000,materialize_first,materialize-first,completed_valid,20260803,0.001,0.0001,0.00045000000000000004,0.00045000000000000004,0.001,0.0001,0.0005939823724000002,0.0004060176275999998,surface_code_improved,0.0001,5e-07,08dd96b20fd91920bb5e027049c30cb2c650516ca9dcb3799bc335e87c297e17,exact_commuting_pauli_clifford_canonical_v1,True,completed_valid,1.3521110829897225,4,9588,5593,4788,4792,materialized Qiskit basis circuit,13574,208787,False,t_cost_greedy,341744,0.0004496800000000002,0.00035708925277,24,8,11,61523,8458164,8519687,1.0000000000000003e-13,3.407874800000001e-06,4.0894497600000015e-05,1.196104000000001e-32,4.4302372400000015e-05,modest_4,4,4,968,11616,12584,4.2598435,107211741208,53605.870603999996,True,
ucc.qre.campaign-results.v1,w7-fixed-total-error-20260803-local,hdiag-4000,4000,materialize_first,materialize-first,completed_valid,20260803,0.001,0.0001,0.00045000000000000004,0.00045000000000000004,0.001,0.0001,0.0005923308544000003,0.00040766914559999977,surface_code_improved,0.0001,5e-07,08dd96b20fd91920bb5e027049c30cb2c650516ca9dcb3799bc335e87c297e17,exact_commuting_pauli_clifford_canonical_v1,True,completed_valid,1.3521110829897225,4,9588,5593,4788,4792,materialized Qiskit basis circuit,13574,208787,False,t_cost_greedy,341744,0.0004496800000000002,0.00035708925277,24,8,11,61523,2114541,2176064,1.0000000000000003e-13,8.704256000000003e-07,4.1780428800000014e-05,1.196104000000001e-32,4.2650854400000016e-05,parallel_16,16,16,968,46464,47432,1.0880319999999999,103215067648,51607.533824,True,
ucc.qre.campaign-results.v1,w7-fixed-total-error-20260803-local,hdiag-4000,4000,materialize_first,materialize-first,completed_valid,20260803,0.001,0.0001,0.00045000000000000004,0.00045000000000000004,0.001,0.0001,0.0005930911084000003,0.00040690889159999976,surface_code_improved,0.0001,5e-07,08dd96b20fd91920bb5e027049c30cb2c650516ca9dcb3799bc335e87c297e17,exact_commuting_pauli_clifford_canonical_v1,True,completed_valid,1.3521110829897225,4,9588,5593,4788,4792,materialized Qiskit basis circuit,13574,208787,False,t_cost_greedy,341744,0.0004496800000000002,0.00035708925277,24,8,11,61523,1057320,1118843,1.0000000000000003e-13,4.475372000000001e-07,4.2963571200000014e-05,1.196104000000001e-32,4.341110840000002e-05,parallel_32,32,32,968,92928,93896,0.5594215,105054882328,52527.441164,True,
ucc.qre.campaign-results.v1,w7-fixed-total-error-20260803-local,hdiag-4000,4000,materialize_first,materialize-first,completed_valid,20260803,1e-06,1e-07,4.5e-07,4.5e-07,1e-06,1e-07,4.7256076970000034e-07,5.274392302999996e-07,surface_code_conservative,0.001,1e-06,08dd96b20fd91920bb5e027049c30cb2c650516ca9dcb3799bc335e87c297e17,exact_commuting_pauli_clifford_canonical_v1,True,completed_valid,1.3521110829897225,4,9588,5593,4788,4792,materialized Qiskit basis circuit,13574,208787,False,equal_decimal,535114,4.7919999999999995e-08,3.2053432937e-08,0,11,29,162197,170701366,170863563,1.000000000000001e-16,6.834542520000007e-08,2.5629534450000025e-07,1.8728990000000054e-41,3.246407697000003e-07,serial_1,1,1,6728,25230,31958,170.863563,5460457746354,5460457.746354,True,
ucc.qre.campaign-results.v1,w7-fixed-total-error-20260803-local,hdiag-4000,4000,materialize_first,materialize-first,completed_valid,20260803,1e-06,1e-07,4.5e-07,4.5e-07,1e-06,1e-07,4.2208126720000033e-07,5.779187327999996e-07,surface_code_conservative,0.001,1e-06,08dd96b20fd91920bb5e027049c30cb2c650516ca9dcb3799bc335e87c297e17,exact_commuting_pauli_clifford_canonical_v1,True,completed_valid,1.3521110829897225,4,9588,5593,4788,4792,materialized Qiskit basis circuit,13574,208787,False,equal_decimal,535114,4.7919999999999995e-08,3.2053432937e-08,0,11,29,162197,42675501,42837698,1.000000000000001e-16,1.7135079200000016e-08,2.5702618800000027e-07,1.8728990000000054e-41,2.741612672000003e-07,modest_4,4,4,6728,100920,107648,42.837697999999996,4611392514304,4611392.514304,True,
ucc.qre.campaign-results.v1,w7-fixed-total-error-20260803-local,hdiag-4000,4000,materialize_first,materialize-first,completed_valid,20260803,1e-06,1e-07,4.5e-07,4.5e-07,1e-06,1e-07,4.122001088000003e-07,5.877998911999997e-07,surface_code_conservative,0.001,1e-06,08dd96b20fd91920bb5e027049c30cb2c650516ca9dcb3799bc335e87c297e17,exact_commuting_pauli_clifford_canonical_v1,True,completed_valid,1.3521110829897225,4,9588,5593,4788,4792,materialized Qiskit basis circuit,13574,208787,False,equal_decimal,535114,4.7919999999999995e-08,3.2053432937e-08,0,11,29,162197,10668955,10831152,1.000000000000001e-16,4.332460800000004e-09,2.5994764800000025e-07,1.8728990000000054e-41,2.642801088000003e-07,parallel_16,16,16,6728,403680,410408,10.831152,4445191430016,4445191.430016,True,
ucc.qre.campaign-results.v1,w7-fixed-total-error-20260803-local,hdiag-4000,4000,materialize_first,materialize-first,completed_valid,20260803,1e-06,1e-07,4.5e-07,4.5e-07,1e-06,1e-07,4.1396676560000025e-07,5.860332343999997e-07,surface_code_conservative,0.001,1e-06,08dd96b20fd91920bb5e027049c30cb2c650516ca9dcb3799bc335e87c297e17,exact_commuting_pauli_clifford_canonical_v1,True,completed_valid,1.3521110829897225,4,9588,5593,4788,4792,materialized Qiskit basis circuit,13574,208787,False,equal_decimal,535114,4.7919999999999995e-08,3.2053432937e-08,0,11,29,162197,5334637,5496834,1.000000000000001e-16,2.1987336000000023e-09,2.6384803200000024e-07,1.8728990000000054e-41,2.6604676560000023e-07,parallel_32,32,32,6728,807360,814088,5.496834,4474906597392,4474906.597392,True,
ucc.qre.campaign-results.v1,w7-fixed-total-error-20260803-local,hdiag-4000,4000,materialize_first,materialize-first,completed_valid,20260803,1e-06,1e-07,4.5e-07,4.5e-07,1e-06,1e-07,1.5949188559999999e-07,8.405081143999999e-07,surface_code_improved,0.0001,5e-07,08dd96b20fd91920bb5e027049c30cb2c650516ca9dcb3799bc335e87c297e17,exact_commuting_pauli_clifford_canonical_v1,True,completed_valid,1.3521110829897225,4,9588,5593,4788,4792,materialized Qiskit basis circuit,13574,208787,False,equal_decimal,535114,4.7919999999999995e-08,3.2053432937e-08,0,11,15,83895,72240390,72324285,1.0000000000000002e-17,2.8929714000000006e-09,8.678914200000002e-09,1.8728990000000014e-44,1.1571885600000003e-08,serial_1,1,1,1800,5400,7200,36.1621425,520734852000,260367.426,True,
ucc.qre.campaign-results.v1,w7-fixed-total-error-20260803-local,hdiag-4000,4000,materialize_first,materialize-first,completed_valid,20260803,1e-06,1e-07,4.5e-07,4.5e-07,1e-06,1e-07,1.5735491119999998e-07,8.426450888e-07,surface_code_improved,0.0001,5e-07,08dd96b20fd91920bb5e027049c30cb2c650516ca9dcb3799bc335e87c297e17,exact_commuting_pauli_clifford_canonical_v1,True,completed_valid,1.3521110829897225,4,9588,5593,4788,4792,materialized Qiskit basis circuit,13574,208787,False,equal_decimal,535114,4.7919999999999995e-08,3.2053432937e-08,0,11,15,83895,18060165,18144060,1.0000000000000002e-17,7.257624000000001e-10,8.709148800000002e-09,1.8728990000000014e-44,9.434911200000001e-09,modest_4,4,4,1800,21600,23400,9.07203,424571004000,212285.502,True,
ucc.qre.campaign-results.v1,w7-fixed-total-error-20260803-local,hdiag-4000,4000,materialize_first,materialize-first,completed_valid,20260803,1e-06,1e-07,4.5e-07,4.5e-07,1e-06,1e-07,1.569339812e-07,8.430660188e-07,surface_code_improved,0.0001,5e-07,08dd96b20fd91920bb5e027049c30cb2c650516ca9dcb3799bc335e87c297e17,exact_commuting_pauli_clifford_canonical_v1,True,completed_valid,1.3521110829897225,4,9588,5593,4788,4792,materialized Qiskit basis circuit,13574,208787,False,equal_decimal,535114,4.7919999999999995e-08,3.2053432937e-08,0,11,15,83895,4515075,4598970,1.0000000000000002e-17,1.8395880000000003e-10,8.830022400000002e-09,1.8728990000000014e-44,9.013981200000003e-09,parallel_16,16,16,1800,86400,88200,2.299485,405629154000,202814.577,True,
ucc.qre.campaign-results.v1,w7-fixed-total-error-20260803-local,hdiag-4000,4000,materialize_first,materialize-first,completed_valid,20260803,1e-06,1e-07,4.5e-07,4.5e-07,1e-06,1e-07,1.5700502e-07,8.4299498e-07,surface_code_improved,0.0001,5e-07,08dd96b20fd91920bb5e027049c30cb2c650516ca9dcb3799bc335e87c297e17,exact_commuting_pauli_clifford_canonical_v1,True,completed_valid,1.3521110829897225,4,9588,5593,4788,4792,materialized Qiskit basis circuit,13574,208787,False,equal_decimal,535114,4.7919999999999995e-08,3.2053432937e-08,0,11,15,83895,2257605,2341500,1.0000000000000002e-17,9.366000000000002e-11,8.991360000000002e-09,1.8728990000000014e-44,9.085020000000001e-09,parallel_32,32,32,1800,172800,174600,1.17075,408825900000,204412.94999999998,True,
ucc.qre.campaign-results.v1,w7-fixed-total-error-20260803-local,hdiag-4000,4000,materialize_first,materialize-first,completed_valid,20260803,1e-06,1e-07,4.5e-07,4.5e-07,1e-06,1e-07,8.476438843000003e-07,1.5235611569999963e-07,surface_code_conservative,0.001,1e-06,08dd96b20fd91920bb5e027049c30cb2c650516ca9dcb3799bc335e87c297e17,exact_commuting_pauli_clifford_canonical_v1,True,completed_valid,1.3521110829897225,4,9588,5593,4788,4792,materialized Qiskit basis circuit,13574,208787,False,t_cost_greedy,491100,4.4968000000000015e-07,3.443169862299999e-07,24,11,29,162197,156660900,156823097,1.000000000000001e-16,6.272923880000006e-08,2.3523464550000022e-07,1.718850000000005e-41,2.979638843000003e-07,serial_1,1,1,6728,25230,31958,156.823097,5011752533926,5011752.533926,True,
ucc.qre.campaign-results.v1,w7-fixed-total-error-20260803-local,hdiag-4000,4000,materialize_first,materialize-first,completed_valid,20260803,1e-06,1e-07,4.5e-07,4.5e-07,1e-06,1e-07,8.013755008000003e-07,1.9862449919999965e-07,surface_code_conservative,0.001,1e-06,08dd96b20fd91920bb5e027049c30cb2c650516ca9dcb3799bc335e87c297e17,exact_commuting_pauli_clifford_canonical_v1,True,completed_valid,1.3521110829897225,4,9588,5593,4788,4792,materialized Qiskit basis circuit,13574,208787,False,t_cost_greedy,491100,4.4968000000000015e-07,3.443169862299999e-07,24,11,29,162197,39165225,39327422,1.000000000000001e-16,1.5730968800000014e-08,2.3596453200000022e-07,1.718850000000005e-41,2.516955008000002e-07,modest_4,4,4,6728,100920,107648,39.327422,4233518323456,4233518.323456,True,
ucc.qre.campaign-results.v1,w7-fixed-total-error-20260803-local,hdiag-4000,4000,materialize_first,materialize-first,completed_valid,20260803,1e-06,1e-07,4.5e-07,4.5e-07,1e-06,1e-07,7.925474252000004e-07,2.0745257479999958e-07,surface_code_conservative,0.001,1e-06,08dd96b20fd91920bb5e027049c30cb2c650516ca9dcb3799bc335e87c297e17,exact_commuting_pauli_clifford_canonical_v1,True,completed_valid,1.3521110829897225,4,9588,5593,4788,4792,materialized Qiskit basis circuit,13574,208787,False,t_cost_greedy,491100,4.4968000000000015e-07,3.443169862299999e-07,24,11,29,162197,9791386,9953583,1.000000000000001e-16,3.9814332000000035e-09,2.388859920000002e-07,1.718850000000005e-41,2.4286742520000023e-07,parallel_16,16,16,6728,403680,410408,9.953583,4085030091864,4085030.091864,True,
ucc.qre.campaign-results.v1,w7-fixed-total-error-20260803-local,hdiag-4000,4000,materialize_first,materialize-first,completed_valid,20260803,1e-06,1e-07,4.5e-07,4.5e-07,1e-06,1e-07,7.944818760000003e-07,2.0551812399999966e-07,surface_code_conservative,0.001,1e-06,08dd96b20fd91920bb5e027049c30cb2c650516ca9dcb3799bc335e87c297e17,exact_commuting_pauli_clifford_canonical_v1,True,completed_valid,1.3521110829897225,4,9588,5593,4788,4792,materialized Qiskit basis circuit,13574,208787,False,t_cost_greedy,491100,4.4968000000000015e-07,3.443169862299999e-07,24,11,29,162197,4895693,5057890,1.000000000000001e-16,2.023156000000002e-09,2.4277872000000023e-07,1.718850000000005e-41,2.4480187600000026e-07,parallel_32,32,32,6728,807360,814088,5.0578899999999996,4117567554320,4117567.5543199996,True,
ucc.qre.campaign-results.v1,w7-fixed-total-error-20260803-local,hdiag-4000,4000,materialize_first,materialize-first,completed_valid,20260803,1e-06,1e-07,4.5e-07,4.5e-07,1e-06,1e-07,5.603011832000001e-07,4.396988167999999e-07,surface_code_improved,0.0001,5e-07,08dd96b20fd91920bb5e027049c30cb2c650516ca9dcb3799bc335e87c297e17,exact_commuting_pauli_clifford_canonical_v1,True,completed_valid,1.3521110829897225,4,9588,5593,4788,4792,materialized Qiskit basis circuit,13574,208787,False,t_cost_greedy,491100,4.4968000000000015e-07,3.443169862299999e-07,24,11,15,83895,66298500,66382395,1.0000000000000002e-17,2.6552958000000004e-09,7.965887400000002e-09,1.7188500000000013e-44,1.0621183200000002e-08,serial_1,1,1,1800,5400,7200,33.1911975,477953244000,238976.622,True,
ucc.qre.campaign-results.v1,w7-fixed-total-error-20260803-local,hdiag-4000,4000,materialize_first,materialize-first,completed_valid,20260803,1e-06,1e-07,4.5e-07,4.5e-07,1e-06,1e-07,5.583424304000001e-07,4.416575695999999e-07,surface_code_improved,0.0001,5e-07,08dd96b20fd91920bb5e027049c30cb2c650516ca9dcb3799bc335e87c297e17,exact_commuting_pauli_clifford_canonical_v1,True,completed_valid,1.3521110829897225,4,9588,5593,4788,4792,materialized Qiskit basis circuit,13574,208787,False,t_cost_greedy,491100,4.4968000000000015e-07,3.443169862299999e-07,24,11,15,83895,16574625,16658520,1.0000000000000002e-17,6.663408000000001e-10,7.996089600000001e-09,1.7188500000000013e-44,8.662430400000002e-09,modest_4,4,4,1800,21600,23400,8.32926,389809368000,194904.68399999998,True,
ucc.qre.campaign-results.v1,w7-fixed-total-error-20260803-local,hdiag-4000,4000,materialize_first,materialize-first,completed_valid,20260803,1e-06,1e-07,4.5e-07,4.5e-07,1e-06,1e-07,5.579660666000001e-07,4.420339333999999e-07,surface_code_improved,0.0001,5e-07,08dd96b20fd91920bb5e027049c30cb2c650516ca9dcb3799bc335e87c297e17,exact_commuting_pauli_clifford_canonical_v1,True,completed_valid,1.3521110829897225,4,9588,5593,4788,4792,materialized Qiskit basis circuit,13574,208787,False,t_cost_greedy,491100,4.4968000000000015e-07,3.443169862299999e-07,24,11,15,83895,4143690,4227585,1.0000000000000002e-17,1.6910340000000004e-10,8.116963200000002e-09,1.7188500000000013e-44,8.286066600000002e-09,parallel_16,16,16,1800,86400,88200,2.1137924999999997,372872997000,186436.4985,True,
ucc.qre.campaign-results.v1,w7-fixed-total-error-20260803-local,hdiag-4000,4000,materialize_first,materialize-first,completed_valid,20260803,1e-06,1e-07,4.5e-07,4.5e-07,1e-06,1e-07,5.580442712000001e-07,4.4195572879999984e-07,surface_code_improved,0.0001,5e-07,08dd96b20fd91920bb5e027049c30cb2c650516ca9dcb3799bc335e87c297e17,exact_commuting_pauli_clifford_canonical_v1,True,completed_valid,1.3521110829897225,4,9588,5593,4788,4792,materialized Qiskit basis circuit,13574,208787,False,t_cost_greedy,491100,4.4968000000000015e-07,3.443169862299999e-07,24,11,15,83895,2071845,2155740,1.0000000000000002e-17,8.622960000000002e-11,8.278041600000001e-09,1.7188500000000013e-44,8.364271200000002e-09,parallel_32,32,32,1800,172800,174600,1.0778699999999999,376392204000,188196.10199999998,True,
ucc.qre.campaign-results.v1,w7-fixed-total-error-20260803-local,hdiag-4000,4000,materialize_first,materialize-first,completed_valid,20260803,1e-09,1.0000000000000002e-10,4.5000000000000005e-10,4.5000000000000005e-10,1e-09,1.0000000000000002e-10,2.001477891900001e-10,7.9985221081e-10,surface_code_conservative,0.001,1e-06,08dd96b20fd91920bb5e027049c30cb2c650516ca9dcb3799bc335e87c297e17,exact_commuting_pauli_clifford_canonical_v1,True,completed_valid,1.3521110829897225,4,9588,5593,4788,4792,materialized Qiskit basis circuit,13574,208787,False,equal_decimal,674880,4.792e-11,3.2333431379e-11,0,14,37,206941,274676160,274883101,1.0000000000000011e-20,1.0995324040000013e-11,4.1232465150000044e-11,2.362080000000008e-53,5.222778919000006e-11,serial_1,1,1,10952,41070,52022,274.883101,14299968680222,14299968.680222,True,
ucc.qre.campaign-results.v1,w7-fixed-total-error-20260803-local,hdiag-4000,4000,materialize_first,materialize-first,completed_valid,20260803,1e-09,1.0000000000000002e-10,4.5000000000000005e-10,4.5000000000000005e-10,1e-09,1.0000000000000002e-10,5.648989120000005e-10,4.3510108799999957e-10,surface_code_conservative,0.001,1e-06,08dd96b20fd91920bb5e027049c30cb2c650516ca9dcb3799bc335e87c297e17,exact_commuting_pauli_clifford_canonical_v1,True,completed_valid,1.3521110829897225,4,9588,5593,4788,4792,materialized Qiskit basis circuit,13574,208787,False,equal_decimal,674880,4.792e-11,3.2333431379e-11,0,14,35,195755,64957200,65152955,1.000000000000001e-19,2.6061182000000028e-11,3.909177300000004e-10,2.3620800000000075e-50,4.1697891200000045e-10,modest_4,4,4,9800,147000,156800,65.15295499999999,10215983344000,10215983.343999999,True,
ucc.qre.campaign-results.v1,w7-fixed-total-error-20260803-local,hdiag-4000,4000,materialize_first,materialize-first,completed_valid,20260803,1e-09,1.0000000000000002e-10,4.5000000000000005e-10,4.5000000000000005e-10,1e-09,1.0000000000000002e-10,5.489353420000005e-10,4.5106465799999957e-10,surface_code_conservative,0.001,1e-06,08dd96b20fd91920bb5e027049c30cb2c650516ca9dcb3799bc335e87c297e17,exact_commuting_pauli_clifford_canonical_v1,True,completed_valid,1.3521110829897225,4,9588,5593,4788,4792,materialized Qiskit basis circuit,13574,208787,False,equal_decimal,674880,4.792e-11,3.2333431379e-11,0,14,35,195755,16239300,16435055,1.000000000000001e-19,6.574022000000007e-12,3.9444132000000044e-10,2.3620800000000075e-50,4.0101534200000045e-10,parallel_16,16,16,9800,588000,597800,16.435055,9824875879000,9824875.878999999,True,
ucc.qre.campaign-results.v1,w7-fixed-total-error-20260803-local,hdiag-4000,4000,materialize_first,materialize-first,completed_valid,20260803,1e-09,1.0000000000000002e-10,4.5000000000000005e-10,4.5000000000000005e-10,1e-09,1.0000000000000002e-10,5.503856020000004e-10,4.496143979999996e-10,surface_code_conservative,0.001,1e-06,08dd96b20fd91920bb5e027049c30cb2c650516ca9dcb3799bc335e87c297e17,exact_commuting_pauli_clifford_canonical_v1,True,completed_valid,1.3521110829897225,4,9588,5593,4788,4792,materialized Qiskit basis circuit,13574,208787,False,equal_decimal,674880,4.792e-11,3.2333431379e-11,0,14,35,195755,8119650,8315405,1.000000000000001e-19,3.3261620000000036e-12,3.9913944000000043e-10,2.3620800000000075e-50,4.0246560200000045e-10,parallel_32,32,32,9800,1176000,1185800,8.315405,9860407249000,9860407.249,True,
ucc.qre.campaign-results.v1,w7-fixed-total-error-20260803-local,hdiag-4000,4000,materialize_first,materialize-first,completed_valid,20260803,1e-09,1.0000000000000002e-10,4.5000000000000005e-10,4.5000000000000005e-10,1e-09,1.0000000000000002e-10,3.1328275360000007e-10,6.867172464e-10,surface_code_improved,0.0001,5e-07,08dd96b20fd91920bb5e027049c30cb2c650516ca9dcb3799bc335e87c297e17,exact_commuting_pauli_clifford_canonical_v1,True,completed_valid,1.3521110829897225,4,9588,5593,4788,4792,materialized Qiskit basis circuit,13574,208787,False,equal_decimal,674880,4.792e-11,3.2333431379e-11,0,14,17,95081,103256640,103351721,1.0000000000000003e-19,4.134068840000001e-11,1.2402206520000004e-10,2.3620800000000023e-50,1.6536275360000005e-10,serial_1,1,1,2312,6936,9248,51.6758605,955796715808,477898.357904,True,
ucc.qre.campaign-results.v1,w7-fixed-total-error-20260803-local,hdiag-4000,4000,materialize_first,materialize-first,completed_valid,20260803,1e-09,1.0000000000000002e-10,4.5000000000000005e-10,4.5000000000000005e-10,1e-09,1.0000000000000002e-10,2.8264805320000005e-10,7.173519468e-10,surface_code_improved,0.0001,5e-07,08dd96b20fd91920bb5e027049c30cb2c650516ca9dcb3799bc335e87c297e17,exact_commuting_pauli_clifford_canonical_v1,True,completed_valid,1.3521110829897225,4,9588,5593,4788,4792,materialized Qiskit basis circuit,13574,208787,False,equal_decimal,674880,4.792e-11,3.2333431379e-11,0,14,17,95081,25814160,25909241,1.0000000000000003e-19,1.0363696400000003e-11,1.2436435680000003e-10,2.3620800000000023e-50,1.3472805320000004e-10,modest_4,4,4,2312,27744,30056,12.954620499999999,778728147496,389364.07374799997,True,
ucc.qre.campaign-results.v1,w7-fixed-total-error-20260803-local,hdiag-4000,4000,materialize_first,materialize-first,completed_valid,20260803,1e-09,1.0000000000000002e-10,4.5000000000000005e-10,4.5000000000000005e-10,1e-09,1.0000000000000002e-10,2.7627297160000007e-10,7.237270284e-10,surface_code_improved,0.0001,5e-07,08dd96b20fd91920bb5e027049c30cb2c650516ca9dcb3799bc335e87c297e17,exact_commuting_pauli_clifford_canonical_v1,True,completed_valid,1.3521110829897225,4,9588,5593,4788,4792,materialized Qiskit basis circuit,13574,208787,False,equal_decimal,674880,4.792e-11,3.2333431379e-11,0,14,17,95081,6453540,6548621,1.0000000000000003e-19,2.619448400000001e-12,1.2573352320000003e-10,2.3620800000000023e-50,1.2835297160000002e-10,parallel_16,16,16,2312,110976,113288,3.2743105,741880175848,370940.087924,True,
ucc.qre.campaign-results.v1,w7-fixed-total-error-20260803-local,hdiag-4000,4000,materialize_first,materialize-first,completed_valid,20260803,1e-09,1.0000000000000002e-10,4.5000000000000005e-10,4.5000000000000005e-10,1e-09,1.0000000000000002e-10,2.7680781880000004e-10,7.231921812000001e-10,surface_code_improved,0.0001,5e-07,08dd96b20fd91920bb5e027049c30cb2c650516ca9dcb3799bc335e87c297e17,exact_commuting_pauli_clifford_canonical_v1,True,completed_valid,1.3521110829897225,4,9588,5593,4788,4792,materialized Qiskit basis circuit,13574,208787,False,equal_decimal,674880,4.792e-11,3.2333431379e-11,0,14,17,95081,3226770,3321851,1.0000000000000003e-19,1.3287404000000005e-12,1.2755907840000003e-10,2.3620800000000023e-50,1.2888781880000003e-10,parallel_32,32,32,2312,221952,224264,1.6609254999999998,744971592664,372485.79633199994,True,
ucc.qre.campaign-results.v1,w7-fixed-total-error-20260803-local,hdiag-4000,4000,materialize_first,materialize-first,completed_valid,20260803,1e-09,1.0000000000000002e-10,4.5000000000000005e-10,4.5000000000000005e-10,1e-09,1.0000000000000002e-10,5.984765145500002e-10,4.015234854499999e-10,surface_code_conservative,0.001,1e-06,08dd96b20fd91920bb5e027049c30cb2c650516ca9dcb3799bc335e87c297e17,exact_commuting_pauli_clifford_canonical_v1,True,completed_valid,1.3521110829897225,4,9588,5593,4788,4792,materialized Qiskit basis circuit,13574,208787,False,t_cost_greedy,631672,4.495900000000001e-10,3.70988421385e-10,24,14,37,206941,257090504,257297445,1.0000000000000011e-20,1.0291897800000012e-11,3.859461675000004e-11,2.2108520000000074e-53,4.8886514550000056e-11,serial_1,1,1,10952,41070,52022,257.297445,13385127683790,13385127.683789998,True,
ucc.qre.campaign-results.v1,w7-fixed-total-error-20260803-local,hdiag-4000,4000,materialize_first,materialize-first,completed_valid,20260803,1e-09,1.0000000000000002e-10,4.5000000000000005e-10,4.5000000000000005e-10,1e-09,1.0000000000000002e-10,9.399527840000006e-10,6.004721599999944e-11,surface_code_conservative,0.001,1e-06,08dd96b20fd91920bb5e027049c30cb2c650516ca9dcb3799bc335e87c297e17,exact_commuting_pauli_clifford_canonical_v1,True,completed_valid,1.3521110829897225,4,9588,5593,4788,4792,materialized Qiskit basis circuit,13574,208787,False,t_cost_greedy,631672,4.495900000000001e-10,3.70988421385e-10,24,14,35,195755,60798430,60994185,1.000000000000001e-19,2.4397674000000025e-11,3.6596511000000037e-10,2.210852000000007e-50,3.903627840000004e-10,modest_4,4,4,9800,147000,156800,60.994184999999995,9563888208000,9563888.207999999,True,
ucc.qre.campaign-results.v1,w7-fixed-total-error-20260803-local,hdiag-4000,4000,materialize_first,materialize-first,completed_valid,20260803,1e-09,1.0000000000000002e-10,4.5000000000000005e-10,4.5000000000000005e-10,1e-09,1.0000000000000002e-10,9.252415420000005e-10,7.475845799999952e-11,surface_code_conservative,0.001,1e-06,08dd96b20fd91920bb5e027049c30cb2c650516ca9dcb3799bc335e87c297e17,exact_commuting_pauli_clifford_canonical_v1,True,completed_valid,1.3521110829897225,4,9588,5593,4788,4792,materialized Qiskit basis circuit,13574,208787,False,t_cost_greedy,631672,4.495900000000001e-10,3.70988421385e-10,24,14,35,195755,15199800,15395555,1.000000000000001e-19,6.158222000000006e-12,3.694933200000004e-10,2.210852000000007e-50,3.7565154200000043e-10,parallel_16,16,16,9800,588000,597800,15.395555,9203462779000,9203462.779,True,
ucc.qre.campaign-results.v1,w7-fixed-total-error-20260803-local,hdiag-4000,4000,materialize_first,materialize-first,completed_valid,20260803,1e-09,1.0000000000000002e-10,4.5000000000000005e-10,4.5000000000000005e-10,1e-09,1.0000000000000002e-10,9.268997020000006e-10,7.310029799999947e-11,surface_code_conservative,0.001,1e-06,08dd96b20fd91920bb5e027049c30cb2c650516ca9dcb3799bc335e87c297e17,exact_commuting_pauli_clifford_canonical_v1,True,completed_valid,1.3521110829897225,4,9588,5593,4788,4792,materialized Qiskit basis circuit,13574,208787,False,t_cost_greedy,631672,4.495900000000001e-10,3.70988421385e-10,24,14,35,195755,7599900,7795655,1.000000000000001e-19,3.1182620000000033e-12,3.741914400000004e-10,2.210852000000007e-50,3.773097020000004e-10,parallel_32,32,32,9800,1176000,1185800,7.795655,9244087699000,9244087.699,True,
ucc.qre.campaign-results.v1,w7-fixed-total-error-20260803-local,hdiag-4000,4000,materialize_first,materialize-first,completed_valid,20260803,1e-09,1.0000000000000002e-10,4.5000000000000005e-10,4.5000000000000005e-10,1e-09,1.0000000000000002e-10,7.043754352000002e-10,2.9562456479999985e-10,surface_code_improved,0.0001,5e-07,08dd96b20fd91920bb5e027049c30cb2c650516ca9dcb3799bc335e87c297e17,exact_commuting_pauli_clifford_canonical_v1,True,completed_valid,1.3521110829897225,4,9588,5593,4788,4792,materialized Qiskit basis circuit,13574,208787,False,t_cost_greedy,631672,4.495900000000001e-10,3.70988421385e-10,24,14,17,95081,96645816,96740897,1.0000000000000003e-19,3.869635880000001e-11,1.1608907640000005e-10,2.210852000000002e-50,1.5478543520000004e-10,serial_1,1,1,2312,6936,9248,48.370448499999995,894659815456,447329.90772799996,True,
ucc.qre.campaign-results.v1,w7-fixed-total-error-20260803-local,hdiag-4000,4000,materialize_first,materialize-first,completed_valid,20260803,1e-09,1.0000000000000002e-10,4.5000000000000005e-10,4.5000000000000005e-10,1e-09,1.0000000000000002e-10,6.757239820000003e-10,3.242760179999998e-10,surface_code_improved,0.0001,5e-07,08dd96b20fd91920bb5e027049c30cb2c650516ca9dcb3799bc335e87c297e17,exact_commuting_pauli_clifford_canonical_v1,True,completed_valid,1.3521110829897225,4,9588,5593,4788,4792,materialized Qiskit basis circuit,13574,208787,False,t_cost_greedy,631672,4.495900000000001e-10,3.70988421385e-10,24,14,17,95081,24161454,24256535,1.0000000000000003e-19,9.702614000000003e-12,1.1643136800000005e-10,2.210852000000002e-50,1.2613398200000004e-10,modest_4,4,4,2312,27744,30056,12.1282675,729054415960,364527.20798,True,
ucc.qre.campaign-results.v1,w7-fixed-total-error-20260803-local,hdiag-4000,4000,materialize_first,materialize-first,completed_valid,20260803,1e-09,1.0000000000000002e-10,4.5000000000000005e-10,4.5000000000000005e-10,1e-09,1.0000000000000002e-10,6.698462116000001e-10,3.301537883999999e-10,surface_code_improved,0.0001,5e-07,08dd96b20fd91920bb5e027049c30cb2c650516ca9dcb3799bc335e87c297e17,exact_commuting_pauli_clifford_canonical_v1,True,completed_valid,1.3521110829897225,4,9588,5593,4788,4792,materialized Qiskit basis circuit,13574,208787,False,t_cost_greedy,631672,4.495900000000001e-10,3.70988421385e-10,24,14,17,95081,6040440,6135521,1.0000000000000003e-19,2.454208400000001e-12,1.1780200320000004e-10,2.210852000000002e-50,1.2025621160000003e-10,parallel_16,16,16,2312,110976,113288,3.0677605,695080903048,347540.451524,True,
ucc.qre.campaign-results.v1,w7-fixed-total-error-20260803-local,hdiag-4000,4000,materialize_first,materialize-first,completed_valid,20260803,1e-09,1.0000000000000002e-10,4.5000000000000005e-10,4.5000000000000005e-10,1e-09,1.0000000000000002e-10,6.704636788000002e-10,3.2953632119999983e-10,surface_code_improved,0.0001,5e-07,08dd96b20fd91920bb5e027049c30cb2c650516ca9dcb3799bc335e87c297e17,exact_commuting_pauli_clifford_canonical_v1,True,completed_valid,1.3521110829897225,4,9588,5593,4788,4792,materialized Qiskit basis circuit,13574,208787,False,t_cost_greedy,631672,4.495900000000001e-10,3.70988421385e-10,24,14,17,95081,3020220,3115301,1.0000000000000003e-19,1.2461204000000004e-12,1.1962755840000004e-10,2.210852000000002e-50,1.2087367880000003e-10,parallel_32,32,32,2312,221952,224264,1.5576504999999998,698649863464,349324.93173199997,True,
ucc.qre.campaign-results.v1,w7-fixed-total-error-20260803-local,hdiag-4000,4000,external_tket_paulisimp,external-semantic-capable,completed_valid,20260803,0.001,0.0001,0.00045000000000000004,0.00045000000000000004,0.001,0.0001,0.0004151885000000001,0.0005848114999999999,surface_code_conservative,0.001,1e-06,96cd7693407604fa9f71100a28b7c7e41f87a540eafbd202edbc87365b399732,dense_unitary_projective_n_le_6_v1,True,predicate_error,0.45237791701219976,4,46,29,19,17,OpenQASM2 -> TKET CX-Rz-H -> OpenQASM2,13574,208787,True,equal_decimal,406,0.00017,6.222867e-05,0,5,17,493,75922,76415,1.0000000000000006e-10,3.056600000000002e-05,0.00011462250000000006,1.4210000000000025e-26,0.0001451885000000001,serial_1,1,1,2312,8670,10982,0.076415,839189530,839.18953,True,764.0
ucc.qre.campaign-results.v1,w7-fixed-total-error-20260803-local,hdiag-4000,4000,external_tket_paulisimp,external-semantic-capable,completed_valid,20260803,0.001,0.0001,0.00045000000000000004,0.00045000000000000004,0.001,0.0001,0.0003952288000000001,0.0006047711999999999,surface_code_conservative,0.001,1e-06,96cd7693407604fa9f71100a28b7c7e41f87a540eafbd202edbc87365b399732,dense_unitary_projective_n_le_6_v1,True,predicate_error,0.45237791701219976,4,46,29,19,17,OpenQASM2 -> TKET CX-Rz-H -> OpenQASM2,13574,208787,True,equal_decimal,406,0.00017,6.222867e-05,0,5,17,493,19074,19567,1.0000000000000006e-10,7.826800000000004e-06,0.00011740200000000007,1.4210000000000025e-26,0.00012522880000000007,modest_4,4,4,2312,34680,36992,0.019566999999999998,723822464,723.8224639999999,True,764.0
ucc.qre.campaign-results.v1,w7-fixed-total-error-20260803-local,hdiag-4000,4000,external_tket_paulisimp,external-semantic-capable,completed_valid,20260803,0.001,0.0001,0.00045000000000000004,0.00045000000000000004,0.001,0.0001,0.0004006620000000001,0.0005993379999999999,surface_code_conservative,0.001,1e-06,96cd7693407604fa9f71100a28b7c7e41f87a540eafbd202edbc87365b399732,dense_unitary_projective_n_le_6_v1,True,predicate_error,0.45237791701219976,4,46,29,19,17,OpenQASM2 -> TKET CX-Rz-H -> OpenQASM2,13574,208787,True,equal_decimal,406,0.00017,6.222867e-05,0,5,17,493,4862,5355,1.0000000000000006e-10,2.1420000000000013e-06,0.00012852000000000008,1.4210000000000025e-26,0.00013066200000000008,parallel_16,16,16,2312,138720,141032,0.0053549999999999995,755226360,755.2263599999999,True,764.0
ucc.qre.campaign-results.v1,w7-fixed-total-error-20260803-local,hdiag-4000,4000,external_tket_paulisimp,external-semantic-capable,completed_valid,20260803,0.001,0.0001,0.00045000000000000004,0.00045000000000000004,0.001,0.0001,0.0004115216000000001,0.0005884784,surface_code_conservative,0.001,1e-06,96cd7693407604fa9f71100a28b7c7e41f87a540eafbd202edbc87365b399732,dense_unitary_projective_n_le_6_v1,True,predicate_error,0.45237791701219976,4,46,29,19,17,OpenQASM2 -> TKET CX-Rz-H -> OpenQASM2,13574,208787,True,equal_decimal,406,0.00017,6.222867e-05,0,5,17,493,2431,2924,1.0000000000000006e-10,1.1696000000000006e-06,0.00014035200000000008,1.4210000000000025e-26,0.00014152160000000007,parallel_32,32,32,2312,277440,279752,0.002924,817994848,817.9948479999999,True,764.0
ucc.qre.campaign-results.v1,w7-fixed-total-error-20260803-local,hdiag-4000,4000,external_tket_paulisimp,external-semantic-capable,completed_valid,20260803,0.001,0.0001,0.00045000000000000004,0.00045000000000000004,0.001,0.0001,0.0006824960000000001,0.0003175039999999999,surface_code_improved,0.0001,5e-07,96cd7693407604fa9f71100a28b7c7e41f87a540eafbd202edbc87365b399732,dense_unitary_projective_n_le_6_v1,True,predicate_error,0.45237791701219976,4,46,29,19,17,OpenQASM2 -> TKET CX-Rz-H -> OpenQASM2,13574,208787,True,equal_decimal,406,0.00017,6.222867e-05,0,5,7,203,25578,25781,1e-09,0.00010312400000000001,0.00030937200000000003,1.4210000000000004e-23,0.00041249600000000004,serial_1,1,1,392,1176,1568,0.0128905,40424608,20.212304,True,764.0
ucc.qre.campaign-results.v1,w7-fixed-total-error-20260803-local,hdiag-4000,4000,external_tket_paulisimp,external-semantic-capable,completed_valid,20260803,0.001,0.0001,0.00045000000000000004,0.00045000000000000004,0.001,0.0001,0.000614708,0.00038529199999999997,surface_code_improved,0.0001,5e-07,96cd7693407604fa9f71100a28b7c7e41f87a540eafbd202edbc87365b399732,dense_unitary_projective_n_le_6_v1,True,predicate_error,0.45237791701219976,4,46,29,19,17,OpenQASM2 -> TKET CX-Rz-H -> OpenQASM2,13574,208787,True,equal_decimal,406,0.00017,6.222867e-05,0,5,7,203,6426,6629,1e-09,2.6516e-05,0.000318192,1.4210000000000004e-23,0.000344708,modest_4,4,4,392,4704,5096,0.0033144999999999997,33781384,16.890691999999998,True,764.0
ucc.qre.campaign-results.v1,w7-fixed-total-error-20260803-local,hdiag-4000,4000,external_tket_paulisimp,external-semantic-capable,completed_valid,20260803,0.001,0.0001,0.00045000000000000004,0.00045000000000000004,0.001,0.0001,0.0006308360000000001,0.00036916399999999995,surface_code_improved,0.0001,5e-07,96cd7693407604fa9f71100a28b7c7e41f87a540eafbd202edbc87365b399732,dense_unitary_projective_n_le_6_v1,True,predicate_error,0.45237791701219976,4,46,29,19,17,OpenQASM2 -> TKET CX-Rz-H -> OpenQASM2,13574,208787,True,equal_decimal,406,0.00017,6.222867e-05,0,5,7,203,1638,1841,1e-09,7.364e-06,0.000353472,1.4210000000000004e-23,0.000360836,parallel_16,16,16,392,18816,19208,0.0009205,35361928,17.680964,True,764.0
ucc.qre.campaign-results.v1,w7-fixed-total-error-20260803-local,hdiag-4000,4000,external_tket_paulisimp,external-semantic-capable,completed_valid,20260803,0.001,0.0001,0.00045000000000000004,0.00045000000000000004,0.001,0.0001,0.0006665360000000001,0.0003334639999999999,surface_code_improved,0.0001,5e-07,96cd7693407604fa9f71100a28b7c7e41f87a540eafbd202edbc87365b399732,dense_unitary_projective_n_le_6_v1,True,predicate_error,0.45237791701219976,4,46,29,19,17,OpenQASM2 -> TKET CX-Rz-H -> OpenQASM2,13574,208787,True,equal_decimal,406,0.00017,6.222867e-05,0,5,7,203,819,1022,1e-09,4.0880000000000005e-06,0.00039244800000000005,1.4210000000000004e-23,0.00039653600000000007,parallel_32,32,32,392,37632,38024,0.000511,38860528,19.430263999999998,True,764.0
ucc.qre.campaign-results.v1,w7-fixed-total-error-20260803-local,hdiag-4000,4000,external_tket_paulisimp,external-semantic-capable,completed_valid,20260803,0.001,0.0001,0.00045000000000000004,0.00045000000000000004,0.001,0.0001,0.0006695553000000002,0.00033044469999999986,surface_code_conservative,0.001,1e-06,96cd7693407604fa9f71100a28b7c7e41f87a540eafbd202edbc87365b399732,dense_unitary_projective_n_le_6_v1,True,predicate_error,0.45237791701219976,4,46,29,19,17,OpenQASM2 -> TKET CX-Rz-H -> OpenQASM2,13574,208787,True,t_cost_greedy,362,0.00044000000000000007,0.000289707828,3,5,17,493,67694,68187,1.0000000000000006e-10,2.7274800000000015e-05,0.00010228050000000005,1.267000000000002e-26,0.00012955530000000008,serial_1,1,1,2312,8670,10982,0.068187,748829634,748.8296339999999,True,764.0
ucc.qre.campaign-results.v1,w7-fixed-total-error-20260803-local,hdiag-4000,4000,external_tket_paulisimp,external-semantic-capable,completed_valid,20260803,0.001,0.0001,0.00045000000000000004,0.00045000000000000004,0.001,0.0001,0.0006520640000000002,0.00034793599999999986,surface_code_conservative,0.001,1e-06,96cd7693407604fa9f71100a28b7c7e41f87a540eafbd202edbc87365b399732,dense_unitary_projective_n_le_6_v1,True,predicate_error,0.45237791701219976,4,46,29,19,17,OpenQASM2 -> TKET CX-Rz-H -> OpenQASM2,13574,208787,True,t_cost_greedy,362,0.00044000000000000007,0.000289707828,3,5,17,493,17017,17510,1.0000000000000006e-10,7.004000000000004e-06,0.00010506000000000005,1.267000000000002e-26,0.00011206400000000006,modest_4,4,4,2312,34680,36992,0.017509999999999998,647729920,647.7299199999999,True,764.0
ucc.qre.campaign-results.v1,w7-fixed-total-error-20260803-local,hdiag-4000,4000,external_tket_paulisimp,external-semantic-capable,completed_valid,20260803,0.001,0.0001,0.00045000000000000004,0.00045000000000000004,0.001,0.0001,0.0006569736000000001,0.0003430263999999999,surface_code_conservative,0.001,1e-06,96cd7693407604fa9f71100a28b7c7e41f87a540eafbd202edbc87365b399732,dense_unitary_projective_n_le_6_v1,True,predicate_error,0.45237791701219976,4,46,29,19,17,OpenQASM2 -> TKET CX-Rz-H -> OpenQASM2,13574,208787,True,t_cost_greedy,362,0.00044000000000000007,0.000289707828,3,5,17,493,4301,4794,1.0000000000000006e-10,1.917600000000001e-06,0.00011505600000000006,1.267000000000002e-26,0.00011697360000000006,parallel_16,16,16,2312,138720,141032,0.004794,676107408,676.107408,True,764.0
ucc.qre.campaign-results.v1,w7-fixed-total-error-20260803-local,hdiag-4000,4000,external_tket_paulisimp,external-semantic-capable,completed_valid,20260803,0.001,0.0001,0.00045000000000000004,0.00045000000000000004,0.001,0.0001,0.0006724708000000002,0.00032752919999999987,surface_code_conservative,0.001,1e-06,96cd7693407604fa9f71100a28b7c7e41f87a540eafbd202edbc87365b399732,dense_unitary_projective_n_le_6_v1,True,predicate_error,0.45237791701219976,4,46,29,19,17,OpenQASM2 -> TKET CX-Rz-H -> OpenQASM2,13574,208787,True,t_cost_greedy,362,0.00044000000000000007,0.000289707828,3,5,17,493,2244,2737,1.0000000000000006e-10,1.0948000000000005e-06,0.00013137600000000008,1.267000000000002e-26,0.00013247080000000007,parallel_32,32,32,2312,277440,279752,0.002737,765681224,765.6812239999999,True,764.0
ucc.qre.campaign-results.v1,w7-fixed-total-error-20260803-local,hdiag-4000,4000,external_tket_paulisimp,external-semantic-capable,completed_valid,20260803,0.001,0.0001,0.00045000000000000004,0.00045000000000000004,0.001,0.0001,0.0009081440000000002,9.185599999999986e-05,surface_code_improved,0.0001,5e-07,96cd7693407604fa9f71100a28b7c7e41f87a540eafbd202edbc87365b399732,dense_unitary_projective_n_le_6_v1,True,predicate_error,0.45237791701219976,4,46,29,19,17,OpenQASM2 -> TKET CX-Rz-H -> OpenQASM2,13574,208787,True,t_cost_greedy,362,0.00044000000000000007,0.000289707828,3,5,7,203,22806,23009,1e-09,9.203600000000001e-05,0.000276108,1.2670000000000003e-23,0.00036814400000000004,serial_1,1,1,392,1176,1568,0.011504499999999999,36078112,18.039056,True,764.0
ucc.qre.campaign-results.v1,w7-fixed-total-error-20260803-local,hdiag-4000,4000,external_tket_paulisimp,external-semantic-capable,completed_valid,20260803,0.001,0.0001,0.00045000000000000004,0.00045000000000000004,0.001,0.0001,0.0008486720000000002,0.00015132799999999984,surface_code_improved,0.0001,5e-07,96cd7693407604fa9f71100a28b7c7e41f87a540eafbd202edbc87365b399732,dense_unitary_projective_n_le_6_v1,True,predicate_error,0.45237791701219976,4,46,29,19,17,OpenQASM2 -> TKET CX-Rz-H -> OpenQASM2,13574,208787,True,t_cost_greedy,362,0.00044000000000000007,0.000289707828,3,5,7,203,5733,5936,1e-09,2.3744000000000002e-05,0.000284928,1.2670000000000003e-23,0.000308672,modest_4,4,4,392,4704,5096,0.0029679999999999997,30249856,15.124927999999999,True,764.0
ucc.qre.campaign-results.v1,w7-fixed-total-error-20260803-local,hdiag-4000,4000,external_tket_paulisimp,external-semantic-capable,completed_valid,20260803,0.001,0.0001,0.00045000000000000004,0.00045000000000000004,0.001,0.0001,0.0008637920000000002,0.00013620799999999986,surface_code_improved,0.0001,5e-07,96cd7693407604fa9f71100a28b7c7e41f87a540eafbd202edbc87365b399732,dense_unitary_projective_n_le_6_v1,True,predicate_error,0.45237791701219976,4,46,29,19,17,OpenQASM2 -> TKET CX-Rz-H -> OpenQASM2,13574,208787,True,t_cost_greedy,362,0.00044000000000000007,0.000289707828,3,5,7,203,1449,1652,1e-09,6.608e-06,0.00031718400000000003,1.2670000000000003e-23,0.00032379200000000005,parallel_16,16,16,392,18816,19208,0.0008259999999999999,31731616,15.865807999999998,True,764.0
ucc.qre.campaign-results.v1,w7-fixed-total-error-20260803-local,hdiag-4000,4000,external_tket_paulisimp,external-semantic-capable,completed_valid,20260803,0.001,0.0001,0.00045000000000000004,0.00045000000000000004,0.001,0.0001,0.0009120920000000002,8.790799999999982e-05,surface_code_improved,0.0001,5e-07,96cd7693407604fa9f71100a28b7c7e41f87a540eafbd202edbc87365b399732,dense_unitary_projective_n_le_6_v1,True,predicate_error,0.45237791701219976,4,46,29,19,17,OpenQASM2 -> TKET CX-Rz-H -> OpenQASM2,13574,208787,True,t_cost_greedy,362,0.00044000000000000007,0.000289707828,3,5,7,203,756,959,1e-09,3.836e-06,0.000368256,1.2670000000000003e-23,0.00037209200000000003,parallel_32,32,32,392,37632,38024,0.0004795,36465016,18.232508,True,764.0
ucc.qre.campaign-results.v1,w7-fixed-total-error-20260803-local,hdiag-4000,4000,external_tket_paulisimp,external-semantic-capable,completed_valid,20260803,1e-06,1e-07,4.5e-07,4.5e-07,1e-06,1e-07,5.827609000000002e-07,4.1723909999999975e-07,surface_code_conservative,0.001,1e-06,96cd7693407604fa9f71100a28b7c7e41f87a540eafbd202edbc87365b399732,dense_unitary_projective_n_le_6_v1,True,predicate_error,0.45237791701219976,4,46,29,19,17,OpenQASM2 -> TKET CX-Rz-H -> OpenQASM2,13574,208787,True,equal_decimal,648,1.7000000000000001e-07,5.934219100000001e-08,0,8,23,667,163944,164611,1.0000000000000007e-13,6.584440000000004e-08,2.4691650000000016e-07,2.2680000000000046e-35,3.127609000000002e-07,serial_1,1,1,4232,15870,20102,0.16461099999999998,3309010322,3309.0103219999996,True,764.0
ucc.qre.campaign-results.v1,w7-fixed-total-error-20260803-local,hdiag-4000,4000,external_tket_paulisimp,external-semantic-capable,completed_valid,20260803,1e-06,1e-07,4.5e-07,4.5e-07,1e-06,1e-07,5.365792000000002e-07,4.6342079999999973e-07,surface_code_conservative,0.001,1e-06,96cd7693407604fa9f71100a28b7c7e41f87a540eafbd202edbc87365b399732,dense_unitary_projective_n_le_6_v1,True,predicate_error,0.45237791701219976,4,46,29,19,17,OpenQASM2 -> TKET CX-Rz-H -> OpenQASM2,13574,208787,True,equal_decimal,648,1.7000000000000001e-07,5.934219100000001e-08,0,8,23,667,40986,41653,1.0000000000000007e-13,1.666120000000001e-08,2.4991800000000016e-07,2.2680000000000046e-35,2.6657920000000016e-07,modest_4,4,4,4232,63480,67712,0.041652999999999996,2820407936,2820.4079359999996,True,764.0
ucc.qre.campaign-results.v1,w7-fixed-total-error-20260803-local,hdiag-4000,4000,external_tket_paulisimp,external-semantic-capable,completed_valid,20260803,1e-06,1e-07,4.5e-07,4.5e-07,1e-06,1e-07,5.393760000000002e-07,4.606239999999998e-07,surface_code_conservative,0.001,1e-06,96cd7693407604fa9f71100a28b7c7e41f87a540eafbd202edbc87365b399732,dense_unitary_projective_n_le_6_v1,True,predicate_error,0.45237791701219976,4,46,29,19,17,OpenQASM2 -> TKET CX-Rz-H -> OpenQASM2,13574,208787,True,equal_decimal,648,1.7000000000000001e-07,5.934219100000001e-08,0,8,23,667,10373,11040,1.0000000000000007e-13,4.416000000000003e-09,2.6496000000000017e-07,2.2680000000000046e-35,2.6937600000000015e-07,parallel_16,16,16,4232,253920,258152,0.01104,2849998080,2849.99808,True,764.0
ucc.qre.campaign-results.v1,w7-fixed-total-error-20260803-local,hdiag-4000,4000,external_tket_paulisimp,external-semantic-capable,completed_valid,20260803,1e-06,1e-07,4.5e-07,4.5e-07,1e-06,1e-07,5.594320000000001e-07,4.405679999999998e-07,surface_code_conservative,0.001,1e-06,96cd7693407604fa9f71100a28b7c7e41f87a540eafbd202edbc87365b399732,dense_unitary_projective_n_le_6_v1,True,predicate_error,0.45237791701219976,4,46,29,19,17,OpenQASM2 -> TKET CX-Rz-H -> OpenQASM2,13574,208787,True,equal_decimal,648,1.7000000000000001e-07,5.934219100000001e-08,0,8,23,667,5313,5980,1.0000000000000007e-13,2.3920000000000017e-09,2.8704000000000017e-07,2.2680000000000046e-35,2.894320000000002e-07,parallel_32,32,32,4232,507840,512072,0.00598,3062190560,3062.19056,True,764.0
ucc.qre.campaign-results.v1,w7-fixed-total-error-20260803-local,hdiag-4000,4000,external_tket_paulisimp,external-semantic-capable,completed_valid,20260803,1e-06,1e-07,4.5e-07,4.5e-07,1e-06,1e-07,3.731536e-07,6.268463999999999e-07,surface_code_improved,0.0001,5e-07,96cd7693407604fa9f71100a28b7c7e41f87a540eafbd202edbc87365b399732,dense_unitary_projective_n_le_6_v1,True,predicate_error,0.45237791701219976,4,46,29,19,17,OpenQASM2 -> TKET CX-Rz-H -> OpenQASM2,13574,208787,True,equal_decimal,648,1.7000000000000001e-07,5.934219100000001e-08,0,8,11,319,64152,64471,1.0000000000000003e-13,2.5788400000000007e-08,7.736520000000002e-08,2.2680000000000022e-35,1.0315360000000003e-07,serial_1,1,1,968,2904,3872,0.0322355,249631712,124.815856,True,764.0
ucc.qre.campaign-results.v1,w7-fixed-total-error-20260803-local,hdiag-4000,4000,external_tket_paulisimp,external-semantic-capable,completed_valid,20260803,1e-06,1e-07,4.5e-07,4.5e-07,1e-06,1e-07,3.550564e-07,6.449435999999999e-07,surface_code_improved,0.0001,5e-07,96cd7693407604fa9f71100a28b7c7e41f87a540eafbd202edbc87365b399732,dense_unitary_projective_n_le_6_v1,True,predicate_error,0.45237791701219976,4,46,29,19,17,OpenQASM2 -> TKET CX-Rz-H -> OpenQASM2,13574,208787,True,equal_decimal,648,1.7000000000000001e-07,5.934219100000001e-08,0,8,11,319,16038,16357,1.0000000000000003e-13,6.542800000000002e-09,7.851360000000003e-08,2.2680000000000022e-35,8.505640000000003e-08,modest_4,4,4,968,11616,12584,0.0081785,205836488,102.918244,True,764.0
ucc.qre.campaign-results.v1,w7-fixed-total-error-20260803-local,hdiag-4000,4000,external_tket_paulisimp,external-semantic-capable,completed_valid,20260803,1e-06,1e-07,4.5e-07,4.5e-07,1e-06,1e-07,3.5580880000000005e-07,6.441912e-07,surface_code_improved,0.0001,5e-07,96cd7693407604fa9f71100a28b7c7e41f87a540eafbd202edbc87365b399732,dense_unitary_projective_n_le_6_v1,True,predicate_error,0.45237791701219976,4,46,29,19,17,OpenQASM2 -> TKET CX-Rz-H -> OpenQASM2,13574,208787,True,equal_decimal,648,1.7000000000000001e-07,5.934219100000001e-08,0,8,11,319,4059,4378,1.0000000000000003e-13,1.7512000000000005e-09,8.405760000000003e-08,2.2680000000000022e-35,8.580880000000003e-08,parallel_16,16,16,968,46464,47432,0.002189,207657296,103.828648,True,764.0
ucc.qre.campaign-results.v1,w7-fixed-total-error-20260803-local,hdiag-4000,4000,external_tket_paulisimp,external-semantic-capable,completed_valid,20260803,1e-06,1e-07,4.5e-07,4.5e-07,1e-06,1e-07,3.630424e-07,6.369575999999999e-07,surface_code_improved,0.0001,5e-07,96cd7693407604fa9f71100a28b7c7e41f87a540eafbd202edbc87365b399732,dense_unitary_projective_n_le_6_v1,True,predicate_error,0.45237791701219976,4,46,29,19,17,OpenQASM2 -> TKET CX-Rz-H -> OpenQASM2,13574,208787,True,equal_decimal,648,1.7000000000000001e-07,5.934219100000001e-08,0,8,11,319,2079,2398,1.0000000000000003e-13,9.592000000000004e-10,9.208320000000003e-08,2.2680000000000022e-35,9.304240000000003e-08,parallel_32,32,32,968,92928,93896,0.001199,225162608,112.581304,True,764.0
ucc.qre.campaign-results.v1,w7-fixed-total-error-20260803-local,hdiag-4000,4000,external_tket_paulisimp,external-semantic-capable,completed_valid,20260803,1e-06,1e-07,4.5e-07,4.5e-07,1e-06,1e-07,8.354557000000001e-07,1.6454429999999984e-07,surface_code_conservative,0.001,1e-06,96cd7693407604fa9f71100a28b7c7e41f87a540eafbd202edbc87365b399732,dense_unitary_projective_n_le_6_v1,True,predicate_error,0.45237791701219976,4,46,29,19,17,OpenQASM2 -> TKET CX-Rz-H -> OpenQASM2,13574,208787,True,t_cost_greedy,612,4.3999999999999997e-07,2.93878715e-07,3,8,23,667,154836,155503,1.0000000000000007e-13,6.220120000000004e-08,2.3325450000000015e-07,2.1420000000000043e-35,2.954557000000002e-07,serial_1,1,1,4232,15870,20102,0.155503,3125921306,3125.921306,True,764.0
ucc.qre.campaign-results.v1,w7-fixed-total-error-20260803-local,hdiag-4000,4000,external_tket_paulisimp,external-semantic-capable,completed_valid,20260803,1e-06,1e-07,4.5e-07,4.5e-07,1e-06,1e-07,7.920064000000001e-07,2.0799359999999982e-07,surface_code_conservative,0.001,1e-06,96cd7693407604fa9f71100a28b7c7e41f87a540eafbd202edbc87365b399732,dense_unitary_projective_n_le_6_v1,True,predicate_error,0.45237791701219976,4,46,29,19,17,OpenQASM2 -> TKET CX-Rz-H -> OpenQASM2,13574,208787,True,t_cost_greedy,612,4.3999999999999997e-07,2.93878715e-07,3,8,23,667,38709,39376,1.0000000000000007e-13,1.575040000000001e-08,2.3625600000000015e-07,2.1420000000000043e-35,2.5200640000000017e-07,modest_4,4,4,4232,63480,67712,0.039376,2666227712,2666.227712,True,764.0
ucc.qre.campaign-results.v1,w7-fixed-total-error-20260803-local,hdiag-4000,4000,external_tket_paulisimp,external-semantic-capable,completed_valid,20260803,1e-06,1e-07,4.5e-07,4.5e-07,1e-06,1e-07,7.970296000000001e-07,2.0297039999999989e-07,surface_code_conservative,0.001,1e-06,96cd7693407604fa9f71100a28b7c7e41f87a540eafbd202edbc87365b399732,dense_unitary_projective_n_le_6_v1,True,predicate_error,0.45237791701219976,4,46,29,19,17,OpenQASM2 -> TKET CX-Rz-H -> OpenQASM2,13574,208787,True,t_cost_greedy,612,4.3999999999999997e-07,2.93878715e-07,3,8,23,667,9867,10534,1.0000000000000007e-13,4.213600000000003e-09,2.5281600000000016e-07,2.1420000000000043e-35,2.5702960000000016e-07,parallel_16,16,16,4232,253920,258152,0.010534,2719373168,2719.373168,True,764.0
ucc.qre.campaign-results.v1,w7-fixed-total-error-20260803-local,hdiag-4000,4000,external_tket_paulisimp,external-semantic-capable,completed_valid,20260803,1e-06,1e-07,4.5e-07,4.5e-07,1e-06,1e-07,8.171868000000001e-07,1.828131999999999e-07,surface_code_conservative,0.001,1e-06,96cd7693407604fa9f71100a28b7c7e41f87a540eafbd202edbc87365b399732,dense_unitary_projective_n_le_6_v1,True,predicate_error,0.45237791701219976,4,46,29,19,17,OpenQASM2 -> TKET CX-Rz-H -> OpenQASM2,13574,208787,True,t_cost_greedy,612,4.3999999999999997e-07,2.93878715e-07,3,8,23,667,5060,5727,1.0000000000000007e-13,2.2908000000000016e-09,2.7489600000000016e-07,2.1420000000000043e-35,2.7718680000000015e-07,parallel_32,32,32,4232,507840,512072,0.0057269999999999995,2932636344,2932.6363439999996,True,764.0
ucc.qre.campaign-results.v1,w7-fixed-total-error-20260803-local,hdiag-4000,4000,external_tket_paulisimp,external-semantic-capable,completed_valid,20260803,1e-06,1e-07,4.5e-07,4.5e-07,1e-06,1e-07,6.374511999999999e-07,3.625488e-07,surface_code_improved,0.0001,5e-07,96cd7693407604fa9f71100a28b7c7e41f87a540eafbd202edbc87365b399732,dense_unitary_projective_n_le_6_v1,True,predicate_error,0.45237791701219976,4,46,29,19,17,OpenQASM2 -> TKET CX-Rz-H -> OpenQASM2,13574,208787,True,t_cost_greedy,612,4.3999999999999997e-07,2.93878715e-07,3,8,11,319,60588,60907,1.0000000000000003e-13,2.4362800000000007e-08,7.308840000000002e-08,2.142000000000002e-35,9.745120000000003e-08,serial_1,1,1,968,2904,3872,0.030453499999999998,235831904,117.91595199999999,True,764.0
ucc.qre.campaign-results.v1,w7-fixed-total-error-20260803-local,hdiag-4000,4000,external_tket_paulisimp,external-semantic-capable,completed_valid,20260803,1e-06,1e-07,4.5e-07,4.5e-07,1e-06,1e-07,6.204231999999999e-07,3.7957680000000005e-07,surface_code_improved,0.0001,5e-07,96cd7693407604fa9f71100a28b7c7e41f87a540eafbd202edbc87365b399732,dense_unitary_projective_n_le_6_v1,True,predicate_error,0.45237791701219976,4,46,29,19,17,OpenQASM2 -> TKET CX-Rz-H -> OpenQASM2,13574,208787,True,t_cost_greedy,612,4.3999999999999997e-07,2.93878715e-07,3,8,11,319,15147,15466,1.0000000000000003e-13,6.186400000000002e-09,7.423680000000002e-08,2.142000000000002e-35,8.042320000000002e-08,modest_4,4,4,968,11616,12584,0.007732999999999999,194624144,97.31207199999999,True,764.0
ucc.qre.campaign-results.v1,w7-fixed-total-error-20260803-local,hdiag-4000,4000,external_tket_paulisimp,external-semantic-capable,completed_valid,20260803,1e-06,1e-07,4.5e-07,4.5e-07,1e-06,1e-07,6.21928e-07,3.78072e-07,surface_code_improved,0.0001,5e-07,96cd7693407604fa9f71100a28b7c7e41f87a540eafbd202edbc87365b399732,dense_unitary_projective_n_le_6_v1,True,predicate_error,0.45237791701219976,4,46,29,19,17,OpenQASM2 -> TKET CX-Rz-H -> OpenQASM2,13574,208787,True,t_cost_greedy,612,4.3999999999999997e-07,2.93878715e-07,3,8,11,319,3861,4180,1.0000000000000003e-13,1.6720000000000004e-09,8.025600000000003e-08,2.142000000000002e-35,8.192800000000003e-08,parallel_16,16,16,968,46464,47432,0.00209,198265760,99.13287999999999,True,764.0
ucc.qre.campaign-results.v1,w7-fixed-total-error-20260803-local,hdiag-4000,4000,external_tket_paulisimp,external-semantic-capable,completed_valid,20260803,1e-06,1e-07,4.5e-07,4.5e-07,1e-06,1e-07,6.292012e-07,3.707988e-07,surface_code_improved,0.0001,5e-07,96cd7693407604fa9f71100a28b7c7e41f87a540eafbd202edbc87365b399732,dense_unitary_projective_n_le_6_v1,True,predicate_error,0.45237791701219976,4,46,29,19,17,OpenQASM2 -> TKET CX-Rz-H -> OpenQASM2,13574,208787,True,t_cost_greedy,612,4.3999999999999997e-07,2.93878715e-07,3,8,11,319,1980,2299,1.0000000000000003e-13,9.196000000000002e-10,8.828160000000003e-08,2.142000000000002e-35,8.920120000000003e-08,parallel_32,32,32,968,92928,93896,0.0011495,215866904,107.93345199999999,True,764.0
ucc.qre.campaign-results.v1,w7-fixed-total-error-20260803-local,hdiag-4000,4000,external_tket_paulisimp,external-semantic-capable,completed_valid,20260803,1e-09,1.0000000000000002e-10,4.5000000000000005e-10,4.5000000000000005e-10,1e-09,1.0000000000000002e-10,3.2783391000000004e-10,6.7216609e-10,surface_code_conservative,0.001,1e-06,96cd7693407604fa9f71100a28b7c7e41f87a540eafbd202edbc87365b399732,dense_unitary_projective_n_le_6_v1,True,predicate_error,0.45237791701219976,4,46,29,19,17,OpenQASM2 -> TKET CX-Rz-H -> OpenQASM2,13574,208787,True,equal_decimal,890,1.6999999999999998e-10,5.6335496e-11,0,11,31,899,303490,304389,1.0000000000000008e-17,1.217556000000001e-11,4.565835000000004e-11,3.115000000000008e-47,5.783391000000005e-11,serial_1,1,1,7688,28830,36518,0.30438899999999997,11115677502,11115.677501999999,True,764.0
ucc.qre.campaign-results.v1,w7-fixed-total-error-20260803-local,hdiag-4000,4000,external_tket_paulisimp,external-semantic-capable,completed_valid,20260803,1e-09,1.0000000000000002e-10,4.5000000000000005e-10,4.5000000000000005e-10,1e-09,1.0000000000000002e-10,3.1924288000000003e-10,6.8075712e-10,surface_code_conservative,0.001,1e-06,96cd7693407604fa9f71100a28b7c7e41f87a540eafbd202edbc87365b399732,dense_unitary_projective_n_le_6_v1,True,predicate_error,0.45237791701219976,4,46,29,19,17,OpenQASM2 -> TKET CX-Rz-H -> OpenQASM2,13574,208787,True,equal_decimal,890,1.6999999999999998e-10,5.6335496e-11,0,11,31,899,76043,76942,1.0000000000000008e-17,3.0776800000000027e-12,4.616520000000004e-11,3.115000000000008e-47,4.924288000000004e-11,modest_4,4,4,7688,115320,123008,0.076942,9464481536,9464.481536,True,764.0
ucc.qre.campaign-results.v1,w7-fixed-total-error-20260803-local,hdiag-4000,4000,external_tket_paulisimp,external-semantic-capable,completed_valid,20260803,1e-09,1.0000000000000002e-10,4.5000000000000005e-10,4.5000000000000005e-10,1e-09,1.0000000000000002e-10,3.187878e-10,6.812122e-10,surface_code_conservative,0.001,1e-06,96cd7693407604fa9f71100a28b7c7e41f87a540eafbd202edbc87365b399732,dense_unitary_projective_n_le_6_v1,True,predicate_error,0.45237791701219976,4,46,29,19,17,OpenQASM2 -> TKET CX-Rz-H -> OpenQASM2,13574,208787,True,equal_decimal,890,1.6999999999999998e-10,5.6335496e-11,0,11,31,899,19096,19995,1.0000000000000008e-17,7.998000000000007e-13,4.798800000000004e-11,3.115000000000008e-47,4.878780000000004e-11,parallel_16,16,16,7688,461280,468968,0.019995,9377015160,9377.015159999999,True,764.0
ucc.qre.campaign-results.v1,w7-fixed-total-error-20260803-local,hdiag-4000,4000,external_tket_paulisimp,external-semantic-capable,completed_valid,20260803,1e-09,1.0000000000000002e-10,4.5000000000000005e-10,4.5000000000000005e-10,1e-09,1.0000000000000002e-10,3.2056348e-10,6.794365200000001e-10,surface_code_conservative,0.001,1e-06,96cd7693407604fa9f71100a28b7c7e41f87a540eafbd202edbc87365b399732,dense_unitary_projective_n_le_6_v1,True,predicate_error,0.45237791701219976,4,46,29,19,17,OpenQASM2 -> TKET CX-Rz-H -> OpenQASM2,13574,208787,True,equal_decimal,890,1.6999999999999998e-10,5.6335496e-11,0,11,31,899,9548,10447,1.0000000000000008e-17,4.1788000000000034e-13,5.014560000000004e-11,3.115000000000008e-47,5.056348000000004e-11,parallel_32,32,32,7688,922560,930248,0.010447,9718300856,9718.300856,True,764.0
ucc.qre.campaign-results.v1,w7-fixed-total-error-20260803-local,hdiag-4000,4000,external_tket_paulisimp,external-semantic-capable,completed_valid,20260803,1e-09,1.0000000000000002e-10,4.5000000000000005e-10,4.5000000000000005e-10,1e-09,1.0000000000000002e-10,2.892936e-10,7.107064e-10,surface_code_improved,0.0001,5e-07,96cd7693407604fa9f71100a28b7c7e41f87a540eafbd202edbc87365b399732,dense_unitary_projective_n_le_6_v1,True,predicate_error,0.45237791701219976,4,46,29,19,17,OpenQASM2 -> TKET CX-Rz-H -> OpenQASM2,13574,208787,True,equal_decimal,890,1.6999999999999998e-10,5.6335496e-11,0,11,15,435,120150,120585,1.0000000000000002e-17,4.8234000000000014e-12,1.4470200000000004e-11,3.1150000000000024e-47,1.9293600000000006e-11,serial_1,1,1,1800,5400,7200,0.0602925,868212000,434.106,True,764.0
ucc.qre.campaign-results.v1,w7-fixed-total-error-20260803-local,hdiag-4000,4000,external_tket_paulisimp,external-semantic-capable,completed_valid,20260803,1e-09,1.0000000000000002e-10,4.5000000000000005e-10,4.5000000000000005e-10,1e-09,1.0000000000000002e-10,2.858808e-10,7.141192000000001e-10,surface_code_improved,0.0001,5e-07,96cd7693407604fa9f71100a28b7c7e41f87a540eafbd202edbc87365b399732,dense_unitary_projective_n_le_6_v1,True,predicate_error,0.45237791701219976,4,46,29,19,17,OpenQASM2 -> TKET CX-Rz-H -> OpenQASM2,13574,208787,True,equal_decimal,890,1.6999999999999998e-10,5.6335496e-11,0,11,15,435,30105,30540,1.0000000000000002e-17,1.2216000000000004e-12,1.4659200000000004e-11,3.1150000000000024e-47,1.5880800000000004e-11,modest_4,4,4,1800,21600,23400,0.015269999999999999,714636000,357.318,True,764.0
ucc.qre.campaign-results.v1,w7-fixed-total-error-20260803-local,hdiag-4000,4000,external_tket_paulisimp,external-semantic-capable,completed_valid,20260803,1e-09,1.0000000000000002e-10,4.5000000000000005e-10,4.5000000000000005e-10,1e-09,1.0000000000000002e-10,2.856702e-10,7.143298000000001e-10,surface_code_improved,0.0001,5e-07,96cd7693407604fa9f71100a28b7c7e41f87a540eafbd202edbc87365b399732,dense_unitary_projective_n_le_6_v1,True,predicate_error,0.45237791701219976,4,46,29,19,17,OpenQASM2 -> TKET CX-Rz-H -> OpenQASM2,13574,208787,True,equal_decimal,890,1.6999999999999998e-10,5.6335496e-11,0,11,15,435,7560,7995,1.0000000000000002e-17,3.1980000000000006e-13,1.5350400000000002e-11,3.1150000000000024e-47,1.5670200000000002e-11,parallel_16,16,16,1800,86400,88200,0.0039975,705159000,352.5795,True,764.0
ucc.qre.campaign-results.v1,w7-fixed-total-error-20260803-local,hdiag-4000,4000,external_tket_paulisimp,external-semantic-capable,completed_valid,20260803,1e-09,1.0000000000000002e-10,4.5000000000000005e-10,4.5000000000000005e-10,1e-09,1.0000000000000002e-10,2.863542e-10,7.136458e-10,surface_code_improved,0.0001,5e-07,96cd7693407604fa9f71100a28b7c7e41f87a540eafbd202edbc87365b399732,dense_unitary_projective_n_le_6_v1,True,predicate_error,0.45237791701219976,4,46,29,19,17,OpenQASM2 -> TKET CX-Rz-H -> OpenQASM2,13574,208787,True,equal_decimal,890,1.6999999999999998e-10,5.6335496e-11,0,11,15,435,3780,4215,1.0000000000000002e-17,1.6860000000000003e-13,1.6185600000000004e-11,3.1150000000000024e-47,1.6354200000000005e-11,parallel_32,32,32,1800,172800,174600,0.0021075,735939000,367.9695,True,764.0
ucc.qre.campaign-results.v1,w7-fixed-total-error-20260803-local,hdiag-4000,4000,external_tket_paulisimp,external-semantic-capable,completed_valid,20260803,1e-09,1.0000000000000002e-10,4.5000000000000005e-10,4.5000000000000005e-10,1e-09,1.0000000000000002e-10,5.9537189e-10,4.0462811000000004e-10,surface_code_conservative,0.001,1e-06,96cd7693407604fa9f71100a28b7c7e41f87a540eafbd202edbc87365b399732,dense_unitary_projective_n_le_6_v1,True,predicate_error,0.45237791701219976,4,46,29,19,17,OpenQASM2 -> TKET CX-Rz-H -> OpenQASM2,13574,208787,True,t_cost_greedy,852,4.4e-10,2.32275016e-10,3,11,31,899,290532,291431,1.0000000000000008e-17,1.165724000000001e-11,4.371465000000004e-11,2.9820000000000075e-47,5.537189000000005e-11,serial_1,1,1,7688,28830,36518,0.291431,10642477258,10642.477257999999,True,764.0
ucc.qre.campaign-results.v1,w7-fixed-total-error-20260803-local,hdiag-4000,4000,external_tket_paulisimp,external-semantic-capable,completed_valid,20260803,1e-09,1.0000000000000002e-10,4.5000000000000005e-10,4.5000000000000005e-10,1e-09,1.0000000000000002e-10,9.802432000000005e-10,1.975679999999954e-11,surface_code_conservative,0.001,1e-06,96cd7693407604fa9f71100a28b7c7e41f87a540eafbd202edbc87365b399732,dense_unitary_projective_n_le_6_v1,True,predicate_error,0.45237791701219976,4,46,29,19,17,OpenQASM2 -> TKET CX-Rz-H -> OpenQASM2,13574,208787,True,t_cost_greedy,852,4.4e-10,2.32275016e-10,3,11,29,841,67947,68788,1.000000000000001e-16,2.7515200000000026e-11,4.127280000000004e-10,2.9820000000000083e-44,4.402432000000004e-10,modest_4,4,4,6728,100920,107648,0.068788,7404890624,7404.890624000001,True,764.0
ucc.qre.campaign-results.v1,w7-fixed-total-error-20260803-local,hdiag-4000,4000,external_tket_paulisimp,external-semantic-capable,completed_valid,20260803,1e-09,1.0000000000000002e-10,4.5000000000000005e-10,4.5000000000000005e-10,1e-09,1.0000000000000002e-10,9.808348000000005e-10,1.9165199999999552e-11,surface_code_conservative,0.001,1e-06,96cd7693407604fa9f71100a28b7c7e41f87a540eafbd202edbc87365b399732,dense_unitary_projective_n_le_6_v1,True,predicate_error,0.45237791701219976,4,46,29,19,17,OpenQASM2 -> TKET CX-Rz-H -> OpenQASM2,13574,208787,True,t_cost_greedy,852,4.4e-10,2.32275016e-10,3,11,29,841,17226,18067,1.000000000000001e-16,7.226800000000007e-12,4.336080000000004e-10,2.9820000000000083e-44,4.408348000000004e-10,parallel_16,16,16,6728,403680,410408,0.018067,7414841336,7414.8413359999995,True,764.0
ucc.qre.campaign-results.v1,w7-fixed-total-error-20260803-local,hdiag-4000,4000,external_tket_paulisimp,external-semantic-capable,completed_valid,20260803,1e-09,1.0000000000000002e-10,4.5000000000000005e-10,4.5000000000000005e-10,1e-09,1.0000000000000002e-10,5.889130400000001e-10,4.1108696e-10,surface_code_conservative,0.001,1e-06,96cd7693407604fa9f71100a28b7c7e41f87a540eafbd202edbc87365b399732,dense_unitary_projective_n_le_6_v1,True,predicate_error,0.45237791701219976,4,46,29,19,17,OpenQASM2 -> TKET CX-Rz-H -> OpenQASM2,13574,208787,True,t_cost_greedy,852,4.4e-10,2.32275016e-10,3,11,31,899,9207,10106,1.0000000000000008e-17,4.0424000000000036e-13,4.850880000000004e-11,2.9820000000000075e-47,4.891304000000004e-11,parallel_32,32,32,7688,922560,930248,0.010106,9401086288,9401.086288,True,764.0
ucc.qre.campaign-results.v1,w7-fixed-total-error-20260803-local,hdiag-4000,4000,external_tket_paulisimp,external-semantic-capable,completed_valid,20260803,1e-09,1.0000000000000002e-10,4.5000000000000005e-10,4.5000000000000005e-10,1e-09,1.0000000000000002e-10,5.584728e-10,4.4152720000000006e-10,surface_code_improved,0.0001,5e-07,96cd7693407604fa9f71100a28b7c7e41f87a540eafbd202edbc87365b399732,dense_unitary_projective_n_le_6_v1,True,predicate_error,0.45237791701219976,4,46,29,19,17,OpenQASM2 -> TKET CX-Rz-H -> OpenQASM2,13574,208787,True,t_cost_greedy,852,4.4e-10,2.32275016e-10,3,11,15,435,115020,115455,1.0000000000000002e-17,4.618200000000001e-12,1.3854600000000004e-11,2.982000000000002e-47,1.8472800000000003e-11,serial_1,1,1,1800,5400,7200,0.057727499999999994,831276000,415.638,True,764.0
ucc.qre.campaign-results.v1,w7-fixed-total-error-20260803-local,hdiag-4000,4000,external_tket_paulisimp,external-semantic-capable,completed_valid,20260803,1e-09,1.0000000000000002e-10,4.5000000000000005e-10,4.5000000000000005e-10,1e-09,1.0000000000000002e-10,5.551788e-10,4.448212000000001e-10,surface_code_improved,0.0001,5e-07,96cd7693407604fa9f71100a28b7c7e41f87a540eafbd202edbc87365b399732,dense_unitary_projective_n_le_6_v1,True,predicate_error,0.45237791701219976,4,46,29,19,17,OpenQASM2 -> TKET CX-Rz-H -> OpenQASM2,13574,208787,True,t_cost_greedy,852,4.4e-10,2.32275016e-10,3,11,15,435,28755,29190,1.0000000000000002e-17,1.1676000000000002e-12,1.4011200000000003e-11,2.982000000000002e-47,1.5178800000000005e-11,modest_4,4,4,1800,21600,23400,0.014594999999999999,683046000,341.52299999999997,True,764.0
ucc.qre.campaign-results.v1,w7-fixed-total-error-20260803-local,hdiag-4000,4000,external_tket_paulisimp,external-semantic-capable,completed_valid,20260803,1e-09,1.0000000000000002e-10,4.5000000000000005e-10,4.5000000000000005e-10,1e-09,1.0000000000000002e-10,5.55141e-10,4.4485900000000005e-10,surface_code_improved,0.0001,5e-07,96cd7693407604fa9f71100a28b7c7e41f87a540eafbd202edbc87365b399732,dense_unitary_projective_n_le_6_v1,True,predicate_error,0.45237791701219976,4,46,29,19,17,OpenQASM2 -> TKET CX-Rz-H -> OpenQASM2,13574,208787,True,t_cost_greedy,852,4.4e-10,2.32275016e-10,3,11,15,435,7290,7725,1.0000000000000002e-17,3.0900000000000005e-13,1.4832000000000003e-11,2.982000000000002e-47,1.5141000000000004e-11,parallel_16,16,16,1800,86400,88200,0.0038624999999999996,681345000,340.67249999999996,True,764.0
ucc.qre.campaign-results.v1,w7-fixed-total-error-20260803-local,hdiag-4000,4000,external_tket_paulisimp,external-semantic-capable,completed_valid,20260803,1e-09,1.0000000000000002e-10,4.5000000000000005e-10,4.5000000000000005e-10,1e-09,1.0000000000000002e-10,5.558304e-10,4.441696000000001e-10,surface_code_improved,0.0001,5e-07,96cd7693407604fa9f71100a28b7c7e41f87a540eafbd202edbc87365b399732,dense_unitary_projective_n_le_6_v1,True,predicate_error,0.45237791701219976,4,46,29,19,17,OpenQASM2 -> TKET CX-Rz-H -> OpenQASM2,13574,208787,True,t_cost_greedy,852,4.4e-10,2.32275016e-10,3,11,15,435,3645,4080,1.0000000000000002e-17,1.6320000000000003e-13,1.5667200000000005e-11,2.982000000000002e-47,1.5830400000000007e-11,parallel_32,32,32,1800,172800,174600,0.0020399999999999997,712368000,356.18399999999997,True,764.0
ucc.qre.campaign-results.v1,w7-fixed-total-error-20260803-local,hdiag-20000,20000,semantic_first,semantic-first,completed_valid,20260803,0.001,0.0001,0.00045000000000000004,0.00045000000000000004,0.001,0.0001,0.0007222642000000003,0.0002777357999999997,surface_code_conservative,0.001,1e-06,3388b8078e4ea550361b4370fd5206b1784ffda4521260d8a3cb8d22c227b2c7,exact_commuting_pauli_clifford_canonical_v1,True,completed_valid,34.76756075001322,4,42,24,12,22,native Qiskit semantic circuit,19998,373923,True,equal_decimal,1130,0.00022,0.000136456639,0,5,17,408,211310,211718,1.0000000000000006e-10,8.468720000000005e-05,0.0003175770000000002,3.9550000000000066e-26,0.0004022642000000002,serial_1,1,1,2312,8670,10982,0.211718,2325087076,2325.087076,True,
ucc.qre.campaign-results.v1,w7-fixed-total-error-20260803-local,hdiag-20000,20000,semantic_first,semantic-first,completed_valid,20260803,0.001,0.0001,0.00045000000000000004,0.00045000000000000004,0.001,0.0001,0.0006613056000000003,0.00033869439999999976,surface_code_conservative,0.001,1e-06,3388b8078e4ea550361b4370fd5206b1784ffda4521260d8a3cb8d22c227b2c7,exact_commuting_pauli_clifford_canonical_v1,True,completed_valid,34.76756075001322,4,42,24,12,22,native Qiskit semantic circuit,19998,373923,True,equal_decimal,1130,0.00022,0.000136456639,0,5,17,408,52921,53329,1.0000000000000006e-10,2.133160000000001e-05,0.00031997400000000016,3.9550000000000066e-26,0.0003413056000000002,modest_4,4,4,2312,34680,36992,0.053328999999999994,1972746368,1972.7463679999998,True,
ucc.qre.campaign-results.v1,w7-fixed-total-error-20260803-local,hdiag-20000,20000,semantic_first,semantic-first,completed_valid,20260803,0.001,0.0001,0.00045000000000000004,0.00045000000000000004,0.001,0.0001,0.0006539140000000002,0.0003460859999999998,surface_code_conservative,0.001,1e-06,3388b8078e4ea550361b4370fd5206b1784ffda4521260d8a3cb8d22c227b2c7,exact_commuting_pauli_clifford_canonical_v1,True,completed_valid,34.76756075001322,4,42,24,12,22,native Qiskit semantic circuit,19998,373923,True,equal_decimal,1130,0.00022,0.000136456639,0,5,17,408,13277,13685,1.0000000000000006e-10,5.474000000000003e-06,0.00032844000000000016,3.9550000000000066e-26,0.00033391400000000015,parallel_16,16,16,2312,138720,141032,0.013685,1930022920,1930.0229199999999,True,
ucc.qre.campaign-results.v1,w7-fixed-total-error-20260803-local,hdiag-20000,20000,semantic_first,semantic-first,completed_valid,20260803,0.001,0.0001,0.00045000000000000004,0.00045000000000000004,0.001,0.0001,0.0006655760000000002,0.00033442399999999983,surface_code_conservative,0.001,1e-06,3388b8078e4ea550361b4370fd5206b1784ffda4521260d8a3cb8d22c227b2c7,exact_commuting_pauli_clifford_canonical_v1,True,completed_valid,34.76756075001322,4,42,24,12,22,native Qiskit semantic circuit,19998,373923,True,equal_decimal,1130,0.00022,0.000136456639,0,5,17,408,6732,7140,1.0000000000000006e-10,2.8560000000000015e-06,0.0003427200000000002,3.9550000000000066e-26,0.0003455760000000002,parallel_32,32,32,2312,277440,279752,0.00714,1997429280,1997.4292799999998,True,
ucc.qre.campaign-results.v1,w7-fixed-total-error-20260803-local,hdiag-20000,20000,semantic_first,semantic-first,completed_valid,20260803,0.001,0.0001,0.00045000000000000004,0.00045000000000000004,0.001,0.0001,0.00033467936,0.00066532064,surface_code_improved,0.0001,5e-07,3388b8078e4ea550361b4370fd5206b1784ffda4521260d8a3cb8d22c227b2c7,exact_commuting_pauli_clifford_canonical_v1,True,completed_valid,34.76756075001322,4,42,24,12,22,native Qiskit semantic circuit,19998,373923,True,equal_decimal,1130,0.00022,0.000136456639,0,5,9,216,91530,91746,1.0000000000000003e-11,3.669840000000001e-06,1.1009520000000003e-05,3.9550000000000027e-29,1.4679360000000004e-05,serial_1,1,1,648,1944,2592,0.045873,237805632,118.90281599999999,True,
ucc.qre.campaign-results.v1,w7-fixed-total-error-20260803-local,hdiag-20000,20000,semantic_first,semantic-first,completed_valid,20260803,0.001,0.0001,0.00045000000000000004,0.00045000000000000004,0.001,0.0001,0.00033203228000000003,0.0006679677199999999,surface_code_improved,0.0001,5e-07,3388b8078e4ea550361b4370fd5206b1784ffda4521260d8a3cb8d22c227b2c7,exact_commuting_pauli_clifford_canonical_v1,True,completed_valid,34.76756075001322,4,42,24,12,22,native Qiskit semantic circuit,19998,373923,True,equal_decimal,1130,0.00022,0.000136456639,0,5,9,216,22923,23139,1.0000000000000003e-11,9.255600000000002e-07,1.1106720000000003e-05,3.9550000000000027e-29,1.2032280000000004e-05,modest_4,4,4,648,7776,8424,0.0115695,194922936,97.461468,True,
ucc.qre.campaign-results.v1,w7-fixed-total-error-20260803-local,hdiag-20000,20000,semantic_first,semantic-first,completed_valid,20260803,0.001,0.0001,0.00045000000000000004,0.00045000000000000004,0.001,0.0001,0.00033169532000000004,0.00066830468,surface_code_improved,0.0001,5e-07,3388b8078e4ea550361b4370fd5206b1784ffda4521260d8a3cb8d22c227b2c7,exact_commuting_pauli_clifford_canonical_v1,True,completed_valid,34.76756075001322,4,42,24,12,22,native Qiskit semantic circuit,19998,373923,True,equal_decimal,1130,0.00022,0.000136456639,0,5,9,216,5751,5967,1.0000000000000003e-11,2.3868000000000007e-07,1.1456640000000003e-05,3.9550000000000027e-29,1.1695320000000003e-05,parallel_16,16,16,648,31104,31752,0.0029835,189464184,94.732092,True,
ucc.qre.campaign-results.v1,w7-fixed-total-error-20260803-local,hdiag-20000,20000,semantic_first,semantic-first,completed_valid,20260803,0.001,0.0001,0.00045000000000000004,0.00045000000000000004,0.001,0.0001,0.00033215216,0.00066784784,surface_code_improved,0.0001,5e-07,3388b8078e4ea550361b4370fd5206b1784ffda4521260d8a3cb8d22c227b2c7,exact_commuting_pauli_clifford_canonical_v1,True,completed_valid,34.76756075001322,4,42,24,12,22,native Qiskit semantic circuit,19998,373923,True,equal_decimal,1130,0.00022,0.000136456639,0,5,9,216,2916,3132,1.0000000000000003e-11,1.2528000000000002e-07,1.2026880000000004e-05,3.9550000000000027e-29,1.2152160000000004e-05,parallel_32,32,32,648,62208,62856,0.001566,196864992,98.432496,True,
ucc.qre.campaign-results.v1,w7-fixed-total-error-20260803-local,hdiag-20000,20000,semantic_first,semantic-first,completed_valid,20260803,0.001,0.0001,0.00045000000000000004,0.00045000000000000004,0.001,0.0001,0.0008880522000000002,0.00011194779999999978,surface_code_conservative,0.001,1e-06,3388b8078e4ea550361b4370fd5206b1784ffda4521260d8a3cb8d22c227b2c7,exact_commuting_pauli_clifford_canonical_v1,True,completed_valid,34.76756075001322,4,42,24,12,22,native Qiskit semantic circuit,19998,373923,True,t_cost_greedy,1090,0.0004,0.00032198744700000004,1,5,17,408,203830,204238,1.0000000000000006e-10,8.169520000000005e-05,0.00030635700000000016,3.8150000000000064e-26,0.00038805220000000023,serial_1,1,1,2312,8670,10982,0.204238,2242941716,2242.941716,True,
ucc.qre.campaign-results.v1,w7-fixed-total-error-20260803-local,hdiag-20000,20000,semantic_first,semantic-first,completed_valid,20260803,0.001,0.0001,0.00045000000000000004,0.00045000000000000004,0.001,0.0001,0.0008293376000000002,0.00017066239999999984,surface_code_conservative,0.001,1e-06,3388b8078e4ea550361b4370fd5206b1784ffda4521260d8a3cb8d22c227b2c7,exact_commuting_pauli_clifford_canonical_v1,True,completed_valid,34.76756075001322,4,42,24,12,22,native Qiskit semantic circuit,19998,373923,True,t_cost_greedy,1090,0.0004,0.00032198744700000004,1,5,17,408,51051,51459,1.0000000000000006e-10,2.058360000000001e-05,0.00030875400000000017,3.8150000000000064e-26,0.00032933760000000017,modest_4,4,4,2312,34680,36992,0.051459,1903571328,1903.571328,True,
ucc.qre.campaign-results.v1,w7-fixed-total-error-20260803-local,hdiag-20000,20000,semantic_first,semantic-first,completed_valid,20260803,0.001,0.0001,0.00045000000000000004,0.00045000000000000004,0.001,0.0001,0.0008247884000000002,0.00017521159999999987,surface_code_conservative,0.001,1e-06,3388b8078e4ea550361b4370fd5206b1784ffda4521260d8a3cb8d22c227b2c7,exact_commuting_pauli_clifford_canonical_v1,True,completed_valid,34.76756075001322,4,42,24,12,22,native Qiskit semantic circuit,19998,373923,True,t_cost_greedy,1090,0.0004,0.00032198744700000004,1,5,17,408,12903,13311,1.0000000000000006e-10,5.324400000000003e-06,0.00031946400000000015,3.8150000000000064e-26,0.00032478840000000014,parallel_16,16,16,2312,138720,141032,0.013311,1877276952,1877.276952,True,
ucc.qre.campaign-results.v1,w7-fixed-total-error-20260803-local,hdiag-20000,20000,semantic_first,semantic-first,completed_valid,20260803,0.001,0.0001,0.00045000000000000004,0.00045000000000000004,0.001,0.0001,0.0008365252000000001,0.00016347479999999988,surface_code_conservative,0.001,1e-06,3388b8078e4ea550361b4370fd5206b1784ffda4521260d8a3cb8d22c227b2c7,exact_commuting_pauli_clifford_canonical_v1,True,completed_valid,34.76756075001322,4,42,24,12,22,native Qiskit semantic circuit,19998,373923,True,t_cost_greedy,1090,0.0004,0.00032198744700000004,1,5,17,408,6545,6953,1.0000000000000006e-10,2.7812000000000014e-06,0.0003337440000000002,3.8150000000000064e-26,0.0003365252000000002,parallel_32,32,32,2312,277440,279752,0.006953,1945115656,1945.115656,True,
ucc.qre.campaign-results.v1,w7-fixed-total-error-20260803-local,hdiag-20000,20000,semantic_first,semantic-first,completed_valid,20260803,0.001,0.0001,0.00045000000000000004,0.00045000000000000004,0.001,0.0001,0.00051416096,0.00048583904,surface_code_improved,0.0001,5e-07,3388b8078e4ea550361b4370fd5206b1784ffda4521260d8a3cb8d22c227b2c7,exact_commuting_pauli_clifford_canonical_v1,True,completed_valid,34.76756075001322,4,42,24,12,22,native Qiskit semantic circuit,19998,373923,True,t_cost_greedy,1090,0.0004,0.00032198744700000004,1,5,9,216,88290,88506,1.0000000000000003e-11,3.540240000000001e-06,1.0620720000000003e-05,3.8150000000000027e-29,1.4160960000000004e-05,serial_1,1,1,648,1944,2592,0.044253,229407552,114.703776,True,
ucc.qre.campaign-results.v1,w7-fixed-total-error-20260803-local,hdiag-20000,20000,semantic_first,semantic-first,completed_valid,20260803,0.001,0.0001,0.00045000000000000004,0.00045000000000000004,0.001,0.0001,0.00051161108,0.00048838892,surface_code_improved,0.0001,5e-07,3388b8078e4ea550361b4370fd5206b1784ffda4521260d8a3cb8d22c227b2c7,exact_commuting_pauli_clifford_canonical_v1,True,completed_valid,34.76756075001322,4,42,24,12,22,native Qiskit semantic circuit,19998,373923,True,t_cost_greedy,1090,0.0004,0.00032198744700000004,1,5,9,216,22113,22329,1.0000000000000003e-11,8.931600000000003e-07,1.0717920000000003e-05,3.8150000000000027e-29,1.1611080000000003e-05,modest_4,4,4,648,7776,8424,0.011164499999999999,188099496,94.049748,True,
ucc.qre.campaign-results.v1,w7-fixed-total-error-20260803-local,hdiag-20000,20000,semantic_first,semantic-first,completed_valid,20260803,0.001,0.0001,0.00045000000000000004,0.00045000000000000004,0.001,0.0001,0.0005113778,0.0004886222,surface_code_improved,0.0001,5e-07,3388b8078e4ea550361b4370fd5206b1784ffda4521260d8a3cb8d22c227b2c7,exact_commuting_pauli_clifford_canonical_v1,True,completed_valid,34.76756075001322,4,42,24,12,22,native Qiskit semantic circuit,19998,373923,True,t_cost_greedy,1090,0.0004,0.00032198744700000004,1,5,9,216,5589,5805,1.0000000000000003e-11,2.3220000000000005e-07,1.1145600000000002e-05,3.8150000000000027e-29,1.1377800000000001e-05,parallel_16,16,16,648,31104,31752,0.0029024999999999997,184320360,92.16018,True,
ucc.qre.campaign-results.v1,w7-fixed-total-error-20260803-local,hdiag-20000,20000,semantic_first,semantic-first,completed_valid,20260803,0.001,0.0001,0.00045000000000000004,0.00045000000000000004,0.001,0.0001,0.00051183788,0.00048816212000000006,surface_code_improved,0.0001,5e-07,3388b8078e4ea550361b4370fd5206b1784ffda4521260d8a3cb8d22c227b2c7,exact_commuting_pauli_clifford_canonical_v1,True,completed_valid,34.76756075001322,4,42,24,12,22,native Qiskit semantic circuit,19998,373923,True,t_cost_greedy,1090,0.0004,0.00032198744700000004,1,5,9,216,2835,3051,1.0000000000000003e-11,1.2204000000000003e-07,1.1715840000000003e-05,3.8150000000000027e-29,1.1837880000000003e-05,parallel_32,32,32,648,62208,62856,0.0015255,191773656,95.886828,True,
ucc.qre.campaign-results.v1,w7-fixed-total-error-20260803-local,hdiag-20000,20000,semantic_first,semantic-first,completed_valid,20260803,1e-06,1e-07,4.5e-07,4.5e-07,1e-06,1e-07,4.1416400000000005e-07,5.858359999999999e-07,surface_code_conservative,0.001,1e-06,3388b8078e4ea550361b4370fd5206b1784ffda4521260d8a3cb8d22c227b2c7,exact_commuting_pauli_clifford_canonical_v1,True,completed_valid,34.76756075001322,4,42,24,12,22,native Qiskit semantic circuit,19998,373923,True,equal_decimal,1800,2.2e-07,1.44373459e-07,0,8,25,600,495000,495600,1.0000000000000008e-14,1.9824000000000016e-08,7.434000000000006e-08,6.300000000000015e-38,9.416400000000007e-08,serial_1,1,1,5000,18750,23750,0.4956,11770500000,11770.5,True,
ucc.qre.campaign-results.v1,w7-fixed-total-error-20260803-local,hdiag-20000,20000,semantic_first,semantic-first,completed_valid,20260803,1e-06,1e-07,4.5e-07,4.5e-07,1e-06,1e-07,3.9958400000000004e-07,6.004159999999999e-07,surface_code_conservative,0.001,1e-06,3388b8078e4ea550361b4370fd5206b1784ffda4521260d8a3cb8d22c227b2c7,exact_commuting_pauli_clifford_canonical_v1,True,completed_valid,34.76756075001322,4,42,24,12,22,native Qiskit semantic circuit,19998,373923,True,equal_decimal,1800,2.2e-07,1.44373459e-07,0,8,25,600,123750,124350,1.0000000000000008e-14,4.974000000000004e-09,7.461000000000006e-08,6.300000000000015e-38,7.958400000000006e-08,modest_4,4,4,5000,75000,80000,0.12434999999999999,9948000000,9947.999999999998,True,
ucc.qre.campaign-results.v1,w7-fixed-total-error-20260803-local,hdiag-20000,20000,semantic_first,semantic-first,completed_valid,20260803,1e-06,1e-07,4.5e-07,4.5e-07,1e-06,1e-07,3.9728700000000006e-07,6.027129999999999e-07,surface_code_conservative,0.001,1e-06,3388b8078e4ea550361b4370fd5206b1784ffda4521260d8a3cb8d22c227b2c7,exact_commuting_pauli_clifford_canonical_v1,True,completed_valid,34.76756075001322,4,42,24,12,22,native Qiskit semantic circuit,19998,373923,True,equal_decimal,1800,2.2e-07,1.44373459e-07,0,8,25,600,31075,31675,1.0000000000000008e-14,1.267000000000001e-09,7.602000000000005e-08,6.300000000000015e-38,7.728700000000006e-08,parallel_16,16,16,5000,300000,305000,0.031675,9660875000,9660.875,True,
ucc.qre.campaign-results.v1,w7-fixed-total-error-20260803-local,hdiag-20000,20000,semantic_first,semantic-first,completed_valid,20260803,1e-06,1e-07,4.5e-07,4.5e-07,1e-06,1e-07,3.9877100000000004e-07,6.012289999999999e-07,surface_code_conservative,0.001,1e-06,3388b8078e4ea550361b4370fd5206b1784ffda4521260d8a3cb8d22c227b2c7,exact_commuting_pauli_clifford_canonical_v1,True,completed_valid,34.76756075001322,4,42,24,12,22,native Qiskit semantic circuit,19998,373923,True,equal_decimal,1800,2.2e-07,1.44373459e-07,0,8,25,600,15675,16275,1.0000000000000008e-14,6.510000000000005e-10,7.812000000000007e-08,6.300000000000015e-38,7.877100000000006e-08,parallel_32,32,32,5000,600000,605000,0.016274999999999998,9846375000,9846.374999999998,True,
ucc.qre.campaign-results.v1,w7-fixed-total-error-20260803-local,hdiag-20000,20000,semantic_first,semantic-first,completed_valid,20260803,1e-06,1e-07,4.5e-07,4.5e-07,1e-06,1e-07,6.055424e-07,3.944575999999999e-07,surface_code_improved,0.0001,5e-07,3388b8078e4ea550361b4370fd5206b1784ffda4521260d8a3cb8d22c227b2c7,exact_commuting_pauli_clifford_canonical_v1,True,completed_valid,34.76756075001322,4,42,24,12,22,native Qiskit semantic circuit,19998,373923,True,equal_decimal,1800,2.2e-07,1.44373459e-07,0,8,11,264,178200,178464,1.0000000000000003e-13,7.138560000000002e-08,2.1415680000000007e-07,6.300000000000006e-35,2.855424000000001e-07,serial_1,1,1,968,2904,3872,0.08923199999999999,691012608,345.50630399999994,True,
ucc.qre.campaign-results.v1,w7-fixed-total-error-20260803-local,hdiag-20000,20000,semantic_first,semantic-first,completed_valid,20260803,1e-06,1e-07,4.5e-07,4.5e-07,1e-06,1e-07,5.530328e-07,4.4696719999999994e-07,surface_code_improved,0.0001,5e-07,3388b8078e4ea550361b4370fd5206b1784ffda4521260d8a3cb8d22c227b2c7,exact_commuting_pauli_clifford_canonical_v1,True,completed_valid,34.76756075001322,4,42,24,12,22,native Qiskit semantic circuit,19998,373923,True,equal_decimal,1800,2.2e-07,1.44373459e-07,0,8,11,264,44550,44814,1.0000000000000003e-13,1.7925600000000006e-08,2.1510720000000006e-07,6.300000000000006e-35,2.3303280000000006e-07,modest_4,4,4,968,11616,12584,0.022407,563939376,281.969688,True,
ucc.qre.campaign-results.v1,w7-fixed-total-error-20260803-local,hdiag-20000,20000,semantic_first,semantic-first,completed_valid,20260803,1e-06,1e-07,4.5e-07,4.5e-07,1e-06,1e-07,5.444396000000001e-07,4.5556039999999985e-07,surface_code_improved,0.0001,5e-07,3388b8078e4ea550361b4370fd5206b1784ffda4521260d8a3cb8d22c227b2c7,exact_commuting_pauli_clifford_canonical_v1,True,completed_valid,34.76756075001322,4,42,24,12,22,native Qiskit semantic circuit,19998,373923,True,equal_decimal,1800,2.2e-07,1.44373459e-07,0,8,11,264,11187,11451,1.0000000000000003e-13,4.580400000000001e-09,2.1985920000000007e-07,6.300000000000006e-35,2.2443960000000007e-07,parallel_16,16,16,968,46464,47432,0.0057255,543143832,271.571916,True,
ucc.qre.campaign-results.v1,w7-fixed-total-error-20260803-local,hdiag-20000,20000,semantic_first,semantic-first,completed_valid,20260803,1e-06,1e-07,4.5e-07,4.5e-07,1e-06,1e-07,5.491916000000001e-07,4.5080839999999986e-07,surface_code_improved,0.0001,5e-07,3388b8078e4ea550361b4370fd5206b1784ffda4521260d8a3cb8d22c227b2c7,exact_commuting_pauli_clifford_canonical_v1,True,completed_valid,34.76756075001322,4,42,24,12,22,native Qiskit semantic circuit,19998,373923,True,equal_decimal,1800,2.2e-07,1.44373459e-07,0,8,11,264,5643,5907,1.0000000000000003e-13,2.3628000000000006e-09,2.2682880000000007e-07,6.300000000000006e-35,2.2919160000000006e-07,parallel_32,32,32,968,92928,93896,0.0029535,554643672,277.321836,True,
ucc.qre.campaign-results.v1,w7-fixed-total-error-20260803-local,hdiag-20000,20000,semantic_first,semantic-first,completed_valid,20260803,1e-06,1e-07,4.5e-07,4.5e-07,1e-06,1e-07,5.922830000000001e-07,4.0771699999999986e-07,surface_code_conservative,0.001,1e-06,3388b8078e4ea550361b4370fd5206b1784ffda4521260d8a3cb8d22c227b2c7,exact_commuting_pauli_clifford_canonical_v1,True,completed_valid,34.76756075001322,4,42,24,12,22,native Qiskit semantic circuit,19998,373923,True,t_cost_greedy,1764,4e-07,2.91507419e-07,1,8,25,600,485100,485700,1.0000000000000008e-14,1.9428000000000017e-08,7.285500000000005e-08,6.174000000000015e-38,9.228300000000007e-08,serial_1,1,1,5000,18750,23750,0.48569999999999997,11535375000,11535.375,True,
ucc.qre.campaign-results.v1,w7-fixed-total-error-20260803-local,hdiag-20000,20000,semantic_first,semantic-first,completed_valid,20260803,1e-06,1e-07,4.5e-07,4.5e-07,1e-06,1e-07,5.78e-07,4.2199999999999994e-07,surface_code_conservative,0.001,1e-06,3388b8078e4ea550361b4370fd5206b1784ffda4521260d8a3cb8d22c227b2c7,exact_commuting_pauli_clifford_canonical_v1,True,completed_valid,34.76756075001322,4,42,24,12,22,native Qiskit semantic circuit,19998,373923,True,t_cost_greedy,1764,4e-07,2.91507419e-07,1,8,25,600,121275,121875,1.0000000000000008e-14,4.875000000000004e-09,7.312500000000005e-08,6.174000000000015e-38,7.800000000000006e-08,modest_4,4,4,5000,75000,80000,0.121875,9750000000,9750.0,True,
ucc.qre.campaign-results.v1,w7-fixed-total-error-20260803-local,hdiag-20000,20000,semantic_first,semantic-first,completed_valid,20260803,1e-06,1e-07,4.5e-07,4.5e-07,1e-06,1e-07,5.75945e-07,4.240549999999999e-07,surface_code_conservative,0.001,1e-06,3388b8078e4ea550361b4370fd5206b1784ffda4521260d8a3cb8d22c227b2c7,exact_commuting_pauli_clifford_canonical_v1,True,completed_valid,34.76756075001322,4,42,24,12,22,native Qiskit semantic circuit,19998,373923,True,t_cost_greedy,1764,4e-07,2.91507419e-07,1,8,25,600,30525,31125,1.0000000000000008e-14,1.245000000000001e-09,7.470000000000005e-08,6.174000000000015e-38,7.594500000000005e-08,parallel_16,16,16,5000,300000,305000,0.031125,9493125000,9493.125,True,
ucc.qre.campaign-results.v1,w7-fixed-total-error-20260803-local,hdiag-20000,20000,semantic_first,semantic-first,completed_valid,20260803,1e-06,1e-07,4.5e-07,4.5e-07,1e-06,1e-07,5.7744e-07,4.2255999999999994e-07,surface_code_conservative,0.001,1e-06,3388b8078e4ea550361b4370fd5206b1784ffda4521260d8a3cb8d22c227b2c7,exact_commuting_pauli_clifford_canonical_v1,True,completed_valid,34.76756075001322,4,42,24,12,22,native Qiskit semantic circuit,19998,373923,True,t_cost_greedy,1764,4e-07,2.91507419e-07,1,8,25,600,15400,16000,1.0000000000000008e-14,6.400000000000005e-10,7.680000000000007e-08,6.174000000000015e-38,7.744000000000006e-08,parallel_32,32,32,5000,600000,605000,0.016,9680000000,9680.0,True,
ucc.qre.campaign-results.v1,w7-fixed-total-error-20260803-local,hdiag-20000,20000,semantic_first,semantic-first,completed_valid,20260803,1e-06,1e-07,4.5e-07,4.5e-07,1e-06,1e-07,7.798400000000001e-07,2.2015999999999988e-07,surface_code_improved,0.0001,5e-07,3388b8078e4ea550361b4370fd5206b1784ffda4521260d8a3cb8d22c227b2c7,exact_commuting_pauli_clifford_canonical_v1,True,completed_valid,34.76756075001322,4,42,24,12,22,native Qiskit semantic circuit,19998,373923,True,t_cost_greedy,1764,4e-07,2.91507419e-07,1,8,11,264,174636,174900,1.0000000000000003e-13,6.996000000000003e-08,2.0988000000000005e-07,6.174000000000006e-35,2.798400000000001e-07,serial_1,1,1,968,2904,3872,0.08745,677212800,338.6064,True,
ucc.qre.campaign-results.v1,w7-fixed-total-error-20260803-local,hdiag-20000,20000,semantic_first,semantic-first,completed_valid,20260803,1e-06,1e-07,4.5e-07,4.5e-07,1e-06,1e-07,7.283996e-07,2.7160039999999994e-07,surface_code_improved,0.0001,5e-07,3388b8078e4ea550361b4370fd5206b1784ffda4521260d8a3cb8d22c227b2c7,exact_commuting_pauli_clifford_canonical_v1,True,completed_valid,34.76756075001322,4,42,24,12,22,native Qiskit semantic circuit,19998,373923,True,t_cost_greedy,1764,4e-07,2.91507419e-07,1,8,11,264,43659,43923,1.0000000000000003e-13,1.7569200000000004e-08,2.1083040000000006e-07,6.174000000000006e-35,2.2839960000000006e-07,modest_4,4,4,968,11616,12584,0.0219615,552727032,276.363516,True,
ucc.qre.campaign-results.v1,w7-fixed-total-error-20260803-local,hdiag-20000,20000,semantic_first,semantic-first,completed_valid,20260803,1e-06,1e-07,4.5e-07,4.5e-07,1e-06,1e-07,7.205588000000001e-07,2.7944119999999987e-07,surface_code_improved,0.0001,5e-07,3388b8078e4ea550361b4370fd5206b1784ffda4521260d8a3cb8d22c227b2c7,exact_commuting_pauli_clifford_canonical_v1,True,completed_valid,34.76756075001322,4,42,24,12,22,native Qiskit semantic circuit,19998,373923,True,t_cost_greedy,1764,4e-07,2.91507419e-07,1,8,11,264,10989,11253,1.0000000000000003e-13,4.501200000000001e-09,2.1605760000000007e-07,6.174000000000006e-35,2.2055880000000008e-07,parallel_16,16,16,968,46464,47432,0.0056264999999999996,533752296,266.876148,True,
ucc.qre.campaign-results.v1,w7-fixed-total-error-20260803-local,hdiag-20000,20000,semantic_first,semantic-first,completed_valid,20260803,1e-06,1e-07,4.5e-07,4.5e-07,1e-06,1e-07,7.253504e-07,2.746495999999999e-07,surface_code_improved,0.0001,5e-07,3388b8078e4ea550361b4370fd5206b1784ffda4521260d8a3cb8d22c227b2c7,exact_commuting_pauli_clifford_canonical_v1,True,completed_valid,34.76756075001322,4,42,24,12,22,native Qiskit semantic circuit,19998,373923,True,t_cost_greedy,1764,4e-07,2.91507419e-07,1,8,11,264,5544,5808,1.0000000000000003e-13,2.323200000000001e-09,2.2302720000000007e-07,6.174000000000006e-35,2.2535040000000006e-07,parallel_32,32,32,968,92928,93896,0.002904,545347968,272.673984,True,
ucc.qre.campaign-results.v1,w7-fixed-total-error-20260803-local,hdiag-20000,20000,semantic_first,semantic-first,completed_valid,20260803,1e-09,1.0000000000000002e-10,4.5000000000000005e-10,4.5000000000000005e-10,1e-09,1.0000000000000002e-10,4.803022400000001e-10,5.196977599999999e-10,surface_code_conservative,0.001,1e-06,3388b8078e4ea550361b4370fd5206b1784ffda4521260d8a3cb8d22c227b2c7,exact_commuting_pauli_clifford_canonical_v1,True,completed_valid,34.76756075001322,4,42,24,12,22,native Qiskit semantic circuit,19998,373923,True,equal_decimal,2472,2.2e-10,1.14260282e-10,0,11,31,744,842952,843696,1.0000000000000008e-17,3.3747840000000026e-11,1.265544000000001e-10,8.652000000000022e-47,1.6030224000000013e-10,serial_1,1,1,7688,28830,36518,0.843696,30810090528,30810.090528,True,
ucc.qre.campaign-results.v1,w7-fixed-total-error-20260803-local,hdiag-20000,20000,semantic_first,semantic-first,completed_valid,20260803,1e-09,1.0000000000000002e-10,4.5000000000000005e-10,4.5000000000000005e-10,1e-09,1.0000000000000002e-10,4.5534848000000014e-10,5.446515199999999e-10,surface_code_conservative,0.001,1e-06,3388b8078e4ea550361b4370fd5206b1784ffda4521260d8a3cb8d22c227b2c7,exact_commuting_pauli_clifford_canonical_v1,True,completed_valid,34.76756075001322,4,42,24,12,22,native Qiskit semantic circuit,19998,373923,True,equal_decimal,2472,2.2e-10,1.14260282e-10,0,11,31,744,210738,211482,1.0000000000000008e-17,8.459280000000007e-12,1.268892000000001e-10,8.652000000000022e-47,1.353484800000001e-10,modest_4,4,4,7688,115320,123008,0.211482,26013977856,26013.977856,True,
ucc.qre.campaign-results.v1,w7-fixed-total-error-20260803-local,hdiag-20000,20000,semantic_first,semantic-first,completed_valid,20260803,1e-09,1.0000000000000002e-10,4.5000000000000005e-10,4.5000000000000005e-10,1e-09,1.0000000000000002e-10,4.507815600000001e-10,5.4921844e-10,surface_code_conservative,0.001,1e-06,3388b8078e4ea550361b4370fd5206b1784ffda4521260d8a3cb8d22c227b2c7,exact_commuting_pauli_clifford_canonical_v1,True,completed_valid,34.76756075001322,4,42,24,12,22,native Qiskit semantic circuit,19998,373923,True,equal_decimal,2472,2.2e-10,1.14260282e-10,0,11,31,744,52855,53599,1.0000000000000008e-17,2.1439600000000017e-12,1.286376000000001e-10,8.652000000000022e-47,1.3078156000000009e-10,parallel_16,16,16,7688,461280,468968,0.053599,25136215832,25136.215832,True,
ucc.qre.campaign-results.v1,w7-fixed-total-error-20260803-local,hdiag-20000,20000,semantic_first,semantic-first,completed_valid,20260803,1e-09,1.0000000000000002e-10,4.5000000000000005e-10,4.5000000000000005e-10,1e-09,1.0000000000000002e-10,4.5233528000000013e-10,5.476647199999999e-10,surface_code_conservative,0.001,1e-06,3388b8078e4ea550361b4370fd5206b1784ffda4521260d8a3cb8d22c227b2c7,exact_commuting_pauli_clifford_canonical_v1,True,completed_valid,34.76756075001322,4,42,24,12,22,native Qiskit semantic circuit,19998,373923,True,equal_decimal,2472,2.2e-10,1.14260282e-10,0,11,31,744,26598,27342,1.0000000000000008e-17,1.0936800000000008e-12,1.312416000000001e-10,8.652000000000022e-47,1.323352800000001e-10,parallel_32,32,32,7688,922560,930248,0.027341999999999998,25434840816,25434.840816,True,
ucc.qre.campaign-results.v1,w7-fixed-total-error-20260803-local,hdiag-20000,20000,semantic_first,semantic-first,completed_valid,20260803,1e-09,1.0000000000000002e-10,4.5000000000000005e-10,4.5000000000000005e-10,1e-09,1.0000000000000002e-10,3.7345280000000005e-10,6.265472e-10,surface_code_improved,0.0001,5e-07,3388b8078e4ea550361b4370fd5206b1784ffda4521260d8a3cb8d22c227b2c7,exact_commuting_pauli_clifford_canonical_v1,True,completed_valid,34.76756075001322,4,42,24,12,22,native Qiskit semantic circuit,19998,373923,True,equal_decimal,2472,2.2e-10,1.14260282e-10,0,11,15,360,333720,334080,1.0000000000000002e-17,1.3363200000000003e-11,4.008960000000001e-11,8.652000000000006e-47,5.3452800000000014e-11,serial_1,1,1,1800,5400,7200,0.16704,2405376000,1202.6879999999999,True,
ucc.qre.campaign-results.v1,w7-fixed-total-error-20260803-local,hdiag-20000,20000,semantic_first,semantic-first,completed_valid,20260803,1e-09,1.0000000000000002e-10,4.5000000000000005e-10,4.5000000000000005e-10,1e-09,1.0000000000000002e-10,3.6357080000000007e-10,6.364292e-10,surface_code_improved,0.0001,5e-07,3388b8078e4ea550361b4370fd5206b1784ffda4521260d8a3cb8d22c227b2c7,exact_commuting_pauli_clifford_canonical_v1,True,completed_valid,34.76756075001322,4,42,24,12,22,native Qiskit semantic circuit,19998,373923,True,equal_decimal,2472,2.2e-10,1.14260282e-10,0,11,15,360,83430,83790,1.0000000000000002e-17,3.3516000000000008e-12,4.021920000000001e-11,8.652000000000006e-47,4.357080000000001e-11,modest_4,4,4,1800,21600,23400,0.041894999999999995,1960686000,980.3429999999998,True,
ucc.qre.campaign-results.v1,w7-fixed-total-error-20260803-local,hdiag-20000,20000,semantic_first,semantic-first,completed_valid,20260803,1e-09,1.0000000000000002e-10,4.5000000000000005e-10,4.5000000000000005e-10,1e-09,1.0000000000000002e-10,3.6171860000000004e-10,6.382814e-10,surface_code_improved,0.0001,5e-07,3388b8078e4ea550361b4370fd5206b1784ffda4521260d8a3cb8d22c227b2c7,exact_commuting_pauli_clifford_canonical_v1,True,completed_valid,34.76756075001322,4,42,24,12,22,native Qiskit semantic circuit,19998,373923,True,equal_decimal,2472,2.2e-10,1.14260282e-10,0,11,15,360,20925,21285,1.0000000000000002e-17,8.514000000000002e-13,4.086720000000001e-11,8.652000000000006e-47,4.171860000000001e-11,parallel_16,16,16,1800,86400,88200,0.0106425,1877337000,938.6684999999999,True,
ucc.qre.campaign-results.v1,w7-fixed-total-error-20260803-local,hdiag-20000,20000,semantic_first,semantic-first,completed_valid,20260803,1e-09,1.0000000000000002e-10,4.5000000000000005e-10,4.5000000000000005e-10,1e-09,1.0000000000000002e-10,3.6225320000000005e-10,6.377468e-10,surface_code_improved,0.0001,5e-07,3388b8078e4ea550361b4370fd5206b1784ffda4521260d8a3cb8d22c227b2c7,exact_commuting_pauli_clifford_canonical_v1,True,completed_valid,34.76756075001322,4,42,24,12,22,native Qiskit semantic circuit,19998,373923,True,equal_decimal,2472,2.2e-10,1.14260282e-10,0,11,15,360,10530,10890,1.0000000000000002e-17,4.356000000000001e-13,4.181760000000001e-11,8.652000000000006e-47,4.225320000000001e-11,parallel_32,32,32,1800,172800,174600,0.005445,1901394000,950.697,True,
ucc.qre.campaign-results.v1,w7-fixed-total-error-20260803-local,hdiag-20000,20000,semantic_first,semantic-first,completed_valid,20260803,1e-09,1.0000000000000002e-10,4.5000000000000005e-10,4.5000000000000005e-10,1e-09,1.0000000000000002e-10,6.584881200000001e-10,3.4151188e-10,surface_code_conservative,0.001,1e-06,3388b8078e4ea550361b4370fd5206b1784ffda4521260d8a3cb8d22c227b2c7,exact_commuting_pauli_clifford_canonical_v1,True,completed_valid,34.76756075001322,4,42,24,12,22,native Qiskit semantic circuit,19998,373923,True,t_cost_greedy,2444,3.9999999999999996e-10,2.3506288e-10,2,11,31,744,833404,834148,1.0000000000000008e-17,3.3365920000000026e-11,1.251222000000001e-10,8.554000000000022e-47,1.5848812000000014e-10,serial_1,1,1,7688,28830,36518,0.834148,30461416664,30461.416664,True,
ucc.qre.campaign-results.v1,w7-fixed-total-error-20260803-local,hdiag-20000,20000,semantic_first,semantic-first,completed_valid,20260803,1e-09,1.0000000000000002e-10,4.5000000000000005e-10,4.5000000000000005e-10,1e-09,1.0000000000000002e-10,6.338208e-10,3.661792e-10,surface_code_conservative,0.001,1e-06,3388b8078e4ea550361b4370fd5206b1784ffda4521260d8a3cb8d22c227b2c7,exact_commuting_pauli_clifford_canonical_v1,True,completed_valid,34.76756075001322,4,42,24,12,22,native Qiskit semantic circuit,19998,373923,True,t_cost_greedy,2444,3.9999999999999996e-10,2.3506288e-10,2,11,31,744,208351,209095,1.0000000000000008e-17,8.363800000000007e-12,1.254570000000001e-10,8.554000000000022e-47,1.338208000000001e-10,modest_4,4,4,7688,115320,123008,0.209095,25720357760,25720.35776,True,
ucc.qre.campaign-results.v1,w7-fixed-total-error-20260803-local,hdiag-20000,20000,semantic_first,semantic-first,completed_valid,20260803,1e-09,1.0000000000000002e-10,4.5000000000000005e-10,4.5000000000000005e-10,1e-09,1.0000000000000002e-10,6.2911748e-10,3.7088252e-10,surface_code_conservative,0.001,1e-06,3388b8078e4ea550361b4370fd5206b1784ffda4521260d8a3cb8d22c227b2c7,exact_commuting_pauli_clifford_canonical_v1,True,completed_valid,34.76756075001322,4,42,24,12,22,native Qiskit semantic circuit,19998,373923,True,t_cost_greedy,2444,3.9999999999999996e-10,2.3506288e-10,2,11,31,744,52173,52917,1.0000000000000008e-17,2.116680000000002e-12,1.270008000000001e-10,8.554000000000022e-47,1.291174800000001e-10,parallel_16,16,16,7688,461280,468968,0.052917,24816379656,24816.379656,True,
ucc.qre.campaign-results.v1,w7-fixed-total-error-20260803-local,hdiag-20000,20000,semantic_first,semantic-first,completed_valid,20260803,1e-09,1.0000000000000002e-10,4.5000000000000005e-10,4.5000000000000005e-10,1e-09,1.0000000000000002e-10,6.3068484e-10,3.6931516000000007e-10,surface_code_conservative,0.001,1e-06,3388b8078e4ea550361b4370fd5206b1784ffda4521260d8a3cb8d22c227b2c7,exact_commuting_pauli_clifford_canonical_v1,True,completed_valid,34.76756075001322,4,42,24,12,22,native Qiskit semantic circuit,19998,373923,True,t_cost_greedy,2444,3.9999999999999996e-10,2.3506288e-10,2,11,31,744,26257,27001,1.0000000000000008e-17,1.080040000000001e-12,1.296048000000001e-10,8.554000000000022e-47,1.3068484000000011e-10,parallel_32,32,32,7688,922560,930248,0.027000999999999997,25117626248,25117.626247999997,True,
ucc.qre.campaign-results.v1,w7-fixed-total-error-20260803-local,hdiag-20000,20000,semantic_first,semantic-first,completed_valid,20260803,1e-09,1.0000000000000002e-10,4.5000000000000005e-10,4.5000000000000005e-10,1e-09,1.0000000000000002e-10,5.52848e-10,4.4715200000000007e-10,surface_code_improved,0.0001,5e-07,3388b8078e4ea550361b4370fd5206b1784ffda4521260d8a3cb8d22c227b2c7,exact_commuting_pauli_clifford_canonical_v1,True,completed_valid,34.76756075001322,4,42,24,12,22,native Qiskit semantic circuit,19998,373923,True,t_cost_greedy,2444,3.9999999999999996e-10,2.3506288e-10,2,11,15,360,329940,330300,1.0000000000000002e-17,1.3212000000000003e-11,3.963600000000001e-11,8.554000000000006e-47,5.284800000000001e-11,serial_1,1,1,1800,5400,7200,0.16515,2378160000,1189.08,True,
ucc.qre.campaign-results.v1,w7-fixed-total-error-20260803-local,hdiag-20000,20000,semantic_first,semantic-first,completed_valid,20260803,1e-09,1.0000000000000002e-10,4.5000000000000005e-10,4.5000000000000005e-10,1e-09,1.0000000000000002e-10,5.430794e-10,4.569206000000001e-10,surface_code_improved,0.0001,5e-07,3388b8078e4ea550361b4370fd5206b1784ffda4521260d8a3cb8d22c227b2c7,exact_commuting_pauli_clifford_canonical_v1,True,completed_valid,34.76756075001322,4,42,24,12,22,native Qiskit semantic circuit,19998,373923,True,t_cost_greedy,2444,3.9999999999999996e-10,2.3506288e-10,2,11,15,360,82485,82845,1.0000000000000002e-17,3.3138000000000007e-12,3.976560000000001e-11,8.554000000000006e-47,4.307940000000001e-11,modest_4,4,4,1800,21600,23400,0.0414225,1938573000,969.2865,True,
ucc.qre.campaign-results.v1,w7-fixed-total-error-20260803-local,hdiag-20000,20000,semantic_first,semantic-first,completed_valid,20260803,1e-09,1.0000000000000002e-10,4.5000000000000005e-10,4.5000000000000005e-10,1e-09,1.0000000000000002e-10,5.411893999999999e-10,4.588106000000002e-10,surface_code_improved,0.0001,5e-07,3388b8078e4ea550361b4370fd5206b1784ffda4521260d8a3cb8d22c227b2c7,exact_commuting_pauli_clifford_canonical_v1,True,completed_valid,34.76756075001322,4,42,24,12,22,native Qiskit semantic circuit,19998,373923,True,t_cost_greedy,2444,3.9999999999999996e-10,2.3506288e-10,2,11,15,360,20655,21015,1.0000000000000002e-17,8.406000000000002e-13,4.0348800000000007e-11,8.554000000000006e-47,4.1189400000000005e-11,parallel_16,16,16,1800,86400,88200,0.0105075,1853523000,926.7615,True,
ucc.qre.campaign-results.v1,w7-fixed-total-error-20260803-local,hdiag-20000,20000,semantic_first,semantic-first,completed_valid,20260803,1e-09,1.0000000000000002e-10,4.5000000000000005e-10,4.5000000000000005e-10,1e-09,1.0000000000000002e-10,5.417294e-10,4.582706000000001e-10,surface_code_improved,0.0001,5e-07,3388b8078e4ea550361b4370fd5206b1784ffda4521260d8a3cb8d22c227b2c7,exact_commuting_pauli_clifford_canonical_v1,True,completed_valid,34.76756075001322,4,42,24,12,22,native Qiskit semantic circuit,19998,373923,True,t_cost_greedy,2444,3.9999999999999996e-10,2.3506288e-10,2,11,15,360,10395,10755,1.0000000000000002e-17,4.302000000000001e-13,4.129920000000001e-11,8.554000000000006e-47,4.172940000000001e-11,parallel_32,32,32,1800,172800,174600,0.0053774999999999995,1877823000,938.9114999999999,True,
ucc.qre.campaign-results.v1,w7-fixed-total-error-20260803-local,hdiag-20000,20000,materialize_first,materialize-first,completed_valid,20260803,0.001,0.0001,0.00045000000000000004,0.00045000000000000004,0.001,0.0001,0.0004411751087500001,0.0005588248912499999,surface_code_conservative,0.001,1e-06,4b793b3078c3793607e15b4fcf626c511632e0aeee7003c81db867e98f8d07e9,dense_unitary_projective_n_le_6_v1,True,completed_invalid,26.41410720802378,4,47988,27993,23988,23992,materialized Qiskit basis circuit,67974,1045587,False,equal_decimal,1935352,0.00023992,0.00018142838684600003,0,8,25,699825,532221800,532921625,1.0000000000000008e-14,2.1316865000000017e-05,7.993824375000006e-05,6.773732000000017e-35,0.00010125510875000007,serial_1,1,1,5000,18750,23750,532.921625,12656888593750,12656888.593749998,True,
ucc.qre.campaign-results.v1,w7-fixed-total-error-20260803-local,hdiag-20000,20000,materialize_first,materialize-first,completed_valid,20260803,0.001,0.0001,0.00045000000000000004,0.00045000000000000004,0.001,0.0001,0.0004255233760000001,0.0005744766239999999,surface_code_conservative,0.001,1e-06,4b793b3078c3793607e15b4fcf626c511632e0aeee7003c81db867e98f8d07e9,dense_unitary_projective_n_le_6_v1,True,completed_invalid,26.41410720802378,4,47988,27993,23988,23992,materialized Qiskit basis circuit,67974,1045587,False,equal_decimal,1935352,0.00023992,0.00018142838684600003,0,8,25,699825,133055450,133755275,1.0000000000000008e-14,5.350211000000004e-06,8.025316500000006e-05,6.773732000000017e-35,8.560337600000007e-05,modest_4,4,4,5000,75000,80000,133.75527499999998,10700422000000,10700421.999999998,True,
ucc.qre.campaign-results.v1,w7-fixed-total-error-20260803-local,hdiag-20000,20000,materialize_first,materialize-first,completed_valid,20260803,0.001,0.0001,0.00045000000000000004,0.00045000000000000004,0.001,0.0001,0.00042279173300000005,0.000577208267,surface_code_conservative,0.001,1e-06,4b793b3078c3793607e15b4fcf626c511632e0aeee7003c81db867e98f8d07e9,dense_unitary_projective_n_le_6_v1,True,completed_invalid,26.41410720802378,4,47988,27993,23988,23992,materialized Qiskit basis circuit,67974,1045587,False,equal_decimal,1935352,0.00023992,0.00018142838684600003,0,8,25,699825,33264000,33963825,1.0000000000000008e-14,1.358553000000001e-06,8.151318000000007e-05,6.773732000000017e-35,8.287173300000007e-05,parallel_16,16,16,5000,300000,305000,33.963825,10358966625000,10358966.625,True,
ucc.qre.campaign-results.v1,w7-fixed-total-error-20260803-local,hdiag-20000,20000,materialize_first,materialize-first,completed_valid,20260803,0.001,0.0001,0.00045000000000000004,0.00045000000000000004,0.001,0.0001,0.00042380603300000007,0.000576193967,surface_code_conservative,0.001,1e-06,4b793b3078c3793607e15b4fcf626c511632e0aeee7003c81db867e98f8d07e9,dense_unitary_projective_n_le_6_v1,True,completed_invalid,26.41410720802378,4,47988,27993,23988,23992,materialized Qiskit basis circuit,67974,1045587,False,equal_decimal,1935352,0.00023992,0.00018142838684600003,0,8,25,699825,16632000,17331825,1.0000000000000008e-14,6.932730000000005e-07,8.319276000000007e-05,6.773732000000017e-35,8.388603300000006e-05,parallel_32,32,32,5000,600000,605000,17.331825,10485754125000,10485754.125,True,
ucc.qre.campaign-results.v1,w7-fixed-total-error-20260803-local,hdiag-20000,20000,materialize_first,materialize-first,completed_valid,20260803,0.001,0.0001,0.00045000000000000004,0.00045000000000000004,0.001,0.0001,0.0006469724336000001,0.00035302756639999993,surface_code_improved,0.0001,5e-07,4b793b3078c3793607e15b4fcf626c511632e0aeee7003c81db867e98f8d07e9,dense_unitary_projective_n_le_6_v1,True,completed_invalid,26.41410720802378,4,47988,27993,23988,23992,materialized Qiskit basis circuit,67974,1045587,False,equal_decimal,1935352,0.00023992,0.00018142838684600003,0,8,11,307923,191599848,191907771,1.0000000000000003e-13,7.676310840000002e-05,0.00023028932520000007,6.773732000000006e-32,0.0003070524336000001,serial_1,1,1,968,2904,3872,95.9538855,743066889312,371533.444656,True,
ucc.qre.campaign-results.v1,w7-fixed-total-error-20260803-local,hdiag-20000,20000,materialize_first,materialize-first,completed_valid,20260803,0.001,0.0001,0.00045000000000000004,0.00045000000000000004,0.001,0.0001,0.000590601002,0.00040939899799999997,surface_code_improved,0.0001,5e-07,4b793b3078c3793607e15b4fcf626c511632e0aeee7003c81db867e98f8d07e9,dense_unitary_projective_n_le_6_v1,True,completed_invalid,26.41410720802378,4,47988,27993,23988,23992,materialized Qiskit basis circuit,67974,1045587,False,equal_decimal,1935352,0.00023992,0.00018142838684600003,0,8,11,307923,47899962,48207885,1.0000000000000003e-13,1.9283154000000006e-05,0.00023139784800000007,6.773732000000006e-32,0.0002506810020000001,modest_4,4,4,968,11616,12584,24.1039425,606648024840,303324.01242,True,
ucc.qre.campaign-results.v1,w7-fixed-total-error-20260803-local,hdiag-20000,20000,materialize_first,materialize-first,completed_valid,20260803,0.001,0.0001,0.00045000000000000004,0.00045000000000000004,0.001,0.0001,0.0005806660748,0.0004193339252,surface_code_improved,0.0001,5e-07,4b793b3078c3793607e15b4fcf626c511632e0aeee7003c81db867e98f8d07e9,dense_unitary_projective_n_le_6_v1,True,completed_invalid,26.41410720802378,4,47988,27993,23988,23992,materialized Qiskit basis circuit,67974,1045587,False,equal_decimal,1935352,0.00023992,0.00018142838684600003,0,8,11,307923,11975040,12282963,1.0000000000000003e-13,4.913185200000001e-06,0.00023583288960000006,6.773732000000006e-32,0.00024074607480000006,parallel_16,16,16,968,46464,47432,6.141481499999999,582605501016,291302.75050799997,True,
ucc.qre.campaign-results.v1,w7-fixed-total-error-20260803-local,hdiag-20000,20000,materialize_first,materialize-first,completed_valid,20260803,0.001,0.0001,0.00045000000000000004,0.00045000000000000004,0.001,0.0001,0.0005841831884000001,0.00041581681159999994,surface_code_improved,0.0001,5e-07,4b793b3078c3793607e15b4fcf626c511632e0aeee7003c81db867e98f8d07e9,dense_unitary_projective_n_le_6_v1,True,completed_invalid,26.41410720802378,4,47988,27993,23988,23992,materialized Qiskit basis circuit,67974,1045587,False,equal_decimal,1935352,0.00023992,0.00018142838684600003,0,8,11,307923,5987520,6295443,1.0000000000000003e-13,2.5181772000000006e-06,0.00024174501120000007,6.773732000000006e-32,0.00024426318840000007,parallel_32,32,32,968,92928,93896,3.1477215,591116915928,295558.457964,True,
ucc.qre.campaign-results.v1,w7-fixed-total-error-20260803-local,hdiag-20000,20000,materialize_first,materialize-first,completed_valid,20260803,0.001,0.0001,0.00045000000000000004,0.00045000000000000004,0.001,0.0001,0.0006446635847500003,0.0003553364152499997,surface_code_conservative,0.001,1e-06,4b793b3078c3793607e15b4fcf626c511632e0aeee7003c81db867e98f8d07e9,dense_unitary_projective_n_le_6_v1,True,completed_invalid,26.41410720802378,4,47988,27993,23988,23992,materialized Qiskit basis circuit,67974,1045587,False,t_cost_greedy,1911208,0.0004446700000000002,0.000284813010946,17,8,25,699825,525582200,526282025,1.0000000000000008e-14,2.1051281000000018e-05,7.894230375000006e-05,6.689228000000017e-35,9.999358475000008e-05,serial_1,1,1,5000,18750,23750,526.282025,12499198093750,12499198.09375,True,
ucc.qre.campaign-results.v1,w7-fixed-total-error-20260803-local,hdiag-20000,20000,materialize_first,materialize-first,completed_valid,20260803,0.001,0.0001,0.00045000000000000004,0.00045000000000000004,0.001,0.0001,0.0006292110400000003,0.0003707889599999997,surface_code_conservative,0.001,1e-06,4b793b3078c3793607e15b4fcf626c511632e0aeee7003c81db867e98f8d07e9,dense_unitary_projective_n_le_6_v1,True,completed_invalid,26.41410720802378,4,47988,27993,23988,23992,materialized Qiskit basis circuit,67974,1045587,False,t_cost_greedy,1911208,0.0004446700000000002,0.000284813010946,17,8,25,699825,131395550,132095375,1.0000000000000008e-14,5.2838150000000046e-06,7.925722500000007e-05,6.689228000000017e-35,8.454104000000007e-05,modest_4,4,4,5000,75000,80000,132.095375,10567630000000,10567630.0,True,
ucc.qre.campaign-results.v1,w7-fixed-total-error-20260803-local,hdiag-20000,20000,materialize_first,materialize-first,completed_valid,20260803,0.001,0.0001,0.00045000000000000004,0.00045000000000000004,0.001,0.0001,0.0006265291940000003,0.0003734708059999997,surface_code_conservative,0.001,1e-06,4b793b3078c3793607e15b4fcf626c511632e0aeee7003c81db867e98f8d07e9,dense_unitary_projective_n_le_6_v1,True,completed_invalid,26.41410720802378,4,47988,27993,23988,23992,materialized Qiskit basis circuit,67974,1045587,False,t_cost_greedy,1911208,0.0004446700000000002,0.000284813010946,17,8,25,699825,32849025,33548850,1.0000000000000008e-14,1.341954000000001e-06,8.051724000000006e-05,6.689228000000017e-35,8.185919400000006e-05,parallel_16,16,16,5000,300000,305000,33.54885,10232399250000,10232399.25,True,
ucc.qre.campaign-results.v1,w7-fixed-total-error-20260803-local,hdiag-20000,20000,materialize_first,materialize-first,completed_valid,20260803,0.001,0.0001,0.00045000000000000004,0.00045000000000000004,0.001,0.0001,0.0006275524590000003,0.0003724475409999997,surface_code_conservative,0.001,1e-06,4b793b3078c3793607e15b4fcf626c511632e0aeee7003c81db867e98f8d07e9,dense_unitary_projective_n_le_6_v1,True,completed_invalid,26.41410720802378,4,47988,27993,23988,23992,materialized Qiskit basis circuit,67974,1045587,False,t_cost_greedy,1911208,0.0004446700000000002,0.000284813010946,17,8,25,699825,16424650,17124475,1.0000000000000008e-14,6.849790000000006e-07,8.219748000000006e-05,6.689228000000017e-35,8.288245900000006e-05,parallel_32,32,32,5000,600000,605000,17.124475,10360307375000,10360307.375,True,
ucc.qre.campaign-results.v1,w7-fixed-total-error-20260803-local,hdiag-20000,20000,materialize_first,materialize-first,completed_valid,20260803,0.001,0.0001,0.00045000000000000004,0.00045000000000000004,0.001,0.0001,0.0008478980240000003,0.00015210197599999976,surface_code_improved,0.0001,5e-07,4b793b3078c3793607e15b4fcf626c511632e0aeee7003c81db867e98f8d07e9,dense_unitary_projective_n_le_6_v1,True,completed_invalid,26.41410720802378,4,47988,27993,23988,23992,materialized Qiskit basis circuit,67974,1045587,False,t_cost_greedy,1911208,0.0004446700000000002,0.000284813010946,17,8,11,307923,189209592,189517515,1.0000000000000003e-13,7.580700600000002e-05,0.00022742101800000007,6.689228000000006e-32,0.00030322802400000007,serial_1,1,1,968,2904,3872,94.7587575,733811818080,366905.90904,True,
ucc.qre.campaign-results.v1,w7-fixed-total-error-20260803-local,hdiag-20000,20000,materialize_first,materialize-first,completed_valid,20260803,0.001,0.0001,0.00045000000000000004,0.00045000000000000004,0.001,0.0001,0.0007922436692000003,0.00020775633079999972,surface_code_improved,0.0001,5e-07,4b793b3078c3793607e15b4fcf626c511632e0aeee7003c81db867e98f8d07e9,dense_unitary_projective_n_le_6_v1,True,completed_invalid,26.41410720802378,4,47988,27993,23988,23992,materialized Qiskit basis circuit,67974,1045587,False,t_cost_greedy,1911208,0.0004446700000000002,0.000284813010946,17,8,11,307923,47302398,47610321,1.0000000000000003e-13,1.9044128400000006e-05,0.00022852954080000007,6.689228000000006e-32,0.00024757366920000006,modest_4,4,4,968,11616,12584,23.8051605,599128279464,299564.139732,True,
ucc.qre.campaign-results.v1,w7-fixed-total-error-20260803-local,hdiag-20000,20000,materialize_first,materialize-first,completed_valid,20260803,0.001,0.0001,0.00045000000000000004,0.00045000000000000004,0.001,0.0001,0.0007824880112000004,0.00021751198879999965,surface_code_improved,0.0001,5e-07,4b793b3078c3793607e15b4fcf626c511632e0aeee7003c81db867e98f8d07e9,dense_unitary_projective_n_le_6_v1,True,completed_invalid,26.41410720802378,4,47988,27993,23988,23992,materialized Qiskit basis circuit,67974,1045587,False,t_cost_greedy,1911208,0.0004446700000000002,0.000284813010946,17,8,11,307923,11825649,12133572,1.0000000000000003e-13,4.853428800000001e-06,0.00023296458240000005,6.689228000000006e-32,0.00023781801120000007,parallel_16,16,16,968,46464,47432,6.066786,575519587104,287759.79355199996,True,
ucc.qre.campaign-results.v1,w7-fixed-total-error-20260803-local,hdiag-20000,20000,materialize_first,materialize-first,completed_valid,20260803,0.001,0.0001,0.00045000000000000004,0.00045000000000000004,0.001,0.0001,0.0007860369236000003,0.00021396307639999967,surface_code_improved,0.0001,5e-07,4b793b3078c3793607e15b4fcf626c511632e0aeee7003c81db867e98f8d07e9,dense_unitary_projective_n_le_6_v1,True,completed_invalid,26.41410720802378,4,47988,27993,23988,23992,materialized Qiskit basis circuit,67974,1045587,False,t_cost_greedy,1911208,0.0004446700000000002,0.000284813010946,17,8,11,307923,5912874,6220797,1.0000000000000003e-13,2.488318800000001e-06,0.00023887860480000008,6.689228000000006e-32,0.00024136692360000008,parallel_32,32,32,968,92928,93896,3.1103985,584107955112,292053.977556,True,
ucc.qre.campaign-results.v1,w7-fixed-total-error-20260803-local,hdiag-20000,20000,materialize_first,materialize-first,completed_valid,20260803,1e-06,1e-07,4.5e-07,4.5e-07,1e-06,1e-07,5.136644156700001e-07,4.863355843299998e-07,surface_code_conservative,0.001,1e-06,4b793b3078c3793607e15b4fcf626c511632e0aeee7003c81db867e98f8d07e9,dense_unitary_projective_n_le_6_v1,True,completed_invalid,26.41410720802378,4,47988,27993,23988,23992,materialized Qiskit basis circuit,67974,1045587,False,equal_decimal,2679110,2.3992e-07,1.60448191708e-07,0,11,31,867783,913576510,914444293,1.0000000000000008e-17,3.657777172000003e-08,1.3716664395000013e-07,9.376885000000024e-44,1.7374441567000014e-07,serial_1,1,1,7688,28830,36518,914.4442929999999,33393676691774,33393676.691773996,True,
ucc.qre.campaign-results.v1,w7-fixed-total-error-20260803-local,hdiag-20000,20000,materialize_first,materialize-first,completed_valid,20260803,1e-06,1e-07,4.5e-07,4.5e-07,1e-06,1e-07,4.866477318400001e-07,5.133522681599999e-07,surface_code_conservative,0.001,1e-06,4b793b3078c3793607e15b4fcf626c511632e0aeee7003c81db867e98f8d07e9,dense_unitary_projective_n_le_6_v1,True,completed_invalid,26.41410720802378,4,47988,27993,23988,23992,materialized Qiskit basis circuit,67974,1045587,False,equal_decimal,2679110,2.3992e-07,1.60448191708e-07,0,11,31,867783,228394298,229262081,1.0000000000000008e-17,9.170483240000008e-09,1.3755724860000012e-07,9.376885000000024e-44,1.4672773184000013e-07,modest_4,4,4,7688,115320,123008,229.262081,28201070059648,28201070.059648,True,
ucc.qre.campaign-results.v1,w7-fixed-total-error-20260803-local,hdiag-20000,20000,materialize_first,materialize-first,completed_valid,20260803,1e-06,1e-07,4.5e-07,4.5e-07,1e-06,1e-07,4.813583283200001e-07,5.186416716799998e-07,surface_code_conservative,0.001,1e-06,4b793b3078c3793607e15b4fcf626c511632e0aeee7003c81db867e98f8d07e9,dense_unitary_projective_n_le_6_v1,True,completed_invalid,26.41410720802378,4,47988,27993,23988,23992,materialized Qiskit basis circuit,67974,1045587,False,equal_decimal,2679110,2.3992e-07,1.60448191708e-07,0,11,31,867783,57098745,57966528,1.0000000000000008e-17,2.318661120000002e-09,1.3911966720000012e-07,9.376885000000024e-44,1.4143832832000012e-07,parallel_16,16,16,7688,461280,468968,57.966528,27184446703104,27184446.703103997,True,
ucc.qre.campaign-results.v1,w7-fixed-total-error-20260803-local,hdiag-20000,20000,materialize_first,materialize-first,completed_valid,20260803,1e-06,1e-07,4.5e-07,4.5e-07,1e-06,1e-07,4.822998578400001e-07,5.177001421599999e-07,surface_code_conservative,0.001,1e-06,4b793b3078c3793607e15b4fcf626c511632e0aeee7003c81db867e98f8d07e9,dense_unitary_projective_n_le_6_v1,True,completed_invalid,26.41410720802378,4,47988,27993,23988,23992,materialized Qiskit basis circuit,67974,1045587,False,equal_decimal,2679110,2.3992e-07,1.60448191708e-07,0,11,31,867783,28549543,29417326,1.0000000000000008e-17,1.176693040000001e-09,1.4120316480000013e-07,9.376885000000024e-44,1.4237985784000013e-07,parallel_32,32,32,7688,922560,930248,29.417326,27365408676848,27365408.676847998,True,
ucc.qre.campaign-results.v1,w7-fixed-total-error-20260803-local,hdiag-20000,20000,materialize_first,materialize-first,completed_valid,20260803,1e-06,1e-07,4.5e-07,4.5e-07,1e-06,1e-07,3.978559592e-07,6.021440408e-07,surface_code_improved,0.0001,5e-07,4b793b3078c3793607e15b4fcf626c511632e0aeee7003c81db867e98f8d07e9,dense_unitary_projective_n_le_6_v1,True,completed_invalid,26.41410720802378,4,47988,27993,23988,23992,materialized Qiskit basis circuit,67974,1045587,False,equal_decimal,2679110,2.3992e-07,1.60448191708e-07,0,11,15,419895,361679850,362099745,1.0000000000000002e-17,1.4483989800000003e-08,4.345196940000001e-08,9.376885000000006e-44,5.793595920000001e-08,serial_1,1,1,1800,5400,7200,181.0498725,2607118164000,1303559.082,True,
ucc.qre.campaign-results.v1,w7-fixed-total-error-20260803-local,hdiag-20000,20000,materialize_first,materialize-first,completed_valid,20260803,1e-06,1e-07,4.5e-07,4.5e-07,1e-06,1e-07,3.87156761e-07,6.128432389999999e-07,surface_code_improved,0.0001,5e-07,4b793b3078c3793607e15b4fcf626c511632e0aeee7003c81db867e98f8d07e9,dense_unitary_projective_n_le_6_v1,True,completed_invalid,26.41410720802378,4,47988,27993,23988,23992,materialized Qiskit basis circuit,67974,1045587,False,equal_decimal,2679110,2.3992e-07,1.60448191708e-07,0,11,15,419895,90420030,90839925,1.0000000000000002e-17,3.6335970000000006e-09,4.360316400000001e-08,9.376885000000006e-44,4.723676100000001e-08,modest_4,4,4,1800,21600,23400,45.4199625,2125654245000,1062827.1224999998,True,
ucc.qre.campaign-results.v1,w7-fixed-total-error-20260803-local,hdiag-20000,20000,materialize_first,materialize-first,completed_valid,20260803,1e-06,1e-07,4.5e-07,4.5e-07,1e-06,1e-07,3.850489412e-07,6.149510587999999e-07,surface_code_improved,0.0001,5e-07,4b793b3078c3793607e15b4fcf626c511632e0aeee7003c81db867e98f8d07e9,dense_unitary_projective_n_le_6_v1,True,completed_invalid,26.41410720802378,4,47988,27993,23988,23992,materialized Qiskit basis circuit,67974,1045587,False,equal_decimal,2679110,2.3992e-07,1.60448191708e-07,0,11,15,419895,22605075,23024970,1.0000000000000002e-17,9.209988000000002e-10,4.420794240000001e-08,9.376885000000006e-44,4.512894120000001e-08,parallel_16,16,16,1800,86400,88200,11.512485,2030802354000,1015401.177,True,
ucc.qre.campaign-results.v1,w7-fixed-total-error-20260803-local,hdiag-20000,20000,materialize_first,materialize-first,completed_valid,20260803,1e-06,1e-07,4.5e-07,4.5e-07,1e-06,1e-07,3.854033e-07,6.145966999999999e-07,surface_code_improved,0.0001,5e-07,4b793b3078c3793607e15b4fcf626c511632e0aeee7003c81db867e98f8d07e9,dense_unitary_projective_n_le_6_v1,True,completed_invalid,26.41410720802378,4,47988,27993,23988,23992,materialized Qiskit basis circuit,67974,1045587,False,equal_decimal,2679110,2.3992e-07,1.60448191708e-07,0,11,15,419895,11302605,11722500,1.0000000000000002e-17,4.689000000000001e-10,4.501440000000001e-08,9.376885000000006e-44,4.548330000000001e-08,parallel_32,32,32,1800,172800,174600,5.86125,2046748500000,1023374.25,True,
ucc.qre.campaign-results.v1,w7-fixed-total-error-20260803-local,hdiag-20000,20000,materialize_first,materialize-first,completed_valid,20260803,1e-06,1e-07,4.5e-07,4.5e-07,1e-06,1e-07,7.166804475900001e-07,2.8331955240999983e-07,surface_code_conservative,0.001,1e-06,4b793b3078c3793607e15b4fcf626c511632e0aeee7003c81db867e98f8d07e9,dense_unitary_projective_n_le_6_v1,True,completed_invalid,26.41410720802378,4,47988,27993,23988,23992,materialized Qiskit basis circuit,67974,1045587,False,t_cost_greedy,2650958,4.4476000000000007e-07,3.431425991099999e-07,17,11,31,867783,903976678,904844461,1.0000000000000008e-17,3.619377844000003e-08,1.357266691500001e-07,9.278353000000023e-44,1.7192044759000014e-07,serial_1,1,1,7688,28830,36518,904.8444609999999,33043110026798,33043110.026797995,True,
ucc.qre.campaign-results.v1,w7-fixed-total-error-20260803-local,hdiag-20000,20000,materialize_first,materialize-first,completed_valid,20260803,1e-06,1e-07,4.5e-07,4.5e-07,1e-06,1e-07,6.899517587200001e-07,3.1004824127999984e-07,surface_code_conservative,0.001,1e-06,4b793b3078c3793607e15b4fcf626c511632e0aeee7003c81db867e98f8d07e9,dense_unitary_projective_n_le_6_v1,True,completed_invalid,26.41410720802378,4,47988,27993,23988,23992,materialized Qiskit basis circuit,67974,1045587,False,t_cost_greedy,2650958,4.4476000000000007e-07,3.431425991099999e-07,17,11,31,867783,225994340,226862123,1.0000000000000008e-17,9.074484920000008e-09,1.361172738000001e-07,9.278353000000023e-44,1.4519175872000012e-07,modest_4,4,4,7688,115320,123008,226.862123,27905856025984,27905856.025984,True,
ucc.qre.campaign-results.v1,w7-fixed-total-error-20260803-local,hdiag-20000,20000,materialize_first,materialize-first,completed_valid,20260803,1e-06,1e-07,4.5e-07,4.5e-07,1e-06,1e-07,6.847339379200001e-07,3.152660620799998e-07,surface_code_conservative,0.001,1e-06,4b793b3078c3793607e15b4fcf626c511632e0aeee7003c81db867e98f8d07e9,dense_unitary_projective_n_le_6_v1,True,completed_invalid,26.41410720802378,4,47988,27993,23988,23992,materialized Qiskit basis circuit,67974,1045587,False,t_cost_greedy,2650958,4.4476000000000007e-07,3.431425991099999e-07,17,11,31,867783,56498585,57366368,1.0000000000000008e-17,2.294654720000002e-09,1.3767928320000011e-07,9.278353000000023e-44,1.3997393792000011e-07,parallel_16,16,16,7688,461280,468968,57.366367999999994,26902990868224,26902990.868224,True,
ucc.qre.campaign-results.v1,w7-fixed-total-error-20260803-local,hdiag-20000,20000,materialize_first,materialize-first,completed_valid,20260803,1e-06,1e-07,4.5e-07,4.5e-07,1e-06,1e-07,6.856874706400001e-07,3.1431252935999983e-07,surface_code_conservative,0.001,1e-06,4b793b3078c3793607e15b4fcf626c511632e0aeee7003c81db867e98f8d07e9,dense_unitary_projective_n_le_6_v1,True,completed_invalid,26.41410720802378,4,47988,27993,23988,23992,materialized Qiskit basis circuit,67974,1045587,False,t_cost_greedy,2650958,4.4476000000000007e-07,3.431425991099999e-07,17,11,31,867783,28249463,29117246,1.0000000000000008e-17,1.164689840000001e-09,1.3976278080000012e-07,9.278353000000023e-44,1.4092747064000013e-07,parallel_32,32,32,7688,922560,930248,29.117245999999998,27086259857008,27086259.857008,True,
ucc.qre.campaign-results.v1,w7-fixed-total-error-20260803-local,hdiag-20000,20000,materialize_first,materialize-first,completed_valid,20260803,1e-06,1e-07,4.5e-07,4.5e-07,1e-06,1e-07,6.02087876e-07,3.9791212399999997e-07,surface_code_improved,0.0001,5e-07,4b793b3078c3793607e15b4fcf626c511632e0aeee7003c81db867e98f8d07e9,dense_unitary_projective_n_le_6_v1,True,completed_invalid,26.41410720802378,4,47988,27993,23988,23992,materialized Qiskit basis circuit,67974,1045587,False,t_cost_greedy,2650958,4.4476000000000007e-07,3.431425991099999e-07,17,11,15,419895,357879330,358299225,1.0000000000000002e-17,1.4331969000000004e-08,4.299590700000001e-08,9.278353000000007e-44,5.7327876000000016e-08,serial_1,1,1,1800,5400,7200,179.1496125,2579754420000,1289877.21,True,
ucc.qre.campaign-results.v1,w7-fixed-total-error-20260803-local,hdiag-20000,20000,materialize_first,materialize-first,completed_valid,20260803,1e-06,1e-07,4.5e-07,4.5e-07,1e-06,1e-07,5.915026934e-07,4.084973066e-07,surface_code_improved,0.0001,5e-07,4b793b3078c3793607e15b4fcf626c511632e0aeee7003c81db867e98f8d07e9,dense_unitary_projective_n_le_6_v1,True,completed_invalid,26.41410720802378,4,47988,27993,23988,23992,materialized Qiskit basis circuit,67974,1045587,False,t_cost_greedy,2650958,4.4476000000000007e-07,3.431425991099999e-07,17,11,15,419895,89469900,89889795,1.0000000000000002e-17,3.595591800000001e-09,4.314710160000001e-08,9.278353000000007e-44,4.674269340000001e-08,modest_4,4,4,1800,21600,23400,44.944897499999996,2103421203000,1051710.6014999999,True,
ucc.qre.campaign-results.v1,w7-fixed-total-error-20260803-local,hdiag-20000,20000,materialize_first,materialize-first,completed_valid,20260803,1e-06,1e-07,4.5e-07,4.5e-07,1e-06,1e-07,5.894232452e-07,4.1057675479999995e-07,surface_code_improved,0.0001,5e-07,4b793b3078c3793607e15b4fcf626c511632e0aeee7003c81db867e98f8d07e9,dense_unitary_projective_n_le_6_v1,True,completed_invalid,26.41410720802378,4,47988,27993,23988,23992,materialized Qiskit basis circuit,67974,1045587,False,t_cost_greedy,2650958,4.4476000000000007e-07,3.431425991099999e-07,17,11,15,419895,22367475,22787370,1.0000000000000002e-17,9.114948000000002e-10,4.375175040000001e-08,9.278353000000007e-44,4.4663245200000006e-08,parallel_16,16,16,1800,86400,88200,11.393685,2009846034000,1004923.017,True,
ucc.qre.campaign-results.v1,w7-fixed-total-error-20260803-local,hdiag-20000,20000,materialize_first,materialize-first,completed_valid,20260803,1e-06,1e-07,4.5e-07,4.5e-07,1e-06,1e-07,5.89782356e-07,4.1021764399999995e-07,surface_code_improved,0.0001,5e-07,4b793b3078c3793607e15b4fcf626c511632e0aeee7003c81db867e98f8d07e9,dense_unitary_projective_n_le_6_v1,True,completed_invalid,26.41410720802378,4,47988,27993,23988,23992,materialized Qiskit basis circuit,67974,1045587,False,t_cost_greedy,2650958,4.4476000000000007e-07,3.431425991099999e-07,17,11,15,419895,11183805,11603700,1.0000000000000002e-17,4.641480000000001e-10,4.455820800000001e-08,9.278353000000007e-44,4.5022356000000005e-08,parallel_32,32,32,1800,172800,174600,5.80185,2026006020000,1013003.01,True,
ucc.qre.campaign-results.v1,w7-fixed-total-error-20260803-local,hdiag-20000,20000,materialize_first,materialize-first,completed_valid,20260803,1e-09,1.0000000000000002e-10,4.5000000000000005e-10,4.5000000000000005e-10,1e-09,1.0000000000000002e-10,6.014054265300003e-10,3.9859457346999977e-10,surface_code_conservative,0.001,1e-06,4b793b3078c3793607e15b4fcf626c511632e0aeee7003c81db867e98f8d07e9,dense_unitary_projective_n_le_6_v1,True,completed_invalid,26.41410720802378,4,47988,27993,23988,23992,materialized Qiskit basis circuit,67974,1045587,False,equal_decimal,3378878,2.3992e-10,1.6181771367500002e-10,0,14,37,1035741,1375203346,1376239087,1.0000000000000011e-20,5.504956348000006e-11,2.0643586305000023e-10,1.182607300000004e-52,2.614854265300003e-10,serial_1,1,1,10952,41070,52022,1376.239087,71594709783914,71594709.783914,True,
ucc.qre.campaign-results.v1,w7-fixed-total-error-20260803-local,hdiag-20000,20000,materialize_first,materialize-first,completed_valid,20260803,1e-09,1.0000000000000002e-10,4.5000000000000005e-10,4.5000000000000005e-10,1e-09,1.0000000000000002e-10,5.606155398400003e-10,4.393844601599998e-10,surface_code_conservative,0.001,1e-06,4b793b3078c3793607e15b4fcf626c511632e0aeee7003c81db867e98f8d07e9,dense_unitary_projective_n_le_6_v1,True,completed_invalid,26.41410720802378,4,47988,27993,23988,23992,materialized Qiskit basis circuit,67974,1045587,False,equal_decimal,3378878,2.3992e-10,1.6181771367500002e-10,0,14,37,1035741,343801040,344836781,1.0000000000000011e-20,1.3793471240000015e-11,2.0690206860000025e-10,1.182607300000004e-52,2.2069553984000027e-10,modest_4,4,4,10952,164280,175232,344.836781,60426438808192,60426438.80819199,True,
ucc.qre.campaign-results.v1,w7-fixed-total-error-20260803-local,hdiag-20000,20000,materialize_first,materialize-first,completed_valid,20260803,1e-09,1.0000000000000002e-10,4.5000000000000005e-10,4.5000000000000005e-10,1e-09,1.0000000000000002e-10,5.521658424400003e-10,4.478341575599998e-10,surface_code_conservative,0.001,1e-06,4b793b3078c3793607e15b4fcf626c511632e0aeee7003c81db867e98f8d07e9,dense_unitary_projective_n_le_6_v1,True,completed_invalid,26.41410720802378,4,47988,27993,23988,23992,materialized Qiskit basis circuit,67974,1045587,False,equal_decimal,3378878,2.3992e-10,1.6181771367500002e-10,0,14,37,1035741,85950260,86986001,1.0000000000000011e-20,3.479440040000004e-12,2.0876640240000024e-10,1.182607300000004e-52,2.1224584244000025e-10,parallel_16,16,16,10952,657120,668072,86.986001,58112911660072,58112911.660072,True,
ucc.qre.campaign-results.v1,w7-fixed-total-error-20260803-local,hdiag-20000,20000,materialize_first,materialize-first,completed_valid,20260803,1e-09,1.0000000000000002e-10,4.5000000000000005e-10,4.5000000000000005e-10,1e-09,1.0000000000000002e-10,5.529326156400002e-10,4.4706738435999984e-10,surface_code_conservative,0.001,1e-06,4b793b3078c3793607e15b4fcf626c511632e0aeee7003c81db867e98f8d07e9,dense_unitary_projective_n_le_6_v1,True,completed_invalid,26.41410720802378,4,47988,27993,23988,23992,materialized Qiskit basis circuit,67974,1045587,False,equal_decimal,3378878,2.3992e-10,1.6181771367500002e-10,0,14,37,1035741,42975130,44010871,1.0000000000000011e-20,1.7604348400000021e-12,2.1125218080000025e-10,1.182607300000004e-52,2.1301261564000025e-10,parallel_32,32,32,10952,1314240,1325192,44.010870999999995,58322854162232,58322854.16223199,True,
ucc.qre.campaign-results.v1,w7-fixed-total-error-20260803-local,hdiag-20000,20000,materialize_first,materialize-first,completed_valid,20260803,1e-09,1.0000000000000002e-10,4.5000000000000005e-10,4.5000000000000005e-10,1e-09,1.0000000000000002e-10,3.4917312008e-10,6.508268799200001e-10,surface_code_improved,0.0001,5e-07,4b793b3078c3793607e15b4fcf626c511632e0aeee7003c81db867e98f8d07e9,dense_unitary_projective_n_le_6_v1,True,completed_invalid,26.41410720802378,4,47988,27993,23988,23992,materialized Qiskit basis circuit,67974,1045587,False,equal_decimal,3378878,2.3992e-10,1.6181771367500002e-10,0,14,19,531867,577788138,578320005,1.0000000000000003e-21,2.3132800200000006e-12,6.939840060000002e-12,1.1826073000000011e-55,9.253120080000002e-12,serial_1,1,1,2888,8664,11552,289.16000249999996,6680752697760,3340376.3488799995,True,
ucc.qre.campaign-results.v1,w7-fixed-total-error-20260803-local,hdiag-20000,20000,materialize_first,materialize-first,completed_valid,20260803,1e-09,1.0000000000000002e-10,4.5000000000000005e-10,4.5000000000000005e-10,1e-09,1.0000000000000002e-10,3.47458907324e-10,6.52541092676e-10,surface_code_improved,0.0001,5e-07,4b793b3078c3793607e15b4fcf626c511632e0aeee7003c81db867e98f8d07e9,dense_unitary_projective_n_le_6_v1,True,completed_invalid,26.41410720802378,4,47988,27993,23988,23992,materialized Qiskit basis circuit,67974,1045587,False,equal_decimal,3378878,2.3992e-10,1.6181771367500002e-10,0,14,19,531867,144447120,144978987,1.0000000000000003e-21,5.799159480000002e-13,6.958991376000002e-12,1.1826073000000011e-55,7.538907324000002e-12,modest_4,4,4,2888,34656,37544,72.4894935,5443091087928,2721545.543964,True,
ucc.qre.campaign-results.v1,w7-fixed-total-error-20260803-local,hdiag-20000,20000,materialize_first,materialize-first,completed_valid,20260803,1e-09,1.0000000000000002e-10,4.5000000000000005e-10,4.5000000000000005e-10,1e-09,1.0000000000000002e-10,3.47102154812e-10,6.528978451880001e-10,surface_code_improved,0.0001,5e-07,4b793b3078c3793607e15b4fcf626c511632e0aeee7003c81db867e98f8d07e9,dense_unitary_projective_n_le_6_v1,True,completed_invalid,26.41410720802378,4,47988,27993,23988,23992,materialized Qiskit basis circuit,67974,1045587,False,equal_decimal,3378878,2.3992e-10,1.6181771367500002e-10,0,14,19,531867,36111780,36643647,1.0000000000000003e-21,1.4657458800000003e-13,7.035580224000002e-12,1.1826073000000011e-55,7.182154812000002e-12,parallel_16,16,16,2888,138624,141512,18.3218235,5185515774264,2592757.887132,True,
ucc.qre.campaign-results.v1,w7-fixed-total-error-20260803-local,hdiag-20000,20000,materialize_first,materialize-first,completed_valid,20260803,1e-09,1.0000000000000002e-10,4.5000000000000005e-10,4.5000000000000005e-10,1e-09,1.0000000000000002e-10,3.47132049716e-10,6.528679502840001e-10,surface_code_improved,0.0001,5e-07,4b793b3078c3793607e15b4fcf626c511632e0aeee7003c81db867e98f8d07e9,dense_unitary_projective_n_le_6_v1,True,completed_invalid,26.41410720802378,4,47988,27993,23988,23992,materialized Qiskit basis circuit,67974,1045587,False,equal_decimal,3378878,2.3992e-10,1.6181771367500002e-10,0,14,19,531867,18055890,18587757,1.0000000000000003e-21,7.435102800000002e-14,7.137698688000002e-12,1.1826073000000011e-55,7.212049716000002e-12,parallel_32,32,32,2888,277248,280136,9.2938785,5207099894952,2603549.947476,True,
ucc.qre.campaign-results.v1,w7-fixed-total-error-20260803-local,hdiag-20000,20000,materialize_first,materialize-first,completed_valid,20260803,1e-09,1.0000000000000002e-10,4.5000000000000005e-10,4.5000000000000005e-10,1e-09,1.0000000000000002e-10,8.042880616900005e-10,1.957119383099996e-10,surface_code_conservative,0.001,1e-06,4b793b3078c3793607e15b4fcf626c511632e0aeee7003c81db867e98f8d07e9,dense_unitary_projective_n_le_6_v1,True,completed_invalid,26.41410720802378,4,47988,27993,23988,23992,materialized Qiskit basis circuit,67974,1045587,False,t_cost_greedy,3354730,4.4467000000000013e-10,2.5624054541300004e-10,17,14,37,1035741,1365375110,1366410851,1.0000000000000011e-20,5.465643404000006e-11,2.0496162765000023e-10,1.174155500000004e-52,2.5961806169000027e-10,serial_1,1,1,10952,41070,52022,1366.4108509999999,71083425290722,71083425.290722,True,
ucc.qre.campaign-results.v1,w7-fixed-total-error-20260803-local,hdiag-20000,20000,materialize_first,materialize-first,completed_valid,20260803,1e-09,1.0000000000000002e-10,4.5000000000000005e-10,4.5000000000000005e-10,1e-09,1.0000000000000002e-10,7.637930220800004e-10,2.362069779199997e-10,surface_code_conservative,0.001,1e-06,4b793b3078c3793607e15b4fcf626c511632e0aeee7003c81db867e98f8d07e9,dense_unitary_projective_n_le_6_v1,True,completed_invalid,26.41410720802378,4,47988,27993,23988,23992,materialized Qiskit basis circuit,67974,1045587,False,t_cost_greedy,3354730,4.4467000000000013e-10,2.5624054541300004e-10,17,14,37,1035741,341343981,342379722,1.0000000000000011e-20,1.3695188880000015e-11,2.0542783320000024e-10,1.174155500000004e-52,2.1912302208000027e-10,modest_4,4,4,10952,164280,175232,342.37972199999996,59995883445504,59995883.445503995,True,
ucc.qre.campaign-results.v1,w7-fixed-total-error-20260803-local,hdiag-20000,20000,materialize_first,materialize-first,completed_valid,20260803,1e-09,1.0000000000000002e-10,4.5000000000000005e-10,4.5000000000000005e-10,1e-09,1.0000000000000002e-10,7.554172847200004e-10,2.445827152799997e-10,surface_code_conservative,0.001,1e-06,4b793b3078c3793607e15b4fcf626c511632e0aeee7003c81db867e98f8d07e9,dense_unitary_projective_n_le_6_v1,True,completed_invalid,26.41410720802378,4,47988,27993,23988,23992,materialized Qiskit basis circuit,67974,1045587,False,t_cost_greedy,3354730,4.4467000000000013e-10,2.5624054541300004e-10,17,14,37,1035741,85336097,86371838,1.0000000000000011e-20,3.454873520000004e-12,2.0729241120000024e-10,1.174155500000004e-52,2.1074728472000024e-10,parallel_16,16,16,10952,657120,668072,86.371838,57702606556336,57702606.556336,True,
ucc.qre.campaign-results.v1,w7-fixed-total-error-20260803-local,hdiag-20000,20000,materialize_first,materialize-first,completed_valid,20260803,1e-09,1.0000000000000002e-10,4.5000000000000005e-10,4.5000000000000005e-10,1e-09,1.0000000000000002e-10,7.561973261200004e-10,2.4380267387999967e-10,surface_code_conservative,0.001,1e-06,4b793b3078c3793607e15b4fcf626c511632e0aeee7003c81db867e98f8d07e9,dense_unitary_projective_n_le_6_v1,True,completed_invalid,26.41410720802378,4,47988,27993,23988,23992,materialized Qiskit basis circuit,67974,1045587,False,t_cost_greedy,3354730,4.4467000000000013e-10,2.5624054541300004e-10,17,14,37,1035741,42668252,43703993,1.0000000000000011e-20,1.748159720000002e-12,2.0977916640000024e-10,1.174155500000004e-52,2.1152732612000024e-10,parallel_32,32,32,10952,1314240,1325192,43.703993,57916181891656,57916181.891656,True,
ucc.qre.campaign-results.v1,w7-fixed-total-error-20260803-local,hdiag-20000,20000,materialize_first,materialize-first,completed_valid,20260803,1e-09,1.0000000000000002e-10,4.5000000000000005e-10,4.5000000000000005e-10,1e-09,1.0000000000000002e-10,5.538570511520001e-10,4.461429488479999e-10,surface_code_improved,0.0001,5e-07,4b793b3078c3793607e15b4fcf626c511632e0aeee7003c81db867e98f8d07e9,dense_unitary_projective_n_le_6_v1,True,completed_invalid,26.41410720802378,4,47988,27993,23988,23992,materialized Qiskit basis circuit,67974,1045587,False,t_cost_greedy,3354730,4.4467000000000013e-10,2.5624054541300004e-10,17,14,19,531867,573658830,574190697,1.0000000000000003e-21,2.2967627880000008e-12,6.890288364000002e-12,1.174155500000001e-55,9.187051152000003e-12,serial_1,1,1,2888,8664,11552,287.0953485,6633050931744,3316525.465872,True,
ucc.qre.campaign-results.v1,w7-fixed-total-error-20260803-local,hdiag-20000,20000,materialize_first,materialize-first,completed_valid,20260803,1e-09,1.0000000000000002e-10,4.5000000000000005e-10,4.5000000000000005e-10,1e-09,1.0000000000000002e-10,5.521552263200002e-10,4.478447736799999e-10,surface_code_improved,0.0001,5e-07,4b793b3078c3793607e15b4fcf626c511632e0aeee7003c81db867e98f8d07e9,dense_unitary_projective_n_le_6_v1,True,completed_invalid,26.41410720802378,4,47988,27993,23988,23992,materialized Qiskit basis circuit,67974,1045587,False,t_cost_greedy,3354730,4.4467000000000013e-10,2.5624054541300004e-10,17,14,19,531867,143414793,143946660,1.0000000000000003e-21,5.757866400000001e-13,6.909439680000002e-12,1.174155500000001e-55,7.485226320000003e-12,modest_4,4,4,2888,34656,37544,71.97332999999999,5404333403040,2702166.7015199997,True,
ucc.qre.campaign-results.v1,w7-fixed-total-error-20260803-local,hdiag-20000,20000,materialize_first,materialize-first,completed_valid,20260803,1e-09,1.0000000000000002e-10,4.5000000000000005e-10,4.5000000000000005e-10,1e-09,1.0000000000000002e-10,5.518015791680001e-10,4.4819842083199993e-10,surface_code_improved,0.0001,5e-07,4b793b3078c3793607e15b4fcf626c511632e0aeee7003c81db867e98f8d07e9,dense_unitary_projective_n_le_6_v1,True,completed_invalid,26.41410720802378,4,47988,27993,23988,23992,materialized Qiskit basis circuit,67974,1045587,False,t_cost_greedy,3354730,4.4467000000000013e-10,2.5624054541300004e-10,17,14,19,531867,35853741,36385608,1.0000000000000003e-21,1.4554243200000005e-13,6.986036736000002e-12,1.174155500000001e-55,7.131579168000002e-12,parallel_16,16,16,2888,138624,141512,18.192804,5149000159296,2574500.0796479997,True,
ucc.qre.campaign-results.v1,w7-fixed-total-error-20260803-local,hdiag-20000,20000,materialize_first,materialize-first,completed_valid,20260803,1e-09,1.0000000000000002e-10,4.5000000000000005e-10,4.5000000000000005e-10,1e-09,1.0000000000000002e-10,5.518320233240001e-10,4.4816797667599995e-10,surface_code_improved,0.0001,5e-07,4b793b3078c3793607e15b4fcf626c511632e0aeee7003c81db867e98f8d07e9,dense_unitary_projective_n_le_6_v1,True,completed_invalid,26.41410720802378,4,47988,27993,23988,23992,materialized Qiskit basis circuit,67974,1045587,False,t_cost_greedy,3354730,4.4467000000000013e-10,2.5624054541300004e-10,17,14,19,531867,17926956,18458823,1.0000000000000003e-21,7.383529200000002e-14,7.088188032000002e-12,1.174155500000001e-55,7.1620233240000026e-12,parallel_32,32,32,2888,277248,280136,9.2294115,5170980839928,2585490.4199639997,True,
ucc.qre.campaign-results.v1,w7-fixed-total-error-20260803-local,hdiag-20000,20000,external_tket_paulisimp,external-semantic-capable,completed_valid,20260803,0.001,0.0001,0.00045000000000000004,0.00045000000000000004,0.001,0.0001,0.0005692973000000001,0.00043070269999999995,surface_code_conservative,0.001,1e-06,4d28d96712fe66eb0ec700d9084384c5a2c44dfd98b5c98f4f79f16dd0ada975,dense_unitary_projective_n_le_6_v1,True,predicate_error,2.3023666250519454,4,62,29,20,29,OpenQASM2 -> TKET CX-Rz-H -> OpenQASM2,67974,1045587,True,equal_decimal,502,0.00029,6.221073199999999e-05,0,5,17,493,93874,94367,1.0000000000000006e-10,3.774680000000002e-05,0.0001415505000000001,1.7570000000000028e-26,0.0001792973000000001,serial_1,1,1,2312,8670,10982,0.09436699999999999,1036338394,1036.3383939999999,True,1061.0
ucc.qre.campaign-results.v1,w7-fixed-total-error-20260803-local,hdiag-20000,20000,external_tket_paulisimp,external-semantic-capable,completed_valid,20260803,0.001,0.0001,0.00045000000000000004,0.00045000000000000004,0.001,0.0001,0.0005439520000000001,0.0004560479999999999,surface_code_conservative,0.001,1e-06,4d28d96712fe66eb0ec700d9084384c5a2c44dfd98b5c98f4f79f16dd0ada975,dense_unitary_projective_n_le_6_v1,True,predicate_error,2.3023666250519454,4,62,29,20,29,OpenQASM2 -> TKET CX-Rz-H -> OpenQASM2,67974,1045587,True,equal_decimal,502,0.00029,6.221073199999999e-05,0,5,17,493,23562,24055,1.0000000000000006e-10,9.622000000000005e-06,0.00014433000000000008,1.7570000000000028e-26,0.0001539520000000001,modest_4,4,4,2312,34680,36992,0.024055,889842560,889.84256,True,1061.0
ucc.qre.campaign-results.v1,w7-fixed-total-error-20260803-local,hdiag-20000,20000,external_tket_paulisimp,external-semantic-capable,completed_valid,20260803,0.001,0.0001,0.00045000000000000004,0.00045000000000000004,0.001,0.0001,0.0005480388000000001,0.0004519611999999999,surface_code_conservative,0.001,1e-06,4d28d96712fe66eb0ec700d9084384c5a2c44dfd98b5c98f4f79f16dd0ada975,dense_unitary_projective_n_le_6_v1,True,predicate_error,2.3023666250519454,4,62,29,20,29,OpenQASM2 -> TKET CX-Rz-H -> OpenQASM2,67974,1045587,True,equal_decimal,502,0.00029,6.221073199999999e-05,0,5,17,493,5984,6477,1.0000000000000006e-10,2.5908000000000015e-06,0.0001554480000000001,1.7570000000000028e-26,0.00015803880000000008,parallel_16,16,16,2312,138720,141032,0.006477,913464264,913.4642640000001,True,1061.0
ucc.qre.campaign-results.v1,w7-fixed-total-error-20260803-local,hdiag-20000,20000,external_tket_paulisimp,external-semantic-capable,completed_valid,20260803,0.001,0.0001,0.00045000000000000004,0.00045000000000000004,0.001,0.0001,0.0005586740000000001,0.0004413259999999999,surface_code_conservative,0.001,1e-06,4d28d96712fe66eb0ec700d9084384c5a2c44dfd98b5c98f4f79f16dd0ada975,dense_unitary_projective_n_le_6_v1,True,predicate_error,2.3023666250519454,4,62,29,20,29,OpenQASM2 -> TKET CX-Rz-H -> OpenQASM2,67974,1045587,True,equal_decimal,502,0.00029,6.221073199999999e-05,0,5,17,493,2992,3485,1.0000000000000006e-10,1.3940000000000008e-06,0.0001672800000000001,1.7570000000000028e-26,0.00016867400000000009,parallel_32,32,32,2312,277440,279752,0.003485,974935720,974.93572,True,1061.0
ucc.qre.campaign-results.v1,w7-fixed-total-error-20260803-local,hdiag-20000,20000,external_tket_paulisimp,external-semantic-capable,completed_valid,20260803,0.001,0.0001,0.00045000000000000004,0.00045000000000000004,0.001,0.0001,0.00039654768,0.00060345232,surface_code_improved,0.0001,5e-07,4d28d96712fe66eb0ec700d9084384c5a2c44dfd98b5c98f4f79f16dd0ada975,dense_unitary_projective_n_le_6_v1,True,predicate_error,2.3023666250519454,4,62,29,20,29,OpenQASM2 -> TKET CX-Rz-H -> OpenQASM2,67974,1045587,True,equal_decimal,502,0.00029,6.221073199999999e-05,0,5,9,261,40662,40923,1.0000000000000003e-11,1.6369200000000005e-06,4.910760000000001e-06,1.7570000000000012e-29,6.547680000000002e-06,serial_1,1,1,648,1944,2592,0.0204615,106072416,53.036208,True,1061.0
ucc.qre.campaign-results.v1,w7-fixed-total-error-20260803-local,hdiag-20000,20000,external_tket_paulisimp,external-semantic-capable,completed_valid,20260803,0.001,0.0001,0.00045000000000000004,0.00045000000000000004,0.001,0.0001,0.000813332,0.00018666799999999997,surface_code_improved,0.0001,5e-07,4d28d96712fe66eb0ec700d9084384c5a2c44dfd98b5c98f4f79f16dd0ada975,dense_unitary_projective_n_le_6_v1,True,predicate_error,2.3023666250519454,4,62,29,20,29,OpenQASM2 -> TKET CX-Rz-H -> OpenQASM2,67974,1045587,True,equal_decimal,502,0.00029,6.221073199999999e-05,0,5,7,203,7938,8141,1e-09,3.2564e-05,0.00039076800000000005,1.7570000000000004e-23,0.00042333200000000006,modest_4,4,4,392,4704,5096,0.0040704999999999995,41486536,20.743267999999997,True,1061.0
ucc.qre.campaign-results.v1,w7-fixed-total-error-20260803-local,hdiag-20000,20000,external_tket_paulisimp,external-semantic-capable,completed_valid,20260803,0.001,0.0001,0.00045000000000000004,0.00045000000000000004,0.001,0.0001,0.0008249240000000001,0.00017507599999999992,surface_code_improved,0.0001,5e-07,4d28d96712fe66eb0ec700d9084384c5a2c44dfd98b5c98f4f79f16dd0ada975,dense_unitary_projective_n_le_6_v1,True,predicate_error,2.3023666250519454,4,62,29,20,29,OpenQASM2 -> TKET CX-Rz-H -> OpenQASM2,67974,1045587,True,equal_decimal,502,0.00029,6.221073199999999e-05,0,5,7,203,2016,2219,1e-09,8.876000000000001e-06,0.00042604800000000005,1.7570000000000004e-23,0.00043492400000000005,parallel_16,16,16,392,18816,19208,0.0011095,42622552,21.311276,True,1061.0
ucc.qre.campaign-results.v1,w7-fixed-total-error-20260803-local,hdiag-20000,20000,external_tket_paulisimp,external-semantic-capable,completed_valid,20260803,0.001,0.0001,0.00045000000000000004,0.00045000000000000004,0.001,0.0001,0.00039604116,0.00060395884,surface_code_improved,0.0001,5e-07,4d28d96712fe66eb0ec700d9084384c5a2c44dfd98b5c98f4f79f16dd0ada975,dense_unitary_projective_n_le_6_v1,True,predicate_error,2.3023666250519454,4,62,29,20,29,OpenQASM2 -> TKET CX-Rz-H -> OpenQASM2,67974,1045587,True,equal_decimal,502,0.00029,6.221073199999999e-05,0,5,9,261,1296,1557,1.0000000000000003e-11,6.228000000000001e-08,5.978880000000002e-06,1.7570000000000012e-29,6.041160000000001e-06,parallel_32,32,32,648,62208,62856,0.0007785,97866792,48.933396,True,1061.0
ucc.qre.campaign-results.v1,w7-fixed-total-error-20260803-local,hdiag-20000,20000,external_tket_paulisimp,external-semantic-capable,completed_valid,20260803,0.001,0.0001,0.00045000000000000004,0.00045000000000000004,0.001,0.0001,0.0006529019000000001,0.00034709809999999993,surface_code_conservative,0.001,1e-06,4d28d96712fe66eb0ec700d9084384c5a2c44dfd98b5c98f4f79f16dd0ada975,dense_unitary_projective_n_le_6_v1,True,predicate_error,2.3023666250519454,4,62,29,20,29,OpenQASM2 -> TKET CX-Rz-H -> OpenQASM2,67974,1045587,True,t_cost_greedy,484,0.00038,0.000149707497,1,5,17,493,90508,91001,1.0000000000000006e-10,3.640040000000002e-05,0.0001365015000000001,1.6940000000000028e-26,0.0001729019000000001,serial_1,1,1,2312,8670,10982,0.091001,999372982,999.372982,True,1061.0
ucc.qre.campaign-results.v1,w7-fixed-total-error-20260803-local,hdiag-20000,20000,external_tket_paulisimp,external-semantic-capable,completed_valid,20260803,0.001,0.0001,0.00045000000000000004,0.00045000000000000004,0.001,0.0001,0.0006279680000000001,0.0003720319999999999,surface_code_conservative,0.001,1e-06,4d28d96712fe66eb0ec700d9084384c5a2c44dfd98b5c98f4f79f16dd0ada975,dense_unitary_projective_n_le_6_v1,True,predicate_error,2.3023666250519454,4,62,29,20,29,OpenQASM2 -> TKET CX-Rz-H -> OpenQASM2,67974,1045587,True,t_cost_greedy,484,0.00038,0.000149707497,1,5,17,493,22627,23120,1.0000000000000006e-10,9.248000000000005e-06,0.00013872000000000008,1.6940000000000028e-26,0.00014796800000000008,modest_4,4,4,2312,34680,36992,0.023119999999999998,855255040,855.2550399999999,True,1061.0
ucc.qre.campaign-results.v1,w7-fixed-total-error-20260803-local,hdiag-20000,20000,external_tket_paulisimp,external-semantic-capable,completed_valid,20260803,0.001,0.0001,0.00045000000000000004,0.00045000000000000004,0.001,0.0001,0.0006334760000000001,0.0003665239999999999,surface_code_conservative,0.001,1e-06,4d28d96712fe66eb0ec700d9084384c5a2c44dfd98b5c98f4f79f16dd0ada975,dense_unitary_projective_n_le_6_v1,True,predicate_error,2.3023666250519454,4,62,29,20,29,OpenQASM2 -> TKET CX-Rz-H -> OpenQASM2,67974,1045587,True,t_cost_greedy,484,0.00038,0.000149707497,1,5,17,493,5797,6290,1.0000000000000006e-10,2.5160000000000014e-06,0.00015096000000000009,1.6940000000000028e-26,0.0001534760000000001,parallel_16,16,16,2312,138720,141032,0.00629,887091280,887.09128,True,1061.0
ucc.qre.campaign-results.v1,w7-fixed-total-error-20260803-local,hdiag-20000,20000,external_tket_paulisimp,external-semantic-capable,completed_valid,20260803,0.001,0.0001,0.00045000000000000004,0.00045000000000000004,0.001,0.0001,0.0006486740000000001,0.0003513259999999999,surface_code_conservative,0.001,1e-06,4d28d96712fe66eb0ec700d9084384c5a2c44dfd98b5c98f4f79f16dd0ada975,dense_unitary_projective_n_le_6_v1,True,predicate_error,2.3023666250519454,4,62,29,20,29,OpenQASM2 -> TKET CX-Rz-H -> OpenQASM2,67974,1045587,True,t_cost_greedy,484,0.00038,0.000149707497,1,5,17,493,2992,3485,1.0000000000000006e-10,1.3940000000000008e-06,0.0001672800000000001,1.6940000000000028e-26,0.00016867400000000009,parallel_32,32,32,2312,277440,279752,0.003485,974935720,974.93572,True,1061.0
ucc.qre.campaign-results.v1,w7-fixed-total-error-20260803-local,hdiag-20000,20000,external_tket_paulisimp,external-semantic-capable,completed_valid,20260803,0.001,0.0001,0.00045000000000000004,0.00045000000000000004,0.001,0.0001,0.00048631440000000003,0.0005136856,surface_code_improved,0.0001,5e-07,4d28d96712fe66eb0ec700d9084384c5a2c44dfd98b5c98f4f79f16dd0ada975,dense_unitary_projective_n_le_6_v1,True,predicate_error,2.3023666250519454,4,62,29,20,29,OpenQASM2 -> TKET CX-Rz-H -> OpenQASM2,67974,1045587,True,t_cost_greedy,484,0.00038,0.000149707497,1,5,9,261,39204,39465,1.0000000000000003e-11,1.5786000000000004e-06,4.735800000000001e-06,1.6940000000000014e-29,6.314400000000002e-06,serial_1,1,1,648,1944,2592,0.0197325,102293280,51.14664,True,1061.0
ucc.qre.campaign-results.v1,w7-fixed-total-error-20260803-local,hdiag-20000,20000,external_tket_paulisimp,external-semantic-capable,completed_valid,20260803,0.001,0.0001,0.00045000000000000004,0.00045000000000000004,0.001,0.0001,0.0008869520000000001,0.00011304799999999992,surface_code_improved,0.0001,5e-07,4d28d96712fe66eb0ec700d9084384c5a2c44dfd98b5c98f4f79f16dd0ada975,dense_unitary_projective_n_le_6_v1,True,predicate_error,2.3023666250519454,4,62,29,20,29,OpenQASM2 -> TKET CX-Rz-H -> OpenQASM2,67974,1045587,True,t_cost_greedy,484,0.00038,0.000149707497,1,5,7,203,7623,7826,1e-09,3.1304000000000004e-05,0.000375648,1.6940000000000004e-23,0.00040695200000000003,modest_4,4,4,392,4704,5096,0.003913,39881296,19.940648,True,1061.0
ucc.qre.campaign-results.v1,w7-fixed-total-error-20260803-local,hdiag-20000,20000,external_tket_paulisimp,external-semantic-capable,completed_valid,20260803,0.001,0.0001,0.00045000000000000004,0.00045000000000000004,0.001,0.0001,0.000902576,9.742400000000003e-05,surface_code_improved,0.0001,5e-07,4d28d96712fe66eb0ec700d9084384c5a2c44dfd98b5c98f4f79f16dd0ada975,dense_unitary_projective_n_le_6_v1,True,predicate_error,2.3023666250519454,4,62,29,20,29,OpenQASM2 -> TKET CX-Rz-H -> OpenQASM2,67974,1045587,True,t_cost_greedy,484,0.00038,0.000149707497,1,5,7,203,1953,2156,1e-09,8.624e-06,0.00041395200000000004,1.6940000000000004e-23,0.00042257600000000003,parallel_16,16,16,392,18816,19208,0.001078,41412448,20.706224,True,1061.0
ucc.qre.campaign-results.v1,w7-fixed-total-error-20260803-local,hdiag-20000,20000,external_tket_paulisimp,external-semantic-capable,completed_valid,20260803,0.001,0.0001,0.00045000000000000004,0.00045000000000000004,0.001,0.0001,0.00048604116,0.00051395884,surface_code_improved,0.0001,5e-07,4d28d96712fe66eb0ec700d9084384c5a2c44dfd98b5c98f4f79f16dd0ada975,dense_unitary_projective_n_le_6_v1,True,predicate_error,2.3023666250519454,4,62,29,20,29,OpenQASM2 -> TKET CX-Rz-H -> OpenQASM2,67974,1045587,True,t_cost_greedy,484,0.00038,0.000149707497,1,5,9,261,1296,1557,1.0000000000000003e-11,6.228000000000001e-08,5.978880000000002e-06,1.6940000000000014e-29,6.041160000000001e-06,parallel_32,32,32,648,62208,62856,0.0007785,97866792,48.933396,True,1061.0
ucc.qre.campaign-results.v1,w7-fixed-total-error-20260803-local,hdiag-20000,20000,external_tket_paulisimp,external-semantic-capable,completed_valid,20260803,1e-06,1e-07,4.5e-07,4.5e-07,1e-06,1e-07,7.748659000000003e-07,2.2513409999999968e-07,surface_code_conservative,0.001,1e-06,4d28d96712fe66eb0ec700d9084384c5a2c44dfd98b5c98f4f79f16dd0ada975,dense_unitary_projective_n_le_6_v1,True,predicate_error,2.3023666250519454,4,62,29,20,29,OpenQASM2 -> TKET CX-Rz-H -> OpenQASM2,67974,1045587,True,equal_decimal,798,2.9000000000000003e-07,7.459519399999999e-08,0,8,23,667,201894,202561,1.0000000000000007e-13,8.102440000000006e-08,3.038415000000002e-07,2.793000000000006e-35,3.8486590000000025e-07,serial_1,1,1,4232,15870,20102,0.202561,4071881222,4071.881222,True,1061.0
ucc.qre.campaign-results.v1,w7-fixed-total-error-20260803-local,hdiag-20000,20000,external_tket_paulisimp,external-semantic-capable,completed_valid,20260803,1e-06,1e-07,4.5e-07,4.5e-07,1e-06,1e-07,7.181088000000002e-07,2.8189119999999974e-07,surface_code_conservative,0.001,1e-06,4d28d96712fe66eb0ec700d9084384c5a2c44dfd98b5c98f4f79f16dd0ada975,dense_unitary_projective_n_le_6_v1,True,predicate_error,2.3023666250519454,4,62,29,20,29,OpenQASM2 -> TKET CX-Rz-H -> OpenQASM2,67974,1045587,True,equal_decimal,798,2.9000000000000003e-07,7.459519399999999e-08,0,8,23,667,50600,51267,1.0000000000000007e-13,2.0506800000000012e-08,3.076020000000002e-07,2.793000000000006e-35,3.281088000000002e-07,modest_4,4,4,4232,63480,67712,0.051267,3471391104,3471.391104,True,1061.0
ucc.qre.campaign-results.v1,w7-fixed-total-error-20260803-local,hdiag-20000,20000,external_tket_paulisimp,external-semantic-capable,completed_valid,20260803,1e-06,1e-07,4.5e-07,4.5e-07,1e-06,1e-07,7.149348000000002e-07,2.850651999999998e-07,surface_code_conservative,0.001,1e-06,4d28d96712fe66eb0ec700d9084384c5a2c44dfd98b5c98f4f79f16dd0ada975,dense_unitary_projective_n_le_6_v1,True,predicate_error,2.3023666250519454,4,62,29,20,29,OpenQASM2 -> TKET CX-Rz-H -> OpenQASM2,67974,1045587,True,equal_decimal,798,2.9000000000000003e-07,7.459519399999999e-08,0,8,23,667,12650,13317,1.0000000000000007e-13,5.3268000000000036e-09,3.196080000000002e-07,2.793000000000006e-35,3.249348000000002e-07,parallel_16,16,16,4232,253920,258152,0.013316999999999999,3437810184,3437.810184,True,1061.0
ucc.qre.campaign-results.v1,w7-fixed-total-error-20260803-local,hdiag-20000,20000,external_tket_paulisimp,external-semantic-capable,completed_valid,20260803,1e-06,1e-07,4.5e-07,4.5e-07,1e-06,1e-07,7.284128000000003e-07,2.715871999999997e-07,surface_code_conservative,0.001,1e-06,4d28d96712fe66eb0ec700d9084384c5a2c44dfd98b5c98f4f79f16dd0ada975,dense_unitary_projective_n_le_6_v1,True,predicate_error,2.3023666250519454,4,62,29,20,29,OpenQASM2 -> TKET CX-Rz-H -> OpenQASM2,67974,1045587,True,equal_decimal,798,2.9000000000000003e-07,7.459519399999999e-08,0,8,23,667,6325,6992,1.0000000000000007e-13,2.7968000000000018e-09,3.3561600000000024e-07,2.793000000000006e-35,3.3841280000000023e-07,parallel_32,32,32,4232,507840,512072,0.006992,3580407424,3580.407424,True,1061.0
ucc.qre.campaign-results.v1,w7-fixed-total-error-20260803-local,hdiag-20000,20000,external_tket_paulisimp,external-semantic-capable,completed_valid,20260803,1e-06,1e-07,4.5e-07,4.5e-07,1e-06,1e-07,5.169136000000001e-07,4.830863999999999e-07,surface_code_improved,0.0001,5e-07,4d28d96712fe66eb0ec700d9084384c5a2c44dfd98b5c98f4f79f16dd0ada975,dense_unitary_projective_n_le_6_v1,True,predicate_error,2.3023666250519454,4,62,29,20,29,OpenQASM2 -> TKET CX-Rz-H -> OpenQASM2,67974,1045587,True,equal_decimal,798,2.9000000000000003e-07,7.459519399999999e-08,0,8,11,319,79002,79321,1.0000000000000003e-13,3.1728400000000006e-08,9.518520000000003e-08,2.7930000000000026e-35,1.2691360000000003e-07,serial_1,1,1,968,2904,3872,0.0396605,307130912,153.565456,True,1061.0
ucc.qre.campaign-results.v1,w7-fixed-total-error-20260803-local,hdiag-20000,20000,external_tket_paulisimp,external-semantic-capable,completed_valid,20260803,1e-06,1e-07,4.5e-07,4.5e-07,1e-06,1e-07,4.946188e-07,5.053812e-07,surface_code_improved,0.0001,5e-07,4d28d96712fe66eb0ec700d9084384c5a2c44dfd98b5c98f4f79f16dd0ada975,dense_unitary_projective_n_le_6_v1,True,predicate_error,2.3023666250519454,4,62,29,20,29,OpenQASM2 -> TKET CX-Rz-H -> OpenQASM2,67974,1045587,True,equal_decimal,798,2.9000000000000003e-07,7.459519399999999e-08,0,8,11,319,19800,20119,1.0000000000000003e-13,8.047600000000002e-09,9.657120000000002e-08,2.7930000000000026e-35,1.0461880000000002e-07,modest_4,4,4,968,11616,12584,0.010059499999999999,253177496,126.58874799999998,True,1061.0
ucc.qre.campaign-results.v1,w7-fixed-total-error-20260803-local,hdiag-20000,20000,external_tket_paulisimp,external-semantic-capable,completed_valid,20260803,1e-06,1e-07,4.5e-07,4.5e-07,1e-06,1e-07,4.932724e-07,5.067275999999999e-07,surface_code_improved,0.0001,5e-07,4d28d96712fe66eb0ec700d9084384c5a2c44dfd98b5c98f4f79f16dd0ada975,dense_unitary_projective_n_le_6_v1,True,predicate_error,2.3023666250519454,4,62,29,20,29,OpenQASM2 -> TKET CX-Rz-H -> OpenQASM2,67974,1045587,True,equal_decimal,798,2.9000000000000003e-07,7.459519399999999e-08,0,8,11,319,4950,5269,1.0000000000000003e-13,2.1076000000000005e-09,1.0116480000000004e-07,2.7930000000000026e-35,1.0327240000000003e-07,parallel_16,16,16,968,46464,47432,0.0026344999999999997,249919208,124.95960399999998,True,1061.0
ucc.qre.campaign-results.v1,w7-fixed-total-error-20260803-local,hdiag-20000,20000,external_tket_paulisimp,external-semantic-capable,completed_valid,20260803,1e-06,1e-07,4.5e-07,4.5e-07,1e-06,1e-07,4.984072e-07,5.015927999999999e-07,surface_code_improved,0.0001,5e-07,4d28d96712fe66eb0ec700d9084384c5a2c44dfd98b5c98f4f79f16dd0ada975,dense_unitary_projective_n_le_6_v1,True,predicate_error,2.3023666250519454,4,62,29,20,29,OpenQASM2 -> TKET CX-Rz-H -> OpenQASM2,67974,1045587,True,equal_decimal,798,2.9000000000000003e-07,7.459519399999999e-08,0,8,11,319,2475,2794,1.0000000000000003e-13,1.1176000000000004e-09,1.0728960000000003e-07,2.7930000000000026e-35,1.0840720000000004e-07,parallel_32,32,32,968,92928,93896,0.001397,262345424,131.172712,True,1061.0
ucc.qre.campaign-results.v1,w7-fixed-total-error-20260803-local,hdiag-20000,20000,external_tket_paulisimp,external-semantic-capable,completed_valid,20260803,1e-06,1e-07,4.5e-07,4.5e-07,1e-06,1e-07,8.571747000000004e-07,1.428252999999996e-07,surface_code_conservative,0.001,1e-06,4d28d96712fe66eb0ec700d9084384c5a2c44dfd98b5c98f4f79f16dd0ada975,dense_unitary_projective_n_le_6_v1,True,predicate_error,2.3023666250519454,4,62,29,20,29,OpenQASM2 -> TKET CX-Rz-H -> OpenQASM2,67974,1045587,True,t_cost_greedy,782,3.8e-07,1.48160644e-07,1,8,23,667,197846,198513,1.0000000000000007e-13,7.940520000000005e-08,2.977695000000002e-07,2.737000000000006e-35,3.7717470000000025e-07,serial_1,1,1,4232,15870,20102,0.198513,3990508326,3990.508326,True,1061.0
ucc.qre.campaign-results.v1,w7-fixed-total-error-20260803-local,hdiag-20000,20000,external_tket_paulisimp,external-semantic-capable,completed_valid,20260803,1e-06,1e-07,4.5e-07,4.5e-07,1e-06,1e-07,8.016320000000003e-07,1.9836799999999962e-07,surface_code_conservative,0.001,1e-06,4d28d96712fe66eb0ec700d9084384c5a2c44dfd98b5c98f4f79f16dd0ada975,dense_unitary_projective_n_le_6_v1,True,predicate_error,2.3023666250519454,4,62,29,20,29,OpenQASM2 -> TKET CX-Rz-H -> OpenQASM2,67974,1045587,True,t_cost_greedy,782,3.8e-07,1.48160644e-07,1,8,23,667,49588,50255,1.0000000000000007e-13,2.0102000000000014e-08,3.015300000000002e-07,2.737000000000006e-35,3.216320000000002e-07,modest_4,4,4,4232,63480,67712,0.050255,3402866560,3402.86656,True,1061.0
ucc.qre.campaign-results.v1,w7-fixed-total-error-20260803-local,hdiag-20000,20000,external_tket_paulisimp,external-semantic-capable,completed_valid,20260803,1e-06,1e-07,4.5e-07,4.5e-07,1e-06,1e-07,7.987616000000003e-07,2.0123839999999962e-07,surface_code_conservative,0.001,1e-06,4d28d96712fe66eb0ec700d9084384c5a2c44dfd98b5c98f4f79f16dd0ada975,dense_unitary_projective_n_le_6_v1,True,predicate_error,2.3023666250519454,4,62,29,20,29,OpenQASM2 -> TKET CX-Rz-H -> OpenQASM2,67974,1045587,True,t_cost_greedy,782,3.8e-07,1.48160644e-07,1,8,23,667,12397,13064,1.0000000000000007e-13,5.225600000000003e-09,3.135360000000002e-07,2.737000000000006e-35,3.187616000000002e-07,parallel_16,16,16,4232,253920,258152,0.013064,3372497728,3372.497728,True,1061.0
ucc.qre.campaign-results.v1,w7-fixed-total-error-20260803-local,hdiag-20000,20000,external_tket_paulisimp,external-semantic-capable,completed_valid,20260803,1e-06,1e-07,4.5e-07,4.5e-07,1e-06,1e-07,8.184128000000003e-07,1.815871999999996e-07,surface_code_conservative,0.001,1e-06,4d28d96712fe66eb0ec700d9084384c5a2c44dfd98b5c98f4f79f16dd0ada975,dense_unitary_projective_n_le_6_v1,True,predicate_error,2.3023666250519454,4,62,29,20,29,OpenQASM2 -> TKET CX-Rz-H -> OpenQASM2,67974,1045587,True,t_cost_greedy,782,3.8e-07,1.48160644e-07,1,8,23,667,6325,6992,1.0000000000000007e-13,2.7968000000000018e-09,3.3561600000000024e-07,2.737000000000006e-35,3.3841280000000023e-07,parallel_32,32,32,4232,507840,512072,0.006992,3580407424,3580.407424,True,1061.0
ucc.qre.campaign-results.v1,w7-fixed-total-error-20260803-local,hdiag-20000,20000,external_tket_paulisimp,external-semantic-capable,completed_valid,20260803,1e-06,1e-07,4.5e-07,4.5e-07,1e-06,1e-07,6.043792000000001e-07,3.956207999999998e-07,surface_code_improved,0.0001,5e-07,4d28d96712fe66eb0ec700d9084384c5a2c44dfd98b5c98f4f79f16dd0ada975,dense_unitary_projective_n_le_6_v1,True,predicate_error,2.3023666250519454,4,62,29,20,29,OpenQASM2 -> TKET CX-Rz-H -> OpenQASM2,67974,1045587,True,t_cost_greedy,782,3.8e-07,1.48160644e-07,1,8,11,319,77418,77737,1.0000000000000003e-13,3.109480000000001e-08,9.328440000000002e-08,2.7370000000000026e-35,1.2437920000000004e-07,serial_1,1,1,968,2904,3872,0.0388685,300997664,150.498832,True,1061.0
ucc.qre.campaign-results.v1,w7-fixed-total-error-20260803-local,hdiag-20000,20000,external_tket_paulisimp,external-semantic-capable,completed_valid,20260803,1e-06,1e-07,4.5e-07,4.5e-07,1e-06,1e-07,5.825596000000001e-07,4.174403999999998e-07,surface_code_improved,0.0001,5e-07,4d28d96712fe66eb0ec700d9084384c5a2c44dfd98b5c98f4f79f16dd0ada975,dense_unitary_projective_n_le_6_v1,True,predicate_error,2.3023666250519454,4,62,29,20,29,OpenQASM2 -> TKET CX-Rz-H -> OpenQASM2,67974,1045587,True,t_cost_greedy,782,3.8e-07,1.48160644e-07,1,8,11,319,19404,19723,1.0000000000000003e-13,7.889200000000003e-09,9.467040000000002e-08,2.7370000000000026e-35,1.0255960000000002e-07,modest_4,4,4,968,11616,12584,0.009861499999999999,248194232,124.09711599999999,True,1061.0
ucc.qre.campaign-results.v1,w7-fixed-total-error-20260803-local,hdiag-20000,20000,external_tket_paulisimp,external-semantic-capable,completed_valid,20260803,1e-06,1e-07,4.5e-07,4.5e-07,1e-06,1e-07,5.813320000000001e-07,4.1866799999999987e-07,surface_code_improved,0.0001,5e-07,4d28d96712fe66eb0ec700d9084384c5a2c44dfd98b5c98f4f79f16dd0ada975,dense_unitary_projective_n_le_6_v1,True,predicate_error,2.3023666250519454,4,62,29,20,29,OpenQASM2 -> TKET CX-Rz-H -> OpenQASM2,67974,1045587,True,t_cost_greedy,782,3.8e-07,1.48160644e-07,1,8,11,319,4851,5170,1.0000000000000003e-13,2.0680000000000007e-09,9.926400000000003e-08,2.7370000000000026e-35,1.0133200000000004e-07,parallel_16,16,16,968,46464,47432,0.002585,245223440,122.61172,True,1061.0
ucc.qre.campaign-results.v1,w7-fixed-total-error-20260803-local,hdiag-20000,20000,external_tket_paulisimp,external-semantic-capable,completed_valid,20260803,1e-06,1e-07,4.5e-07,4.5e-07,1e-06,1e-07,5.884072000000001e-07,4.1159279999999983e-07,surface_code_improved,0.0001,5e-07,4d28d96712fe66eb0ec700d9084384c5a2c44dfd98b5c98f4f79f16dd0ada975,dense_unitary_projective_n_le_6_v1,True,predicate_error,2.3023666250519454,4,62,29,20,29,OpenQASM2 -> TKET CX-Rz-H -> OpenQASM2,67974,1045587,True,t_cost_greedy,782,3.8e-07,1.48160644e-07,1,8,11,319,2475,2794,1.0000000000000003e-13,1.1176000000000004e-09,1.0728960000000003e-07,2.7370000000000026e-35,1.0840720000000004e-07,parallel_32,32,32,968,92928,93896,0.001397,262345424,131.172712,True,1061.0
ucc.qre.campaign-results.v1,w7-fixed-total-error-20260803-local,hdiag-20000,20000,external_tket_paulisimp,external-semantic-capable,completed_valid,20260803,1e-09,1.0000000000000002e-10,4.5000000000000005e-10,4.5000000000000005e-10,1e-09,1.0000000000000002e-10,4.6299477000000007e-10,5.3700523e-10,surface_code_conservative,0.001,1e-06,4d28d96712fe66eb0ec700d9084384c5a2c44dfd98b5c98f4f79f16dd0ada975,dense_unitary_projective_n_le_6_v1,True,predicate_error,2.3023666250519454,4,62,29,20,29,OpenQASM2 -> TKET CX-Rz-H -> OpenQASM2,67974,1045587,True,equal_decimal,1124,2.9e-10,5.4265934e-11,0,11,31,899,383284,384183,1.0000000000000008e-17,1.5367320000000015e-11,5.7627450000000046e-11,3.93400000000001e-47,7.299477000000006e-11,serial_1,1,1,7688,28830,36518,0.384183,14029594794,14029.594794,True,1061.0
ucc.qre.campaign-results.v1,w7-fixed-total-error-20260803-local,hdiag-20000,20000,external_tket_paulisimp,external-semantic-capable,completed_valid,20260803,1e-09,1.0000000000000002e-10,4.5000000000000005e-10,4.5000000000000005e-10,1e-09,1.0000000000000002e-10,4.5190080000000006e-10,5.480992e-10,surface_code_conservative,0.001,1e-06,4d28d96712fe66eb0ec700d9084384c5a2c44dfd98b5c98f4f79f16dd0ada975,dense_unitary_projective_n_le_6_v1,True,predicate_error,2.3023666250519454,4,62,29,20,29,OpenQASM2 -> TKET CX-Rz-H -> OpenQASM2,67974,1045587,True,equal_decimal,1124,2.9e-10,5.4265934e-11,0,11,31,899,95821,96720,1.0000000000000008e-17,3.868800000000003e-12,5.803200000000005e-11,3.93400000000001e-47,6.190080000000005e-11,modest_4,4,4,7688,115320,123008,0.09672,11897333760,11897.33376,True,1061.0
ucc.qre.campaign-results.v1,w7-fixed-total-error-20260803-local,hdiag-20000,20000,external_tket_paulisimp,external-semantic-capable,completed_valid,20260803,1e-09,1.0000000000000002e-10,4.5000000000000005e-10,4.5000000000000005e-10,1e-09,1.0000000000000002e-10,4.5126840000000004e-10,5.487316e-10,surface_code_conservative,0.001,1e-06,4d28d96712fe66eb0ec700d9084384c5a2c44dfd98b5c98f4f79f16dd0ada975,dense_unitary_projective_n_le_6_v1,True,predicate_error,2.3023666250519454,4,62,29,20,29,OpenQASM2 -> TKET CX-Rz-H -> OpenQASM2,67974,1045587,True,equal_decimal,1124,2.9e-10,5.4265934e-11,0,11,31,899,24211,25110,1.0000000000000008e-17,1.0044000000000008e-12,6.026400000000005e-11,3.93400000000001e-47,6.126840000000006e-11,parallel_16,16,16,7688,461280,468968,0.02511,11775786480,11775.78648,True,1061.0
ucc.qre.campaign-results.v1,w7-fixed-total-error-20260803-local,hdiag-20000,20000,external_tket_paulisimp,external-semantic-capable,completed_valid,20260803,1e-09,1.0000000000000002e-10,4.5000000000000005e-10,4.5000000000000005e-10,1e-09,1.0000000000000002e-10,4.5376700000000005e-10,5.46233e-10,surface_code_conservative,0.001,1e-06,4d28d96712fe66eb0ec700d9084384c5a2c44dfd98b5c98f4f79f16dd0ada975,dense_unitary_projective_n_le_6_v1,True,predicate_error,2.3023666250519454,4,62,29,20,29,OpenQASM2 -> TKET CX-Rz-H -> OpenQASM2,67974,1045587,True,equal_decimal,1124,2.9e-10,5.4265934e-11,0,11,31,899,12276,13175,1.0000000000000008e-17,5.270000000000005e-13,6.324000000000006e-11,3.93400000000001e-47,6.376700000000005e-11,parallel_32,32,32,7688,922560,930248,0.013175,12256017400,12256.017399999999,True,1061.0
ucc.qre.campaign-results.v1,w7-fixed-total-error-20260803-local,hdiag-20000,20000,external_tket_paulisimp,external-semantic-capable,completed_valid,20260803,1e-09,1.0000000000000002e-10,4.5000000000000005e-10,4.5000000000000005e-10,1e-09,1.0000000000000002e-10,4.14348e-10,5.856520000000001e-10,surface_code_improved,0.0001,5e-07,4d28d96712fe66eb0ec700d9084384c5a2c44dfd98b5c98f4f79f16dd0ada975,dense_unitary_projective_n_le_6_v1,True,predicate_error,2.3023666250519454,4,62,29,20,29,OpenQASM2 -> TKET CX-Rz-H -> OpenQASM2,67974,1045587,True,equal_decimal,1124,2.9e-10,5.4265934e-11,0,11,15,435,151740,152175,1.0000000000000002e-17,6.087000000000001e-12,1.8261000000000005e-11,3.934000000000003e-47,2.4348000000000007e-11,serial_1,1,1,1800,5400,7200,0.0760875,1095660000,547.83,True,1061.0
ucc.qre.campaign-results.v1,w7-fixed-total-error-20260803-local,hdiag-20000,20000,external_tket_paulisimp,external-semantic-capable,completed_valid,20260803,1e-09,1.0000000000000002e-10,4.5000000000000005e-10,4.5000000000000005e-10,1e-09,1.0000000000000002e-10,4.099524e-10,5.900476000000001e-10,surface_code_improved,0.0001,5e-07,4d28d96712fe66eb0ec700d9084384c5a2c44dfd98b5c98f4f79f16dd0ada975,dense_unitary_projective_n_le_6_v1,True,predicate_error,2.3023666250519454,4,62,29,20,29,OpenQASM2 -> TKET CX-Rz-H -> OpenQASM2,67974,1045587,True,equal_decimal,1124,2.9e-10,5.4265934e-11,0,11,15,435,37935,38370,1.0000000000000002e-17,1.5348000000000003e-12,1.8417600000000003e-11,3.934000000000003e-47,1.9952400000000002e-11,modest_4,4,4,1800,21600,23400,0.019185,897858000,448.92900000000003,True,1061.0
ucc.qre.campaign-results.v1,w7-fixed-total-error-20260803-local,hdiag-20000,20000,external_tket_paulisimp,external-semantic-capable,completed_valid,20260803,1e-09,1.0000000000000002e-10,4.5000000000000005e-10,4.5000000000000005e-10,1e-09,1.0000000000000002e-10,4.096392e-10,5.903608000000001e-10,surface_code_improved,0.0001,5e-07,4d28d96712fe66eb0ec700d9084384c5a2c44dfd98b5c98f4f79f16dd0ada975,dense_unitary_projective_n_le_6_v1,True,predicate_error,2.3023666250519454,4,62,29,20,29,OpenQASM2 -> TKET CX-Rz-H -> OpenQASM2,67974,1045587,True,equal_decimal,1124,2.9e-10,5.4265934e-11,0,11,15,435,9585,10020,1.0000000000000002e-17,4.0080000000000007e-13,1.9238400000000003e-11,3.934000000000003e-47,1.9639200000000003e-11,parallel_16,16,16,1800,86400,88200,0.00501,883764000,441.88199999999995,True,1061.0
ucc.qre.campaign-results.v1,w7-fixed-total-error-20260803-local,hdiag-20000,20000,external_tket_paulisimp,external-semantic-capable,completed_valid,20260803,1e-09,1.0000000000000002e-10,4.5000000000000005e-10,4.5000000000000005e-10,1e-09,1.0000000000000002e-10,4.105446e-10,5.894554000000001e-10,surface_code_improved,0.0001,5e-07,4d28d96712fe66eb0ec700d9084384c5a2c44dfd98b5c98f4f79f16dd0ada975,dense_unitary_projective_n_le_6_v1,True,predicate_error,2.3023666250519454,4,62,29,20,29,OpenQASM2 -> TKET CX-Rz-H -> OpenQASM2,67974,1045587,True,equal_decimal,1124,2.9e-10,5.4265934e-11,0,11,15,435,4860,5295,1.0000000000000002e-17,2.1180000000000004e-13,2.0332800000000003e-11,3.934000000000003e-47,2.0544600000000004e-11,parallel_32,32,32,1800,172800,174600,0.0026474999999999997,924507000,462.2534999999999,True,1061.0
ucc.qre.campaign-results.v1,w7-fixed-total-error-20260803-local,hdiag-20000,20000,external_tket_paulisimp,external-semantic-capable,completed_valid,20260803,1e-09,1.0000000000000002e-10,4.5000000000000005e-10,4.5000000000000005e-10,1e-09,1.0000000000000002e-10,5.522172900000001e-10,4.4778270999999995e-10,surface_code_conservative,0.001,1e-06,4d28d96712fe66eb0ec700d9084384c5a2c44dfd98b5c98f4f79f16dd0ada975,dense_unitary_projective_n_le_6_v1,True,predicate_error,2.3023666250519454,4,62,29,20,29,OpenQASM2 -> TKET CX-Rz-H -> OpenQASM2,67974,1045587,True,t_cost_greedy,1112,3.8e-10,1.44846165e-10,1,11,31,899,379192,380091,1.0000000000000008e-17,1.5203640000000014e-11,5.701365000000005e-11,3.89200000000001e-47,7.221729000000006e-11,serial_1,1,1,7688,28830,36518,0.38009099999999996,13880163138,13880.163137999998,True,1061.0
ucc.qre.campaign-results.v1,w7-fixed-total-error-20260803-local,hdiag-20000,20000,external_tket_paulisimp,external-semantic-capable,completed_valid,20260803,1e-09,1.0000000000000002e-10,4.5000000000000005e-10,4.5000000000000005e-10,1e-09,1.0000000000000002e-10,5.412460800000001e-10,4.5875392e-10,surface_code_conservative,0.001,1e-06,4d28d96712fe66eb0ec700d9084384c5a2c44dfd98b5c98f4f79f16dd0ada975,dense_unitary_projective_n_le_6_v1,True,predicate_error,2.3023666250519454,4,62,29,20,29,OpenQASM2 -> TKET CX-Rz-H -> OpenQASM2,67974,1045587,True,t_cost_greedy,1112,3.8e-10,1.44846165e-10,1,11,31,899,94798,95697,1.0000000000000008e-17,3.827880000000003e-12,5.741820000000005e-11,3.89200000000001e-47,6.124608000000005e-11,modest_4,4,4,7688,115320,123008,0.09569699999999999,11771496576,11771.496576,True,1061.0
ucc.qre.campaign-results.v1,w7-fixed-total-error-20260803-local,hdiag-20000,20000,external_tket_paulisimp,external-semantic-capable,completed_valid,20260803,1e-09,1.0000000000000002e-10,4.5000000000000005e-10,4.5000000000000005e-10,1e-09,1.0000000000000002e-10,5.404363600000001e-10,4.5956364e-10,surface_code_conservative,0.001,1e-06,4d28d96712fe66eb0ec700d9084384c5a2c44dfd98b5c98f4f79f16dd0ada975,dense_unitary_projective_n_le_6_v1,True,predicate_error,2.3023666250519454,4,62,29,20,29,OpenQASM2 -> TKET CX-Rz-H -> OpenQASM2,67974,1045587,True,t_cost_greedy,1112,3.8e-10,1.44846165e-10,1,11,31,899,23870,24769,1.0000000000000008e-17,9.90760000000001e-13,5.944560000000004e-11,3.89200000000001e-47,6.043636000000004e-11,parallel_16,16,16,7688,461280,468968,0.024769,11615868392,11615.868392,True,1061.0
ucc.qre.campaign-results.v1,w7-fixed-total-error-20260803-local,hdiag-20000,20000,external_tket_paulisimp,external-semantic-capable,completed_valid,20260803,1e-09,1.0000000000000002e-10,4.5000000000000005e-10,4.5000000000000005e-10,1e-09,1.0000000000000002e-10,5.421165600000001e-10,4.5788344e-10,surface_code_conservative,0.001,1e-06,4d28d96712fe66eb0ec700d9084384c5a2c44dfd98b5c98f4f79f16dd0ada975,dense_unitary_projective_n_le_6_v1,True,predicate_error,2.3023666250519454,4,62,29,20,29,OpenQASM2 -> TKET CX-Rz-H -> OpenQASM2,67974,1045587,True,t_cost_greedy,1112,3.8e-10,1.44846165e-10,1,11,31,899,11935,12834,1.0000000000000008e-17,5.133600000000005e-13,6.160320000000005e-11,3.89200000000001e-47,6.211656000000004e-11,parallel_32,32,32,7688,922560,930248,0.012834,11938802832,11938.802832,True,1061.0
ucc.qre.campaign-results.v1,w7-fixed-total-error-20260803-local,hdiag-20000,20000,external_tket_paulisimp,external-semantic-capable,completed_valid,20260803,1e-09,1.0000000000000002e-10,4.5000000000000005e-10,4.5000000000000005e-10,1e-09,1.0000000000000002e-10,5.040888e-10,4.959112000000001e-10,surface_code_improved,0.0001,5e-07,4d28d96712fe66eb0ec700d9084384c5a2c44dfd98b5c98f4f79f16dd0ada975,dense_unitary_projective_n_le_6_v1,True,predicate_error,2.3023666250519454,4,62,29,20,29,OpenQASM2 -> TKET CX-Rz-H -> OpenQASM2,67974,1045587,True,t_cost_greedy,1112,3.8e-10,1.44846165e-10,1,11,15,435,150120,150555,1.0000000000000002e-17,6.0222000000000015e-12,1.8066600000000004e-11,3.8920000000000027e-47,2.4088800000000006e-11,serial_1,1,1,1800,5400,7200,0.0752775,1083996000,541.9979999999999,True,1061.0
ucc.qre.campaign-results.v1,w7-fixed-total-error-20260803-local,hdiag-20000,20000,external_tket_paulisimp,external-semantic-capable,completed_valid,20260803,1e-09,1.0000000000000002e-10,4.5000000000000005e-10,4.5000000000000005e-10,1e-09,1.0000000000000002e-10,4.997418e-10,5.002582e-10,surface_code_improved,0.0001,5e-07,4d28d96712fe66eb0ec700d9084384c5a2c44dfd98b5c98f4f79f16dd0ada975,dense_unitary_projective_n_le_6_v1,True,predicate_error,2.3023666250519454,4,62,29,20,29,OpenQASM2 -> TKET CX-Rz-H -> OpenQASM2,67974,1045587,True,t_cost_greedy,1112,3.8e-10,1.44846165e-10,1,11,15,435,37530,37965,1.0000000000000002e-17,1.5186000000000004e-12,1.8223200000000005e-11,3.8920000000000027e-47,1.9741800000000006e-11,modest_4,4,4,1800,21600,23400,0.0189825,888381000,444.1905,True,1061.0
ucc.qre.campaign-results.v1,w7-fixed-total-error-20260803-local,hdiag-20000,20000,external_tket_paulisimp,external-semantic-capable,completed_valid,20260803,1e-09,1.0000000000000002e-10,4.5000000000000005e-10,4.5000000000000005e-10,1e-09,1.0000000000000002e-10,4.993746e-10,5.006254e-10,surface_code_improved,0.0001,5e-07,4d28d96712fe66eb0ec700d9084384c5a2c44dfd98b5c98f4f79f16dd0ada975,dense_unitary_projective_n_le_6_v1,True,predicate_error,2.3023666250519454,4,62,29,20,29,OpenQASM2 -> TKET CX-Rz-H -> OpenQASM2,67974,1045587,True,t_cost_greedy,1112,3.8e-10,1.44846165e-10,1,11,15,435,9450,9885,1.0000000000000002e-17,3.954000000000001e-13,1.8979200000000005e-11,3.8920000000000027e-47,1.9374600000000006e-11,parallel_16,16,16,1800,86400,88200,0.0049425,871857000,435.9285,True,1061.0
ucc.qre.campaign-results.v1,w7-fixed-total-error-20260803-local,hdiag-20000,20000,external_tket_paulisimp,external-semantic-capable,completed_valid,20260803,1e-09,1.0000000000000002e-10,4.5000000000000005e-10,4.5000000000000005e-10,1e-09,1.0000000000000002e-10,5.000208e-10,4.999792e-10,surface_code_improved,0.0001,5e-07,4d28d96712fe66eb0ec700d9084384c5a2c44dfd98b5c98f4f79f16dd0ada975,dense_unitary_projective_n_le_6_v1,True,predicate_error,2.3023666250519454,4,62,29,20,29,OpenQASM2 -> TKET CX-Rz-H -> OpenQASM2,67974,1045587,True,t_cost_greedy,1112,3.8e-10,1.44846165e-10,1,11,15,435,4725,5160,1.0000000000000002e-17,2.0640000000000003e-13,1.9814400000000004e-11,3.8920000000000027e-47,2.0020800000000005e-11,parallel_32,32,32,1800,172800,174600,0.00258,900936000,450.46799999999996,True,1061.0
