A_p_bits,B_output_bits,K,L_delta_bits,Q,S_cross_bits,S_global_bits,Sigma_p_bits,anomalies,cap_coordinates,cap_envelope_residual_bits,compiler,cross_IR_bits,cross_control_bits,cross_parameter_bits,cross_store_bits,cross_window_bits,crossing_count,delta,epsilon,epsilon_factor,epsilon_valid,event_count,exact_transcript_residual_bits,m,manifest_path,manifest_sha256,max_IR_bits,max_control_bits,max_parameter_bits,max_store_bits,max_window_bits,memory_fraction,normalized_cap_residual,normalized_exact_residual,normalized_x,normalized_y,output_residual_bits,pareto,passes,projective_error,r,requested_payload_cap_bits,rss_peak_bytes,run_id,schedule,seed,semantic_status,theorem_diagnostic_status,wall_time_ns
11240,21352,16,64.0,17,3240,4624,3240,,0,14416.0,echo,184,1712,184,936,224,1,0.0,0.046134179731650994,0.5,True,35,14416.0,16,data/runs/w3-tradeoff-20260802-local/echo-m16-r2-K16-p1-s20260801-d57ee5112edf/run_manifest.json,8f9baa3533742963122d0e164ed2b31be81fa6b4f0b9e54bd5809791f05c9a48,184,1712,608,936,1192,0.0,225.25,225.25,50.625,175.625,21288.0,True,1,0.0,2,0,27951104,echo-m16-r2-K16-p1-s20260801-d57ee5112edf,round_major,20260801,pass,pass,2910459
11240,21352,16,64.0,17,3240,4624,9720,,0,20896.0,echo,184,1712,184,936,224,3,0.0,0.046134179731650994,0.5,True,69,20896.0,16,data/runs/w3-tradeoff-20260802-local/echo-m16-r2-K16-p2-s20260801-0454be7cbb7d/run_manifest.json,52942070390506201c2721147a928cfb1ae19120dd04774cc54121c9ec6ec41d,184,1712,608,936,1192,0.0,326.5,326.5,151.875,175.625,21288.0,True,2,0.0,2,0,29114368,echo-m16-r2-K16-p2-s20260801-0454be7cbb7d,permuted_within_round,20260801,pass,pass,5143750
11240,21352,16,64.0,17,3240,4624,9720,,0,20896.0,echo,184,1712,184,936,224,3,0.0,0.046134179731650994,0.5,True,69,20896.0,16,data/runs/w3-tradeoff-20260802-local/echo-m16-r2-K16-p2-s20260801-acfc3da6a58d/run_manifest.json,10a92996cfdb5edfd9d851547e6bdca1e1b2f8d5a7e2de755eb1195c2c7ee582,184,1712,608,936,1192,0.0,326.5,326.5,151.875,175.625,21288.0,True,2,0.0,2,0,29261824,echo-m16-r2-K16-p2-s20260801-acfc3da6a58d,round_major,20260801,pass,pass,4964667
11240,21352,16,64.0,17,3240,4624,9720,,0,20896.0,echo,184,1712,184,936,224,3,0.0,0.046134179731650994,0.5,True,69,20896.0,16,data/runs/w3-tradeoff-20260802-local/echo-m16-r2-K16-p2-s20260802-37a564422195/run_manifest.json,bb53075dddb645a22162cad3aad9743f88c1bab04b7accf126364f8c8e4d2aba,184,1712,608,936,1192,0.0,326.5,326.5,151.875,175.625,21288.0,True,2,0.0,2,0,29310976,echo-m16-r2-K16-p2-s20260802-37a564422195,round_major,20260802,pass,pass,5066791
11240,21352,16,64.0,17,3240,4624,9720,,0,20896.0,echo,184,1712,184,936,224,3,0.0,0.046134179731650994,0.5,True,69,20896.0,16,data/runs/w3-tradeoff-20260802-local/echo-m16-r2-K16-p2-s20260802-9420cb0d7d06/run_manifest.json,0eeb73f62835137dbe976d8895947f963648960675f46757d307bfca05c8c56e,184,1712,608,936,1192,0.0,326.5,326.5,151.875,175.625,21288.0,True,2,0.0,2,0,29310976,echo-m16-r2-K16-p2-s20260802-9420cb0d7d06,permuted_within_round,20260802,pass,pass,4972250
11240,21352,16,64.0,17,3240,4624,22680,,0,33856.0,echo,184,1712,184,936,224,7,0.0,0.046134179731650994,0.5,True,137,33856.0,16,data/runs/w3-tradeoff-20260802-local/echo-m16-r2-K16-p4-s20260801-f2b0159b0cea/run_manifest.json,f6298c98eec933b8d3695969335bfae5b8ce4ca703694d13939722579ee264bb,184,1712,608,936,1192,0.0,529.0,529.0,354.375,175.625,21288.0,True,4,0.0,2,0,29310976,echo-m16-r2-K16-p4-s20260801-f2b0159b0cea,round_major,20260801,pass,pass,9434125
11240,21352,2,16.0,3,3240,4624,3240,,0,14464.0,echo,184,1712,184,936,224,1,0.0,0.24999999999999997,0.5,True,35,14464.0,16,data/runs/w3-tradeoff-20260802-local/echo-m16-r2-K2-p1-s20260801-dfa3d11b20a2/run_manifest.json,2d00edcbe05c6f596bbfe577246d485a6da528a45f531d1f0fbd8c1998a63ad1,184,1712,608,936,1192,0.0,904.0,904.0,202.5,702.5,21336.0,True,1,0.0,2,0,29360128,echo-m16-r2-K2-p1-s20260801-dfa3d11b20a2,round_major,20260801,pass,pass,2874667
11240,21352,2,16.0,3,3240,4624,9720,,0,20944.0,echo,184,1712,184,936,224,3,0.0,0.24999999999999997,0.5,True,69,20944.0,16,data/runs/w3-tradeoff-20260802-local/echo-m16-r2-K2-p2-s20260801-31d7037d37ad/run_manifest.json,d001cd489257ebf88ef21539f45130d48bfd4f07731968af5552024313f43f69,184,1712,608,936,1192,0.0,1309.0,1309.0,607.5,702.5,21336.0,True,2,0.0,2,0,29360128,echo-m16-r2-K2-p2-s20260801-31d7037d37ad,round_major,20260801,pass,pass,4922833
11240,21352,2,16.0,3,3240,4624,22680,,0,33904.0,echo,184,1712,184,936,224,7,0.0,0.24999999999999997,0.5,True,137,33904.0,16,data/runs/w3-tradeoff-20260802-local/echo-m16-r2-K2-p4-s20260801-dc5dfe1c9c65/run_manifest.json,99ee8758428cd167440e6e5a9f02c87d69059073f09b0ba1d1e390d119ad9949,184,1712,608,936,1192,0.0,2119.0,2119.0,1417.5,702.5,21336.0,True,4,0.0,2,0,29360128,echo-m16-r2-K2-p4-s20260801-dc5dfe1c9c65,round_major,20260801,pass,pass,9202417
11240,21352,4,32.0,5,3240,4624,3240,,0,14448.0,echo,184,1712,184,936,224,1,0.0,0.1545084971874737,0.5,True,35,14448.0,16,data/runs/w3-tradeoff-20260802-local/echo-m16-r2-K4-p1-s20260801-606013519e15/run_manifest.json,ff69310d55ff94aa881032eb070f289bb43069ab4528d7a778818cea6fa7cea3,184,1712,608,936,1192,0.0,451.5,451.5,101.25,351.25,21320.0,True,1,0.0,2,0,29360128,echo-m16-r2-K4-p1-s20260801-606013519e15,round_major,20260801,pass,pass,2771792
11240,21352,4,32.0,5,3240,4624,9720,,0,20928.0,echo,184,1712,184,936,224,3,0.0,0.1545084971874737,0.5,True,69,20928.0,16,data/runs/w3-tradeoff-20260802-local/echo-m16-r2-K4-p2-s20260801-2a9d57ddc554/run_manifest.json,d9f716c8169e8e49603a9d6d2e8c397114d0305322d82d0c4ddd53f38af5da87,184,1712,608,936,1192,0.0,654.0,654.0,303.75,351.25,21320.0,True,2,0.0,2,0,29360128,echo-m16-r2-K4-p2-s20260801-2a9d57ddc554,round_major,20260801,pass,pass,4951500
11240,21352,4,32.0,5,3240,4624,9720,,0,20928.0,echo,184,1712,184,936,224,3,0.0,0.1545084971874737,0.5,True,69,20928.0,16,data/runs/w3-tradeoff-20260802-local/echo-m16-r2-K4-p2-s20260801-7449c0b2a707/run_manifest.json,077ddcda132b162ed3ec59113856ac27c9d8fcc4f40d39350640c4d8b8729971,184,1712,608,936,1192,0.0,654.0,654.0,303.75,351.25,21320.0,True,2,0.0,2,0,29360128,echo-m16-r2-K4-p2-s20260801-7449c0b2a707,permuted_within_round,20260801,pass,pass,4947750
11240,21352,4,32.0,5,3240,4624,9720,,0,20928.0,echo,184,1712,184,936,224,3,0.0,0.1545084971874737,0.5,True,69,20928.0,16,data/runs/w3-tradeoff-20260802-local/echo-m16-r2-K4-p2-s20260802-c557b183d852/run_manifest.json,f77d62f65e5d5ad00799e07a95834f9b38fe45cd8b388217836e4eb2937cb39a,184,1712,608,936,1192,0.0,654.0,654.0,303.75,351.25,21320.0,True,2,0.0,2,0,29360128,echo-m16-r2-K4-p2-s20260802-c557b183d852,permuted_within_round,20260802,pass,pass,5083750
11240,21352,4,32.0,5,3240,4624,9720,,0,20928.0,echo,184,1712,184,936,224,3,0.0,0.1545084971874737,0.5,True,69,20928.0,16,data/runs/w3-tradeoff-20260802-local/echo-m16-r2-K4-p2-s20260802-ef72f73884a5/run_manifest.json,e733f7f33318a00e65d60f24fde2a04f8ee396d554823694dfc6f2b467a996da,184,1712,608,936,1192,0.0,654.0,654.0,303.75,351.25,21320.0,True,2,0.0,2,0,29360128,echo-m16-r2-K4-p2-s20260802-ef72f73884a5,round_major,20260802,pass,pass,4900458
11240,21352,4,32.0,5,3240,4624,22680,,0,33888.0,echo,184,1712,184,936,224,7,0.0,0.1545084971874737,0.5,True,137,33888.0,16,data/runs/w3-tradeoff-20260802-local/echo-m16-r2-K4-p4-s20260801-00c7896054ca/run_manifest.json,72830206301aacafe31f20d1dd04d3e3d207452692786a2fed3d8271009d598c,184,1712,608,936,1192,0.0,1059.0,1059.0,708.75,351.25,21320.0,True,4,0.0,2,0,29360128,echo-m16-r2-K4-p4-s20260801-00c7896054ca,round_major,20260801,pass,pass,9118917
11240,21352,8,48.0,9,3240,4624,3240,,0,14432.0,echo,184,1712,184,936,224,1,0.0,0.08682408883346517,0.5,True,35,14432.0,16,data/runs/w3-tradeoff-20260802-local/echo-m16-r2-K8-p1-s20260801-8743875f8bad/run_manifest.json,348bdbe98a3d7b7872466dd1154b04a667b341092415a2c4b16ffcb0f317aaee,184,1712,608,936,1192,0.0,300.6666666666667,300.6666666666667,67.5,234.16666666666666,21304.0,True,1,0.0,2,0,29360128,echo-m16-r2-K8-p1-s20260801-8743875f8bad,round_major,20260801,pass,pass,2813583
11240,21352,8,48.0,9,3240,4624,3240,,0,14432.0,echo,184,1712,184,936,224,1,0.0,0.1562833599002373,0.9,True,35,14432.0,16,data/runs/w3-tradeoff-20260802-local/echo-m16-r2-K8-p1-s20260801-b51d38368ec2/run_manifest.json,e841354677ea3eb7a2e6e9b2a592153ff8cb075f1623aca275af1c0a8a18fe2f,184,1712,608,936,1192,0.0,300.6666666666667,300.6666666666667,67.5,234.16666666666666,21304.0,True,1,0.0,2,0,29376512,echo-m16-r2-K8-p1-s20260801-b51d38368ec2,round_major,20260801,pass,pass,2803833
11240,21352,8,48.0,9,3240,4624,3240,,0,14432.0,echo,184,1712,184,936,224,1,0.0,0.04341204441673258,0.25,True,35,14432.0,16,data/runs/w3-tradeoff-20260802-local/echo-m16-r2-K8-p1-s20260801-c7d732b82ee9/run_manifest.json,07cb50844558aadc2ff5307a2379acf3ff01cbf823e307a2de73362f039fc25c,184,1712,608,936,1192,0.0,300.6666666666667,300.6666666666667,67.5,234.16666666666666,21304.0,True,1,0.0,2,0,29376512,echo-m16-r2-K8-p1-s20260801-c7d732b82ee9,round_major,20260801,pass,pass,2821250
11240,21352,8,48.0,9,3240,4624,9720,,0,20912.0,echo,184,1712,184,936,224,3,0.0,0.1562833599002373,0.9,True,69,20912.0,16,data/runs/w3-tradeoff-20260802-local/echo-m16-r2-K8-p2-s20260801-34db6edd752c/run_manifest.json,537420faccc13b70a40c2acd98167463a4c883fc2f7deaa136b031b962da6b81,184,1712,608,936,1192,0.0,435.6666666666667,435.6666666666667,202.5,234.16666666666666,21304.0,True,2,0.0,2,0,29376512,echo-m16-r2-K8-p2-s20260801-34db6edd752c,round_major,20260801,pass,pass,5085083
11240,21352,8,48.0,9,3240,4624,9720,,0,20912.0,echo,184,1712,184,936,224,3,0.0,0.08682408883346517,0.5,True,69,20912.0,16,data/runs/w3-tradeoff-20260802-local/echo-m16-r2-K8-p2-s20260801-4d4159063a2e/run_manifest.json,da3318a2c88c2d7be5a6364276b838008be928bf9fb3e315aeb68bb30be47b92,184,1712,608,936,1192,0.0,435.6666666666667,435.6666666666667,202.5,234.16666666666666,21304.0,True,2,0.0,2,0,29376512,echo-m16-r2-K8-p2-s20260801-4d4159063a2e,round_major,20260801,pass,pass,4914875
11240,21352,8,48.0,9,3240,4624,9720,,0,20912.0,echo,184,1712,184,936,224,3,0.0,0.04341204441673258,0.25,True,69,20912.0,16,data/runs/w3-tradeoff-20260802-local/echo-m16-r2-K8-p2-s20260801-6eb638bf9efc/run_manifest.json,cf431ab0f465ab4a5b6bb64c8921fbaa7e737639c2eb304854a64b8f74f8589d,184,1712,608,936,1192,0.0,435.6666666666667,435.6666666666667,202.5,234.16666666666666,21304.0,True,2,0.0,2,0,29376512,echo-m16-r2-K8-p2-s20260801-6eb638bf9efc,round_major,20260801,pass,pass,4884000
11240,21352,8,48.0,9,3240,4624,22680,,0,33872.0,echo,184,1712,184,936,224,7,0.0,0.04341204441673258,0.25,True,137,33872.0,16,data/runs/w3-tradeoff-20260802-local/echo-m16-r2-K8-p4-s20260801-44e5d460a0a3/run_manifest.json,029798fae668e8022c65dfb59e0e88aebbd738108171b217eb38fa31c31d5091,184,1712,608,936,1192,0.0,705.6666666666666,705.6666666666666,472.5,234.16666666666666,21304.0,True,4,0.0,2,0,29376512,echo-m16-r2-K8-p4-s20260801-44e5d460a0a3,round_major,20260801,pass,pass,9152667
11240,21352,8,48.0,9,3240,4624,22680,,0,33872.0,echo,184,1712,184,936,224,7,0.0,0.1562833599002373,0.9,True,137,33872.0,16,data/runs/w3-tradeoff-20260802-local/echo-m16-r2-K8-p4-s20260801-7acec49f508f/run_manifest.json,d4523a88626c1841f7f7254abdf8bcedaab2f32da2c929764167dc1d6eb10ccc,184,1712,608,936,1192,0.0,705.6666666666666,705.6666666666666,472.5,234.16666666666666,21304.0,True,4,0.0,2,0,29392896,echo-m16-r2-K8-p4-s20260801-7acec49f508f,round_major,20260801,pass,pass,9231333
11240,21352,8,48.0,9,3240,4624,22680,,0,33872.0,echo,184,1712,184,936,224,7,0.0,0.08682408883346517,0.5,True,137,33872.0,16,data/runs/w3-tradeoff-20260802-local/echo-m16-r2-K8-p4-s20260801-e642cee28995/run_manifest.json,921a9e82515c6def3ea6596bb5b60458dde29a1a7d97682c7148661b31007e41,184,1712,608,936,1192,0.0,705.6666666666666,705.6666666666666,472.5,234.16666666666666,21304.0,True,4,0.0,2,0,29392896,echo-m16-r2-K8-p4-s20260801-e642cee28995,round_major,20260801,pass,pass,9545958
21352,31464,16,64.0,17,3240,4624,9720,,0,31008.0,echo,184,1712,184,936,224,3,0.0,0.046134179731650994,0.5,True,101,31008.0,16,data/runs/w3-tradeoff-20260802-local/echo-m16-r3-K16-p2-s20260801-270d97352beb/run_manifest.json,1f8efcc3aee3477af6a5fcbc5feabedcbd485792287bf2ec082e49ddef3a1a07,184,1712,608,936,1192,0.0,484.5,484.5,151.875,333.625,31400.0,True,2,0.0,3,0,29458432,echo-m16-r3-K16-p2-s20260801-270d97352beb,permuted_within_round,20260801,pass,pass,7043208
21352,31464,16,64.0,17,3240,4624,9720,,0,31008.0,echo,184,1712,184,936,224,3,0.0,0.046134179731650994,0.5,True,101,31008.0,16,data/runs/w3-tradeoff-20260802-local/echo-m16-r3-K16-p2-s20260801-8be7b677a029/run_manifest.json,301f7b727464de53bfe51d9f14efae35deddc9e0bf86238af8f838bb7e33b909,184,1712,608,936,1192,0.0,484.5,484.5,151.875,333.625,31400.0,True,2,0.0,3,0,29491200,echo-m16-r3-K16-p2-s20260801-8be7b677a029,round_major,20260801,pass,pass,7064166
21352,31464,16,64.0,17,3240,4624,9720,,0,31008.0,echo,184,1712,184,936,224,3,0.0,0.046134179731650994,0.5,True,101,31008.0,16,data/runs/w3-tradeoff-20260802-local/echo-m16-r3-K16-p2-s20260802-15be40b449d6/run_manifest.json,cd78277b7da1753154eedc90932a7a1e90e0662e65d000d0a7a1cc37120c67ca,184,1712,608,936,1192,0.0,484.5,484.5,151.875,333.625,31400.0,True,2,0.0,3,0,29491200,echo-m16-r3-K16-p2-s20260802-15be40b449d6,permuted_within_round,20260802,pass,pass,7227125
21352,31464,16,64.0,17,3240,4624,9720,,0,31008.0,echo,184,1712,184,936,224,3,0.0,0.046134179731650994,0.5,True,101,31008.0,16,data/runs/w3-tradeoff-20260802-local/echo-m16-r3-K16-p2-s20260802-21c49a262a38/run_manifest.json,9f5ce6da8ded6cdde1aaa421f2f1c8d2cd3138276ea78ffc23862adc3dadd66c,184,1712,608,936,1192,0.0,484.5,484.5,151.875,333.625,31400.0,True,2,0.0,3,0,29491200,echo-m16-r3-K16-p2-s20260802-21c49a262a38,round_major,20260802,pass,pass,9548708
21352,31464,4,32.0,5,3240,4624,9720,,0,31040.0,echo,184,1712,184,936,224,3,0.0,0.1545084971874737,0.5,True,101,31040.0,16,data/runs/w3-tradeoff-20260802-local/echo-m16-r3-K4-p2-s20260801-914cbe77edab/run_manifest.json,87a591f7ddc64d906e9f0148b9c2d0ef89221fcf22c83d74bc4fd4126d6a7918,184,1712,608,936,1192,0.0,970.0,970.0,303.75,667.25,31432.0,True,2,0.0,3,0,29491200,echo-m16-r3-K4-p2-s20260801-914cbe77edab,permuted_within_round,20260801,pass,pass,7143000
21352,31464,4,32.0,5,3240,4624,9720,,0,31040.0,echo,184,1712,184,936,224,3,0.0,0.1545084971874737,0.5,True,101,31040.0,16,data/runs/w3-tradeoff-20260802-local/echo-m16-r3-K4-p2-s20260801-9ded6bc38561/run_manifest.json,ef09878e966a2ade059764e636a54b2b09104e42605d02ed7bf071a029b32b33,184,1712,608,936,1192,0.0,970.0,970.0,303.75,667.25,31432.0,True,2,0.0,3,0,29491200,echo-m16-r3-K4-p2-s20260801-9ded6bc38561,round_major,20260801,pass,pass,7071958
21352,31464,4,32.0,5,3240,4624,9720,,0,31040.0,echo,184,1712,184,936,224,3,0.0,0.1545084971874737,0.5,True,101,31040.0,16,data/runs/w3-tradeoff-20260802-local/echo-m16-r3-K4-p2-s20260802-a82c0e94c25f/run_manifest.json,8b32d45ccf1294b57b8db82145c9bcee5596e53912634ee5b652ada284b69c6c,184,1712,608,936,1192,0.0,970.0,970.0,303.75,667.25,31432.0,True,2,0.0,3,0,29491200,echo-m16-r3-K4-p2-s20260802-a82c0e94c25f,round_major,20260802,pass,pass,7259041
21352,31464,4,32.0,5,3240,4624,9720,,0,31040.0,echo,184,1712,184,936,224,3,0.0,0.1545084971874737,0.5,True,101,31040.0,16,data/runs/w3-tradeoff-20260802-local/echo-m16-r3-K4-p2-s20260802-d5ca08a4fb6a/run_manifest.json,51d767b875c9f4f58df4c4517493f5a2ebc7cfb880fc0a064daa49d151989095,184,1712,608,936,1192,0.0,970.0,970.0,303.75,667.25,31432.0,True,2,0.0,3,0,29491200,echo-m16-r3-K4-p2-s20260802-d5ca08a4fb6a,permuted_within_round,20260802,pass,pass,8278375
21352,41576,16,128.0,17,3240,4624,3240,,0,24464.0,echo,184,1712,184,936,224,1,0.0,0.046134179731650994,0.5,True,67,24464.0,32,data/runs/w3-tradeoff-20260802-local/echo-m32-r2-K16-p1-s20260801-02959c1c4beb/run_manifest.json,c928c92bf63885de55f5a1a361aaad05eeed842bac119923416540018920872c,184,1712,608,936,1192,0.0,191.125,191.125,25.3125,166.8125,41448.0,True,1,0.0,2,0,29573120,echo-m32-r2-K16-p1-s20260801-02959c1c4beb,round_major,20260801,pass,pass,5304416
21352,41576,16,128.0,17,3240,4624,9720,,0,30944.0,echo,184,1712,184,936,224,3,0.0,0.046134179731650994,0.5,True,133,30944.0,32,data/runs/w3-tradeoff-20260802-local/echo-m32-r2-K16-p2-s20260801-b1ea856c3403/run_manifest.json,5c29e4aee407ee311f776bee86dbb2ab053cc83b7182fbc3d109566069178257,184,1712,608,936,1192,0.0,241.75,241.75,75.9375,166.8125,41448.0,True,2,0.0,2,0,29573120,echo-m32-r2-K16-p2-s20260801-b1ea856c3403,round_major,20260801,pass,pass,9536250
21352,41576,16,128.0,17,3240,4624,22680,,0,43904.0,echo,184,1712,184,936,224,7,0.0,0.046134179731650994,0.5,True,265,43904.0,32,data/runs/w3-tradeoff-20260802-local/echo-m32-r2-K16-p4-s20260801-71b7147946d5/run_manifest.json,08f7a28db5b92e66d5e0436ae8ee24bee081ef6174032db4c1192fbf8d2b4656,184,1712,608,936,1192,0.0,343.0,343.0,177.1875,166.8125,41448.0,True,4,0.0,2,0,29589504,echo-m32-r2-K16-p4-s20260801-71b7147946d5,round_major,20260801,pass,pass,17824334
21352,41576,2,32.0,3,3240,4624,3240,,0,24560.0,echo,184,1712,184,936,224,1,0.0,0.24999999999999997,0.5,True,67,24560.0,32,data/runs/w3-tradeoff-20260802-local/echo-m32-r2-K2-p1-s20260801-e416335c9879/run_manifest.json,ba92d8b9f6a8088daa1dfb04825c2228abdb938def2b00ee418be568c4985b12,184,1712,608,936,1192,0.0,767.5,767.5,101.25,667.25,41544.0,True,1,0.0,2,0,29622272,echo-m32-r2-K2-p1-s20260801-e416335c9879,round_major,20260801,pass,pass,5518417
21352,41576,2,32.0,3,3240,4624,9720,,0,31040.0,echo,184,1712,184,936,224,3,0.0,0.24999999999999997,0.5,True,133,31040.0,32,data/runs/w3-tradeoff-20260802-local/echo-m32-r2-K2-p2-s20260801-fd0bbfc89e71/run_manifest.json,7c772c9a348f11b2db01c9877ffa7fb21586c6a26121d06658a2c650d9a06798,184,1712,608,936,1192,0.0,970.0,970.0,303.75,667.25,41544.0,True,2,0.0,2,0,29638656,echo-m32-r2-K2-p2-s20260801-fd0bbfc89e71,round_major,20260801,pass,pass,9391750
21352,41576,2,32.0,3,3240,4624,22680,,0,44000.0,echo,184,1712,184,936,224,7,0.0,0.24999999999999997,0.5,True,265,44000.0,32,data/runs/w3-tradeoff-20260802-local/echo-m32-r2-K2-p4-s20260801-d38edf250d03/run_manifest.json,9c1fe2bd5f55438e5c1a766f08bf84397d12d621dfc31a09d8fc70d76944a9df,184,1712,608,936,1192,0.0,1375.0,1375.0,708.75,667.25,41544.0,True,4,0.0,2,0,29638656,echo-m32-r2-K2-p4-s20260801-d38edf250d03,round_major,20260801,pass,pass,17490708
21352,41576,4,64.0,5,3240,4624,3240,,0,24528.0,echo,184,1712,184,936,224,1,0.0,0.1545084971874737,0.5,True,67,24528.0,32,data/runs/w3-tradeoff-20260802-local/echo-m32-r2-K4-p1-s20260801-da21d47a17f9/run_manifest.json,87e32ccae8d650f2dd6f7856a4c1558bbb7c6d51e0dabc2109288761560ca89d,184,1712,608,936,1192,0.0,383.25,383.25,50.625,333.625,41512.0,True,1,0.0,2,0,29638656,echo-m32-r2-K4-p1-s20260801-da21d47a17f9,round_major,20260801,pass,pass,5823917
21352,41576,4,64.0,5,3240,4624,9720,,0,31008.0,echo,184,1712,184,936,224,3,0.0,0.1545084971874737,0.5,True,133,31008.0,32,data/runs/w3-tradeoff-20260802-local/echo-m32-r2-K4-p2-s20260801-26f6195dce36/run_manifest.json,fd794bad3615bfdc45fef89ff07cbb4c9fee38e5ccce7899ee5a6ca223032454,184,1712,608,936,1192,0.0,484.5,484.5,151.875,333.625,41512.0,True,2,0.0,2,0,29638656,echo-m32-r2-K4-p2-s20260801-26f6195dce36,round_major,20260801,pass,pass,10750542
21352,41576,4,64.0,5,3240,4624,22680,,0,43968.0,echo,184,1712,184,936,224,7,0.0,0.1545084971874737,0.5,True,265,43968.0,32,data/runs/w3-tradeoff-20260802-local/echo-m32-r2-K4-p4-s20260801-0d85f24b4bf6/run_manifest.json,d9c013edb5e618b81ef4de3913da617c7ab4f51d6f1d3a82dcaf5df7666051da,184,1712,608,936,1192,0.0,687.0,687.0,354.375,333.625,41512.0,True,4,0.0,2,0,29638656,echo-m32-r2-K4-p4-s20260801-0d85f24b4bf6,round_major,20260801,pass,pass,19873375
21352,41576,8,96.0,9,3240,4624,3240,,0,24496.0,echo,184,1712,184,936,224,1,0.0,0.08682408883346517,0.5,True,67,24496.0,32,data/runs/w3-tradeoff-20260802-local/echo-m32-r2-K8-p1-s20260801-3864a9a98e51/run_manifest.json,82efbd8cd76508969fe040bab151c47391dc6db6172854f69fdbcdb40f6fbe4b,184,1712,608,936,1192,0.0,255.16666666666666,255.16666666666666,33.75,222.41666666666666,41480.0,True,1,0.0,2,0,29638656,echo-m32-r2-K8-p1-s20260801-3864a9a98e51,round_major,20260801,pass,pass,7546750
21352,41576,8,96.0,9,3240,4624,9720,,0,30976.0,echo,184,1712,184,936,224,3,0.0,0.08682408883346517,0.5,True,133,30976.0,32,data/runs/w3-tradeoff-20260802-local/echo-m32-r2-K8-p2-s20260801-f26fafd0f80f/run_manifest.json,a27b91063b443c377c87cd2231fd90a3358e1c10f599167ecbb841dd871e872a,184,1712,608,936,1192,0.0,322.6666666666667,322.6666666666667,101.25,222.41666666666666,41480.0,True,2,0.0,2,0,29638656,echo-m32-r2-K8-p2-s20260801-f26fafd0f80f,round_major,20260801,pass,pass,10161375
21352,41576,8,96.0,9,3240,4624,22680,,0,43936.0,echo,184,1712,184,936,224,7,0.0,0.08682408883346517,0.5,True,265,43936.0,32,data/runs/w3-tradeoff-20260802-local/echo-m32-r2-K8-p4-s20260801-652897443c02/run_manifest.json,b6078e47c8d984c088f5624687c3c67db0d0ccc627a5501d681f8d42e504814f,184,1712,608,936,1192,0.0,457.6666666666667,457.6666666666667,236.25,222.41666666666666,41480.0,True,4,0.0,2,0,29638656,echo-m32-r2-K8-p4-s20260801-652897443c02,round_major,20260801,pass,pass,19540750
41576,61800,16,128.0,17,3240,4624,3240,,0,44688.0,echo,184,1712,184,936,224,1,0.0,0.046134179731650994,0.5,True,99,44688.0,32,data/runs/w3-tradeoff-20260802-local/echo-m32-r3-K16-p1-s20260801-a9b4c244435a/run_manifest.json,10525e45abf52d911d528473903d2e83620836f724b9156d03b247a8d8103642,184,1712,608,936,1192,0.0,349.125,349.125,25.3125,324.8125,61672.0,True,1,0.0,3,0,29786112,echo-m32-r3-K16-p1-s20260801-a9b4c244435a,round_major,20260801,pass,pass,7926416
41576,61800,16,128.0,17,3240,4624,22680,,0,64128.0,echo,184,1712,184,936,224,7,0.0,0.046134179731650994,0.5,True,393,64128.0,32,data/runs/w3-tradeoff-20260802-local/echo-m32-r3-K16-p4-s20260801-250731e16a70/run_manifest.json,a6a71f31f6b5d87d957b4309bcd8372ac766681f178693ae900b3f642a943d1c,184,1712,608,936,1192,0.0,501.0,501.0,177.1875,324.8125,61672.0,True,4,0.0,3,0,29786112,echo-m32-r3-K16-p4-s20260801-250731e16a70,round_major,20260801,pass,pass,27176125
41576,61800,4,64.0,5,3240,4624,3240,,0,44752.0,echo,184,1712,184,936,224,1,0.0,0.1545084971874737,0.5,True,99,44752.0,32,data/runs/w3-tradeoff-20260802-local/echo-m32-r3-K4-p1-s20260801-fac0cb1181ab/run_manifest.json,4a680d7e0d371b545a01e505fe3d4d7c8dac1def2585ec5f78606e42d7ef2f3d,184,1712,608,936,1192,0.0,699.25,699.25,50.625,649.625,61736.0,True,1,0.0,3,0,29999104,echo-m32-r3-K4-p1-s20260801-fac0cb1181ab,round_major,20260801,pass,pass,7659959
41576,61800,4,64.0,5,3240,4624,22680,,0,64192.0,echo,184,1712,184,936,224,7,0.0,0.1545084971874737,0.5,True,393,64192.0,32,data/runs/w3-tradeoff-20260802-local/echo-m32-r3-K4-p4-s20260801-97ae92f8e2ae/run_manifest.json,6fdef6041c8d3cc53f32516b9af27a0ddb6b51e0da6a04ea464ea3d04914ebf8,184,1712,608,936,1192,0.0,1003.0,1003.0,354.375,649.625,61736.0,True,4,0.0,3,0,29999104,echo-m32-r3-K4-p4-s20260801-97ae92f8e2ae,round_major,20260801,pass,pass,27119541
61808,82032,16,128.0,17,3240,4648,3240,,0,64920.0,echo,184,1712,184,936,224,1,0.0,0.046134179731650994,0.5,True,131,64920.0,32,data/runs/w3-tradeoff-20260802-local/echo-m32-r4-K16-p1-s20260801-b8eb1e6068d9/run_manifest.json,ff234546e7abce453fcf1d263bb58720362ba7d3e02975f14fb148c45580c0c0,184,1720,616,936,1192,0.0,507.1875,507.1875,25.3125,482.875,81904.0,True,1,0.0,4,0,30113792,echo-m32-r4-K16-p1-s20260801-b8eb1e6068d9,round_major,20260801,pass,pass,10011209
61808,82032,16,128.0,17,3256,4648,22752,,0,84472.0,echo,184,1728,184,936,224,7,0.0,0.046134179731650994,0.5,True,521,84432.0,32,data/runs/w3-tradeoff-20260802-local/echo-m32-r4-K16-p4-s20260801-393ad178c8b4/run_manifest.json,b5be02647e39462dd610fcc2ea4a66d8f49ff6de6acc3ec86c8ee6e29e5cd480,184,1728,616,936,1192,0.0,659.9375,659.625,178.0625,482.875,81904.0,True,4,0.0,4,0,30113792,echo-m32-r4-K16-p4-s20260801-393ad178c8b4,round_major,20260801,pass,pass,34975625
61808,82032,4,64.0,5,3240,4648,3240,,0,64984.0,echo,184,1712,184,936,224,1,0.0,0.1545084971874737,0.5,True,131,64984.0,32,data/runs/w3-tradeoff-20260802-local/echo-m32-r4-K4-p1-s20260801-4fb2450e2b02/run_manifest.json,aeb8a002c640ae7c7a65496670483c8a23959172c8fb60cf424a8e5677999d9b,184,1720,616,936,1192,0.0,1015.375,1015.375,50.625,965.75,81968.0,True,1,0.0,4,0,30310400,echo-m32-r4-K4-p1-s20260801-4fb2450e2b02,round_major,20260801,pass,pass,9931541
61808,82032,4,64.0,5,3256,4648,22752,,0,84536.0,echo,184,1728,184,936,224,7,0.0,0.1545084971874737,0.5,True,521,84496.0,32,data/runs/w3-tradeoff-20260802-local/echo-m32-r4-K4-p4-s20260801-3aaa0cdf1bb9/run_manifest.json,8aac71314e7d3e36d6087ffecb65b56af7c98e294e793f1fea0989770d3df85c,184,1728,616,936,1192,0.0,1320.875,1320.25,356.125,965.75,81968.0,True,4,0.0,4,0,30310400,echo-m32-r4-K4-p4-s20260801-3aaa0cdf1bb9,round_major,20260801,pass,pass,35686042
3656,6184,16,16.0,17,3240,4624,3240,,0,6880.0,echo,184,1712,184,936,224,1,0.0,0.046134179731650994,0.5,True,11,6880.0,4,data/runs/w3-tradeoff-20260802-local/echo-m4-r2-K16-p1-s20260801-18330ed24bc8/run_manifest.json,d412a062f54fbfbb7d7b152e9c5353be6591528d311a4004040b6e5266ed5b92,184,1712,608,936,1192,0.0,430.0,430.0,202.5,228.5,6168.0,True,1,0.0,2,0,30310400,echo-m4-r2-K16-p1-s20260801-18330ed24bc8,round_major,20260801,pass,pass,1077667
3656,6184,16,16.0,17,3240,4624,9720,,0,13360.0,echo,184,1712,184,936,224,3,0.0,0.046134179731650994,0.5,True,21,13360.0,4,data/runs/w3-tradeoff-20260802-local/echo-m4-r2-K16-p2-s20260801-3fe15d1d192f/run_manifest.json,911cf6755a04adb1606121def0a4db0372c352a39a203d4d32abf60996421bc6,184,1712,608,936,1192,0.0,835.0,835.0,607.5,228.5,6168.0,True,2,0.0,2,0,30326784,echo-m4-r2-K16-p2-s20260801-3fe15d1d192f,round_major,20260801,pass,pass,1758375
3656,6184,16,16.0,17,3240,4624,22680,,0,26320.0,echo,184,1712,184,936,224,7,0.0,0.046134179731650994,0.5,True,41,26320.0,4,data/runs/w3-tradeoff-20260802-local/echo-m4-r2-K16-p4-s20260801-430da1e43870/run_manifest.json,43ced33fec9b008e789f0827beb58d820205aff1abd9899c3c35d7d4bfaa706f,184,1712,608,936,1192,0.0,1645.0,1645.0,1417.5,228.5,6168.0,True,4,0.0,2,0,30359552,echo-m4-r2-K16-p4-s20260801-430da1e43870,round_major,20260801,pass,pass,3012166
3656,6184,2,4.0,3,3240,4624,3240,,0,6892.0,echo,184,1712,184,936,224,1,0.0,0.24999999999999997,0.5,True,11,6892.0,4,data/runs/w3-tradeoff-20260802-local/echo-m4-r2-K2-p1-s20260801-aa1339f10765/run_manifest.json,1137c6d2e3e4f01a635351238c46659c2adf39b352505ed18ae74321a64ba3b9,184,1712,608,936,1192,0.0,1723.0,1723.0,810.0,914.0,6180.0,True,1,0.0,2,0,30359552,echo-m4-r2-K2-p1-s20260801-aa1339f10765,round_major,20260801,pass,pass,1014292
3656,6184,2,4.0,3,3240,4624,9720,,0,13372.0,echo,184,1712,184,936,224,3,0.0,0.24999999999999997,0.5,True,21,13372.0,4,data/runs/w3-tradeoff-20260802-local/echo-m4-r2-K2-p2-s20260801-ae4bc878de72/run_manifest.json,1d7a4901eaffaa87678cacbfca11c46dca877c76f04bcbddf6998433e8204711,184,1712,608,936,1192,0.0,3343.0,3343.0,2430.0,914.0,6180.0,True,2,0.0,2,0,30359552,echo-m4-r2-K2-p2-s20260801-ae4bc878de72,round_major,20260801,pass,pass,1788959
3656,6184,2,4.0,3,3240,4624,22680,,0,26332.0,echo,184,1712,184,936,224,7,0.0,0.24999999999999997,0.5,True,41,26332.0,4,data/runs/w3-tradeoff-20260802-local/echo-m4-r2-K2-p4-s20260801-59accc435737/run_manifest.json,f3a523610c39fb2ea34d4ccf7a2cd0b8eeb03450f64d8b35f738a1cf108eb280,184,1712,608,936,1192,0.0,6583.0,6583.0,5670.0,914.0,6180.0,True,4,0.0,2,0,30359552,echo-m4-r2-K2-p4-s20260801-59accc435737,round_major,20260801,pass,pass,3066000
3656,6184,4,8.0,5,3240,4624,3240,,0,6888.0,echo,184,1712,184,936,224,1,0.0,0.1545084971874737,0.5,True,11,6888.0,4,data/runs/w3-tradeoff-20260802-local/echo-m4-r2-K4-p1-s20260801-e38536172705/run_manifest.json,b6fdb43f11b9438085d6ad9e3c5ccb7188cc47472cbf27cd6cf442f82baef262,184,1712,608,936,1192,0.0,861.0,861.0,405.0,457.0,6176.0,True,1,0.0,2,0,30375936,echo-m4-r2-K4-p1-s20260801-e38536172705,round_major,20260801,pass,pass,1139292
3656,6184,4,8.0,5,3240,4624,9720,,0,13368.0,echo,184,1712,184,936,224,3,0.0,0.1545084971874737,0.5,True,21,13368.0,4,data/runs/w3-tradeoff-20260802-local/echo-m4-r2-K4-p2-s20260801-aec9632c494d/run_manifest.json,015314889b7cf8ec049aff922edbe63daa299266e06289b0de3baa236a61fd6c,184,1712,608,936,1192,0.0,1671.0,1671.0,1215.0,457.0,6176.0,True,2,0.0,2,0,30375936,echo-m4-r2-K4-p2-s20260801-aec9632c494d,round_major,20260801,pass,pass,1681834
3656,6184,4,8.0,5,3240,4624,22680,,0,26328.0,echo,184,1712,184,936,224,7,0.0,0.1545084971874737,0.5,True,41,26328.0,4,data/runs/w3-tradeoff-20260802-local/echo-m4-r2-K4-p4-s20260801-e652043b57f5/run_manifest.json,0e235229efee59a2280d9c5b498432a1f63cebb31e07ee1948f3c7403a516ed2,184,1712,608,936,1192,0.0,3291.0,3291.0,2835.0,457.0,6176.0,True,4,0.0,2,0,30375936,echo-m4-r2-K4-p4-s20260801-e652043b57f5,round_major,20260801,pass,pass,3045667
3656,6184,8,12.0,9,3240,4624,3240,,0,6884.0,echo,184,1712,184,936,224,1,0.0,0.08682408883346517,0.5,True,11,6884.0,4,data/runs/w3-tradeoff-20260802-local/echo-m4-r2-K8-p1-s20260801-ec86809ff4f3/run_manifest.json,62c3e67a8a64e1270cf82e035038a6dfd91f590163c2e731ef6eaa866021a8c7,184,1712,608,936,1192,0.0,573.6666666666666,573.6666666666666,270.0,304.6666666666667,6172.0,True,1,0.0,2,0,30375936,echo-m4-r2-K8-p1-s20260801-ec86809ff4f3,round_major,20260801,pass,pass,1043750
3656,6184,8,12.0,9,3240,4624,9720,,0,13364.0,echo,184,1712,184,936,224,3,0.0,0.08682408883346517,0.5,True,21,13364.0,4,data/runs/w3-tradeoff-20260802-local/echo-m4-r2-K8-p2-s20260801-e644d8502489/run_manifest.json,13d4dc7aa23bc89d54487395011fbfc96d66527cd931bf90cda612082587c1a5,184,1712,608,936,1192,0.0,1113.6666666666667,1113.6666666666667,810.0,304.6666666666667,6172.0,True,2,0.0,2,0,30392320,echo-m4-r2-K8-p2-s20260801-e644d8502489,round_major,20260801,pass,pass,1761375
3656,6184,8,12.0,9,3240,4624,22680,,0,26324.0,echo,184,1712,184,936,224,7,0.0,0.08682408883346517,0.5,True,41,26324.0,4,data/runs/w3-tradeoff-20260802-local/echo-m4-r2-K8-p4-s20260801-fcb654db94f4/run_manifest.json,d3870f45e134b13b7a1f44327388dddc3dd260119fbb747a6d2899abe534b1aa,184,1712,608,936,1192,0.0,2193.6666666666665,2193.6666666666665,1890.0,304.6666666666667,6172.0,True,4,0.0,2,0,30392320,echo-m4-r2-K8-p4-s20260801-fcb654db94f4,round_major,20260801,pass,pass,3005083
41584,82032,16,256.0,17,3240,4648,3240,,0,44568.0,echo,184,1712,184,936,224,1,0.0,0.046134179731650994,0.5,True,131,44568.0,64,data/runs/w3-tradeoff-20260802-local/echo-m64-r2-K16-p1-s20260801-f5a38d4ca768/run_manifest.json,c906c2a444e3bc4fa87973c49344aaf4bfdd133b92dcce1819645c6ea76acb30,184,1720,616,936,1192,0.0,174.09375,174.09375,12.65625,162.4375,81776.0,True,1,0.0,2,0,30457856,echo-m64-r2-K16-p1-s20260801-f5a38d4ca768,round_major,20260801,pass,pass,9862750
41584,82032,16,256.0,17,3256,4648,9744,,0,51096.0,echo,184,1728,184,936,224,3,0.0,0.046134179731650994,0.5,True,261,51072.0,64,data/runs/w3-tradeoff-20260802-local/echo-m64-r2-K16-p2-s20260801-40fe849808d0/run_manifest.json,632e0ea315e32ef9fbd68aa5d452754e6fd19907caf342f0a9f338de22b5c467,184,1728,616,936,1192,0.0,199.59375,199.5,38.15625,162.4375,81776.0,True,2,0.0,2,0,30474240,echo-m64-r2-K16-p2-s20260801-40fe849808d0,permuted_within_round,20260801,pass,pass,18354500
41584,82032,16,256.0,17,3256,4648,9744,,0,51096.0,echo,184,1728,184,936,224,3,0.0,0.046134179731650994,0.5,True,261,51072.0,64,data/runs/w3-tradeoff-20260802-local/echo-m64-r2-K16-p2-s20260801-f0cd9ea63deb/run_manifest.json,da8af14d564a9f8ee97c45f1149b0ee2e43917098cde2217563e9da292e16a7f,184,1728,616,936,1192,0.0,199.59375,199.5,38.15625,162.4375,81776.0,True,2,0.0,2,0,30474240,echo-m64-r2-K16-p2-s20260801-f0cd9ea63deb,round_major,20260801,pass,pass,18283375
41584,82032,16,256.0,17,3256,4648,9744,,0,51096.0,echo,184,1728,184,936,224,3,0.0,0.046134179731650994,0.5,True,261,51072.0,64,data/runs/w3-tradeoff-20260802-local/echo-m64-r2-K16-p2-s20260802-3562699654e8/run_manifest.json,61284db6a0d088b93586bbacfb608ec9a6658ba700207f8c98362e8d017b8081,184,1728,616,936,1192,0.0,199.59375,199.5,38.15625,162.4375,81776.0,True,2,0.0,2,0,30474240,echo-m64-r2-K16-p2-s20260802-3562699654e8,permuted_within_round,20260802,pass,pass,18526792
41584,82032,16,256.0,17,3256,4648,9744,,0,51096.0,echo,184,1728,184,936,224,3,0.0,0.046134179731650994,0.5,True,261,51072.0,64,data/runs/w3-tradeoff-20260802-local/echo-m64-r2-K16-p2-s20260802-d09b0a54a9f6/run_manifest.json,71beae2fb1113684233e6e384dc0b536fa7189dfa126b9089978903ad0db2355,184,1728,616,936,1192,0.0,199.59375,199.5,38.15625,162.4375,81776.0,True,2,0.0,2,0,30474240,echo-m64-r2-K16-p2-s20260802-d09b0a54a9f6,round_major,20260802,pass,pass,18074375
41584,82032,16,256.0,17,3256,4648,22752,,0,64120.0,echo,184,1728,184,936,224,7,0.0,0.046134179731650994,0.5,True,521,64080.0,64,data/runs/w3-tradeoff-20260802-local/echo-m64-r2-K16-p4-s20260801-d17ec15186b9/run_manifest.json,aa9375b9313e45992c0c5eb405c1b4ef34300aeed4c53083ff2853403daacec6,184,1728,616,936,1192,0.0,250.46875,250.3125,89.03125,162.4375,81776.0,True,4,0.0,2,0,30474240,echo-m64-r2-K16-p4-s20260801-d17ec15186b9,round_major,20260801,pass,pass,34545375
41584,82032,2,64.0,3,3240,4648,3240,,0,44760.0,echo,184,1712,184,936,224,1,0.0,0.24999999999999997,0.5,True,131,44760.0,64,data/runs/w3-tradeoff-20260802-local/echo-m64-r2-K2-p1-s20260801-e817db360f8d/run_manifest.json,33520ce487a96579837e151324e8c40868b6dbcd7ec4125435ca6250f7c55fcf,184,1720,616,936,1192,0.0,699.375,699.375,50.625,649.75,81968.0,True,1,0.0,2,0,30474240,echo-m64-r2-K2-p1-s20260801-e817db360f8d,round_major,20260801,pass,pass,9797167
41584,82032,2,64.0,3,3256,4648,9744,,0,51288.0,echo,184,1728,184,936,224,3,0.0,0.24999999999999997,0.5,True,261,51264.0,64,data/runs/w3-tradeoff-20260802-local/echo-m64-r2-K2-p2-s20260801-b72aacb751a4/run_manifest.json,007a6f4d1854aaf143ed8c3ca52d2a2ccd04659941f5c3cb680b4e9b38aa39b6,184,1728,616,936,1192,0.0,801.375,801.0,152.625,649.75,81968.0,True,2,0.0,2,0,30474240,echo-m64-r2-K2-p2-s20260801-b72aacb751a4,round_major,20260801,pass,pass,17944166
41584,82032,2,64.0,3,3256,4648,22752,,0,64312.0,echo,184,1728,184,936,224,7,0.0,0.24999999999999997,0.5,True,521,64272.0,64,data/runs/w3-tradeoff-20260802-local/echo-m64-r2-K2-p4-s20260801-e4b1f48731a8/run_manifest.json,9e3775f713707a0dce6003e6d2bd7978d2aa01925010cfc8f4574d0e543fbedd,184,1728,616,936,1192,0.0,1004.875,1004.25,356.125,649.75,81968.0,True,4,0.0,2,0,30474240,echo-m64-r2-K2-p4-s20260801-e4b1f48731a8,round_major,20260801,pass,pass,34321041
41584,82032,4,128.0,5,3240,4648,3240,,0,44696.0,echo,184,1712,184,936,224,1,0.0,0.1545084971874737,0.5,True,131,44696.0,64,data/runs/w3-tradeoff-20260802-local/echo-m64-r2-K4-p1-s20260801-b351a4ec12fd/run_manifest.json,b4108e5f92f3e5680ad04bd9835cfada51c6930aeff7a217994bf36ca6f31605,184,1720,616,936,1192,0.0,349.1875,349.1875,25.3125,324.875,81904.0,True,1,0.0,2,0,30474240,echo-m64-r2-K4-p1-s20260801-b351a4ec12fd,round_major,20260801,pass,pass,10043584
41584,82032,4,128.0,5,3256,4648,9744,,0,51224.0,echo,184,1728,184,936,224,3,0.0,0.1545084971874737,0.5,True,261,51200.0,64,data/runs/w3-tradeoff-20260802-local/echo-m64-r2-K4-p2-s20260801-9456a169dde1/run_manifest.json,8177b9b64406f11533bafea42cf7e8b5a8ec9c9335365d553c2de15e75ea845f,184,1728,616,936,1192,0.0,400.1875,400.0,76.3125,324.875,81904.0,True,2,0.0,2,0,30474240,echo-m64-r2-K4-p2-s20260801-9456a169dde1,round_major,20260801,pass,pass,19112667
41584,82032,4,128.0,5,3256,4648,9744,,0,51224.0,echo,184,1728,184,936,224,3,0.0,0.1545084971874737,0.5,True,261,51200.0,64,data/runs/w3-tradeoff-20260802-local/echo-m64-r2-K4-p2-s20260801-99d87e56caf8/run_manifest.json,1db5d2ec7731b69cb9cf22b4d83a4a6693fe12cf0cbc284824e14b7f13fcbfaf,184,1728,616,936,1192,0.0,400.1875,400.0,76.3125,324.875,81904.0,True,2,0.0,2,0,30474240,echo-m64-r2-K4-p2-s20260801-99d87e56caf8,permuted_within_round,20260801,pass,pass,18415708
41584,82032,4,128.0,5,3256,4648,9744,,0,51224.0,echo,184,1728,184,936,224,3,0.0,0.1545084971874737,0.5,True,261,51200.0,64,data/runs/w3-tradeoff-20260802-local/echo-m64-r2-K4-p2-s20260802-1b36b1c2f69d/run_manifest.json,e664396ba0dba97b2ae80ce27ecb9d475da409d591b249611d4c8f5fbe8d9c79,184,1728,616,936,1192,0.0,400.1875,400.0,76.3125,324.875,81904.0,True,2,0.0,2,0,30474240,echo-m64-r2-K4-p2-s20260802-1b36b1c2f69d,permuted_within_round,20260802,pass,pass,18110959
41584,82032,4,128.0,5,3256,4648,9744,,0,51224.0,echo,184,1728,184,936,224,3,0.0,0.1545084971874737,0.5,True,261,51200.0,64,data/runs/w3-tradeoff-20260802-local/echo-m64-r2-K4-p2-s20260802-bec503438431/run_manifest.json,9c3a076bfdffc5a48c63e4206a98ea0173a45f1b3031e636d1c4b0e318696dbb,184,1728,616,936,1192,0.0,400.1875,400.0,76.3125,324.875,81904.0,True,2,0.0,2,0,30474240,echo-m64-r2-K4-p2-s20260802-bec503438431,round_major,20260802,pass,pass,18070500
41584,82032,4,128.0,5,3256,4648,22752,,0,64248.0,echo,184,1728,184,936,224,7,0.0,0.1545084971874737,0.5,True,521,64208.0,64,data/runs/w3-tradeoff-20260802-local/echo-m64-r2-K4-p4-s20260801-caa7d0837944/run_manifest.json,983078aede08f16989b12499b1ef35f964c910fb2b0b7b58a9c2da4ca25ff301,184,1728,616,936,1192,0.0,501.9375,501.625,178.0625,324.875,81904.0,True,4,0.0,2,0,30474240,echo-m64-r2-K4-p4-s20260801-caa7d0837944,round_major,20260801,pass,pass,34888875
41584,82032,8,192.0,9,3240,4648,3240,,0,44632.0,echo,184,1712,184,936,224,1,0.0,0.1562833599002373,0.9,True,131,44632.0,64,data/runs/w3-tradeoff-20260802-local/echo-m64-r2-K8-p1-s20260801-0000637edd5c/run_manifest.json,9ab6fa8eddf150b54d1b41b030083f6a0ec576cbdb2798d09222a6f5c853e8be,184,1720,616,936,1192,0.0,232.45833333333334,232.45833333333334,16.875,216.58333333333334,81840.0,True,1,0.0,2,0,30474240,echo-m64-r2-K8-p1-s20260801-0000637edd5c,round_major,20260801,pass,pass,10330500
41584,82032,8,192.0,9,3240,4648,3240,,0,44632.0,echo,184,1712,184,936,224,1,0.0,0.04341204441673258,0.25,True,131,44632.0,64,data/runs/w3-tradeoff-20260802-local/echo-m64-r2-K8-p1-s20260801-4eecc2f12c4c/run_manifest.json,afcb3b7854d757d04226da48a794b26805747669265c8f373c7d654418543041,184,1720,616,936,1192,0.0,232.45833333333334,232.45833333333334,16.875,216.58333333333334,81840.0,True,1,0.0,2,0,30474240,echo-m64-r2-K8-p1-s20260801-4eecc2f12c4c,round_major,20260801,pass,pass,9992042
41584,82032,8,192.0,9,3240,4648,3240,,0,44632.0,echo,184,1712,184,936,224,1,0.0,0.08682408883346517,0.5,True,131,44632.0,64,data/runs/w3-tradeoff-20260802-local/echo-m64-r2-K8-p1-s20260801-5a48306b4bd4/run_manifest.json,598a745f607c1cf79eef3466c05a69b1772496e1401a26bb09559df1c1eb379f,184,1720,616,936,1192,0.0,232.45833333333334,232.45833333333334,16.875,216.58333333333334,81840.0,True,1,0.0,2,0,30474240,echo-m64-r2-K8-p1-s20260801-5a48306b4bd4,round_major,20260801,pass,pass,9894083
41584,82032,8,192.0,9,3256,4648,9744,,0,51160.0,echo,184,1728,184,936,224,3,0.0,0.1562833599002373,0.9,True,261,51136.0,64,data/runs/w3-tradeoff-20260802-local/echo-m64-r2-K8-p2-s20260801-2f785fbd38c7/run_manifest.json,7b4226d4ca840b9fb9d496a31f6d42e7cd26f40e08ae78a67c46af45f34cb40c,184,1728,616,936,1192,0.0,266.4583333333333,266.3333333333333,50.875,216.58333333333334,81840.0,True,2,0.0,2,0,30474240,echo-m64-r2-K8-p2-s20260801-2f785fbd38c7,round_major,20260801,pass,pass,18263833
41584,82032,8,192.0,9,3256,4648,9744,,0,51160.0,echo,184,1728,184,936,224,3,0.0,0.08682408883346517,0.5,True,261,51136.0,64,data/runs/w3-tradeoff-20260802-local/echo-m64-r2-K8-p2-s20260801-7bd280b0a0f7/run_manifest.json,d2852ba2d4ceda95160e34d8271259c2707613cb8ce7375867db2d866cbf4782,184,1728,616,936,1192,0.0,266.4583333333333,266.3333333333333,50.875,216.58333333333334,81840.0,True,2,0.0,2,0,30474240,echo-m64-r2-K8-p2-s20260801-7bd280b0a0f7,round_major,20260801,pass,pass,18457166
41584,82032,8,192.0,9,3256,4648,9744,,0,51160.0,echo,184,1728,184,936,224,3,0.0,0.04341204441673258,0.25,True,261,51136.0,64,data/runs/w3-tradeoff-20260802-local/echo-m64-r2-K8-p2-s20260801-824a28d78357/run_manifest.json,4ec5d366c3d3cb0ce510e849bfdb3a92a61c30da9974951187b3969f4e10f085,184,1728,616,936,1192,0.0,266.4583333333333,266.3333333333333,50.875,216.58333333333334,81840.0,True,2,0.0,2,0,30474240,echo-m64-r2-K8-p2-s20260801-824a28d78357,round_major,20260801,pass,pass,18141792
41584,82032,8,192.0,9,3256,4648,22752,,0,64184.0,echo,184,1728,184,936,224,7,0.0,0.04341204441673258,0.25,True,521,64144.0,64,data/runs/w3-tradeoff-20260802-local/echo-m64-r2-K8-p4-s20260801-16f844fcaf2c/run_manifest.json,c435bf2379f7ca707dcffed0c350543958ad07102a12279e5180274247e6f230,184,1728,616,936,1192,0.0,334.2916666666667,334.0833333333333,118.70833333333333,216.58333333333334,81840.0,True,4,0.0,2,0,30474240,echo-m64-r2-K8-p4-s20260801-16f844fcaf2c,round_major,20260801,pass,pass,34334917
41584,82032,8,192.0,9,3256,4648,22752,,0,64184.0,echo,184,1728,184,936,224,7,0.0,0.1562833599002373,0.9,True,521,64144.0,64,data/runs/w3-tradeoff-20260802-local/echo-m64-r2-K8-p4-s20260801-bf9b46305b88/run_manifest.json,a495d6112db60ab0eb188f0e603a21b3e0b05c92fe8884b543185725e3a8d961,184,1728,616,936,1192,0.0,334.2916666666667,334.0833333333333,118.70833333333333,216.58333333333334,81840.0,True,4,0.0,2,0,30474240,echo-m64-r2-K8-p4-s20260801-bf9b46305b88,round_major,20260801,pass,pass,34871041
41584,82032,8,192.0,9,3256,4648,22752,,0,64184.0,echo,184,1728,184,936,224,7,0.0,0.08682408883346517,0.5,True,521,64144.0,64,data/runs/w3-tradeoff-20260802-local/echo-m64-r2-K8-p4-s20260801-cb6ac678b740/run_manifest.json,02eb305e13be6701247905aa5a7ddf68696b6fb0738ac0af72d6ee0d7a329f2b,184,1728,616,936,1192,0.0,334.2916666666667,334.0833333333333,118.70833333333333,216.58333333333334,81840.0,True,4,0.0,2,0,30474240,echo-m64-r2-K8-p4-s20260801-cb6ac678b740,round_major,20260801,pass,pass,34228708
82032,122480,16,256.0,17,3256,4648,9768,,0,91544.0,echo,184,1728,184,936,224,3,0.0,0.046134179731650994,0.5,True,389,91544.0,64,data/runs/w3-tradeoff-20260802-local/echo-m64-r3-K16-p2-s20260801-a21448771807/run_manifest.json,5d7a198bd477aeb66f66df7f553b330e20b8c03e13a40bff7bb4943e6033d76d,184,1728,616,936,1192,0.0,357.59375,357.59375,38.15625,320.4375,122224.0,True,2,0.0,3,0,30720000,echo-m64-r3-K16-p2-s20260801-a21448771807,permuted_within_round,20260801,pass,pass,26709875
82032,122480,16,256.0,17,3256,4648,9768,,0,91544.0,echo,184,1728,184,936,224,3,0.0,0.046134179731650994,0.5,True,389,91544.0,64,data/runs/w3-tradeoff-20260802-local/echo-m64-r3-K16-p2-s20260801-da2fc160b3b9/run_manifest.json,f59e78e7ee5ea5a67c6ca3b50ffee681e45b17bdbaeeabac9cc242c3cb1a9ad6,184,1728,616,936,1192,0.0,357.59375,357.59375,38.15625,320.4375,122224.0,True,2,0.0,3,0,30720000,echo-m64-r3-K16-p2-s20260801-da2fc160b3b9,round_major,20260801,pass,pass,26915083
82032,122480,16,256.0,17,3256,4648,9768,,0,91544.0,echo,184,1728,184,936,224,3,0.0,0.046134179731650994,0.5,True,389,91544.0,64,data/runs/w3-tradeoff-20260802-local/echo-m64-r3-K16-p2-s20260802-02f7f4a9bebd/run_manifest.json,8a0288820d41c5712d98df520d358e41fc54056b6a4e14e64cf6462b2c7a16e3,184,1728,616,936,1192,0.0,357.59375,357.59375,38.15625,320.4375,122224.0,True,2,0.0,3,0,30720000,echo-m64-r3-K16-p2-s20260802-02f7f4a9bebd,round_major,20260802,pass,pass,26991875
82032,122480,16,256.0,17,3256,4648,9768,,0,91544.0,echo,184,1728,184,936,224,3,0.0,0.046134179731650994,0.5,True,389,91544.0,64,data/runs/w3-tradeoff-20260802-local/echo-m64-r3-K16-p2-s20260802-f1d8f90daba8/run_manifest.json,11dffb60585f92e015561fdcd05d4a24862dfcb525788187ed3d8816c1e75fc8,184,1728,616,936,1192,0.0,357.59375,357.59375,38.15625,320.4375,122224.0,True,2,0.0,3,0,30720000,echo-m64-r3-K16-p2-s20260802-f1d8f90daba8,permuted_within_round,20260802,pass,pass,27033000
82032,122480,4,128.0,5,3256,4648,9768,,0,91672.0,echo,184,1728,184,936,224,3,0.0,0.1545084971874737,0.5,True,389,91672.0,64,data/runs/w3-tradeoff-20260802-local/echo-m64-r3-K4-p2-s20260801-44c32d3672e9/run_manifest.json,b59c2a10340e4010b86d491fa9cd915aa38c920a22a35c700200e8c808a8a3ef,184,1728,616,936,1192,0.0,716.1875,716.1875,76.3125,640.875,122352.0,True,2,0.0,3,0,30720000,echo-m64-r3-K4-p2-s20260801-44c32d3672e9,permuted_within_round,20260801,pass,pass,26605000
82032,122480,4,128.0,5,3256,4648,9768,,0,91672.0,echo,184,1728,184,936,224,3,0.0,0.1545084971874737,0.5,True,389,91672.0,64,data/runs/w3-tradeoff-20260802-local/echo-m64-r3-K4-p2-s20260801-e229c58d8c89/run_manifest.json,b7c9e72f25e98b836259fe238ee8d9d49f51036125fc7e433455ecad346c04c5,184,1728,616,936,1192,0.0,716.1875,716.1875,76.3125,640.875,122352.0,True,2,0.0,3,0,30720000,echo-m64-r3-K4-p2-s20260801-e229c58d8c89,round_major,20260801,pass,pass,26669666
82032,122480,4,128.0,5,3256,4648,9768,,0,91672.0,echo,184,1728,184,936,224,3,0.0,0.1545084971874737,0.5,True,389,91672.0,64,data/runs/w3-tradeoff-20260802-local/echo-m64-r3-K4-p2-s20260802-4ebad3265f0e/run_manifest.json,5bb4264ab747126b9c2310eaa36242f6ec405bd0f29e674fe143c7a60296eea8,184,1728,616,936,1192,0.0,716.1875,716.1875,76.3125,640.875,122352.0,True,2,0.0,3,0,30720000,echo-m64-r3-K4-p2-s20260802-4ebad3265f0e,permuted_within_round,20260802,pass,pass,26621625
82032,122480,4,128.0,5,3256,4648,9768,,0,91672.0,echo,184,1728,184,936,224,3,0.0,0.1545084971874737,0.5,True,389,91672.0,64,data/runs/w3-tradeoff-20260802-local/echo-m64-r3-K4-p2-s20260802-5cb6148dea1c/run_manifest.json,34b372d753bc12540f63f91fb19d90ac31d79cb227c2b847d0bf8895287b907d,184,1728,616,936,1192,0.0,716.1875,716.1875,76.3125,640.875,122352.0,True,2,0.0,3,0,30720000,echo-m64-r3-K4-p2-s20260802-5cb6148dea1c,round_major,20260802,pass,pass,26602959
6184,11240,16,32.0,17,3240,4624,3240,,0,9392.0,echo,184,1712,184,936,224,1,0.0,0.046134179731650994,0.5,True,19,9392.0,8,data/runs/w3-tradeoff-20260802-local/echo-m8-r2-K16-p1-s20260801-ddb3e67256b8/run_manifest.json,f01a5708a179202f6f25b3f2602a2a57b033f925cc8ba00fcb94a308b0bd4026,184,1712,608,936,1192,0.0,293.5,293.5,101.25,193.25,11208.0,True,1,0.0,2,0,30720000,echo-m8-r2-K16-p1-s20260801-ddb3e67256b8,round_major,20260801,pass,pass,1645000
6184,11240,16,32.0,17,3240,4624,9720,,0,15872.0,echo,184,1712,184,936,224,3,0.0,0.046134179731650994,0.5,True,37,15872.0,8,data/runs/w3-tradeoff-20260802-local/echo-m8-r2-K16-p2-s20260801-2d59c84f8827/run_manifest.json,71a2cb196d04e8ef41259216b3f1bd993d3bb06c80252152a623bb30c3ece9fe,184,1712,608,936,1192,0.0,496.0,496.0,303.75,193.25,11208.0,True,2,0.0,2,0,30720000,echo-m8-r2-K16-p2-s20260801-2d59c84f8827,round_major,20260801,pass,pass,2835916
6184,11240,16,32.0,17,3240,4624,22680,,0,28832.0,echo,184,1712,184,936,224,7,0.0,0.046134179731650994,0.5,True,73,28832.0,8,data/runs/w3-tradeoff-20260802-local/echo-m8-r2-K16-p4-s20260801-ab84aba410a8/run_manifest.json,3e6913e39beb79174cf25934ae246574906fa6638d10f3bf2d843ac8641edab3,184,1712,608,936,1192,0.0,901.0,901.0,708.75,193.25,11208.0,True,4,0.0,2,0,30720000,echo-m8-r2-K16-p4-s20260801-ab84aba410a8,round_major,20260801,pass,pass,5249959
6184,11240,2,8.0,3,3240,4624,3240,,0,9416.0,echo,184,1712,184,936,224,1,0.0,0.24999999999999997,0.5,True,19,9416.0,8,data/runs/w3-tradeoff-20260802-local/echo-m8-r2-K2-p1-s20260801-0b404435910b/run_manifest.json,efdaed78617ca5d8332574996d4998abc6a00f6f0cbd4ac133ce8cf081b2101b,184,1712,608,936,1192,0.0,1177.0,1177.0,405.0,773.0,11232.0,True,1,0.0,2,0,30736384,echo-m8-r2-K2-p1-s20260801-0b404435910b,round_major,20260801,pass,pass,1723958
6184,11240,2,8.0,3,3240,4624,9720,,0,15896.0,echo,184,1712,184,936,224,3,0.0,0.24999999999999997,0.5,True,37,15896.0,8,data/runs/w3-tradeoff-20260802-local/echo-m8-r2-K2-p2-s20260801-b26b3bc41b3f/run_manifest.json,a0887058faf2d9b37eb5e93ca948e43b8755b7b898300abd1e22c7d5a53220ad,184,1712,608,936,1192,0.0,1987.0,1987.0,1215.0,773.0,11232.0,True,2,0.0,2,0,30736384,echo-m8-r2-K2-p2-s20260801-b26b3bc41b3f,round_major,20260801,pass,pass,2957209
6184,11240,2,8.0,3,3240,4624,22680,,0,28856.0,echo,184,1712,184,936,224,7,0.0,0.24999999999999997,0.5,True,73,28856.0,8,data/runs/w3-tradeoff-20260802-local/echo-m8-r2-K2-p4-s20260801-176ce8e337e5/run_manifest.json,9bc14a13e7af1d34cc609c762ad472c27b0fad47db64d919cbc65338b4133ff8,184,1712,608,936,1192,0.0,3607.0,3607.0,2835.0,773.0,11232.0,True,4,0.0,2,0,30736384,echo-m8-r2-K2-p4-s20260801-176ce8e337e5,round_major,20260801,pass,pass,5138709
6184,11240,4,16.0,5,3240,4624,3240,,0,9408.0,echo,184,1712,184,936,224,1,0.0,0.1545084971874737,0.5,True,19,9408.0,8,data/runs/w3-tradeoff-20260802-local/echo-m8-r2-K4-p1-s20260801-fb0c5bd0e260/run_manifest.json,3afd328d578f835a2f53246ff3b97ebbe688dfec1be623814bec3b770473bae3,184,1712,608,936,1192,0.0,588.0,588.0,202.5,386.5,11224.0,True,1,0.0,2,0,30736384,echo-m8-r2-K4-p1-s20260801-fb0c5bd0e260,round_major,20260801,pass,pass,1728917
6184,11240,4,16.0,5,3240,4624,9720,,0,15888.0,echo,184,1712,184,936,224,3,0.0,0.1545084971874737,0.5,True,37,15888.0,8,data/runs/w3-tradeoff-20260802-local/echo-m8-r2-K4-p2-s20260801-5402ed8e957d/run_manifest.json,5752e445164924988a432d33f47fd13e6893038fba581d8fa74b4cd7ed702309,184,1712,608,936,1192,0.0,993.0,993.0,607.5,386.5,11224.0,True,2,0.0,2,0,30736384,echo-m8-r2-K4-p2-s20260801-5402ed8e957d,round_major,20260801,pass,pass,2981917
6184,11240,4,16.0,5,3240,4624,22680,,0,28848.0,echo,184,1712,184,936,224,7,0.0,0.1545084971874737,0.5,True,73,28848.0,8,data/runs/w3-tradeoff-20260802-local/echo-m8-r2-K4-p4-s20260801-d0747270225e/run_manifest.json,4c05150153090a32154cd3b26c5d883f578e6c27966f971c67fe540dee4befb9,184,1712,608,936,1192,0.0,1803.0,1803.0,1417.5,386.5,11224.0,True,4,0.0,2,0,30736384,echo-m8-r2-K4-p4-s20260801-d0747270225e,round_major,20260801,pass,pass,5374500
6184,11240,8,24.0,9,3240,4624,3240,,0,9400.0,echo,184,1712,184,936,224,1,0.0,0.08682408883346517,0.5,True,19,9400.0,8,data/runs/w3-tradeoff-20260802-local/echo-m8-r2-K8-p1-s20260801-76c54b143acc/run_manifest.json,250807857b34dcf3f32077248d40f16dee13605ab083e6cd66d920e28a6a87ac,184,1712,608,936,1192,0.0,391.6666666666667,391.6666666666667,135.0,257.6666666666667,11216.0,True,1,0.0,2,0,30736384,echo-m8-r2-K8-p1-s20260801-76c54b143acc,round_major,20260801,pass,pass,1628667
6184,11240,8,24.0,9,3240,4624,9720,,0,15880.0,echo,184,1712,184,936,224,3,0.0,0.08682408883346517,0.5,True,37,15880.0,8,data/runs/w3-tradeoff-20260802-local/echo-m8-r2-K8-p2-s20260801-4e2f57dc0e77/run_manifest.json,dcf91cf3aa53c4dfff6625590da69626d1f08d8989036e3ad16482bfd0e3fd41,184,1712,608,936,1192,0.0,661.6666666666666,661.6666666666666,405.0,257.6666666666667,11216.0,True,2,0.0,2,0,30736384,echo-m8-r2-K8-p2-s20260801-4e2f57dc0e77,round_major,20260801,pass,pass,2823125
6184,11240,8,24.0,9,3240,4624,22680,,0,28840.0,echo,184,1712,184,936,224,7,0.0,0.08682408883346517,0.5,True,73,28840.0,8,data/runs/w3-tradeoff-20260802-local/echo-m8-r2-K8-p4-s20260801-92fda94944fa/run_manifest.json,aa9247661fd338bd58b283ae7a6368c93543dacbabdc9044725f2f2fb093107a,184,1712,608,936,1192,0.0,1201.6666666666667,1201.6666666666667,945.0,257.6666666666667,11216.0,True,4,0.0,2,0,30736384,echo-m8-r2-K8-p4-s20260801-92fda94944fa,round_major,20260801,pass,pass,5198125
11240,16296,16,32.0,17,3240,4624,3240,,0,14448.0,echo,184,1712,184,936,224,1,0.0,0.046134179731650994,0.5,True,27,14448.0,8,data/runs/w3-tradeoff-20260802-local/echo-m8-r3-K16-p1-s20260801-0f2b08eec9bd/run_manifest.json,23b31ffc359fde1ee5895f6370f5daa44805a04ef840053930083adf6ad201f5,184,1712,608,936,1192,0.0,451.5,451.5,101.25,351.25,16264.0,True,1,0.0,3,0,30736384,echo-m8-r3-K16-p1-s20260801-0f2b08eec9bd,round_major,20260801,pass,pass,2346708
11240,16296,16,32.0,17,3240,4624,22680,,0,33888.0,echo,184,1712,184,936,224,7,0.0,0.046134179731650994,0.5,True,105,33888.0,8,data/runs/w3-tradeoff-20260802-local/echo-m8-r3-K16-p4-s20260801-6959422e6681/run_manifest.json,127501bfedde887b481f5a1e1e0c68c84ecf07d7868b75e36f7f4023cc64c5d9,184,1712,608,936,1192,0.0,1059.0,1059.0,708.75,351.25,16264.0,True,4,0.0,3,0,30736384,echo-m8-r3-K16-p4-s20260801-6959422e6681,round_major,20260801,pass,pass,14943166
11240,16296,4,16.0,5,3240,4624,3240,,0,14464.0,echo,184,1712,184,936,224,1,0.0,0.1545084971874737,0.5,True,27,14464.0,8,data/runs/w3-tradeoff-20260802-local/echo-m8-r3-K4-p1-s20260801-a425bf8419cc/run_manifest.json,b46f4701e520e4e336c65389859ddfab66dad7b7c58dd1caa8cc93c73d4c6fd6,184,1712,608,936,1192,0.0,904.0,904.0,202.5,702.5,16280.0,True,1,0.0,3,0,30752768,echo-m8-r3-K4-p1-s20260801-a425bf8419cc,round_major,20260801,pass,pass,2232541
11240,16296,4,16.0,5,3240,4624,22680,,0,33904.0,echo,184,1712,184,936,224,7,0.0,0.1545084971874737,0.5,True,105,33904.0,8,data/runs/w3-tradeoff-20260802-local/echo-m8-r3-K4-p4-s20260801-5e2dd15a0c75/run_manifest.json,2e8f6dbc06bffb5916194854d305accd59710196f059888fded0c47181f38a77,184,1712,608,936,1192,0.0,2119.0,2119.0,1417.5,702.5,16280.0,True,4,0.0,3,0,30752768,echo-m8-r3-K4-p4-s20260801-5e2dd15a0c75,round_major,20260801,pass,pass,7159792
16296,21352,16,32.0,17,3240,4624,3240,,0,19504.0,echo,184,1712,184,936,224,1,0.0,0.046134179731650994,0.5,True,35,19504.0,8,data/runs/w3-tradeoff-20260802-local/echo-m8-r4-K16-p1-s20260801-798eb217ac0c/run_manifest.json,76b82163c196b87171809924be44ad4ea2c6538e81e0b472141c9adb2dcf818a,184,1712,608,936,1192,0.0,609.5,609.5,101.25,509.25,21320.0,True,1,0.0,4,0,30752768,echo-m8-r4-K16-p1-s20260801-798eb217ac0c,round_major,20260801,pass,pass,2803500
16296,21352,16,32.0,17,3240,4624,22680,,0,38944.0,echo,184,1712,184,936,224,7,0.0,0.046134179731650994,0.5,True,137,38944.0,8,data/runs/w3-tradeoff-20260802-local/echo-m8-r4-K16-p4-s20260801-fa16931f1a0e/run_manifest.json,5082e022df74aa547004a0e112090f9497a239bbd21e01e22c6443011109cb44,184,1712,608,936,1192,0.0,1217.0,1217.0,708.75,509.25,21320.0,True,4,0.0,4,0,30752768,echo-m8-r4-K16-p4-s20260801-fa16931f1a0e,round_major,20260801,pass,pass,9177542
16296,21352,4,16.0,5,3240,4624,3240,,0,19520.0,echo,184,1712,184,936,224,1,0.0,0.1545084971874737,0.5,True,35,19520.0,8,data/runs/w3-tradeoff-20260802-local/echo-m8-r4-K4-p1-s20260801-485405d2bc0e/run_manifest.json,582f13a08b3ec36e6ff10043a224c34d7137e27001fa2502891bcc3454bb6e9f,184,1712,608,936,1192,0.0,1220.0,1220.0,202.5,1018.5,21336.0,True,1,0.0,4,0,30752768,echo-m8-r4-K4-p1-s20260801-485405d2bc0e,round_major,20260801,pass,pass,2755958
16296,21352,4,16.0,5,3240,4624,22680,,0,38960.0,echo,184,1712,184,936,224,7,0.0,0.1545084971874737,0.5,True,137,38960.0,8,data/runs/w3-tradeoff-20260802-local/echo-m8-r4-K4-p4-s20260801-eed53744671b/run_manifest.json,8f40851d08e8d9a9d650d467b73bebc6f67acdbd86616d20d5c02b7026c32170,184,1712,608,936,1192,0.0,2435.0,2435.0,1417.5,1018.5,21336.0,True,4,0.0,4,0,30752768,echo-m8-r4-K4-p4-s20260801-eed53744671b,round_major,20260801,pass,pass,9472250
1224,9928,16,64.0,17,3912,5296,3912,,16,5072.0,full_aggregation,184,1808,664,1032,224,1,0.0,0.046134179731650994,0.5,True,51,5072.0,16,data/runs/w3-tradeoff-20260802-local/full_aggregation-m16-r2-K16-p1-s20260801-caec705c100f/run_manifest.json,2f0b2518ff15767df0d7fccbf69b2123699591aa9203f266268ae4aebacf70da,184,1824,1088,1032,1192,1.0,79.25,79.25,61.125,19.125,9864.0,True,1,0.0,2,80,30752768,full_aggregation-m16-r2-K16-p1-s20260801-caec705c100f,round_major,20260801,pass,pass,4175208
1224,9928,16,64.0,17,3912,5296,10776,,16,12896.0,full_aggregation,184,1808,664,1032,224,3,0.0,0.046134179731650994,0.5,True,85,11936.0,16,data/runs/w3-tradeoff-20260802-local/full_aggregation-m16-r2-K16-p2-s20260801-e98041bae1e8/run_manifest.json,8f5c46ec9d9b418e77ce7133b1a93e8895618c57c9ad82fc4ce29dd7ebd37f65,184,1824,1088,1032,1192,1.0,201.5,186.5,183.375,19.125,9864.0,False,2,0.0,2,80,30752768,full_aggregation-m16-r2-K16-p2-s20260801-e98041bae1e8,round_major,20260801,pass,pass,6413750
1224,9928,16,64.0,17,3912,5296,10776,,16,12896.0,full_aggregation,184,1808,664,1032,224,3,0.0,0.046134179731650994,0.5,True,85,11936.0,16,data/runs/w3-tradeoff-20260802-local/full_aggregation-m16-r2-K16-p2-s20260801-f16abc75963f/run_manifest.json,b2baad6f4be0a4b86b029dee5ee241568425475da8b063801a919b20fb850821,184,1824,1088,1032,1192,1.0,201.5,186.5,183.375,19.125,9864.0,False,2,0.0,2,80,30769152,full_aggregation-m16-r2-K16-p2-s20260801-f16abc75963f,permuted_within_round,20260801,pass,pass,6430708
1224,9928,16,64.0,17,3912,5296,10776,,16,12896.0,full_aggregation,184,1808,664,1032,224,3,0.0,0.046134179731650994,0.5,True,85,11936.0,16,data/runs/w3-tradeoff-20260802-local/full_aggregation-m16-r2-K16-p2-s20260802-2bcdca5bad33/run_manifest.json,404aa298c3a7e1d7f39c84bb84af3d88ce86a4446e17d9943cfe19b4cbd8d8a6,184,1824,1088,1032,1192,1.0,201.5,186.5,183.375,19.125,9864.0,False,2,0.0,2,80,30769152,full_aggregation-m16-r2-K16-p2-s20260802-2bcdca5bad33,round_major,20260802,pass,pass,6289542
1224,9928,16,64.0,17,3912,5296,10776,,16,12896.0,full_aggregation,184,1808,664,1032,224,3,0.0,0.046134179731650994,0.5,True,85,11936.0,16,data/runs/w3-tradeoff-20260802-local/full_aggregation-m16-r2-K16-p2-s20260802-af297455da19/run_manifest.json,f334a1d959962ed17e037867f5334a53c6b0c015eaadc70b552ecd7d2ad37b77,184,1824,1088,1032,1192,1.0,201.5,186.5,183.375,19.125,9864.0,False,2,0.0,2,80,30769152,full_aggregation-m16-r2-K16-p2-s20260802-af297455da19,permuted_within_round,20260802,pass,pass,6429583
1224,9928,16,64.0,17,3912,5296,24504,,16,28544.0,full_aggregation,184,1808,664,1032,224,7,0.0,0.046134179731650994,0.5,True,153,25664.0,16,data/runs/w3-tradeoff-20260802-local/full_aggregation-m16-r2-K16-p4-s20260801-b8e7240db2ae/run_manifest.json,eccd49a0635afb40b285fe100efdd9e398a4a84513a0b22c271b5fe79b7203dd,184,1824,1088,1032,1192,1.0,446.0,401.0,427.875,19.125,9864.0,False,4,0.0,2,80,30769152,full_aggregation-m16-r2-K16-p4-s20260801-b8e7240db2ae,round_major,20260801,pass,pass,10664167
1224,9928,2,16.0,3,3856,5248,3856,,16,5064.0,full_aggregation,184,1808,608,1032,224,1,0.0,0.24999999999999997,0.5,True,51,5064.0,16,data/runs/w3-tradeoff-20260802-local/full_aggregation-m16-r2-K2-p1-s20260801-5f0031b99b65/run_manifest.json,fb42b14c9fe463dbac63f02b1d5df61578f61e77f47c4052c81170ad1e8bafa3,184,1824,1040,1032,1192,1.0,316.5,316.5,241.0,76.5,9912.0,True,1,0.0,2,32,30801920,full_aggregation-m16-r2-K2-p1-s20260801-5f0031b99b65,round_major,20260801,pass,pass,4081459
1224,9928,2,16.0,3,3856,5248,10720,,16,12776.0,full_aggregation,184,1808,608,1032,224,3,0.0,0.24999999999999997,0.5,True,85,11928.0,16,data/runs/w3-tradeoff-20260802-local/full_aggregation-m16-r2-K2-p2-s20260801-2a1ceb25b469/run_manifest.json,0aa3c2bfad3afc4082610d29488988b5ae09391608bc9c091589273a099d8185,184,1824,1040,1032,1192,1.0,798.5,745.5,723.0,76.5,9912.0,False,2,0.0,2,32,30801920,full_aggregation-m16-r2-K2-p2-s20260801-2a1ceb25b469,round_major,20260801,pass,pass,6299375
1224,9928,2,16.0,3,3856,5248,24448,,16,28200.0,full_aggregation,184,1808,608,1032,224,7,0.0,0.24999999999999997,0.5,True,153,25656.0,16,data/runs/w3-tradeoff-20260802-local/full_aggregation-m16-r2-K2-p4-s20260801-ac09c6877102/run_manifest.json,6b9ffc78b62722d47e9420c775ca28db60d29d2bb734ad5eea9cfadd232e0bb1,184,1824,1040,1032,1192,1.0,1762.5,1603.5,1687.0,76.5,9912.0,False,4,0.0,2,32,30801920,full_aggregation-m16-r2-K2-p4-s20260801-ac09c6877102,round_major,20260801,pass,pass,10623750
1224,9928,4,32.0,5,3872,5264,3872,,16,5064.0,full_aggregation,184,1808,624,1032,224,1,0.0,0.1545084971874737,0.5,True,51,5064.0,16,data/runs/w3-tradeoff-20260802-local/full_aggregation-m16-r2-K4-p1-s20260801-e0497abe08dc/run_manifest.json,c7c441453558faae39406e92430187d209cee0fda568f925d25f53248b6cc1d9,184,1824,1056,1032,1192,1.0,158.25,158.25,121.0,38.25,9896.0,True,1,0.0,2,48,30801920,full_aggregation-m16-r2-K4-p1-s20260801-e0497abe08dc,round_major,20260801,pass,pass,3903792
1224,9928,4,32.0,5,3872,5264,10736,,16,12808.0,full_aggregation,184,1808,624,1032,224,3,0.0,0.1545084971874737,0.5,True,85,11928.0,16,data/runs/w3-tradeoff-20260802-local/full_aggregation-m16-r2-K4-p2-s20260801-a7b0632fc7e3/run_manifest.json,c7759c59e0cb6da6c36dbb59d63a7fb89437ffaa6724a468e7073b90cd7245cc,184,1824,1056,1032,1192,1.0,400.25,372.75,363.0,38.25,9896.0,False,2,0.0,2,48,30801920,full_aggregation-m16-r2-K4-p2-s20260801-a7b0632fc7e3,round_major,20260801,pass,pass,6251916
1224,9928,4,32.0,5,3872,5264,10736,,16,12808.0,full_aggregation,184,1808,624,1032,224,3,0.0,0.1545084971874737,0.5,True,85,11928.0,16,data/runs/w3-tradeoff-20260802-local/full_aggregation-m16-r2-K4-p2-s20260801-d3bad4d148b2/run_manifest.json,7e621f9993e69d01d85573af8dc73230f9477a92c47b2e565cc595ce5dd379a7,184,1824,1056,1032,1192,1.0,400.25,372.75,363.0,38.25,9896.0,False,2,0.0,2,48,30801920,full_aggregation-m16-r2-K4-p2-s20260801-d3bad4d148b2,permuted_within_round,20260801,pass,pass,6294250
1224,9928,4,32.0,5,3880,5264,10744,,16,12832.0,full_aggregation,184,1808,632,1032,224,3,0.0,0.1545084971874737,0.5,True,85,11936.0,16,data/runs/w3-tradeoff-20260802-local/full_aggregation-m16-r2-K4-p2-s20260802-5531d59b934f/run_manifest.json,85c81e9fa9338da002ca85f00537ff93bd8dd8453a791706d9ff89f2898b7bfb,184,1824,1056,1032,1192,1.0,401.0,373.0,363.75,38.25,9896.0,False,2,0.0,2,48,30801920,full_aggregation-m16-r2-K4-p2-s20260802-5531d59b934f,permuted_within_round,20260802,pass,pass,6238750
1224,9928,4,32.0,5,3880,5264,10744,,16,12832.0,full_aggregation,184,1808,632,1032,224,3,0.0,0.1545084971874737,0.5,True,85,11936.0,16,data/runs/w3-tradeoff-20260802-local/full_aggregation-m16-r2-K4-p2-s20260802-b494e68da523/run_manifest.json,4322d6dca3a9509e652a75df025fd8f4de9a51f6b048fab7880eae2760157599,184,1824,1056,1032,1192,1.0,401.0,373.0,363.75,38.25,9896.0,False,2,0.0,2,48,30801920,full_aggregation-m16-r2-K4-p2-s20260802-b494e68da523,round_major,20260802,pass,pass,6126250
1224,9928,4,32.0,5,3872,5264,24464,,16,28296.0,full_aggregation,184,1808,624,1032,224,7,0.0,0.1545084971874737,0.5,True,153,25656.0,16,data/runs/w3-tradeoff-20260802-local/full_aggregation-m16-r2-K4-p4-s20260801-fe06af6e4d97/run_manifest.json,cbf4b236238abfc3467583e2b13bac731dba41db5aa248587f8e8193f2391671,184,1824,1056,1032,1192,1.0,884.25,801.75,847.0,38.25,9896.0,False,4,0.0,2,48,30801920,full_aggregation-m16-r2-K4-p4-s20260801-fe06af6e4d97,round_major,20260801,pass,pass,10927958
1224,9928,8,48.0,9,3888,5280,3888,,16,5064.0,full_aggregation,184,1808,640,1032,224,1,0.0,0.08682408883346517,0.5,True,51,5064.0,16,data/runs/w3-tradeoff-20260802-local/full_aggregation-m16-r2-K8-p1-s20260801-11c20714088f/run_manifest.json,4d4237922032a8b3bb05fa0409fb8e9ed46dbf9afacbdee4c13b203e4dd0a4e1,184,1824,1072,1032,1192,1.0,105.5,105.5,81.0,25.5,9880.0,True,1,0.0,2,64,30801920,full_aggregation-m16-r2-K8-p1-s20260801-11c20714088f,round_major,20260801,pass,pass,3938542
1224,9928,8,48.0,9,3888,5280,3888,,16,5064.0,full_aggregation,184,1808,640,1032,224,1,0.0,0.1562833599002373,0.9,True,51,5064.0,16,data/runs/w3-tradeoff-20260802-local/full_aggregation-m16-r2-K8-p1-s20260801-7d5bdc226570/run_manifest.json,8f0f2eb5026f8b9f404a8189aa331867db7882171182e9b8ab654694a24b68a1,184,1824,1072,1032,1192,1.0,105.5,105.5,81.0,25.5,9880.0,True,1,0.0,2,64,30801920,full_aggregation-m16-r2-K8-p1-s20260801-7d5bdc226570,round_major,20260801,pass,pass,3895958
1224,9928,8,48.0,9,3888,5280,3888,,16,5064.0,full_aggregation,184,1808,640,1032,224,1,0.0,0.04341204441673258,0.25,True,51,5064.0,16,data/runs/w3-tradeoff-20260802-local/full_aggregation-m16-r2-K8-p1-s20260801-aaa6ddf4dfbd/run_manifest.json,bbd497e0580c420339c1a90740accd30d5bfffa30abbd65444150cd111c0449a,184,1824,1072,1032,1192,1.0,105.5,105.5,81.0,25.5,9880.0,True,1,0.0,2,64,30801920,full_aggregation-m16-r2-K8-p1-s20260801-aaa6ddf4dfbd,round_major,20260801,pass,pass,3990750
1224,9928,8,48.0,9,3888,5280,10752,,16,12840.0,full_aggregation,184,1808,640,1032,224,3,0.0,0.04341204441673258,0.25,True,85,11928.0,16,data/runs/w3-tradeoff-20260802-local/full_aggregation-m16-r2-K8-p2-s20260801-40dc17d4750e/run_manifest.json,6762d0dc84c72a5350aff35b4ec83451ddc17ec777875b92252d7fc2989a6a22,184,1824,1072,1032,1192,1.0,267.5,248.5,243.0,25.5,9880.0,False,2,0.0,2,64,30801920,full_aggregation-m16-r2-K8-p2-s20260801-40dc17d4750e,round_major,20260801,pass,pass,6196542
1224,9928,8,48.0,9,3888,5280,10752,,16,12840.0,full_aggregation,184,1808,640,1032,224,3,0.0,0.1562833599002373,0.9,True,85,11928.0,16,data/runs/w3-tradeoff-20260802-local/full_aggregation-m16-r2-K8-p2-s20260801-74b3840ac27c/run_manifest.json,a27965de2f9a2ec63f2661b0abec9aa52943af8db5aba7f567e7476bc324c9cc,184,1824,1072,1032,1192,1.0,267.5,248.5,243.0,25.5,9880.0,False,2,0.0,2,64,30801920,full_aggregation-m16-r2-K8-p2-s20260801-74b3840ac27c,round_major,20260801,pass,pass,6162000
1224,9928,8,48.0,9,3888,5280,10752,,16,12840.0,full_aggregation,184,1808,640,1032,224,3,0.0,0.08682408883346517,0.5,True,85,11928.0,16,data/runs/w3-tradeoff-20260802-local/full_aggregation-m16-r2-K8-p2-s20260801-a7150003a906/run_manifest.json,75c55cd65756e875c8ba608c6fdd6727eb2b6237fbe33f04e4238b7cc742d98f,184,1824,1072,1032,1192,1.0,267.5,248.5,243.0,25.5,9880.0,False,2,0.0,2,64,30801920,full_aggregation-m16-r2-K8-p2-s20260801-a7150003a906,round_major,20260801,pass,pass,6209125
1224,9928,8,48.0,9,3888,5280,24480,,16,28392.0,full_aggregation,184,1808,640,1032,224,7,0.0,0.04341204441673258,0.25,True,153,25656.0,16,data/runs/w3-tradeoff-20260802-local/full_aggregation-m16-r2-K8-p4-s20260801-a02ff0722e7b/run_manifest.json,02671cc9360aebbd583709d845ab34f2ff9cb78916124066b245620a7d06c47b,184,1824,1072,1032,1192,1.0,591.5,534.5,567.0,25.5,9880.0,False,4,0.0,2,64,30801920,full_aggregation-m16-r2-K8-p4-s20260801-a02ff0722e7b,round_major,20260801,pass,pass,10914166
1224,9928,8,48.0,9,3888,5280,24480,,16,28392.0,full_aggregation,184,1808,640,1032,224,7,0.0,0.1562833599002373,0.9,True,153,25656.0,16,data/runs/w3-tradeoff-20260802-local/full_aggregation-m16-r2-K8-p4-s20260801-e368e3468a58/run_manifest.json,a046a02e3f981287b037e75e3261f0a8e28b3cf4c5cd45e0346a42adb8f467c1,184,1824,1072,1032,1192,1.0,591.5,534.5,567.0,25.5,9880.0,False,4,0.0,2,64,30801920,full_aggregation-m16-r2-K8-p4-s20260801-e368e3468a58,round_major,20260801,pass,pass,11097042
1224,9928,8,48.0,9,3888,5280,24480,,16,28392.0,full_aggregation,184,1808,640,1032,224,7,0.0,0.08682408883346517,0.5,True,153,25656.0,16,data/runs/w3-tradeoff-20260802-local/full_aggregation-m16-r2-K8-p4-s20260801-f89b2052bed0/run_manifest.json,cf0be0c627e072f34af21ed5a09cc8b8fd572039ed4a3c837d3c3d47ea2d9306,184,1824,1072,1032,1192,1.0,591.5,534.5,567.0,25.5,9880.0,False,4,0.0,2,64,30801920,full_aggregation-m16-r2-K8-p4-s20260801-f89b2052bed0,round_major,20260801,pass,pass,10928708
1224,9928,16,64.0,17,3912,5296,10776,,16,12896.0,full_aggregation,184,1808,664,1032,224,3,0.0,0.046134179731650994,0.5,True,117,11936.0,16,data/runs/w3-tradeoff-20260802-local/full_aggregation-m16-r3-K16-p2-s20260801-3b893d42be4b/run_manifest.json,e5c32e298248c1dcace42aa7c99ad2e779ea75f0bda9fe276990b5ae1aa5b66c,184,1824,1088,1032,1192,1.0,201.5,186.5,183.375,19.125,9864.0,False,2,0.0,3,80,30801920,full_aggregation-m16-r3-K16-p2-s20260801-3b893d42be4b,permuted_within_round,20260801,pass,pass,8776084
1224,9928,16,64.0,17,3912,5296,10776,,16,12896.0,full_aggregation,184,1808,664,1032,224,3,0.0,0.046134179731650994,0.5,True,117,11936.0,16,data/runs/w3-tradeoff-20260802-local/full_aggregation-m16-r3-K16-p2-s20260801-5701de97d00c/run_manifest.json,1a1020fcee8a7a8ce0741ce89fd9114feb3ebd17cfac5ecfd6ae3a282de9ded9,184,1824,1088,1032,1192,1.0,201.5,186.5,183.375,19.125,9864.0,False,2,0.0,3,80,30818304,full_aggregation-m16-r3-K16-p2-s20260801-5701de97d00c,round_major,20260801,pass,pass,8874125
1224,9928,16,64.0,17,3912,5296,10776,,16,12896.0,full_aggregation,184,1808,664,1032,224,3,0.0,0.046134179731650994,0.5,True,117,11936.0,16,data/runs/w3-tradeoff-20260802-local/full_aggregation-m16-r3-K16-p2-s20260802-70e215831541/run_manifest.json,c4f6db640fe0fce413a82642ba60069a880cdab56003185d0a3d4e7d3cec1fbc,184,1824,1088,1032,1192,1.0,201.5,186.5,183.375,19.125,9864.0,False,2,0.0,3,80,30818304,full_aggregation-m16-r3-K16-p2-s20260802-70e215831541,permuted_within_round,20260802,pass,pass,8826000
1224,9928,16,64.0,17,3912,5296,10776,,16,12896.0,full_aggregation,184,1808,664,1032,224,3,0.0,0.046134179731650994,0.5,True,117,11936.0,16,data/runs/w3-tradeoff-20260802-local/full_aggregation-m16-r3-K16-p2-s20260802-934d2d2c032f/run_manifest.json,4daa669a7b197a7938db996473a0c3dcc9bc24e31ae90c20ce5338fe9d76b844,184,1824,1088,1032,1192,1.0,201.5,186.5,183.375,19.125,9864.0,False,2,0.0,3,80,30818304,full_aggregation-m16-r3-K16-p2-s20260802-934d2d2c032f,round_major,20260802,pass,pass,8747625
1224,9928,4,32.0,5,3880,5264,10744,,16,12832.0,full_aggregation,184,1808,632,1032,224,3,0.0,0.1545084971874737,0.5,True,117,11936.0,16,data/runs/w3-tradeoff-20260802-local/full_aggregation-m16-r3-K4-p2-s20260801-85f26ceaf198/run_manifest.json,84af9693e0e0deb48121498a53c335a9c5942a119c4461962451bb19d18c5b88,184,1824,1056,1032,1192,1.0,401.0,373.0,363.75,38.25,9896.0,False,2,0.0,3,48,30818304,full_aggregation-m16-r3-K4-p2-s20260801-85f26ceaf198,permuted_within_round,20260801,pass,pass,8580875
1224,9928,4,32.0,5,3880,5264,10744,,16,12832.0,full_aggregation,184,1808,632,1032,224,3,0.0,0.1545084971874737,0.5,True,117,11936.0,16,data/runs/w3-tradeoff-20260802-local/full_aggregation-m16-r3-K4-p2-s20260801-aab8a406dc15/run_manifest.json,9f26309911206d43a56a4ed96c88259d25f102af9358e55f6daf34aa610cf61b,184,1824,1056,1032,1192,1.0,401.0,373.0,363.75,38.25,9896.0,False,2,0.0,3,48,30818304,full_aggregation-m16-r3-K4-p2-s20260801-aab8a406dc15,round_major,20260801,pass,pass,8764584
1224,9928,4,32.0,5,3880,5264,10744,,16,12832.0,full_aggregation,184,1808,632,1032,224,3,0.0,0.1545084971874737,0.5,True,117,11936.0,16,data/runs/w3-tradeoff-20260802-local/full_aggregation-m16-r3-K4-p2-s20260802-79a618be3812/run_manifest.json,12aca2dc240bcac8521f4662b618d490970e428ce1d10a7cb94e4fb3d8ff1877,184,1824,1056,1032,1192,1.0,401.0,373.0,363.75,38.25,9896.0,False,2,0.0,3,48,30818304,full_aggregation-m16-r3-K4-p2-s20260802-79a618be3812,permuted_within_round,20260802,pass,pass,8653667
1224,9928,4,32.0,5,3880,5264,10744,,16,12832.0,full_aggregation,184,1808,632,1032,224,3,0.0,0.1545084971874737,0.5,True,117,11936.0,16,data/runs/w3-tradeoff-20260802-local/full_aggregation-m16-r3-K4-p2-s20260802-b67aa72aed3c/run_manifest.json,f168a21c478f145b1f99bf082391f95707dd62961c0cdf1ff255fd7369d78674,184,1824,1056,1032,1192,1.0,401.0,373.0,363.75,38.25,9896.0,False,2,0.0,3,48,30818304,full_aggregation-m16-r3-K4-p2-s20260802-b67aa72aed3c,round_major,20260802,pass,pass,8437041
1224,18632,16,128.0,17,3984,5376,3984,,32,5080.0,full_aggregation,184,1808,736,1032,224,1,0.0,0.046134179731650994,0.5,True,99,5080.0,32,data/runs/w3-tradeoff-20260802-local/full_aggregation-m32-r2-K16-p1-s20260801-1939f9117561/run_manifest.json,d0692d7a2520c82136d293f5c57b8fff86133f3fba1709cfae6c570f57e2510d,184,1824,1168,1032,1192,1.0,39.6875,39.6875,31.125,9.5625,18504.0,True,1,0.0,2,160,30818304,full_aggregation-m32-r2-K16-p1-s20260801-1939f9117561,round_major,20260801,pass,pass,7628625
1224,18632,16,128.0,17,3984,5376,10848,,32,13048.0,full_aggregation,184,1808,736,1032,224,3,0.0,0.046134179731650994,0.5,True,165,11944.0,32,data/runs/w3-tradeoff-20260802-local/full_aggregation-m32-r2-K16-p2-s20260801-f2a185a94e23/run_manifest.json,5f801e5f0144fde21dca1c040d00d46675dff9934708c8ac4e11945d4f981ebc,184,1824,1168,1032,1192,1.0,101.9375,93.3125,93.375,9.5625,18504.0,False,2,0.0,2,160,30818304,full_aggregation-m32-r2-K16-p2-s20260801-f2a185a94e23,round_major,20260801,pass,pass,12268750
1224,18632,16,128.0,17,3984,5376,24576,,32,28984.0,full_aggregation,184,1808,736,1032,224,7,0.0,0.046134179731650994,0.5,True,297,25672.0,32,data/runs/w3-tradeoff-20260802-local/full_aggregation-m32-r2-K16-p4-s20260801-037ac919167d/run_manifest.json,0cc1ba9c188ba79df803244f8feb64aadcc26fa5ff6585bead45b02a5d2fecbf,184,1824,1168,1032,1192,1.0,226.4375,200.5625,217.875,9.5625,18504.0,False,4,0.0,2,160,30834688,full_aggregation-m32-r2-K16-p4-s20260801-037ac919167d,round_major,20260801,pass,pass,20186666
1224,18632,2,32.0,3,3896,5280,3896,,32,5088.0,full_aggregation,184,1808,648,1032,224,1,0.0,0.24999999999999997,0.5,True,99,5088.0,32,data/runs/w3-tradeoff-20260802-local/full_aggregation-m32-r2-K2-p1-s20260801-582363e82460/run_manifest.json,d0b46e738e4e477c04b5ee8c15386f66bca37dd32373825fe48234323c6ffd1a,184,1824,1072,1032,1192,1.0,159.0,159.0,121.75,38.25,18600.0,True,1,0.0,2,64,30851072,full_aggregation-m32-r2-K2-p1-s20260801-582363e82460,round_major,20260801,pass,pass,8263333
1224,18632,2,32.0,3,3896,5280,10760,,32,12880.0,full_aggregation,184,1808,648,1032,224,3,0.0,0.24999999999999997,0.5,True,165,11952.0,32,data/runs/w3-tradeoff-20260802-local/full_aggregation-m32-r2-K2-p2-s20260801-45a95659ca40/run_manifest.json,6e414fa10235d16b837913a1315cf25434c4d2b681a49bf3712eefbbc59dbac7,184,1824,1072,1032,1192,1.0,402.5,373.5,365.25,38.25,18600.0,False,2,0.0,2,64,30851072,full_aggregation-m32-r2-K2-p2-s20260801-45a95659ca40,round_major,20260801,pass,pass,12156833
1224,18632,2,32.0,3,3896,5280,24488,,32,28464.0,full_aggregation,184,1808,648,1032,224,7,0.0,0.24999999999999997,0.5,True,297,25680.0,32,data/runs/w3-tradeoff-20260802-local/full_aggregation-m32-r2-K2-p4-s20260801-79c67074bf0d/run_manifest.json,ed8d86f0c233f5020159a4164205f1cac30115dbd1c0ee33d352d4177ef957a8,184,1824,1072,1032,1192,1.0,889.5,802.5,852.25,38.25,18600.0,False,4,0.0,2,64,30851072,full_aggregation-m32-r2-K2-p4-s20260801-79c67074bf0d,round_major,20260801,pass,pass,20233792
1224,18632,4,64.0,5,3920,5304,3920,,32,5080.0,full_aggregation,184,1808,672,1032,224,1,0.0,0.1545084971874737,0.5,True,99,5080.0,32,data/runs/w3-tradeoff-20260802-local/full_aggregation-m32-r2-K4-p1-s20260801-b11e7a245b58/run_manifest.json,8cd65ad6bfe5174882f12b4977a93379187a8320e6753352d7a304bf55382bf3,184,1824,1096,1032,1192,1.0,79.375,79.375,61.25,19.125,18568.0,True,1,0.0,2,96,30851072,full_aggregation-m32-r2-K4-p1-s20260801-b11e7a245b58,round_major,20260801,pass,pass,7694291
1224,18632,4,64.0,5,3920,5304,10784,,32,12920.0,full_aggregation,184,1808,672,1032,224,3,0.0,0.1545084971874737,0.5,True,165,11944.0,32,data/runs/w3-tradeoff-20260802-local/full_aggregation-m32-r2-K4-p2-s20260801-75e0919e83e0/run_manifest.json,b7bbc1bae9bf012cc636d0512c0e82b3568a56e59ef1e1f601b7b6a8d162c5bd,184,1824,1096,1032,1192,1.0,201.875,186.625,183.75,19.125,18568.0,False,2,0.0,2,96,30851072,full_aggregation-m32-r2-K4-p2-s20260801-75e0919e83e0,round_major,20260801,pass,pass,12027208
1224,18632,4,64.0,5,3920,5304,24512,,32,28600.0,full_aggregation,184,1808,672,1032,224,7,0.0,0.1545084971874737,0.5,True,297,25672.0,32,data/runs/w3-tradeoff-20260802-local/full_aggregation-m32-r2-K4-p4-s20260801-cf262bcbbe32/run_manifest.json,5f15b2f028b86062cd77af0e3bd72af3e0c0ba28d88f4ddd42de2b91007e18a1,184,1824,1096,1032,1192,1.0,446.875,401.125,428.75,19.125,18568.0,False,4,0.0,2,96,30851072,full_aggregation-m32-r2-K4-p4-s20260801-cf262bcbbe32,round_major,20260801,pass,pass,20410125
1224,18632,8,96.0,9,3952,5344,3952,,32,5080.0,full_aggregation,184,1808,704,1032,224,1,0.0,0.08682408883346517,0.5,True,99,5080.0,32,data/runs/w3-tradeoff-20260802-local/full_aggregation-m32-r2-K8-p1-s20260801-b214a994672d/run_manifest.json,63bba864d4f1af51981d5ca3112357c5f9e1b98101df5b36b7e248c8257d9726,184,1824,1136,1032,1192,1.0,52.916666666666664,52.916666666666664,41.166666666666664,12.75,18536.0,True,1,0.0,2,128,30851072,full_aggregation-m32-r2-K8-p1-s20260801-b214a994672d,round_major,20260801,pass,pass,7651834
1224,18632,8,96.0,9,3952,5344,10816,,32,12984.0,full_aggregation,184,1808,704,1032,224,3,0.0,0.08682408883346517,0.5,True,165,11944.0,32,data/runs/w3-tradeoff-20260802-local/full_aggregation-m32-r2-K8-p2-s20260801-cb0087bf72a2/run_manifest.json,8ed446f14c188aacc4bad06c15c0e6137395c0cc77b1c66108c815ef10aea3b8,184,1824,1136,1032,1192,1.0,135.25,124.41666666666667,123.5,12.75,18536.0,False,2,0.0,2,128,30851072,full_aggregation-m32-r2-K8-p2-s20260801-cb0087bf72a2,round_major,20260801,pass,pass,11959875
1224,18632,8,96.0,9,3952,5344,24544,,32,28792.0,full_aggregation,184,1808,704,1032,224,7,0.0,0.08682408883346517,0.5,True,297,25672.0,32,data/runs/w3-tradeoff-20260802-local/full_aggregation-m32-r2-K8-p4-s20260801-7d2b9bab8cfe/run_manifest.json,b1e25bb774255137091f2562500d6866d7da4a32028f6efae79c58bafb4aee25,184,1824,1136,1032,1192,1.0,299.9166666666667,267.4166666666667,288.1666666666667,12.75,18536.0,False,4,0.0,2,128,30851072,full_aggregation-m32-r2-K8-p4-s20260801-7d2b9bab8cfe,round_major,20260801,pass,pass,20493125
1224,18632,16,128.0,17,3984,5376,3984,,32,5080.0,full_aggregation,184,1808,736,1032,224,1,0.0,0.046134179731650994,0.5,True,131,5080.0,32,data/runs/w3-tradeoff-20260802-local/full_aggregation-m32-r3-K16-p1-s20260801-3625ff788aad/run_manifest.json,ad12d62999691cb6279648e2ad3717b53764f511d8a1e9216ba928a059722381,184,1824,1168,1032,1192,1.0,39.6875,39.6875,31.125,9.5625,18504.0,True,1,0.0,3,160,30851072,full_aggregation-m32-r3-K16-p1-s20260801-3625ff788aad,round_major,20260801,pass,pass,10176167
1224,18632,16,128.0,17,3984,5376,24576,,32,28984.0,full_aggregation,184,1808,736,1032,224,7,0.0,0.046134179731650994,0.5,True,425,25672.0,32,data/runs/w3-tradeoff-20260802-local/full_aggregation-m32-r3-K16-p4-s20260801-ca208cc935d6/run_manifest.json,5cb1d207bfb787e0cc15b80df4c375780ba6768c83f989275a998155819cb1f2,184,1824,1168,1032,1192,1.0,226.4375,200.5625,217.875,9.5625,18504.0,False,4,0.0,3,160,30851072,full_aggregation-m32-r3-K16-p4-s20260801-ca208cc935d6,round_major,20260801,pass,pass,29119250
1224,18632,4,64.0,5,3920,5304,3920,,32,5080.0,full_aggregation,184,1808,672,1032,224,1,0.0,0.1545084971874737,0.5,True,131,5080.0,32,data/runs/w3-tradeoff-20260802-local/full_aggregation-m32-r3-K4-p1-s20260801-8dee7c4f15d6/run_manifest.json,2718c3d65776df474b44df3afa2fdfdf8464007e0756e16402675aec98272d23,184,1824,1096,1032,1192,1.0,79.375,79.375,61.25,19.125,18568.0,True,1,0.0,3,96,30867456,full_aggregation-m32-r3-K4-p1-s20260801-8dee7c4f15d6,round_major,20260801,pass,pass,10487750
1224,18632,4,64.0,5,3920,5304,24512,,32,28600.0,full_aggregation,184,1808,672,1032,224,7,0.0,0.1545084971874737,0.5,True,425,25672.0,32,data/runs/w3-tradeoff-20260802-local/full_aggregation-m32-r3-K4-p4-s20260801-32820a1e8bec/run_manifest.json,30a7cac741c11cc337cb32304a486bae2a1636502906156ef8ba8d41f65a8fbd,184,1824,1096,1032,1192,1.0,446.875,401.125,428.75,19.125,18568.0,False,4,0.0,3,96,30867456,full_aggregation-m32-r3-K4-p4-s20260801-32820a1e8bec,round_major,20260801,pass,pass,29676291
1224,18632,16,128.0,17,3984,5392,3984,,32,5080.0,full_aggregation,184,1808,736,1032,224,1,0.0,0.046134179731650994,0.5,True,163,5080.0,32,data/runs/w3-tradeoff-20260802-local/full_aggregation-m32-r4-K16-p1-s20260801-f97d78c56196/run_manifest.json,7677f39af0f3fcf2b0ba5acd6ea261308d4fa8c074ef79373994b1f0d05c7ce3,184,1832,1176,1032,1192,1.0,39.6875,39.6875,31.125,9.5625,18504.0,True,1,0.0,4,160,30867456,full_aggregation-m32-r4-K16-p1-s20260801-f97d78c56196,round_major,20260801,pass,pass,12577791
1224,18632,16,128.0,17,3984,5392,24600,,32,28984.0,full_aggregation,184,1808,736,1032,224,7,0.0,0.046134179731650994,0.5,True,553,25696.0,32,data/runs/w3-tradeoff-20260802-local/full_aggregation-m32-r4-K16-p4-s20260801-e5f2e1423b23/run_manifest.json,fb18aa3ac09ac5d909cb263d260e87222cee78fa3d384dd218eed0ac89476d89,184,1832,1176,1032,1192,1.0,226.4375,200.75,217.875,9.5625,18504.0,False,4,0.0,4,160,30900224,full_aggregation-m32-r4-K16-p4-s20260801-e5f2e1423b23,round_major,20260801,pass,pass,37039708
1224,18632,4,64.0,5,3920,5320,3920,,32,5080.0,full_aggregation,184,1808,672,1032,224,1,0.0,0.1545084971874737,0.5,True,163,5080.0,32,data/runs/w3-tradeoff-20260802-local/full_aggregation-m32-r4-K4-p1-s20260801-a2c4aba3d5b5/run_manifest.json,e122b1d0aa776fa8c1d61451244f8df433f962b6d3ad5d4c3f3da733b7483ebd,184,1832,1104,1032,1192,1.0,79.375,79.375,61.25,19.125,18568.0,True,1,0.0,4,96,30982144,full_aggregation-m32-r4-K4-p1-s20260801-a2c4aba3d5b5,round_major,20260801,pass,pass,12452042
1224,18632,4,64.0,5,3920,5320,24536,,32,28600.0,full_aggregation,184,1808,672,1032,224,7,0.0,0.1545084971874737,0.5,True,553,25696.0,32,data/runs/w3-tradeoff-20260802-local/full_aggregation-m32-r4-K4-p4-s20260801-5c810317c406/run_manifest.json,007b2f58ce5b1980abab5ddfaf246446032a35f04c2709ffd9f6b65f6b891f65,184,1832,1104,1032,1192,1.0,446.875,401.5,428.75,19.125,18568.0,False,4,0.0,4,96,30982144,full_aggregation-m32-r4-K4-p4-s20260801-5c810317c406,round_major,20260801,pass,pass,37903833
1224,3400,16,16.0,17,3848,5240,3848,,4,5056.0,full_aggregation,184,1808,600,1032,224,1,0.0,0.046134179731650994,0.5,True,15,5056.0,4,data/runs/w3-tradeoff-20260802-local/full_aggregation-m4-r2-K16-p1-s20260801-15113a67dc05/run_manifest.json,4af0e5a54af865b7d82107c55843acf17e1ef1c67fedee3e9899c3fee801904d,184,1824,1032,1032,1192,1.0,316.0,316.0,240.5,76.5,3384.0,True,1,0.0,2,20,30982144,full_aggregation-m4-r2-K16-p1-s20260801-15113a67dc05,round_major,20260801,pass,pass,1455958
1224,3400,16,16.0,17,3848,5240,10712,,4,12752.0,full_aggregation,184,1808,600,1032,224,3,0.0,0.046134179731650994,0.5,True,25,11920.0,4,data/runs/w3-tradeoff-20260802-local/full_aggregation-m4-r2-K16-p2-s20260801-d3e1b2681317/run_manifest.json,5e67357ed604f11aec8f07aa2a4c3a053f5ea66239f8c6b14f58f28413e73892,184,1824,1032,1032,1192,1.0,797.0,745.0,721.5,76.5,3384.0,False,2,0.0,2,20,30982144,full_aggregation-m4-r2-K16-p2-s20260801-d3e1b2681317,round_major,20260801,pass,pass,2066084
1224,3400,16,16.0,17,3848,5240,24440,,4,28144.0,full_aggregation,184,1808,600,1032,224,7,0.0,0.046134179731650994,0.5,True,45,25648.0,4,data/runs/w3-tradeoff-20260802-local/full_aggregation-m4-r2-K16-p4-s20260801-b957e014a154/run_manifest.json,2819014f056df6a7c1bbcd8e424bfcfceb6db4793e4607587f6208f7c01b9f79,184,1824,1032,1032,1192,1.0,1759.0,1603.0,1683.5,76.5,3384.0,False,4,0.0,2,20,30982144,full_aggregation-m4-r2-K16-p4-s20260801-b957e014a154,round_major,20260801,pass,pass,3471917
1224,3400,2,4.0,3,3840,5224,3840,,4,5060.0,full_aggregation,184,1808,592,1032,224,1,0.0,0.24999999999999997,0.5,True,15,5060.0,4,data/runs/w3-tradeoff-20260802-local/full_aggregation-m4-r2-K2-p1-s20260801-c96c886f9720/run_manifest.json,4912cd3ce5102b1477bc36d317baf12d49a6a961ece709707a044fd4f93e5035,184,1824,1016,1032,1192,1.0,1265.0,1265.0,960.0,306.0,3396.0,True,1,0.0,2,8,30982144,full_aggregation-m4-r2-K2-p1-s20260801-c96c886f9720,round_major,20260801,pass,pass,1424542
1224,3400,2,4.0,3,3840,5224,10704,,4,12740.0,full_aggregation,184,1808,592,1032,224,3,0.0,0.24999999999999997,0.5,True,25,11924.0,4,data/runs/w3-tradeoff-20260802-local/full_aggregation-m4-r2-K2-p2-s20260801-9da90fa90f3f/run_manifest.json,4c6f670b629546f1377fd4915fdaec0fe3da98f7f6490902f7cbf777619986d6,184,1824,1016,1032,1192,1.0,3185.0,2981.0,2880.0,306.0,3396.0,False,2,0.0,2,8,30982144,full_aggregation-m4-r2-K2-p2-s20260801-9da90fa90f3f,round_major,20260801,pass,pass,2014833
1224,3400,2,4.0,3,3840,5224,24432,,4,28100.0,full_aggregation,184,1808,592,1032,224,7,0.0,0.24999999999999997,0.5,True,45,25652.0,4,data/runs/w3-tradeoff-20260802-local/full_aggregation-m4-r2-K2-p4-s20260801-0ca2ffc21f2d/run_manifest.json,078fc8ae6dbc7b14ef081d5d8087a611220ff864a7b23535e44334eb061df6d7,184,1824,1016,1032,1192,1.0,7025.0,6413.0,6720.0,306.0,3396.0,False,4,0.0,2,8,30982144,full_aggregation-m4-r2-K2-p4-s20260801-0ca2ffc21f2d,round_major,20260801,pass,pass,3774458
1224,3400,4,8.0,5,3840,5232,3840,,4,5056.0,full_aggregation,184,1808,592,1032,224,1,0.0,0.1545084971874737,0.5,True,15,5056.0,4,data/runs/w3-tradeoff-20260802-local/full_aggregation-m4-r2-K4-p1-s20260801-529ed7d2cbff/run_manifest.json,bae3b08666383f8c0f1e95a11024bf348745bbbef6c7dab5800a507b4699a13d,184,1824,1024,1032,1192,1.0,632.0,632.0,480.0,153.0,3392.0,True,1,0.0,2,12,30982144,full_aggregation-m4-r2-K4-p1-s20260801-529ed7d2cbff,round_major,20260801,pass,pass,1388167
1224,3400,4,8.0,5,3840,5232,10704,,4,12736.0,full_aggregation,184,1808,592,1032,224,3,0.0,0.1545084971874737,0.5,True,25,11920.0,4,data/runs/w3-tradeoff-20260802-local/full_aggregation-m4-r2-K4-p2-s20260801-86c2f4ffe271/run_manifest.json,07ae629fb855fa045bde2418e61717086f599f627cc6ad0db5be6fb2423286d9,184,1824,1024,1032,1192,1.0,1592.0,1490.0,1440.0,153.0,3392.0,False,2,0.0,2,12,30982144,full_aggregation-m4-r2-K4-p2-s20260801-86c2f4ffe271,round_major,20260801,pass,pass,1971708
1224,3400,4,8.0,5,3840,5232,24432,,4,28096.0,full_aggregation,184,1808,592,1032,224,7,0.0,0.1545084971874737,0.5,True,45,25648.0,4,data/runs/w3-tradeoff-20260802-local/full_aggregation-m4-r2-K4-p4-s20260801-593e679fe438/run_manifest.json,7b82d5af795d2a70a03039f6f69d39dd48dfdb5fc63c62bf4bd36641412db129,184,1824,1024,1032,1192,1.0,3512.0,3206.0,3360.0,153.0,3392.0,False,4,0.0,2,12,30982144,full_aggregation-m4-r2-K4-p4-s20260801-593e679fe438,round_major,20260801,pass,pass,3315625
1224,3400,8,12.0,9,3848,5232,3848,,4,5060.0,full_aggregation,184,1808,600,1032,224,1,0.0,0.08682408883346517,0.5,True,15,5060.0,4,data/runs/w3-tradeoff-20260802-local/full_aggregation-m4-r2-K8-p1-s20260801-12219bcdb4ac/run_manifest.json,40d00b2ac7b81e0fb174028cd93f644d4e7118eab3a7de27d4108979b33d7c16,184,1824,1024,1032,1192,1.0,421.6666666666667,421.6666666666667,320.6666666666667,102.0,3388.0,True,1,0.0,2,16,30982144,full_aggregation-m4-r2-K8-p1-s20260801-12219bcdb4ac,round_major,20260801,pass,pass,1309250
1224,3400,8,12.0,9,3848,5232,10712,,4,12756.0,full_aggregation,184,1808,600,1032,224,3,0.0,0.08682408883346517,0.5,True,25,11924.0,4,data/runs/w3-tradeoff-20260802-local/full_aggregation-m4-r2-K8-p2-s20260801-bdb08b5fa44d/run_manifest.json,ec1cb97622a3d11ad834bec0513118263841dbc4a767763ea04d62b5e46710ea,184,1824,1024,1032,1192,1.0,1063.0,993.6666666666666,962.0,102.0,3388.0,False,2,0.0,2,16,30982144,full_aggregation-m4-r2-K8-p2-s20260801-bdb08b5fa44d,round_major,20260801,pass,pass,2027083
1224,3400,8,12.0,9,3848,5232,24440,,4,28148.0,full_aggregation,184,1808,600,1032,224,7,0.0,0.08682408883346517,0.5,True,45,25652.0,4,data/runs/w3-tradeoff-20260802-local/full_aggregation-m4-r2-K8-p4-s20260801-c50dd55f155c/run_manifest.json,85eb9aac65ad9b2fef3c383ed44ebac6453574696eaa3898be41465508be648e,184,1824,1024,1032,1192,1.0,2345.6666666666665,2137.6666666666665,2244.6666666666665,102.0,3388.0,False,4,0.0,2,16,30982144,full_aggregation-m4-r2-K8-p4-s20260801-c50dd55f155c,round_major,20260801,pass,pass,3470291
1224,36040,16,256.0,17,4136,5544,4136,,64,5104.0,full_aggregation,184,1808,888,1032,224,1,0.0,0.046134179731650994,0.5,True,195,5104.0,64,data/runs/w3-tradeoff-20260802-local/full_aggregation-m64-r2-K16-p1-s20260801-64a52b200a01/run_manifest.json,cc39cbea6bbde8dd021a20ef00bd53f1a8180e63e062c14e1b6d6a23cd6c7777,184,1832,1328,1032,1192,1.0,19.9375,19.9375,16.15625,4.78125,35784.0,True,1,0.0,2,320,30982144,full_aggregation-m64-r2-K16-p1-s20260801-64a52b200a01,round_major,20260801,pass,pass,15190458
1224,36040,16,256.0,17,4136,5544,11008,,64,13376.0,full_aggregation,184,1808,888,1032,224,3,0.0,0.046134179731650994,0.5,True,325,11976.0,64,data/runs/w3-tradeoff-20260802-local/full_aggregation-m64-r2-K16-p2-s20260801-22ec41c06620/run_manifest.json,05fb40f6bdf98740619c136d31dc14a578d21588b039f57a5f74539f04c7eb8e,184,1832,1328,1032,1192,1.0,52.25,46.78125,48.46875,4.78125,35784.0,False,2,0.0,2,320,31031296,full_aggregation-m64-r2-K16-p2-s20260801-22ec41c06620,permuted_within_round,20260801,pass,pass,23680500
1224,36040,16,256.0,17,4136,5544,11008,,64,13376.0,full_aggregation,184,1808,888,1032,224,3,0.0,0.046134179731650994,0.5,True,325,11976.0,64,data/runs/w3-tradeoff-20260802-local/full_aggregation-m64-r2-K16-p2-s20260801-5b09658ffdd9/run_manifest.json,8fc1cec2e337f1a1e90afa471f1fb64b59877b963b6808e60d9b0e93d7aa31d5,184,1832,1328,1032,1192,1.0,52.25,46.78125,48.46875,4.78125,35784.0,False,2,0.0,2,320,31047680,full_aggregation-m64-r2-K16-p2-s20260801-5b09658ffdd9,round_major,20260801,pass,pass,23646375
1224,36040,16,256.0,17,4128,5544,11000,,64,13352.0,full_aggregation,184,1808,880,1032,224,3,0.0,0.046134179731650994,0.5,True,325,11968.0,64,data/runs/w3-tradeoff-20260802-local/full_aggregation-m64-r2-K16-p2-s20260802-480753224fcb/run_manifest.json,6139cf09a9249974ea67b5fce58ac6949d4a7ce9c6d41b17bbaddeec4efcb886,184,1832,1328,1032,1192,1.0,52.15625,46.75,48.375,4.78125,35784.0,False,2,0.0,2,320,31047680,full_aggregation-m64-r2-K16-p2-s20260802-480753224fcb,permuted_within_round,20260802,pass,pass,24544792
1224,36040,16,256.0,17,4128,5544,11000,,64,13352.0,full_aggregation,184,1808,880,1032,224,3,0.0,0.046134179731650994,0.5,True,325,11968.0,64,data/runs/w3-tradeoff-20260802-local/full_aggregation-m64-r2-K16-p2-s20260802-93dc058bbe18/run_manifest.json,ed178dc354c36606a541556cc6f4844c8994d5b796399a6d261008f4affaab6e,184,1832,1328,1032,1192,1.0,52.15625,46.75,48.375,4.78125,35784.0,False,2,0.0,2,320,31047680,full_aggregation-m64-r2-K16-p2-s20260802-93dc058bbe18,round_major,20260802,pass,pass,23539417
1224,36040,16,256.0,17,4136,5544,24752,,64,29920.0,full_aggregation,184,1808,888,1032,224,7,0.0,0.046134179731650994,0.5,True,585,25720.0,64,data/runs/w3-tradeoff-20260802-local/full_aggregation-m64-r2-K16-p4-s20260801-72ffea711e24/run_manifest.json,b57d3878ce84c31dd7a87f366cbbf096220818ba73c794feb0a1a762001ba323,184,1832,1328,1032,1192,1.0,116.875,100.46875,113.09375,4.78125,35784.0,False,4,0.0,2,320,31047680,full_aggregation-m64-r2-K16-p4-s20260801-72ffea711e24,round_major,20260801,pass,pass,40133917
1224,36040,2,64.0,3,3952,5360,3952,,64,5112.0,full_aggregation,184,1808,704,1032,224,1,0.0,0.24999999999999997,0.5,True,195,5112.0,64,data/runs/w3-tradeoff-20260802-local/full_aggregation-m64-r2-K2-p1-s20260801-73a3ec7b0e8b/run_manifest.json,efe7f7d9fd44f6005fd5d6823caed4b80687dff9eb1f0e6a9c5f990a8654e1b9,184,1832,1144,1032,1192,1.0,79.875,79.875,61.75,19.125,35976.0,True,1,0.0,2,128,31113216,full_aggregation-m64-r2-K2-p1-s20260801-73a3ec7b0e8b,round_major,20260801,pass,pass,15504584
1224,36040,2,64.0,3,3952,5360,10824,,64,13016.0,full_aggregation,184,1808,704,1032,224,3,0.0,0.24999999999999997,0.5,True,325,11984.0,64,data/runs/w3-tradeoff-20260802-local/full_aggregation-m64-r2-K2-p2-s20260801-71c696eae56e/run_manifest.json,ea657492c71048a36c120f8b4d459ebd4289dd987ba625a8023bcea780c31e47,184,1832,1144,1032,1192,1.0,203.375,187.25,185.25,19.125,35976.0,False,2,0.0,2,128,31113216,full_aggregation-m64-r2-K2-p2-s20260801-71c696eae56e,round_major,20260801,pass,pass,23838125
1224,36040,2,64.0,3,3952,5360,24568,,64,28824.0,full_aggregation,184,1808,704,1032,224,7,0.0,0.24999999999999997,0.5,True,585,25728.0,64,data/runs/w3-tradeoff-20260802-local/full_aggregation-m64-r2-K2-p4-s20260801-7dd9e0c31272/run_manifest.json,0c65f7d10a09aa6cf27213e29756997eb98beca4ef53bec00bc9f3659989ced3,184,1832,1144,1032,1192,1.0,450.375,402.0,432.25,19.125,35976.0,False,4,0.0,2,128,31113216,full_aggregation-m64-r2-K2-p4-s20260801-7dd9e0c31272,round_major,20260801,pass,pass,40598042
1224,36040,4,128.0,5,4008,5416,4008,,64,5104.0,full_aggregation,184,1808,760,1032,224,1,0.0,0.1545084971874737,0.5,True,195,5104.0,64,data/runs/w3-tradeoff-20260802-local/full_aggregation-m64-r2-K4-p1-s20260801-018215dc0cb6/run_manifest.json,1f1fe9f833a28e346970faf7839c15564a412ab56fff4857df17b6fda3a973d9,184,1832,1200,1032,1192,1.0,39.875,39.875,31.3125,9.5625,35912.0,True,1,0.0,2,192,31113216,full_aggregation-m64-r2-K4-p1-s20260801-018215dc0cb6,round_major,20260801,pass,pass,15725125
1224,36040,4,128.0,5,4008,5416,10880,,64,13120.0,full_aggregation,184,1808,760,1032,224,3,0.0,0.1545084971874737,0.5,True,325,11976.0,64,data/runs/w3-tradeoff-20260802-local/full_aggregation-m64-r2-K4-p2-s20260801-6cb325b47567/run_manifest.json,84ebf2bf292b7a6722ca4a9a8d7a0f409f0c65c43c96c5bc9da7303c50bc1a31,184,1832,1200,1032,1192,1.0,102.5,93.5625,93.9375,9.5625,35912.0,False,2,0.0,2,192,31113216,full_aggregation-m64-r2-K4-p2-s20260801-6cb325b47567,round_major,20260801,pass,pass,23455500
1224,36040,4,128.0,5,4008,5416,10880,,64,13120.0,full_aggregation,184,1808,760,1032,224,3,0.0,0.1545084971874737,0.5,True,325,11976.0,64,data/runs/w3-tradeoff-20260802-local/full_aggregation-m64-r2-K4-p2-s20260801-c00db2537d56/run_manifest.json,1c5f5668b84dc47b5fb7257259cf48273cc05dc6dff6fbda50e55f68c9e6e6af,184,1832,1200,1032,1192,1.0,102.5,93.5625,93.9375,9.5625,35912.0,False,2,0.0,2,192,31113216,full_aggregation-m64-r2-K4-p2-s20260801-c00db2537d56,permuted_within_round,20260801,pass,pass,23382709
1224,36040,4,128.0,5,4008,5416,10880,,64,13120.0,full_aggregation,184,1808,760,1032,224,3,0.0,0.1545084971874737,0.5,True,325,11976.0,64,data/runs/w3-tradeoff-20260802-local/full_aggregation-m64-r2-K4-p2-s20260802-53407fba1c81/run_manifest.json,4021d8e44f1f241d1a1103785078eebe47ac6318e2d13a47023dedc776b2e0c2,184,1832,1200,1032,1192,1.0,102.5,93.5625,93.9375,9.5625,35912.0,False,2,0.0,2,192,31113216,full_aggregation-m64-r2-K4-p2-s20260802-53407fba1c81,round_major,20260802,pass,pass,23323792
1224,36040,4,128.0,5,4008,5416,10880,,64,13120.0,full_aggregation,184,1808,760,1032,224,3,0.0,0.1545084971874737,0.5,True,325,11976.0,64,data/runs/w3-tradeoff-20260802-local/full_aggregation-m64-r2-K4-p2-s20260802-ab3cc9d830fb/run_manifest.json,7b479fe2d91dbba2526b98608971b5e6ab4ae62f8f8a578a0e1a380937374e3c,184,1832,1200,1032,1192,1.0,102.5,93.5625,93.9375,9.5625,35912.0,False,2,0.0,2,192,31113216,full_aggregation-m64-r2-K4-p2-s20260802-ab3cc9d830fb,permuted_within_round,20260802,pass,pass,23255959
1224,36040,4,128.0,5,4008,5416,24624,,64,29152.0,full_aggregation,184,1808,760,1032,224,7,0.0,0.1545084971874737,0.5,True,585,25720.0,64,data/runs/w3-tradeoff-20260802-local/full_aggregation-m64-r2-K4-p4-s20260801-93e90935fe92/run_manifest.json,6230c43bcf87939a7b33da7915487ed4534d9d7da23451e6c51c39d2ff09bab7,184,1832,1200,1032,1192,1.0,227.75,200.9375,219.1875,9.5625,35912.0,False,4,0.0,2,192,31113216,full_aggregation-m64-r2-K4-p4-s20260801-93e90935fe92,round_major,20260801,pass,pass,39795791
1224,36040,8,192.0,9,4072,5472,4072,,64,5104.0,full_aggregation,184,1808,824,1032,224,1,0.0,0.08682408883346517,0.5,True,195,5104.0,64,data/runs/w3-tradeoff-20260802-local/full_aggregation-m64-r2-K8-p1-s20260801-96e5929d3dcc/run_manifest.json,a2587d82a813a6214801cc929ea4f77dbc5b94d0c6596921adbda36ef50eeb84,184,1832,1256,1032,1192,1.0,26.583333333333332,26.583333333333332,21.208333333333332,6.375,35848.0,True,1,0.0,2,256,31113216,full_aggregation-m64-r2-K8-p1-s20260801-96e5929d3dcc,round_major,20260801,pass,pass,21723291
1224,36040,8,192.0,9,4072,5472,4072,,64,5104.0,full_aggregation,184,1808,824,1032,224,1,0.0,0.04341204441673258,0.25,True,195,5104.0,64,data/runs/w3-tradeoff-20260802-local/full_aggregation-m64-r2-K8-p1-s20260801-a2baeea743d6/run_manifest.json,443b6bba123290837d648de0cf4ce4cb92e975eecf18e0707723a8a6d9d3cdf1,184,1832,1256,1032,1192,1.0,26.583333333333332,26.583333333333332,21.208333333333332,6.375,35848.0,True,1,0.0,2,256,31113216,full_aggregation-m64-r2-K8-p1-s20260801-a2baeea743d6,round_major,20260801,pass,pass,16236000
1224,36040,8,192.0,9,4072,5472,4072,,64,5104.0,full_aggregation,184,1808,824,1032,224,1,0.0,0.1562833599002373,0.9,True,195,5104.0,64,data/runs/w3-tradeoff-20260802-local/full_aggregation-m64-r2-K8-p1-s20260801-d5869ef3194d/run_manifest.json,4006b6ae9d29ffbfa3b02808da0c18cde023dea83b5c77551c63ed15ccc7b3fe,184,1832,1256,1032,1192,1.0,26.583333333333332,26.583333333333332,21.208333333333332,6.375,35848.0,True,1,0.0,2,256,31113216,full_aggregation-m64-r2-K8-p1-s20260801-d5869ef3194d,round_major,20260801,pass,pass,15516834
1224,36040,8,192.0,9,4072,5472,10944,,64,13248.0,full_aggregation,184,1808,824,1032,224,3,0.0,0.04341204441673258,0.25,True,325,11976.0,64,data/runs/w3-tradeoff-20260802-local/full_aggregation-m64-r2-K8-p2-s20260801-045ee9835842/run_manifest.json,76658a7cbd808f707ffe7895dbc8913c3d4cd4d2b06cb204dcbdf211d4b6728c,184,1832,1256,1032,1192,1.0,69.0,62.375,63.625,6.375,35848.0,False,2,0.0,2,256,31113216,full_aggregation-m64-r2-K8-p2-s20260801-045ee9835842,round_major,20260801,pass,pass,23639750
1224,36040,8,192.0,9,4072,5472,10944,,64,13248.0,full_aggregation,184,1808,824,1032,224,3,0.0,0.1562833599002373,0.9,True,325,11976.0,64,data/runs/w3-tradeoff-20260802-local/full_aggregation-m64-r2-K8-p2-s20260801-15481a86bc05/run_manifest.json,82da96fdbe0dc258dd7b2648c21d5fefb872760f9d8a0fa28d3de0d84ecb2b25,184,1832,1256,1032,1192,1.0,69.0,62.375,63.625,6.375,35848.0,False,2,0.0,2,256,31113216,full_aggregation-m64-r2-K8-p2-s20260801-15481a86bc05,round_major,20260801,pass,pass,24636375
1224,36040,8,192.0,9,4072,5472,10944,,64,13248.0,full_aggregation,184,1808,824,1032,224,3,0.0,0.08682408883346517,0.5,True,325,11976.0,64,data/runs/w3-tradeoff-20260802-local/full_aggregation-m64-r2-K8-p2-s20260801-ef14a14d1e52/run_manifest.json,46d57e22028703e6a8577ca80709f938cd4ab9761fb3801c1b4448e4145bce90,184,1832,1256,1032,1192,1.0,69.0,62.375,63.625,6.375,35848.0,False,2,0.0,2,256,31113216,full_aggregation-m64-r2-K8-p2-s20260801-ef14a14d1e52,round_major,20260801,pass,pass,23427250
1224,36040,8,192.0,9,4072,5472,24688,,64,29536.0,full_aggregation,184,1808,824,1032,224,7,0.0,0.1562833599002373,0.9,True,585,25720.0,64,data/runs/w3-tradeoff-20260802-local/full_aggregation-m64-r2-K8-p4-s20260801-1aadbfafa2f9/run_manifest.json,580b1029fa048452f696a667a44108160f3508d6c19d65e1535331ae030e341f,184,1832,1256,1032,1192,1.0,153.83333333333334,133.95833333333334,148.45833333333334,6.375,35848.0,False,4,0.0,2,256,31113216,full_aggregation-m64-r2-K8-p4-s20260801-1aadbfafa2f9,round_major,20260801,pass,pass,41082792
1224,36040,8,192.0,9,4072,5472,24688,,64,29536.0,full_aggregation,184,1808,824,1032,224,7,0.0,0.08682408883346517,0.5,True,585,25720.0,64,data/runs/w3-tradeoff-20260802-local/full_aggregation-m64-r2-K8-p4-s20260801-47875a2c4b4b/run_manifest.json,dc4382ec182b6a2abc1a555bac685261c0ee373eb6d12b2996528d5e9302fc9e,184,1832,1256,1032,1192,1.0,153.83333333333334,133.95833333333334,148.45833333333334,6.375,35848.0,False,4,0.0,2,256,31113216,full_aggregation-m64-r2-K8-p4-s20260801-47875a2c4b4b,round_major,20260801,pass,pass,40628458
1224,36040,8,192.0,9,4072,5472,24688,,64,29536.0,full_aggregation,184,1808,824,1032,224,7,0.0,0.04341204441673258,0.25,True,585,25720.0,64,data/runs/w3-tradeoff-20260802-local/full_aggregation-m64-r2-K8-p4-s20260801-a1d67e91f07d/run_manifest.json,ea214a97579666e9356416aff798c7976e5100bbb1349534562648d03fbd9375,184,1832,1256,1032,1192,1.0,153.83333333333334,133.95833333333334,148.45833333333334,6.375,35848.0,False,4,0.0,2,256,31113216,full_aggregation-m64-r2-K8-p4-s20260801-a1d67e91f07d,round_major,20260801,pass,pass,42052417
1224,36040,16,256.0,17,4144,5544,11024,,64,13400.0,full_aggregation,184,1816,888,1032,224,3,0.0,0.046134179731650994,0.5,True,453,11992.0,64,data/runs/w3-tradeoff-20260802-local/full_aggregation-m64-r3-K16-p2-s20260801-1322d5a30469/run_manifest.json,262db453479773c847432b13f1ffc587ca982d123dea55aba5f2cf51ae493b79,184,1832,1328,1032,1192,1.0,52.34375,46.84375,48.5625,4.78125,35784.0,False,2,0.0,3,320,31113216,full_aggregation-m64-r3-K16-p2-s20260801-1322d5a30469,permuted_within_round,20260801,pass,pass,33175791
1224,36040,16,256.0,17,4144,5544,11024,,64,13400.0,full_aggregation,184,1816,888,1032,224,3,0.0,0.046134179731650994,0.5,True,453,11992.0,64,data/runs/w3-tradeoff-20260802-local/full_aggregation-m64-r3-K16-p2-s20260801-e81d6a2c2abd/run_manifest.json,8c134bbe42a023f27b3b7183ccca4720af9afd90d1e4277af3040a202aeffc9d,184,1832,1328,1032,1192,1.0,52.34375,46.84375,48.5625,4.78125,35784.0,False,2,0.0,3,320,31129600,full_aggregation-m64-r3-K16-p2-s20260801-e81d6a2c2abd,round_major,20260801,pass,pass,32966458
1224,36040,16,256.0,17,4144,5544,11024,,64,13400.0,full_aggregation,184,1816,888,1032,224,3,0.0,0.046134179731650994,0.5,True,453,11992.0,64,data/runs/w3-tradeoff-20260802-local/full_aggregation-m64-r3-K16-p2-s20260802-0eaa4b240d1a/run_manifest.json,36e173415209e03df528c9c028d9afd8222e8bc4f60bb26fa1527f9a4bb2459e,184,1832,1328,1032,1192,1.0,52.34375,46.84375,48.5625,4.78125,35784.0,False,2,0.0,3,320,31129600,full_aggregation-m64-r3-K16-p2-s20260802-0eaa4b240d1a,permuted_within_round,20260802,pass,pass,32939333
1224,36040,16,256.0,17,4144,5544,11024,,64,13400.0,full_aggregation,184,1816,888,1032,224,3,0.0,0.046134179731650994,0.5,True,453,11992.0,64,data/runs/w3-tradeoff-20260802-local/full_aggregation-m64-r3-K16-p2-s20260802-1914ed10f8d5/run_manifest.json,360b0405681dbb78da5fd736ea4d8b3fb52293ab3e26c80bc7f75d1bc56491ee,184,1832,1328,1032,1192,1.0,52.34375,46.84375,48.5625,4.78125,35784.0,False,2,0.0,3,320,31129600,full_aggregation-m64-r3-K16-p2-s20260802-1914ed10f8d5,round_major,20260802,pass,pass,34213750
1224,36040,4,128.0,5,4008,5416,10888,,64,13120.0,full_aggregation,184,1816,752,1032,224,3,0.0,0.1545084971874737,0.5,True,453,11984.0,64,data/runs/w3-tradeoff-20260802-local/full_aggregation-m64-r3-K4-p2-s20260801-1b7ef037ce60/run_manifest.json,d4c89f07d5da79c610462ec35cced3dad38e10d84d2e42d1621f43206829e925,184,1832,1200,1032,1192,1.0,102.5,93.625,93.9375,9.5625,35912.0,False,2,0.0,3,192,31129600,full_aggregation-m64-r3-K4-p2-s20260801-1b7ef037ce60,permuted_within_round,20260801,pass,pass,32481459
1224,36040,4,128.0,5,4008,5416,10888,,64,13120.0,full_aggregation,184,1816,752,1032,224,3,0.0,0.1545084971874737,0.5,True,453,11984.0,64,data/runs/w3-tradeoff-20260802-local/full_aggregation-m64-r3-K4-p2-s20260801-459b50514b3e/run_manifest.json,30ed957e92bb8a29d6ecb74205c3d1f39f437cdba86f6a027401571a88f8b01f,184,1832,1200,1032,1192,1.0,102.5,93.625,93.9375,9.5625,35912.0,False,2,0.0,3,192,31129600,full_aggregation-m64-r3-K4-p2-s20260801-459b50514b3e,round_major,20260801,pass,pass,32604500
1224,36040,4,128.0,5,4016,5416,10896,,64,13144.0,full_aggregation,184,1816,760,1032,224,3,0.0,0.1545084971874737,0.5,True,453,11992.0,64,data/runs/w3-tradeoff-20260802-local/full_aggregation-m64-r3-K4-p2-s20260802-9f54ee302e85/run_manifest.json,ad8b4378ec29049c387cc0c8f00269dab41caa6bdbbc8272c594a7463c608af1,184,1832,1200,1032,1192,1.0,102.6875,93.6875,94.125,9.5625,35912.0,False,2,0.0,3,192,31129600,full_aggregation-m64-r3-K4-p2-s20260802-9f54ee302e85,permuted_within_round,20260802,pass,pass,32334125
1224,36040,4,128.0,5,4016,5416,10896,,64,13144.0,full_aggregation,184,1816,760,1032,224,3,0.0,0.1545084971874737,0.5,True,453,11992.0,64,data/runs/w3-tradeoff-20260802-local/full_aggregation-m64-r3-K4-p2-s20260802-d2b84fca183d/run_manifest.json,7c04e55e287bfd59b6c03fbfdb99630c94cd40b056f74e80e49515c39e495c21,184,1832,1200,1032,1192,1.0,102.6875,93.6875,94.125,9.5625,35912.0,False,2,0.0,3,192,31129600,full_aggregation-m64-r3-K4-p2-s20260802-d2b84fca183d,round_major,20260802,pass,pass,32702500
1224,5576,16,32.0,17,3872,5256,3872,,8,5064.0,full_aggregation,184,1808,624,1032,224,1,0.0,0.046134179731650994,0.5,True,27,5064.0,8,data/runs/w3-tradeoff-20260802-local/full_aggregation-m8-r2-K16-p1-s20260801-acfc9168571c/run_manifest.json,307857bc5bd4c055102d1d0d9f03370692b71ab2ebf1ade2745deb7ead370b24,184,1824,1048,1032,1192,1.0,158.25,158.25,121.0,38.25,5544.0,True,1,0.0,2,40,31129600,full_aggregation-m8-r2-K16-p1-s20260801-acfc9168571c,round_major,20260801,pass,pass,2205084
1224,5576,16,32.0,17,3872,5256,10736,,8,12808.0,full_aggregation,184,1808,624,1032,224,3,0.0,0.046134179731650994,0.5,True,45,11928.0,8,data/runs/w3-tradeoff-20260802-local/full_aggregation-m8-r2-K16-p2-s20260801-28a108e74ef1/run_manifest.json,22b245ecb2ca84429bca6a1ec96c4291fa4081bb8875f29bf534cdf24e3ed76c,184,1824,1048,1032,1192,1.0,400.25,372.75,363.0,38.25,5544.0,False,2,0.0,2,40,31129600,full_aggregation-m8-r2-K16-p2-s20260801-28a108e74ef1,round_major,20260801,pass,pass,3424541
1224,5576,16,32.0,17,3872,5256,24464,,8,28296.0,full_aggregation,184,1808,624,1032,224,7,0.0,0.046134179731650994,0.5,True,81,25656.0,8,data/runs/w3-tradeoff-20260802-local/full_aggregation-m8-r2-K16-p4-s20260801-026965192625/run_manifest.json,41814d329ec103b564e0fae7207ce5e574b8046e27aace28648212f0b78e4808,184,1824,1048,1032,1192,1.0,884.25,801.75,847.0,38.25,5544.0,False,4,0.0,2,40,31129600,full_aggregation-m8-r2-K16-p4-s20260801-026965192625,round_major,20260801,pass,pass,5758875
1224,5576,2,8.0,3,3848,5232,3848,,8,5064.0,full_aggregation,184,1808,600,1032,224,1,0.0,0.24999999999999997,0.5,True,27,5064.0,8,data/runs/w3-tradeoff-20260802-local/full_aggregation-m8-r2-K2-p1-s20260801-0855e9cb7788/run_manifest.json,ea1637717c5d75d9f6dc1db8086fb56c7b2033a505973c269f3542d948e95fdb,184,1824,1024,1032,1192,1.0,633.0,633.0,481.0,153.0,5568.0,True,1,0.0,2,16,31129600,full_aggregation-m8-r2-K2-p1-s20260801-0855e9cb7788,round_major,20260801,pass,pass,2162250
1224,5576,2,8.0,3,3848,5232,10712,,8,12760.0,full_aggregation,184,1808,600,1032,224,3,0.0,0.24999999999999997,0.5,True,45,11928.0,8,data/runs/w3-tradeoff-20260802-local/full_aggregation-m8-r2-K2-p2-s20260801-03c5af014f78/run_manifest.json,c2df82f63dc6b8e048d34cbd7d4d0d039165da5595e55f1a95029b3a3a0ec1c2,184,1824,1024,1032,1192,1.0,1595.0,1491.0,1443.0,153.0,5568.0,False,2,0.0,2,16,31129600,full_aggregation-m8-r2-K2-p2-s20260801-03c5af014f78,round_major,20260801,pass,pass,3597459
1224,5576,2,8.0,3,3848,5232,24440,,8,28152.0,full_aggregation,184,1808,600,1032,224,7,0.0,0.24999999999999997,0.5,True,81,25656.0,8,data/runs/w3-tradeoff-20260802-local/full_aggregation-m8-r2-K2-p4-s20260801-be7b548d66dc/run_manifest.json,b4c6f66f0ef03a8ee51436044a4bd19bd050ebf35c091c8b82ec7f0df1acc79d,184,1824,1024,1032,1192,1.0,3519.0,3207.0,3367.0,153.0,5568.0,False,4,0.0,2,16,31129600,full_aggregation-m8-r2-K2-p4-s20260801-be7b548d66dc,round_major,20260801,pass,pass,5757666
1224,5576,4,16.0,5,3856,5240,3856,,8,5064.0,full_aggregation,184,1808,608,1032,224,1,0.0,0.1545084971874737,0.5,True,27,5064.0,8,data/runs/w3-tradeoff-20260802-local/full_aggregation-m8-r2-K4-p1-s20260801-9f52a44d07a0/run_manifest.json,c442bff8c51d00315b05027cd86c650e684bdab716df87cc6d29cb447333396b,184,1824,1032,1032,1192,1.0,316.5,316.5,241.0,76.5,5560.0,True,1,0.0,2,24,31129600,full_aggregation-m8-r2-K4-p1-s20260801-9f52a44d07a0,round_major,20260801,pass,pass,2182292
1224,5576,4,16.0,5,3856,5240,10720,,8,12776.0,full_aggregation,184,1808,608,1032,224,3,0.0,0.1545084971874737,0.5,True,45,11928.0,8,data/runs/w3-tradeoff-20260802-local/full_aggregation-m8-r2-K4-p2-s20260801-0dea3b00708c/run_manifest.json,0d3311e214ffbc9396268687de57b9681a1ecf24c01ccbdd11f4567f300f428a,184,1824,1032,1032,1192,1.0,798.5,745.5,723.0,76.5,5560.0,False,2,0.0,2,24,31129600,full_aggregation-m8-r2-K4-p2-s20260801-0dea3b00708c,round_major,20260801,pass,pass,3571875
1224,5576,4,16.0,5,3856,5240,24448,,8,28200.0,full_aggregation,184,1808,608,1032,224,7,0.0,0.1545084971874737,0.5,True,81,25656.0,8,data/runs/w3-tradeoff-20260802-local/full_aggregation-m8-r2-K4-p4-s20260801-5a9aa2761913/run_manifest.json,2e23b8e1fefd84f0f91adfa3ecfbc6ebeba9b77fcf07241d9e54b77f152e6e6a,184,1824,1032,1032,1192,1.0,1762.5,1603.5,1687.0,76.5,5560.0,False,4,0.0,2,24,31129600,full_aggregation-m8-r2-K4-p4-s20260801-5a9aa2761913,round_major,20260801,pass,pass,5688583
1224,5576,8,24.0,9,3864,5248,3864,,8,5064.0,full_aggregation,184,1808,616,1032,224,1,0.0,0.08682408883346517,0.5,True,27,5064.0,8,data/runs/w3-tradeoff-20260802-local/full_aggregation-m8-r2-K8-p1-s20260801-db4e06397e9e/run_manifest.json,c3a1f932ed6e29d314b11d6f008cdd7f1c4f2b6a50b923403ff29ad14951c877,184,1824,1040,1032,1192,1.0,211.0,211.0,161.0,51.0,5552.0,True,1,0.0,2,32,31129600,full_aggregation-m8-r2-K8-p1-s20260801-db4e06397e9e,round_major,20260801,pass,pass,2174250
1224,5576,8,24.0,9,3864,5248,10728,,8,12792.0,full_aggregation,184,1808,616,1032,224,3,0.0,0.08682408883346517,0.5,True,45,11928.0,8,data/runs/w3-tradeoff-20260802-local/full_aggregation-m8-r2-K8-p2-s20260801-968f273e78d4/run_manifest.json,2b2881f365c67438a552fb3908785dc324facbb31dba953c5a74f41f9a6ce0d8,184,1824,1040,1032,1192,1.0,533.0,497.0,483.0,51.0,5552.0,False,2,0.0,2,32,31129600,full_aggregation-m8-r2-K8-p2-s20260801-968f273e78d4,round_major,20260801,pass,pass,3485292
1224,5576,8,24.0,9,3864,5248,24456,,8,28248.0,full_aggregation,184,1808,616,1032,224,7,0.0,0.08682408883346517,0.5,True,81,25656.0,8,data/runs/w3-tradeoff-20260802-local/full_aggregation-m8-r2-K8-p4-s20260801-1b6998923513/run_manifest.json,15202ba611432680792c66c5d6e60d31c86a3c3cfd585620bf6b76dbdde35fcb,184,1824,1040,1032,1192,1.0,1177.0,1069.0,1127.0,51.0,5552.0,False,4,0.0,2,32,31129600,full_aggregation-m8-r2-K8-p4-s20260801-1b6998923513,round_major,20260801,pass,pass,5655583
1224,5576,16,32.0,17,3872,5256,3872,,8,5064.0,full_aggregation,184,1808,624,1032,224,1,0.0,0.046134179731650994,0.5,True,35,5064.0,8,data/runs/w3-tradeoff-20260802-local/full_aggregation-m8-r3-K16-p1-s20260801-7aed6109a2f7/run_manifest.json,07edd9dc7e013dd3240ae67d08fcf7b276f0933187d51dd3a29382670350828c,184,1824,1048,1032,1192,1.0,158.25,158.25,121.0,38.25,5544.0,True,1,0.0,3,40,31129600,full_aggregation-m8-r3-K16-p1-s20260801-7aed6109a2f7,round_major,20260801,pass,pass,2879875
1224,5576,16,32.0,17,3872,5256,24464,,8,28296.0,full_aggregation,184,1808,624,1032,224,7,0.0,0.046134179731650994,0.5,True,113,25656.0,8,data/runs/w3-tradeoff-20260802-local/full_aggregation-m8-r3-K16-p4-s20260801-5016977214c5/run_manifest.json,181d257c06c46b3963e20d7a7f15031cf68cad5100612d1a598fa45d6f41a970,184,1824,1048,1032,1192,1.0,884.25,801.75,847.0,38.25,5544.0,False,4,0.0,3,40,31129600,full_aggregation-m8-r3-K16-p4-s20260801-5016977214c5,round_major,20260801,pass,pass,7971875
1224,5576,4,16.0,5,3856,5240,3856,,8,5064.0,full_aggregation,184,1808,608,1032,224,1,0.0,0.1545084971874737,0.5,True,35,5064.0,8,data/runs/w3-tradeoff-20260802-local/full_aggregation-m8-r3-K4-p1-s20260801-33b6394cce7e/run_manifest.json,dcfdafbd7c349dc2fcff973f24f2846cabb3f80d6136a8e775a24b0f802a66e7,184,1824,1032,1032,1192,1.0,316.5,316.5,241.0,76.5,5560.0,True,1,0.0,3,24,31129600,full_aggregation-m8-r3-K4-p1-s20260801-33b6394cce7e,round_major,20260801,pass,pass,2781333
1224,5576,4,16.0,5,3856,5240,24448,,8,28200.0,full_aggregation,184,1808,608,1032,224,7,0.0,0.1545084971874737,0.5,True,113,25656.0,8,data/runs/w3-tradeoff-20260802-local/full_aggregation-m8-r3-K4-p4-s20260801-dfdea6e5dee7/run_manifest.json,3dc1653e11c8d9d04d226f65a9b298945761f2a79ad09ff645f4381eb13a67c7,184,1824,1032,1032,1192,1.0,1762.5,1603.5,1687.0,76.5,5560.0,False,4,0.0,3,24,31129600,full_aggregation-m8-r3-K4-p4-s20260801-dfdea6e5dee7,round_major,20260801,pass,pass,7857875
1224,5576,16,32.0,17,3872,5256,3872,,8,5064.0,full_aggregation,184,1808,624,1032,224,1,0.0,0.046134179731650994,0.5,True,43,5064.0,8,data/runs/w3-tradeoff-20260802-local/full_aggregation-m8-r4-K16-p1-s20260801-13c167abc6b0/run_manifest.json,0988eb609a39827c34224e1e496b8d70b0f228134e440a48a90c91329291ada6,184,1824,1048,1032,1192,1.0,158.25,158.25,121.0,38.25,5544.0,True,1,0.0,4,40,31129600,full_aggregation-m8-r4-K16-p1-s20260801-13c167abc6b0,round_major,20260801,pass,pass,3362417
1224,5576,16,32.0,17,3872,5256,24464,,8,28296.0,full_aggregation,184,1808,624,1032,224,7,0.0,0.046134179731650994,0.5,True,145,25656.0,8,data/runs/w3-tradeoff-20260802-local/full_aggregation-m8-r4-K16-p4-s20260801-102a57065a00/run_manifest.json,2f21904a081d90e41666fa5eb62b522d6859bef78307840039c790e1f1530f28,184,1824,1048,1032,1192,1.0,884.25,801.75,847.0,38.25,5544.0,False,4,0.0,4,40,31129600,full_aggregation-m8-r4-K16-p4-s20260801-102a57065a00,round_major,20260801,pass,pass,10404916
1224,5576,4,16.0,5,3856,5240,3856,,8,5064.0,full_aggregation,184,1808,608,1032,224,1,0.0,0.1545084971874737,0.5,True,43,5064.0,8,data/runs/w3-tradeoff-20260802-local/full_aggregation-m8-r4-K4-p1-s20260801-e197bef73a01/run_manifest.json,268f66bdc2c5d8ad8b1f6887b46629091c33ef14e14f53d394978e4b6f7d084c,184,1824,1032,1032,1192,1.0,316.5,316.5,241.0,76.5,5560.0,True,1,0.0,4,24,31129600,full_aggregation-m8-r4-K4-p1-s20260801-e197bef73a01,round_major,20260801,pass,pass,3577750
1224,5576,4,16.0,5,3856,5240,24448,,8,28200.0,full_aggregation,184,1808,608,1032,224,7,0.0,0.1545084971874737,0.5,True,145,25656.0,8,data/runs/w3-tradeoff-20260802-local/full_aggregation-m8-r4-K4-p4-s20260801-6a9751de758a/run_manifest.json,ea2d5292dbbbb5d43b87c1726533f8adc5c26afde0f87f7a9ab69b4b57ac8900,184,1824,1032,1032,1192,1.0,1762.5,1603.5,1687.0,76.5,5560.0,False,4,0.0,4,24,31129600,full_aggregation-m8-r4-K4-p4-s20260801-6a9751de758a,round_major,20260801,pass,pass,10429209
8752,18512,16,64.0,17,3744,5128,3744,,4,12432.0,hybrid_25,184,1752,608,976,224,1,0.0,0.046134179731650994,0.5,True,39,12432.0,16,data/runs/w3-tradeoff-20260802-local/hybrid_25-m16-r2-K16-p1-s20260801-221954490021/run_manifest.json,81e483f1600ef134b2683430fc3678f19446e55fbef92280cab3bc1fcdb51a29,184,1768,1032,976,1192,0.25,194.25,194.25,58.5,136.75,18448.0,True,1,0.0,2,20,31129600,hybrid_25-m16-r2-K16-p1-s20260801-221954490021,round_major,20260801,pass,pass,3325333
6224,15632,16,64.0,17,3744,5128,10808,,4,17392.0,hybrid_25,184,1752,608,976,224,3,0.0,0.046134179731650994,0.5,True,77,16968.0,16,data/runs/w3-tradeoff-20260802-local/hybrid_25-m16-r2-K16-p2-s20260801-8a50ac4e43bf/run_manifest.json,5e3c7db00b2890d0e82bf51823a1536bbf7a6d6e134514ab75bbf208c52e2b52,184,1768,1032,976,1192,0.25,271.75,265.125,175.5,97.25,15568.0,True,2,0.0,2,20,31145984,hybrid_25-m16-r2-K16-p2-s20260801-8a50ac4e43bf,permuted_within_round,20260801,pass,pass,5993042
6224,15632,16,64.0,17,3744,5128,10808,,4,17392.0,hybrid_25,184,1752,608,976,224,3,0.0,0.046134179731650994,0.5,True,77,16968.0,16,data/runs/w3-tradeoff-20260802-local/hybrid_25-m16-r2-K16-p2-s20260801-da7ca928c882/run_manifest.json,9b625a7952a1c1b4db8ed5bc416e5b42a969314d0324a3d3d3e9b9f57d090968,184,1768,1032,976,1192,0.25,271.75,265.125,175.5,97.25,15568.0,True,2,0.0,2,20,31145984,hybrid_25-m16-r2-K16-p2-s20260801-da7ca928c882,round_major,20260801,pass,pass,6102583
6224,15632,16,64.0,17,3744,5128,10808,,4,17392.0,hybrid_25,184,1752,608,976,224,3,0.0,0.046134179731650994,0.5,True,77,16968.0,16,data/runs/w3-tradeoff-20260802-local/hybrid_25-m16-r2-K16-p2-s20260802-9f74721661e3/run_manifest.json,529bf6e498251519eb248c883a12694323bb54d8c0370316bc21f0db53d331b1,184,1768,1032,976,1192,0.25,271.75,265.125,175.5,97.25,15568.0,True,2,0.0,2,20,31145984,hybrid_25-m16-r2-K16-p2-s20260802-9f74721661e3,permuted_within_round,20260802,pass,pass,6033459
6224,15632,16,64.0,17,3744,5128,10808,,4,17392.0,hybrid_25,184,1752,608,976,224,3,0.0,0.046134179731650994,0.5,True,77,16968.0,16,data/runs/w3-tradeoff-20260802-local/hybrid_25-m16-r2-K16-p2-s20260802-c304f93eb6e7/run_manifest.json,8948afe260fe1aa33a3eb28d6db508d53e29bccd966f7f3f1f9ea855a67338e0,184,1768,1032,976,1192,0.25,271.75,265.125,175.5,97.25,15568.0,True,2,0.0,2,20,31145984,hybrid_25-m16-r2-K16-p2-s20260802-c304f93eb6e7,round_major,20260802,pass,pass,6101042
1168,9872,16,64.0,17,3744,5128,24936,,4,27312.0,hybrid_25,184,1752,608,976,224,7,0.0,0.046134179731650994,0.5,True,153,26040.0,16,data/runs/w3-tradeoff-20260802-local/hybrid_25-m16-r2-K16-p4-s20260801-2dfcb20d818b/run_manifest.json,45920f0bce924b67f69a316ea5e786d861a9f76b5e76a596161363c8a5452ca3,184,1768,1032,976,1192,0.25,426.75,406.875,409.5,18.25,9808.0,True,4,0.0,2,20,31145984,hybrid_25-m16-r2-K16-p4-s20260801-2dfcb20d818b,round_major,20260801,pass,pass,11426958
8752,18512,2,16.0,3,3728,5112,3728,,4,12464.0,hybrid_25,184,1752,592,976,224,1,0.0,0.24999999999999997,0.5,True,39,12464.0,16,data/runs/w3-tradeoff-20260802-local/hybrid_25-m16-r2-K2-p1-s20260801-1a1d5cc54727/run_manifest.json,84e898e867a43653a8e070860e801f0f74b3ff479a4b94946250f990e2546330,184,1768,1016,976,1192,0.25,779.0,779.0,233.0,547.0,18496.0,True,1,0.0,2,8,31162368,hybrid_25-m16-r2-K2-p1-s20260801-1a1d5cc54727,round_major,20260801,pass,pass,3486708
6224,15632,2,16.0,3,3736,5120,10784,,4,17416.0,hybrid_25,184,1752,600,976,224,3,0.0,0.24999999999999997,0.5,True,77,16992.0,16,data/runs/w3-tradeoff-20260802-local/hybrid_25-m16-r2-K2-p2-s20260801-6b4df7269415/run_manifest.json,e8b52ab463576c5fcc3846f4bca98f6bbb0ffec9dc1c3cd90dc880a4305580a5,184,1768,1024,976,1192,0.25,1088.5,1062.0,700.5,389.0,15616.0,False,2,0.0,2,8,31162368,hybrid_25-m16-r2-K2-p2-s20260801-6b4df7269415,round_major,20260801,pass,pass,6003125
1168,9872,2,16.0,3,3736,5120,24888,,4,27304.0,hybrid_25,184,1752,600,976,224,7,0.0,0.24999999999999997,0.5,True,153,26040.0,16,data/runs/w3-tradeoff-20260802-local/hybrid_25-m16-r2-K2-p4-s20260801-770653fc8fb9/run_manifest.json,cd774124c8a1afcc975df39f7c52bc56042e16d690e3816604897f3e3be69648,184,1768,1024,976,1192,0.25,1706.5,1627.5,1634.5,73.0,9856.0,True,4,0.0,2,8,31162368,hybrid_25-m16-r2-K2-p4-s20260801-770653fc8fb9,round_major,20260801,pass,pass,11782792
8752,18512,4,32.0,5,3736,5120,3736,,4,12456.0,hybrid_25,184,1752,600,976,224,1,0.0,0.1545084971874737,0.5,True,39,12456.0,16,data/runs/w3-tradeoff-20260802-local/hybrid_25-m16-r2-K4-p1-s20260801-0f1508f3a874/run_manifest.json,e2d5cba1b5af9099e3cd796af52ef598faef41c05120d52ff6e815f9d6fe840f,184,1768,1024,976,1192,0.25,389.25,389.25,116.75,273.5,18480.0,True,1,0.0,2,12,31178752,hybrid_25-m16-r2-K4-p1-s20260801-0f1508f3a874,round_major,20260801,pass,pass,3568625
6224,15632,4,32.0,5,3736,5120,10792,,4,17400.0,hybrid_25,184,1752,600,976,224,3,0.0,0.1545084971874737,0.5,True,77,16984.0,16,data/runs/w3-tradeoff-20260802-local/hybrid_25-m16-r2-K4-p2-s20260801-681f0daaec6b/run_manifest.json,fccb5cae40efa29dde73cd42e5a98d10c77df229df9d725d436b1707716f749f,184,1768,1024,976,1192,0.25,543.75,530.75,350.25,194.5,15600.0,True,2,0.0,2,12,31178752,hybrid_25-m16-r2-K4-p2-s20260801-681f0daaec6b,round_major,20260801,pass,pass,6071000
6224,15632,4,32.0,5,3736,5120,10792,,4,17400.0,hybrid_25,184,1752,600,976,224,3,0.0,0.1545084971874737,0.5,True,77,16984.0,16,data/runs/w3-tradeoff-20260802-local/hybrid_25-m16-r2-K4-p2-s20260801-ef69d35a5c76/run_manifest.json,72dd6ae6dfa1f2485482f8e04ad929dbdf6f2282800ee1e80f0818c0195f6081,184,1768,1024,976,1192,0.25,543.75,530.75,350.25,194.5,15600.0,True,2,0.0,2,12,31178752,hybrid_25-m16-r2-K4-p2-s20260801-ef69d35a5c76,permuted_within_round,20260801,pass,pass,6073458
6224,15632,4,32.0,5,3736,5120,10792,,4,17400.0,hybrid_25,184,1752,600,976,224,3,0.0,0.1545084971874737,0.5,True,77,16984.0,16,data/runs/w3-tradeoff-20260802-local/hybrid_25-m16-r2-K4-p2-s20260802-e468117c62cf/run_manifest.json,9348b6cf5e2a4f72db5c87129794a6b7dd14318ca1c2f0767b3e377f39336005,184,1768,1024,976,1192,0.25,543.75,530.75,350.25,194.5,15600.0,True,2,0.0,2,12,31178752,hybrid_25-m16-r2-K4-p2-s20260802-e468117c62cf,round_major,20260802,pass,pass,6035125
6224,15632,4,32.0,5,3736,5120,10792,,4,17400.0,hybrid_25,184,1752,600,976,224,3,0.0,0.1545084971874737,0.5,True,77,16984.0,16,data/runs/w3-tradeoff-20260802-local/hybrid_25-m16-r2-K4-p2-s20260802-e7d0b1642b6e/run_manifest.json,c6d2835b641bce9a942d7a143ee576b17e6e3f629b18b1e4fa6dcd59168e7e62,184,1768,1024,976,1192,0.25,543.75,530.75,350.25,194.5,15600.0,True,2,0.0,2,12,31178752,hybrid_25-m16-r2-K4-p2-s20260802-e7d0b1642b6e,permuted_within_round,20260802,pass,pass,6087792
1168,9872,4,32.0,5,3736,5120,24904,,4,27288.0,hybrid_25,184,1752,600,976,224,7,0.0,0.1545084971874737,0.5,True,153,26040.0,16,data/runs/w3-tradeoff-20260802-local/hybrid_25-m16-r2-K4-p4-s20260801-3d47ee41f359/run_manifest.json,dd1f1ab5ce5c94bce816e65f807a98ea19db5c8391bb21da41e85e126d638010,184,1768,1024,976,1192,0.25,852.75,813.75,817.25,36.5,9840.0,True,4,0.0,2,12,31178752,hybrid_25-m16-r2-K4-p4-s20260801-3d47ee41f359,round_major,20260801,pass,pass,11279209
8752,18512,8,48.0,9,3736,5120,3736,,4,12440.0,hybrid_25,184,1752,600,976,224,1,0.0,0.1562833599002373,0.9,True,39,12440.0,16,data/runs/w3-tradeoff-20260802-local/hybrid_25-m16-r2-K8-p1-s20260801-262e112b38d9/run_manifest.json,220f0d26df9e46bc6d50272f733705aebd2e861172b68d8e7c64bb68556f4fa4,184,1768,1024,976,1192,0.25,259.1666666666667,259.1666666666667,77.83333333333333,182.33333333333334,18464.0,True,1,0.0,2,16,31178752,hybrid_25-m16-r2-K8-p1-s20260801-262e112b38d9,round_major,20260801,pass,pass,3380750
8752,18512,8,48.0,9,3736,5120,3736,,4,12440.0,hybrid_25,184,1752,600,976,224,1,0.0,0.04341204441673258,0.25,True,39,12440.0,16,data/runs/w3-tradeoff-20260802-local/hybrid_25-m16-r2-K8-p1-s20260801-aae69658b204/run_manifest.json,8ef69048137479cca1a3b4d222b10d01872999cc68a96c9cf31129ff3c6a2bc6,184,1768,1024,976,1192,0.25,259.1666666666667,259.1666666666667,77.83333333333333,182.33333333333334,18464.0,True,1,0.0,2,16,31178752,hybrid_25-m16-r2-K8-p1-s20260801-aae69658b204,round_major,20260801,pass,pass,3361750
8752,18512,8,48.0,9,3736,5120,3736,,4,12440.0,hybrid_25,184,1752,600,976,224,1,0.0,0.08682408883346517,0.5,True,39,12440.0,16,data/runs/w3-tradeoff-20260802-local/hybrid_25-m16-r2-K8-p1-s20260801-b504079a9c0c/run_manifest.json,79478b869ed47137d774eb4931701d8d9d5fce8f21d428ec8b2189de4177f292,184,1768,1024,976,1192,0.25,259.1666666666667,259.1666666666667,77.83333333333333,182.33333333333334,18464.0,True,1,0.0,2,16,31178752,hybrid_25-m16-r2-K8-p1-s20260801-b504079a9c0c,round_major,20260801,pass,pass,3335250
6224,15632,8,48.0,9,3736,5120,10792,,4,17384.0,hybrid_25,184,1752,600,976,224,3,0.0,0.1562833599002373,0.9,True,77,16968.0,16,data/runs/w3-tradeoff-20260802-local/hybrid_25-m16-r2-K8-p2-s20260801-4a4dd1344708/run_manifest.json,060064abc46e2b4e18974e0a07d98aed9ca2feb6aaa4efe1e668743d81bd42c8,184,1768,1024,976,1192,0.25,362.1666666666667,353.5,233.5,129.66666666666666,15584.0,True,2,0.0,2,16,31178752,hybrid_25-m16-r2-K8-p2-s20260801-4a4dd1344708,round_major,20260801,pass,pass,5997750
6224,15632,8,48.0,9,3736,5120,10792,,4,17384.0,hybrid_25,184,1752,600,976,224,3,0.0,0.04341204441673258,0.25,True,77,16968.0,16,data/runs/w3-tradeoff-20260802-local/hybrid_25-m16-r2-K8-p2-s20260801-6e66382f6ee3/run_manifest.json,7fa647b2f294d7a8a1f3ac320a88cb6de5f22a10cb9fd519edb33e07b8aee871,184,1768,1024,976,1192,0.25,362.1666666666667,353.5,233.5,129.66666666666666,15584.0,True,2,0.0,2,16,31178752,hybrid_25-m16-r2-K8-p2-s20260801-6e66382f6ee3,round_major,20260801,pass,pass,6106042
6224,15632,8,48.0,9,3736,5120,10792,,4,17384.0,hybrid_25,184,1752,600,976,224,3,0.0,0.08682408883346517,0.5,True,77,16968.0,16,data/runs/w3-tradeoff-20260802-local/hybrid_25-m16-r2-K8-p2-s20260801-7da421a06c5d/run_manifest.json,c1e496aa6e73391337d54f27f19003a37484aa02e153a5aa4b6225ac0fdf8cb3,184,1768,1024,976,1192,0.25,362.1666666666667,353.5,233.5,129.66666666666666,15584.0,True,2,0.0,2,16,31178752,hybrid_25-m16-r2-K8-p2-s20260801-7da421a06c5d,round_major,20260801,pass,pass,6379292
1168,9872,8,48.0,9,3736,5120,24904,,4,27272.0,hybrid_25,184,1752,600,976,224,7,0.0,0.04341204441673258,0.25,True,153,26024.0,16,data/runs/w3-tradeoff-20260802-local/hybrid_25-m16-r2-K8-p4-s20260801-3e2ef3e04a3a/run_manifest.json,a19884d20b5d4e2593865a87b8d0e03e50dc89dac99131128b28f46993686d67,184,1768,1024,976,1192,0.25,568.1666666666666,542.1666666666666,544.8333333333334,24.333333333333332,9824.0,True,4,0.0,2,16,31178752,hybrid_25-m16-r2-K8-p4-s20260801-3e2ef3e04a3a,round_major,20260801,pass,pass,11397250
1168,9872,8,48.0,9,3736,5120,24904,,4,27272.0,hybrid_25,184,1752,600,976,224,7,0.0,0.1562833599002373,0.9,True,153,26024.0,16,data/runs/w3-tradeoff-20260802-local/hybrid_25-m16-r2-K8-p4-s20260801-efd31797af31/run_manifest.json,8d306faf0f2318282977556904783725d56087b7ac1ca9b3bcd25efcda1bf8b2,184,1768,1024,976,1192,0.25,568.1666666666666,542.1666666666666,544.8333333333334,24.333333333333332,9824.0,True,4,0.0,2,16,31178752,hybrid_25-m16-r2-K8-p4-s20260801-efd31797af31,round_major,20260801,pass,pass,11345625
1168,9872,8,48.0,9,3736,5120,24904,,4,27272.0,hybrid_25,184,1752,600,976,224,7,0.0,0.08682408883346517,0.5,True,153,26024.0,16,data/runs/w3-tradeoff-20260802-local/hybrid_25-m16-r2-K8-p4-s20260801-f7c9d963788e/run_manifest.json,96089b6b74cee974959c10dac74612f320e6dc79d863089cdecb6394f8c63ddc,184,1768,1024,976,1192,0.25,568.1666666666666,542.1666666666666,544.8333333333334,24.333333333333332,9824.0,True,4,0.0,2,16,31178752,hybrid_25-m16-r2-K8-p4-s20260801-f7c9d963788e,round_major,20260801,pass,pass,11341958
11280,20688,16,64.0,17,3744,5128,10800,,4,22448.0,hybrid_25,184,1752,608,976,224,3,0.0,0.046134179731650994,0.5,True,109,22016.0,16,data/runs/w3-tradeoff-20260802-local/hybrid_25-m16-r3-K16-p2-s20260801-a4d197ee5a94/run_manifest.json,143eed742356caf16ee452035067a9bedbfe53d8988c9a402f8ab8371e949fb9,184,1768,1032,976,1192,0.25,350.75,344.0,175.5,176.25,20624.0,True,2,0.0,3,20,31178752,hybrid_25-m16-r3-K16-p2-s20260801-a4d197ee5a94,round_major,20260801,pass,pass,8545209
11280,20688,16,64.0,17,3744,5128,10800,,4,22448.0,hybrid_25,184,1752,608,976,224,3,0.0,0.046134179731650994,0.5,True,109,22016.0,16,data/runs/w3-tradeoff-20260802-local/hybrid_25-m16-r3-K16-p2-s20260801-a6a640bf3d50/run_manifest.json,36e9c76b0c0da8d1fbf3e7e94904c27e4018d17b32003b4b76b291097106ad92,184,1768,1032,976,1192,0.25,350.75,344.0,175.5,176.25,20624.0,True,2,0.0,3,20,31195136,hybrid_25-m16-r3-K16-p2-s20260801-a6a640bf3d50,permuted_within_round,20260801,pass,pass,8555083
11280,20688,16,64.0,17,3744,5128,10808,,4,22448.0,hybrid_25,184,1752,608,976,224,3,0.0,0.046134179731650994,0.5,True,109,22024.0,16,data/runs/w3-tradeoff-20260802-local/hybrid_25-m16-r3-K16-p2-s20260802-2dc4dd5466f6/run_manifest.json,ae277e8a52824f7ecf133e061c7e5e493b61bc65261f81a1bd2f051a7b128a0d,184,1768,1032,976,1192,0.25,350.75,344.125,175.5,176.25,20624.0,True,2,0.0,3,20,31195136,hybrid_25-m16-r3-K16-p2-s20260802-2dc4dd5466f6,round_major,20260802,pass,pass,8444375
11280,20688,16,64.0,17,3744,5128,10808,,4,22448.0,hybrid_25,184,1752,608,976,224,3,0.0,0.046134179731650994,0.5,True,109,22024.0,16,data/runs/w3-tradeoff-20260802-local/hybrid_25-m16-r3-K16-p2-s20260802-42f1732502ea/run_manifest.json,0551eecf9167bb2ffeb09a53606f80029977dadee1e472d7775bfeead2380bf9,184,1768,1032,976,1192,0.25,350.75,344.125,175.5,176.25,20624.0,True,2,0.0,3,20,31195136,hybrid_25-m16-r3-K16-p2-s20260802-42f1732502ea,permuted_within_round,20260802,pass,pass,8346625
11280,20688,4,32.0,5,3736,5120,10792,,4,22456.0,hybrid_25,184,1752,600,976,224,3,0.0,0.1545084971874737,0.5,True,109,22040.0,16,data/runs/w3-tradeoff-20260802-local/hybrid_25-m16-r3-K4-p2-s20260801-59fd9dac35b8/run_manifest.json,d63bde362e42a0cff540a1966a534d351fba4b8ed1c402c0e61b8539fa6b4693,184,1768,1024,976,1192,0.25,701.75,688.75,350.25,352.5,20656.0,True,2,0.0,3,12,31195136,hybrid_25-m16-r3-K4-p2-s20260801-59fd9dac35b8,round_major,20260801,pass,pass,8718334
11280,20688,4,32.0,5,3736,5120,10792,,4,22456.0,hybrid_25,184,1752,600,976,224,3,0.0,0.1545084971874737,0.5,True,109,22040.0,16,data/runs/w3-tradeoff-20260802-local/hybrid_25-m16-r3-K4-p2-s20260801-ccbf476d08e7/run_manifest.json,d854252c2b17ed35b8809af65e0ef9a780c0f2e01e5d4b8c251a4e81f249c55c,184,1768,1024,976,1192,0.25,701.75,688.75,350.25,352.5,20656.0,True,2,0.0,3,12,31195136,hybrid_25-m16-r3-K4-p2-s20260801-ccbf476d08e7,permuted_within_round,20260801,pass,pass,8586709
11280,20688,4,32.0,5,3736,5120,10792,,4,22456.0,hybrid_25,184,1752,600,976,224,3,0.0,0.1545084971874737,0.5,True,109,22040.0,16,data/runs/w3-tradeoff-20260802-local/hybrid_25-m16-r3-K4-p2-s20260802-4bf819d4f4c0/run_manifest.json,4141649009a434fc638210203e6b352bf9d3b73f266b2b39d7e8aac5da420b38,184,1768,1024,976,1192,0.25,701.75,688.75,350.25,352.5,20656.0,True,2,0.0,3,12,31195136,hybrid_25-m16-r3-K4-p2-s20260802-4bf819d4f4c0,round_major,20260802,pass,pass,8488125
11280,20688,4,32.0,5,3736,5120,10792,,4,22456.0,hybrid_25,184,1752,600,976,224,3,0.0,0.1545084971874737,0.5,True,109,22040.0,16,data/runs/w3-tradeoff-20260802-local/hybrid_25-m16-r3-K4-p2-s20260802-648a2be31607/run_manifest.json,ee549894e8026813be342f00d79a11c8c46de91875aa5e6e8a094597b6766c87,184,1768,1024,976,1192,0.25,701.75,688.75,350.25,352.5,20656.0,True,2,0.0,3,12,31195136,hybrid_25-m16-r3-K4-p2-s20260802-648a2be31607,permuted_within_round,20260802,pass,pass,8667541
16336,35856,16,128.0,17,3760,5144,3760,,8,19968.0,hybrid_25,184,1752,624,976,224,1,0.0,0.046134179731650994,0.5,True,75,19968.0,32,data/runs/w3-tradeoff-20260802-local/hybrid_25-m32-r2-K16-p1-s20260801-4070611bf086/run_manifest.json,e06ab80bea2d7e9bf2407784cbfec29c8eeb9db828dfeba34870ab820401763f,184,1768,1048,976,1192,0.25,156.0,156.0,29.375,127.625,35728.0,True,1,0.0,2,40,31195136,hybrid_25-m32-r2-K16-p1-s20260801-4070611bf086,round_major,20260801,pass,pass,6633250
11280,30096,16,128.0,17,3760,5144,10840,,8,22432.0,hybrid_25,184,1752,624,976,224,3,0.0,0.046134179731650994,0.5,True,149,21992.0,32,data/runs/w3-tradeoff-20260802-local/hybrid_25-m32-r2-K16-p2-s20260801-ea0688d1b918/run_manifest.json,8f1b892d2cddaeac57691fc15d988c77c69b47477b894137877396050837e6da,184,1768,1048,976,1192,0.25,175.25,171.8125,88.125,88.125,29968.0,True,2,0.0,2,40,31195136,hybrid_25-m32-r2-K16-p2-s20260801-ea0688d1b918,round_major,20260801,pass,pass,11432375
1168,18576,16,128.0,17,3760,5144,25000,,8,27360.0,hybrid_25,184,1752,624,976,224,7,0.0,0.046134179731650994,0.5,True,297,26040.0,32,data/runs/w3-tradeoff-20260802-local/hybrid_25-m32-r2-K16-p4-s20260801-6f37f381ccb9/run_manifest.json,f61da17513468b4fcb1a967f58e515ef53b610cb22bd2aa5b95e25b42a574259,184,1768,1048,976,1192,0.25,213.75,203.4375,205.625,9.125,18448.0,True,4,0.0,2,40,31195136,hybrid_25-m32-r2-K16-p4-s20260801-6f37f381ccb9,round_major,20260801,pass,pass,22141625
16336,35856,2,32.0,3,3736,5120,3736,,8,20040.0,hybrid_25,184,1752,600,976,224,1,0.0,0.24999999999999997,0.5,True,75,20040.0,32,data/runs/w3-tradeoff-20260802-local/hybrid_25-m32-r2-K2-p1-s20260801-a4479593e4ae/run_manifest.json,5e3fd47030710a814b1378e04a25e45fb12cb331d89c6d56acf242e3956bc613,184,1768,1024,976,1192,0.25,626.25,626.25,116.75,510.5,35824.0,True,1,0.0,2,16,31195136,hybrid_25-m32-r2-K2-p1-s20260801-a4479593e4ae,round_major,20260801,pass,pass,6243458
11280,30096,2,32.0,3,3736,5120,10792,,8,22456.0,hybrid_25,184,1752,600,976,224,3,0.0,0.24999999999999997,0.5,True,149,22040.0,32,data/runs/w3-tradeoff-20260802-local/hybrid_25-m32-r2-K2-p2-s20260801-1aa211741d1c/run_manifest.json,fcc00a18123ebb086d8efc8097b4396df9cd25372eb52de53773670163625040,184,1768,1024,976,1192,0.25,701.75,688.75,350.25,352.5,30064.0,True,2,0.0,2,16,31195136,hybrid_25-m32-r2-K2-p2-s20260801-1aa211741d1c,round_major,20260801,pass,pass,12091500
1168,18576,2,32.0,3,3736,5120,24904,,8,27288.0,hybrid_25,184,1752,600,976,224,7,0.0,0.24999999999999997,0.5,True,297,26040.0,32,data/runs/w3-tradeoff-20260802-local/hybrid_25-m32-r2-K2-p4-s20260801-fc5e6f338812/run_manifest.json,bf3a5e70f00543d7bd6a47c9d9194a09ede6957325eca35e0a9bb7862151f16e,184,1768,1024,976,1192,0.25,852.75,813.75,817.25,36.5,18544.0,True,4,0.0,2,16,31195136,hybrid_25-m32-r2-K2-p4-s20260801-fc5e6f338812,round_major,20260801,pass,pass,21656625
16336,35856,4,64.0,5,3744,5128,3744,,8,20016.0,hybrid_25,184,1752,608,976,224,1,0.0,0.1545084971874737,0.5,True,75,20016.0,32,data/runs/w3-tradeoff-20260802-local/hybrid_25-m32-r2-K4-p1-s20260801-812aa648eb2e/run_manifest.json,98449388a4eb83fe317125422f07abdd156f9713d9ce31527fd4ef264bc6b212,184,1768,1032,976,1192,0.25,312.75,312.75,58.5,255.25,35792.0,True,1,0.0,2,24,31195136,hybrid_25-m32-r2-K4-p1-s20260801-812aa648eb2e,round_major,20260801,pass,pass,6424708
11280,30096,4,64.0,5,3744,5128,10808,,8,22448.0,hybrid_25,184,1752,608,976,224,3,0.0,0.1545084971874737,0.5,True,149,22024.0,32,data/runs/w3-tradeoff-20260802-local/hybrid_25-m32-r2-K4-p2-s20260801-b612fd105af2/run_manifest.json,e53a0864659da52a87773b7b3fc25beff224ff62872233133acce6f9c6386e56,184,1768,1032,976,1192,0.25,350.75,344.125,175.5,176.25,30032.0,True,2,0.0,2,24,31195136,hybrid_25-m32-r2-K4-p2-s20260801-b612fd105af2,round_major,20260801,pass,pass,11680333
1168,18576,4,64.0,5,3744,5128,24936,,8,27312.0,hybrid_25,184,1752,608,976,224,7,0.0,0.1545084971874737,0.5,True,297,26040.0,32,data/runs/w3-tradeoff-20260802-local/hybrid_25-m32-r2-K4-p4-s20260801-7f236d6080cc/run_manifest.json,b1506fecc03bd19fdf546babc8b4959b6f255c1e74ae73c8d3e5a2f0a2b664a7,184,1768,1032,976,1192,0.25,426.75,406.875,409.5,18.25,18512.0,True,4,0.0,2,24,31195136,hybrid_25-m32-r2-K4-p4-s20260801-7f236d6080cc,round_major,20260801,pass,pass,21726875
16336,35856,8,96.0,9,3752,5136,3752,,8,19992.0,hybrid_25,184,1752,616,976,224,1,0.0,0.08682408883346517,0.5,True,75,19992.0,32,data/runs/w3-tradeoff-20260802-local/hybrid_25-m32-r2-K8-p1-s20260801-52cd8051242d/run_manifest.json,ce297cedca64c166d3971cb85ddf27b917fb04ec82d8dc4878f5822a11eb3229,184,1768,1040,976,1192,0.25,208.25,208.25,39.083333333333336,170.16666666666666,35760.0,True,1,0.0,2,32,31195136,hybrid_25-m32-r2-K8-p1-s20260801-52cd8051242d,round_major,20260801,pass,pass,6190542
11280,30096,8,96.0,9,3752,5136,10824,,8,22440.0,hybrid_25,184,1752,616,976,224,3,0.0,0.08682408883346517,0.5,True,149,22008.0,32,data/runs/w3-tradeoff-20260802-local/hybrid_25-m32-r2-K8-p2-s20260801-6372eab8487a/run_manifest.json,d4f190a57ad9a0ee24ad32621731d2bff68fadede169fd6a3083964dfb6fcf72,184,1768,1040,976,1192,0.25,233.75,229.25,117.25,117.5,30000.0,True,2,0.0,2,32,31195136,hybrid_25-m32-r2-K8-p2-s20260801-6372eab8487a,round_major,20260801,pass,pass,11570333
1168,18576,8,96.0,9,3752,5136,24968,,8,27336.0,hybrid_25,184,1752,616,976,224,7,0.0,0.08682408883346517,0.5,True,297,26040.0,32,data/runs/w3-tradeoff-20260802-local/hybrid_25-m32-r2-K8-p4-s20260801-6487bdf0e5d2/run_manifest.json,dc959ced8952c7df447e9f4545993b61a4a9618e7bee546d913dcae3a683cdbb,184,1768,1040,976,1192,0.25,284.75,271.25,273.5833333333333,12.166666666666666,18480.0,True,4,0.0,2,32,31195136,hybrid_25-m32-r2-K8-p4-s20260801-6487bdf0e5d2,round_major,20260801,pass,pass,21439167
31504,51024,16,128.0,17,3760,5144,3760,,8,35136.0,hybrid_25,184,1752,624,976,224,1,0.0,0.046134179731650994,0.5,True,107,35136.0,32,data/runs/w3-tradeoff-20260802-local/hybrid_25-m32-r3-K16-p1-s20260801-dce9bfefde19/run_manifest.json,7f648e1a3b941b5675068d00c34a422863d4435264e36388ee95a283fb4ed940,184,1768,1048,976,1192,0.25,274.5,274.5,29.375,246.125,50896.0,True,1,0.0,3,40,31195136,hybrid_25-m32-r3-K16-p1-s20260801-dce9bfefde19,round_major,20260801,pass,pass,8804084
1168,18576,16,128.0,17,3760,5144,25000,,8,27360.0,hybrid_25,184,1752,624,976,224,7,0.0,0.046134179731650994,0.5,True,425,26040.0,32,data/runs/w3-tradeoff-20260802-local/hybrid_25-m32-r3-K16-p4-s20260801-f55f1ce337c3/run_manifest.json,074bd8be495537f8a0ef81d41b8e066157ffd9d5aedf22925997a0692ef865ae,184,1768,1048,976,1192,0.25,213.75,203.4375,205.625,9.125,18448.0,True,4,0.0,3,40,31195136,hybrid_25-m32-r3-K16-p4-s20260801-f55f1ce337c3,round_major,20260801,pass,pass,30825875
31504,51024,4,64.0,5,3744,5128,3744,,8,35184.0,hybrid_25,184,1752,608,976,224,1,0.0,0.1545084971874737,0.5,True,107,35184.0,32,data/runs/w3-tradeoff-20260802-local/hybrid_25-m32-r3-K4-p1-s20260801-c1e24f4c73d9/run_manifest.json,249a8d9885037278652162c67ff7e1c7be81a991986779d741f8c8cfb5b5dd53,184,1768,1032,976,1192,0.25,549.75,549.75,58.5,492.25,50960.0,True,1,0.0,3,24,31195136,hybrid_25-m32-r3-K4-p1-s20260801-c1e24f4c73d9,round_major,20260801,pass,pass,8786333
1168,18576,4,64.0,5,3744,5128,24936,,8,27312.0,hybrid_25,184,1752,608,976,224,7,0.0,0.1545084971874737,0.5,True,425,26040.0,32,data/runs/w3-tradeoff-20260802-local/hybrid_25-m32-r3-K4-p4-s20260801-757d65f9eb73/run_manifest.json,34d700cb1199abfd3d6a948d1a825e9c61b533280cc6580f4f0b52a3dce88e47,184,1768,1032,976,1192,0.25,426.75,406.875,409.5,18.25,18512.0,True,4,0.0,3,24,31195136,hybrid_25-m32-r3-K4-p4-s20260801-757d65f9eb73,round_major,20260801,pass,pass,39092209
46672,66192,16,128.0,17,3760,5160,3760,,8,50304.0,hybrid_25,184,1752,624,976,224,1,0.0,0.046134179731650994,0.5,True,139,50304.0,32,data/runs/w3-tradeoff-20260802-local/hybrid_25-m32-r4-K16-p1-s20260801-7b56898ad011/run_manifest.json,ba5b7c292bdfb060aaf4a2899fa8e85701532bf0be2f61abd2e166667fd351d9,184,1776,1056,976,1192,0.25,393.0,393.0,29.375,364.625,66064.0,True,1,0.0,4,40,31195136,hybrid_25-m32-r4-K16-p1-s20260801-7b56898ad011,round_major,20260801,pass,pass,11394083
1168,18576,16,128.0,17,3760,5160,25024,,8,27360.0,hybrid_25,184,1752,624,976,224,7,0.0,0.046134179731650994,0.5,True,553,26064.0,32,data/runs/w3-tradeoff-20260802-local/hybrid_25-m32-r4-K16-p4-s20260801-e1ad1b28b119/run_manifest.json,2f5dee89b97ee733810735b6cec327613d12f6685e925424bd5b2cd59b858cb3,184,1776,1056,976,1192,0.25,213.75,203.625,205.625,9.125,18448.0,True,4,0.0,4,40,31195136,hybrid_25-m32-r4-K16-p4-s20260801-e1ad1b28b119,round_major,20260801,pass,pass,40129042
46672,66192,4,64.0,5,3744,5144,3744,,8,50352.0,hybrid_25,184,1752,608,976,224,1,0.0,0.1545084971874737,0.5,True,139,50352.0,32,data/runs/w3-tradeoff-20260802-local/hybrid_25-m32-r4-K4-p1-s20260801-9b3f5861180e/run_manifest.json,77730ac29cd355ff99e1e98b845033b5d23b1eb5a5ca4488ec67dbf8cde174c5,184,1776,1040,976,1192,0.25,786.75,786.75,58.5,729.25,66128.0,True,1,0.0,4,24,31195136,hybrid_25-m32-r4-K4-p1-s20260801-9b3f5861180e,round_major,20260801,pass,pass,11628542
1168,18576,4,64.0,5,3744,5144,24960,,8,27312.0,hybrid_25,184,1752,608,976,224,7,0.0,0.1545084971874737,0.5,True,553,26064.0,32,data/runs/w3-tradeoff-20260802-local/hybrid_25-m32-r4-K4-p4-s20260801-b97266f4cc07/run_manifest.json,7bb9089851a3a7d362c0dcc638cddd044e95060e9954f6fd5842b61da1a54d97,184,1776,1040,976,1192,0.25,426.75,407.25,409.5,18.25,18512.0,True,4,0.0,4,24,31195136,hybrid_25-m32-r4-K4-p4-s20260801-b97266f4cc07,round_major,20260801,pass,pass,40421875
3064,5504,16,16.0,17,3728,5112,3728,,1,6776.0,hybrid_25,184,1752,592,976,224,1,0.0,0.046134179731650994,0.5,True,12,6776.0,4,data/runs/w3-tradeoff-20260802-local/hybrid_25-m4-r2-K16-p1-s20260801-92d196995d18/run_manifest.json,ab04b57890e503e1ed2d1b49f40a605b4313ca906cff4ea22019dfaef5cc5560,184,1768,1016,976,1192,0.25,423.5,423.5,233.0,191.5,5488.0,True,1,0.0,2,5,31195136,hybrid_25-m4-r2-K16-p1-s20260801-92d196995d18,round_major,20260801,pass,pass,1264542
2432,4784,16,16.0,17,3728,5112,10776,,1,13600.0,hybrid_25,184,1752,592,976,224,3,0.0,0.046134179731650994,0.5,True,23,13192.0,4,data/runs/w3-tradeoff-20260802-local/hybrid_25-m4-r2-K16-p2-s20260801-16793a3abd3b/run_manifest.json,071b49c1e8036b71c3f57bf3d3b8f241ee31287b77b9d3b034d6004ac8b63d28,184,1768,1016,976,1192,0.25,850.0,824.5,699.0,152.0,4768.0,True,2,0.0,2,5,31195136,hybrid_25-m4-r2-K16-p2-s20260801-16793a3abd3b,round_major,20260801,pass,pass,2233375
1168,3344,16,16.0,17,3728,5112,24872,,1,27248.0,hybrid_25,184,1752,592,976,224,7,0.0,0.046134179731650994,0.5,True,45,26024.0,4,data/runs/w3-tradeoff-20260802-local/hybrid_25-m4-r2-K16-p4-s20260801-38bd32356738/run_manifest.json,b0b7bef6fcf8b04da8de79c69d19aa2b56e1c4d1a62d08c4680d942b45536ec4,184,1768,1016,976,1192,0.25,1703.0,1626.5,1631.0,73.0,3328.0,True,4,0.0,2,5,31195136,hybrid_25-m4-r2-K16-p4-s20260801-38bd32356738,round_major,20260801,pass,pass,3751792
3064,5504,2,4.0,3,3728,5112,3728,,1,6788.0,hybrid_25,184,1752,592,976,224,1,0.0,0.24999999999999997,0.5,True,12,6788.0,4,data/runs/w3-tradeoff-20260802-local/hybrid_25-m4-r2-K2-p1-s20260801-c89038fcdc8f/run_manifest.json,d8477d787dad7bc45b6d91cb9020030681a71c82d094802e484c0d20bb356641,184,1768,1016,976,1192,0.25,1697.0,1697.0,932.0,766.0,5500.0,False,1,0.0,2,2,31195136,hybrid_25-m4-r2-K2-p1-s20260801-c89038fcdc8f,round_major,20260801,pass,pass,1295459
2432,4784,2,4.0,3,3728,5112,10776,,1,13612.0,hybrid_25,184,1752,592,976,224,3,0.0,0.24999999999999997,0.5,True,23,13204.0,4,data/runs/w3-tradeoff-20260802-local/hybrid_25-m4-r2-K2-p2-s20260801-a0fea954b60a/run_manifest.json,5c9de4bdfd1eabd8a6dd2f80eac011bb0d67d7ebc8a75d1a054e6b81ae2d9f9f,184,1768,1016,976,1192,0.25,3403.0,3301.0,2796.0,608.0,4780.0,False,2,0.0,2,2,31195136,hybrid_25-m4-r2-K2-p2-s20260801-a0fea954b60a,round_major,20260801,pass,pass,2292834
1168,3344,2,4.0,3,3728,5112,24872,,1,27260.0,hybrid_25,184,1752,592,976,224,7,0.0,0.24999999999999997,0.5,True,45,26036.0,4,data/runs/w3-tradeoff-20260802-local/hybrid_25-m4-r2-K2-p4-s20260801-0d14198417bd/run_manifest.json,e4aff8f6056edf21301729f64e84ed3013a5ba5f3fce676c84333ecf8f791bad,184,1768,1016,976,1192,0.25,6815.0,6509.0,6524.0,292.0,3340.0,True,4,0.0,2,2,31195136,hybrid_25-m4-r2-K2-p4-s20260801-0d14198417bd,round_major,20260801,pass,pass,3583916
3064,5504,4,8.0,5,3728,5112,3728,,1,6784.0,hybrid_25,184,1752,592,976,224,1,0.0,0.1545084971874737,0.5,True,12,6784.0,4,data/runs/w3-tradeoff-20260802-local/hybrid_25-m4-r2-K4-p1-s20260801-7db6ab2fe441/run_manifest.json,4dd3afe664a26ea0385de6d01975c6b02cdbfaaba471c1f88c5c71b6e8113340,184,1768,1016,976,1192,0.25,848.0,848.0,466.0,383.0,5496.0,False,1,0.0,2,3,31195136,hybrid_25-m4-r2-K4-p1-s20260801-7db6ab2fe441,round_major,20260801,pass,pass,1225000
2432,4784,4,8.0,5,3728,5112,10776,,1,13608.0,hybrid_25,184,1752,592,976,224,3,0.0,0.1545084971874737,0.5,True,23,13200.0,4,data/runs/w3-tradeoff-20260802-local/hybrid_25-m4-r2-K4-p2-s20260801-b90795558456/run_manifest.json,9e4f0fb1dbb9cd077555febd5f884c5413dcff06d54044dc642961a86f9853d8,184,1768,1016,976,1192,0.25,1701.0,1650.0,1398.0,304.0,4776.0,False,2,0.0,2,3,31195136,hybrid_25-m4-r2-K4-p2-s20260801-b90795558456,round_major,20260801,pass,pass,2083333
1168,3344,4,8.0,5,3728,5112,24872,,1,27256.0,hybrid_25,184,1752,592,976,224,7,0.0,0.1545084971874737,0.5,True,45,26032.0,4,data/runs/w3-tradeoff-20260802-local/hybrid_25-m4-r2-K4-p4-s20260801-b390cd888e67/run_manifest.json,4e8cfc74230da2d115afbc9da1885842d7d1cd2d48c3cf75d3f5a186a2ceec38,184,1768,1016,976,1192,0.25,3407.0,3254.0,3262.0,146.0,3336.0,True,4,0.0,2,3,31195136,hybrid_25-m4-r2-K4-p4-s20260801-b390cd888e67,round_major,20260801,pass,pass,3710875
3064,5504,8,12.0,9,3728,5112,3728,,1,6780.0,hybrid_25,184,1752,592,976,224,1,0.0,0.08682408883346517,0.5,True,12,6780.0,4,data/runs/w3-tradeoff-20260802-local/hybrid_25-m4-r2-K8-p1-s20260801-9464108b89ed/run_manifest.json,4a013177b99b0008bcbb28e642aa3219d7d9b9dc53f07f7fc082b8639343f7dd,184,1768,1016,976,1192,0.25,565.0,565.0,310.6666666666667,255.33333333333334,5492.0,False,1,0.0,2,4,31195136,hybrid_25-m4-r2-K8-p1-s20260801-9464108b89ed,round_major,20260801,pass,pass,1222667
2432,4784,8,12.0,9,3728,5112,10776,,1,13604.0,hybrid_25,184,1752,592,976,224,3,0.0,0.08682408883346517,0.5,True,23,13196.0,4,data/runs/w3-tradeoff-20260802-local/hybrid_25-m4-r2-K8-p2-s20260801-62b87defd86b/run_manifest.json,15d1cdd7934d1fc1d2970328790732b768190eede830564ec04f8bb0d6705c9c,184,1768,1016,976,1192,0.25,1133.6666666666667,1099.6666666666667,932.0,202.66666666666666,4772.0,False,2,0.0,2,4,31195136,hybrid_25-m4-r2-K8-p2-s20260801-62b87defd86b,round_major,20260801,pass,pass,2090333
1168,3344,8,12.0,9,3728,5112,24872,,1,27252.0,hybrid_25,184,1752,592,976,224,7,0.0,0.08682408883346517,0.5,True,45,26028.0,4,data/runs/w3-tradeoff-20260802-local/hybrid_25-m4-r2-K8-p4-s20260801-8314a22d4c87/run_manifest.json,43071148dcc137d323980e29acd41ebe0cff9b78186a8b7bde58dd8362fd4934,184,1768,1016,976,1192,0.25,2271.0,2169.0,2174.6666666666665,97.33333333333333,3332.0,True,4,0.0,2,4,31195136,hybrid_25-m4-r2-K8-p4-s20260801-8314a22d4c87,round_major,20260801,pass,pass,3628625
31504,70544,16,256.0,17,3800,5200,3800,,16,35048.0,hybrid_25,184,1752,664,976,224,1,0.0,0.046134179731650994,0.5,True,147,35048.0,64,data/runs/w3-tradeoff-20260802-local/hybrid_25-m64-r2-K16-p1-s20260801-7a982b3b1f1e/run_manifest.json,20a8f73a4c1026480999dc00c10b0650a9aea61310d6c878ece588807612e3c0,184,1776,1096,976,1192,0.25,136.90625,136.90625,14.84375,123.0625,70288.0,True,1,0.0,2,80,31195136,hybrid_25-m64-r2-K16-p1-s20260801-7a982b3b1f1e,round_major,20260801,pass,pass,11984333
21392,59024,16,256.0,17,3800,5200,10928,,16,32536.0,hybrid_25,184,1752,664,976,224,3,0.0,0.046134179731650994,0.5,True,293,32064.0,64,data/runs/w3-tradeoff-20260802-local/hybrid_25-m64-r2-K16-p2-s20260801-684aec814b84/run_manifest.json,404997cd2e08ee4fc262051d0dc32502b4aa85ac424a187917e127ca134a7d5d,184,1776,1096,976,1192,0.25,127.09375,125.25,44.53125,83.5625,58768.0,True,2,0.0,2,80,31195136,hybrid_25-m64-r2-K16-p2-s20260801-684aec814b84,permuted_within_round,20260801,pass,pass,22576167
21392,59024,16,256.0,17,3800,5200,10928,,16,32536.0,hybrid_25,184,1752,664,976,224,3,0.0,0.046134179731650994,0.5,True,293,32064.0,64,data/runs/w3-tradeoff-20260802-local/hybrid_25-m64-r2-K16-p2-s20260801-b01a8f4176f9/run_manifest.json,78f888e20ac1d257f64536e67da8394b77584cc79b97afeec0e2f1d4b2863da1,184,1776,1096,976,1192,0.25,127.09375,125.25,44.53125,83.5625,58768.0,True,2,0.0,2,80,31211520,hybrid_25-m64-r2-K16-p2-s20260801-b01a8f4176f9,round_major,20260801,pass,pass,22532042
21392,59024,16,256.0,17,3800,5200,10928,,16,32536.0,hybrid_25,184,1752,664,976,224,3,0.0,0.046134179731650994,0.5,True,293,32064.0,64,data/runs/w3-tradeoff-20260802-local/hybrid_25-m64-r2-K16-p2-s20260802-46d2fcfcb38f/run_manifest.json,46be30ce50c164b807e256e3777e248bbbd25fb556d15be38ed5421e729f28af,184,1776,1096,976,1192,0.25,127.09375,125.25,44.53125,83.5625,58768.0,True,2,0.0,2,80,31211520,hybrid_25-m64-r2-K16-p2-s20260802-46d2fcfcb38f,permuted_within_round,20260802,pass,pass,23345875
21392,59024,16,256.0,17,3800,5200,10928,,16,32536.0,hybrid_25,184,1752,664,976,224,3,0.0,0.046134179731650994,0.5,True,293,32064.0,64,data/runs/w3-tradeoff-20260802-local/hybrid_25-m64-r2-K16-p2-s20260802-68134dd049af/run_manifest.json,0861ac90d6b5a322db7745aba17679bf55f78cd3e42fdc69f49032869f8cf426,184,1776,1096,976,1192,0.25,127.09375,125.25,44.53125,83.5625,58768.0,True,2,0.0,2,80,31211520,hybrid_25-m64-r2-K16-p2-s20260802-68134dd049af,round_major,20260802,pass,pass,22446167
1168,35984,16,256.0,17,3800,5200,25184,,16,27512.0,hybrid_25,184,1752,664,976,224,7,0.0,0.046134179731650994,0.5,True,585,26096.0,64,data/runs/w3-tradeoff-20260802-local/hybrid_25-m64-r2-K16-p4-s20260801-c9ce398064ac/run_manifest.json,af6c4fab60885493c77aa4c02716728c4fc541ef9a4997ae27d6d2becb6efa8f,184,1776,1096,976,1192,0.25,107.46875,101.9375,103.90625,4.5625,35728.0,True,4,0.0,2,80,31211520,hybrid_25-m64-r2-K16-p4-s20260801-c9ce398064ac,round_major,20260801,pass,pass,42829000
31504,70544,2,64.0,3,3752,5152,3752,,16,35192.0,hybrid_25,184,1752,616,976,224,1,0.0,0.24999999999999997,0.5,True,147,35192.0,64,data/runs/w3-tradeoff-20260802-local/hybrid_25-m64-r2-K2-p1-s20260801-937b4b994d4a/run_manifest.json,6a2a5ed5943bde392303515f2b9eb86f298850ba59159348fe81e194a996608e,184,1776,1048,976,1192,0.25,549.875,549.875,58.625,492.25,70480.0,True,1,0.0,2,32,31211520,hybrid_25-m64-r2-K2-p1-s20260801-937b4b994d4a,round_major,20260801,pass,pass,12087250
21392,59024,2,64.0,3,3752,5152,10832,,16,32584.0,hybrid_25,184,1752,616,976,224,3,0.0,0.24999999999999997,0.5,True,293,32160.0,64,data/runs/w3-tradeoff-20260802-local/hybrid_25-m64-r2-K2-p2-s20260801-6e6a0f8e38d7/run_manifest.json,8ccd58e8227a2d3fb428fc6458dd59fb784ccc4a3de984a2ff9f704097215f1b,184,1776,1048,976,1192,0.25,509.125,502.5,175.875,334.25,58960.0,True,2,0.0,2,32,31211520,hybrid_25-m64-r2-K2-p2-s20260801-6e6a0f8e38d7,round_major,20260801,pass,pass,22059208
1168,35984,2,64.0,3,3752,5152,24992,,16,27368.0,hybrid_25,184,1752,616,976,224,7,0.0,0.24999999999999997,0.5,True,585,26096.0,64,data/runs/w3-tradeoff-20260802-local/hybrid_25-m64-r2-K2-p4-s20260801-bed39346bbb1/run_manifest.json,c485947779e64477e81f31be5d0391d600bea9a2539ab0f2472bffc5065d334d,184,1776,1048,976,1192,0.25,427.625,407.75,410.375,18.25,35920.0,True,4,0.0,2,32,31211520,hybrid_25-m64-r2-K2-p4-s20260801-bed39346bbb1,round_major,20260801,pass,pass,41896167
31504,70544,4,128.0,5,3768,5168,3768,,16,35144.0,hybrid_25,184,1752,632,976,224,1,0.0,0.1545084971874737,0.5,True,147,35144.0,64,data/runs/w3-tradeoff-20260802-local/hybrid_25-m64-r2-K4-p1-s20260801-a7fa5f7baf5f/run_manifest.json,5f07cddf77135b37ec02de297946237d19b1770cda683bb01566f21883c9ab8c,184,1776,1064,976,1192,0.25,274.5625,274.5625,29.4375,246.125,70416.0,True,1,0.0,2,48,31211520,hybrid_25-m64-r2-K4-p1-s20260801-a7fa5f7baf5f,round_major,20260801,pass,pass,12270042
21392,59024,4,128.0,5,3768,5168,10864,,16,32568.0,hybrid_25,184,1752,632,976,224,3,0.0,0.1545084971874737,0.5,True,293,32128.0,64,data/runs/w3-tradeoff-20260802-local/hybrid_25-m64-r2-K4-p2-s20260801-c5ff4c964f0a/run_manifest.json,eab2a6b4c951ce1b6d5127b9427b67265c6ce6ccd3774d3967c263bdbba39815,184,1776,1064,976,1192,0.25,254.4375,251.0,88.3125,167.125,58896.0,True,2,0.0,2,48,31211520,hybrid_25-m64-r2-K4-p2-s20260801-c5ff4c964f0a,round_major,20260801,pass,pass,23016250
21392,59024,4,128.0,5,3768,5168,10864,,16,32568.0,hybrid_25,184,1752,632,976,224,3,0.0,0.1545084971874737,0.5,True,293,32128.0,64,data/runs/w3-tradeoff-20260802-local/hybrid_25-m64-r2-K4-p2-s20260801-c8ffd9d7c09e/run_manifest.json,0230b7aa2e90420e5a21dbca063ebf5583818a86afe42f0d260c993763a7e799,184,1776,1064,976,1192,0.25,254.4375,251.0,88.3125,167.125,58896.0,True,2,0.0,2,48,31211520,hybrid_25-m64-r2-K4-p2-s20260801-c8ffd9d7c09e,permuted_within_round,20260801,pass,pass,22438042
21392,59024,4,128.0,5,3768,5168,10864,,16,32568.0,hybrid_25,184,1752,632,976,224,3,0.0,0.1545084971874737,0.5,True,293,32128.0,64,data/runs/w3-tradeoff-20260802-local/hybrid_25-m64-r2-K4-p2-s20260802-237165570186/run_manifest.json,7b43e7c983b38f9aaa0e6d72426be1ae983c196cc7ae069ad2b0373eb60f9a60,184,1776,1064,976,1192,0.25,254.4375,251.0,88.3125,167.125,58896.0,True,2,0.0,2,48,31211520,hybrid_25-m64-r2-K4-p2-s20260802-237165570186,round_major,20260802,pass,pass,22338958
21392,59024,4,128.0,5,3768,5168,10864,,16,32568.0,hybrid_25,184,1752,632,976,224,3,0.0,0.1545084971874737,0.5,True,293,32128.0,64,data/runs/w3-tradeoff-20260802-local/hybrid_25-m64-r2-K4-p2-s20260802-84888ac94144/run_manifest.json,b7c1f37dbac1a50880be60551184ae5be511a62d15205ce4d13f0e48cc2fc11b,184,1776,1064,976,1192,0.25,254.4375,251.0,88.3125,167.125,58896.0,True,2,0.0,2,48,31211520,hybrid_25-m64-r2-K4-p2-s20260802-84888ac94144,permuted_within_round,20260802,pass,pass,22306666
1168,35984,4,128.0,5,3768,5168,25048,,16,27416.0,hybrid_25,184,1752,632,976,224,7,0.0,0.1545084971874737,0.5,True,585,26088.0,64,data/runs/w3-tradeoff-20260802-local/hybrid_25-m64-r2-K4-p4-s20260801-ed4195dc5cab/run_manifest.json,223149074746dac2354f6cef7b1dbfb60e43f9af944606839967b010890ed4a1,184,1776,1064,976,1192,0.25,214.1875,203.8125,206.0625,9.125,35856.0,True,4,0.0,2,48,31211520,hybrid_25-m64-r2-K4-p4-s20260801-ed4195dc5cab,round_major,20260801,pass,pass,43066667
31504,70544,8,192.0,9,3784,5184,3784,,16,35096.0,hybrid_25,184,1752,648,976,224,1,0.0,0.04341204441673258,0.25,True,147,35096.0,64,data/runs/w3-tradeoff-20260802-local/hybrid_25-m64-r2-K8-p1-s20260801-098fc4b10af3/run_manifest.json,031106afc68cd5a28f3f5402155993704ed4be7ab8b6b7b2b78e4d2be3d8b1c7,184,1776,1080,976,1192,0.25,182.79166666666666,182.79166666666666,19.708333333333332,164.08333333333334,70352.0,True,1,0.0,2,64,31211520,hybrid_25-m64-r2-K8-p1-s20260801-098fc4b10af3,round_major,20260801,pass,pass,12076833
31504,70544,8,192.0,9,3784,5184,3784,,16,35096.0,hybrid_25,184,1752,648,976,224,1,0.0,0.1562833599002373,0.9,True,147,35096.0,64,data/runs/w3-tradeoff-20260802-local/hybrid_25-m64-r2-K8-p1-s20260801-31e22a733018/run_manifest.json,dc284c1a1c06516f9a23b25495488a429c6c2c85f9b12dedb9f67bbee9a24f86,184,1776,1080,976,1192,0.25,182.79166666666666,182.79166666666666,19.708333333333332,164.08333333333334,70352.0,True,1,0.0,2,64,31211520,hybrid_25-m64-r2-K8-p1-s20260801-31e22a733018,round_major,20260801,pass,pass,12156791
31504,70544,8,192.0,9,3784,5184,3784,,16,35096.0,hybrid_25,184,1752,648,976,224,1,0.0,0.08682408883346517,0.5,True,147,35096.0,64,data/runs/w3-tradeoff-20260802-local/hybrid_25-m64-r2-K8-p1-s20260801-9bd84cb456fe/run_manifest.json,abda021514729d7e5c5bbd2af55d5f90f637dd8e9ae56605c019e8be9f2bf5f6,184,1776,1080,976,1192,0.25,182.79166666666666,182.79166666666666,19.708333333333332,164.08333333333334,70352.0,True,1,0.0,2,64,31211520,hybrid_25-m64-r2-K8-p1-s20260801-9bd84cb456fe,round_major,20260801,pass,pass,12088958
21392,59024,8,192.0,9,3784,5184,10896,,16,32552.0,hybrid_25,184,1752,648,976,224,3,0.0,0.04341204441673258,0.25,True,293,32096.0,64,data/runs/w3-tradeoff-20260802-local/hybrid_25-m64-r2-K8-p2-s20260801-423df3d4a172/run_manifest.json,cc5a2d1f565cac4dfbc3bd31438126f4f220972e44b39e2732ae74fb15e7b17b,184,1776,1080,976,1192,0.25,169.54166666666666,167.16666666666666,59.125,111.41666666666667,58832.0,True,2,0.0,2,64,31211520,hybrid_25-m64-r2-K8-p2-s20260801-423df3d4a172,round_major,20260801,pass,pass,22490792
21392,59024,8,192.0,9,3784,5184,10896,,16,32552.0,hybrid_25,184,1752,648,976,224,3,0.0,0.08682408883346517,0.5,True,293,32096.0,64,data/runs/w3-tradeoff-20260802-local/hybrid_25-m64-r2-K8-p2-s20260801-49631f2d8983/run_manifest.json,c2bf6969f7883f2f0a8a96610811a8a9208caded3d9a2647a94a8066e1e72154,184,1776,1080,976,1192,0.25,169.54166666666666,167.16666666666666,59.125,111.41666666666667,58832.0,True,2,0.0,2,64,31211520,hybrid_25-m64-r2-K8-p2-s20260801-49631f2d8983,round_major,20260801,pass,pass,22826959
21392,59024,8,192.0,9,3784,5184,10896,,16,32552.0,hybrid_25,184,1752,648,976,224,3,0.0,0.1562833599002373,0.9,True,293,32096.0,64,data/runs/w3-tradeoff-20260802-local/hybrid_25-m64-r2-K8-p2-s20260801-64a6a9112891/run_manifest.json,09781700d46623f8e2191ceb283b41969b7a162b6b2f49914e680b79ea63a08f,184,1776,1080,976,1192,0.25,169.54166666666666,167.16666666666666,59.125,111.41666666666667,58832.0,True,2,0.0,2,64,31211520,hybrid_25-m64-r2-K8-p2-s20260801-64a6a9112891,round_major,20260801,pass,pass,22309459
1168,35984,8,192.0,9,3784,5184,25120,,16,27464.0,hybrid_25,184,1752,648,976,224,7,0.0,0.1562833599002373,0.9,True,585,26096.0,64,data/runs/w3-tradeoff-20260802-local/hybrid_25-m64-r2-K8-p4-s20260801-17a48a46259c/run_manifest.json,8369539eb7ce75db998c035682a9fe21b228ae899bba95c73a11eeb4254b074b,184,1776,1080,976,1192,0.25,143.04166666666666,135.91666666666666,137.95833333333334,6.083333333333333,35792.0,True,4,0.0,2,64,31211520,hybrid_25-m64-r2-K8-p4-s20260801-17a48a46259c,round_major,20260801,pass,pass,42647583
1168,35984,8,192.0,9,3784,5184,25120,,16,27464.0,hybrid_25,184,1752,648,976,224,7,0.0,0.08682408883346517,0.5,True,585,26096.0,64,data/runs/w3-tradeoff-20260802-local/hybrid_25-m64-r2-K8-p4-s20260801-2748e794c15a/run_manifest.json,2b28076a805316369938a23e1fc30a7d4f233cdcbed6a71c133e2db2f5cad8cc,184,1776,1080,976,1192,0.25,143.04166666666666,135.91666666666666,137.95833333333334,6.083333333333333,35792.0,True,4,0.0,2,64,31211520,hybrid_25-m64-r2-K8-p4-s20260801-2748e794c15a,round_major,20260801,pass,pass,43544708
1168,35984,8,192.0,9,3784,5184,25120,,16,27464.0,hybrid_25,184,1752,648,976,224,7,0.0,0.04341204441673258,0.25,True,585,26096.0,64,data/runs/w3-tradeoff-20260802-local/hybrid_25-m64-r2-K8-p4-s20260801-cdb850b6b153/run_manifest.json,6547bac39686f73943b5ffa71e35ed79517b4cf8690854208b38987b735b869c,184,1776,1080,976,1192,0.25,143.04166666666666,135.91666666666666,137.95833333333334,6.083333333333333,35792.0,True,4,0.0,2,64,31211520,hybrid_25-m64-r2-K8-p4-s20260801-cdb850b6b153,round_major,20260801,pass,pass,42730542
41624,79256,16,256.0,17,3808,5200,10944,,16,52792.0,hybrid_25,184,1760,664,976,224,3,0.0,0.046134179731650994,0.5,True,421,52312.0,64,data/runs/w3-tradeoff-20260802-local/hybrid_25-m64-r3-K16-p2-s20260801-1edf938c9639/run_manifest.json,295dd20b523388fc8c30b10ead1f8276561dc439da34ee2e175bfe3dc71197d0,184,1784,1096,976,1192,0.25,206.21875,204.34375,44.625,162.59375,79000.0,True,2,0.0,3,80,31211520,hybrid_25-m64-r3-K16-p2-s20260801-1edf938c9639,permuted_within_round,20260801,pass,pass,31881167
41624,79256,16,256.0,17,3808,5200,10944,,16,52792.0,hybrid_25,184,1760,664,976,224,3,0.0,0.046134179731650994,0.5,True,421,52312.0,64,data/runs/w3-tradeoff-20260802-local/hybrid_25-m64-r3-K16-p2-s20260801-5d392dd10913/run_manifest.json,ecbca7f205cb6af839e9f2e89538186722b35e863aa977c674c31e530e6d4468,184,1784,1096,976,1192,0.25,206.21875,204.34375,44.625,162.59375,79000.0,True,2,0.0,3,80,31211520,hybrid_25-m64-r3-K16-p2-s20260801-5d392dd10913,round_major,20260801,pass,pass,32148500
41624,79256,16,256.0,17,3808,5200,10936,,16,52792.0,hybrid_25,184,1760,664,976,224,3,0.0,0.046134179731650994,0.5,True,421,52304.0,64,data/runs/w3-tradeoff-20260802-local/hybrid_25-m64-r3-K16-p2-s20260802-40ccef3e037b/run_manifest.json,30a461738fdd7072b456b6a09697194a82fae967e4ad8c72a66e2411272e0ea5,184,1784,1096,976,1192,0.25,206.21875,204.3125,44.625,162.59375,79000.0,True,2,0.0,3,80,31211520,hybrid_25-m64-r3-K16-p2-s20260802-40ccef3e037b,permuted_within_round,20260802,pass,pass,31902000
41624,79256,16,256.0,17,3808,5200,10936,,16,52792.0,hybrid_25,184,1760,664,976,224,3,0.0,0.046134179731650994,0.5,True,421,52304.0,64,data/runs/w3-tradeoff-20260802-local/hybrid_25-m64-r3-K16-p2-s20260802-8e5628833559/run_manifest.json,b58ae4d60c75cb4231aaf1051ca2f81ade18b900eef7d7732f64eac49997d90d,184,1784,1096,976,1192,0.25,206.21875,204.3125,44.625,162.59375,79000.0,True,2,0.0,3,80,31211520,hybrid_25-m64-r3-K16-p2-s20260802-8e5628833559,round_major,20260802,pass,pass,31817833
41624,79256,4,128.0,5,3776,5168,10880,,16,52824.0,hybrid_25,184,1760,632,976,224,3,0.0,0.1545084971874737,0.5,True,421,52376.0,64,data/runs/w3-tradeoff-20260802-local/hybrid_25-m64-r3-K4-p2-s20260801-ac1fa17ece1b/run_manifest.json,f07ea4997d4f277d907105ad35135360c2b032bfb8849a7d5da85eeff441ba03,184,1784,1064,976,1192,0.25,412.6875,409.1875,88.5,325.1875,79128.0,True,2,0.0,3,48,31211520,hybrid_25-m64-r3-K4-p2-s20260801-ac1fa17ece1b,permuted_within_round,20260801,pass,pass,31530375
41624,79256,4,128.0,5,3776,5168,10880,,16,52824.0,hybrid_25,184,1760,632,976,224,3,0.0,0.1545084971874737,0.5,True,421,52376.0,64,data/runs/w3-tradeoff-20260802-local/hybrid_25-m64-r3-K4-p2-s20260801-e4837690b429/run_manifest.json,069d061007782e120a8f8ec1f9a6dac3f25824cdfb2963a098be32b104f399d0,184,1784,1064,976,1192,0.25,412.6875,409.1875,88.5,325.1875,79128.0,True,2,0.0,3,48,31211520,hybrid_25-m64-r3-K4-p2-s20260801-e4837690b429,round_major,20260801,pass,pass,31713209
41624,79256,4,128.0,5,3776,5168,10880,,16,52824.0,hybrid_25,184,1760,632,976,224,3,0.0,0.1545084971874737,0.5,True,421,52376.0,64,data/runs/w3-tradeoff-20260802-local/hybrid_25-m64-r3-K4-p2-s20260802-49a1bbf70f5f/run_manifest.json,4c4aea84b30e99a576f6dc4f5ddb0b137043ffc7825294bcc5554d30f37542c4,184,1784,1064,976,1192,0.25,412.6875,409.1875,88.5,325.1875,79128.0,True,2,0.0,3,48,31211520,hybrid_25-m64-r3-K4-p2-s20260802-49a1bbf70f5f,round_major,20260802,pass,pass,31682125
41624,79256,4,128.0,5,3776,5168,10880,,16,52824.0,hybrid_25,184,1760,632,976,224,3,0.0,0.1545084971874737,0.5,True,421,52376.0,64,data/runs/w3-tradeoff-20260802-local/hybrid_25-m64-r3-K4-p2-s20260802-9e146507bc1a/run_manifest.json,b7cbbff48a812e1ab6cedfbe81ec9f6e0cfbdfa2e4994117ae8e4dbda0ab32cf,184,1784,1064,976,1192,0.25,412.6875,409.1875,88.5,325.1875,79128.0,True,2,0.0,3,48,31211520,hybrid_25-m64-r3-K4-p2-s20260802-9e146507bc1a,permuted_within_round,20260802,pass,pass,31493792
4960,9840,16,32.0,17,3736,5120,3736,,2,8664.0,hybrid_25,184,1752,600,976,224,1,0.0,0.046134179731650994,0.5,True,21,8664.0,8,data/runs/w3-tradeoff-20260802-local/hybrid_25-m8-r2-K16-p1-s20260801-f4ffa9b1385f/run_manifest.json,505676c9899c646d8beb52e5a2eac6b258a39d4ef30febd742983f386fc0832c,184,1768,1024,976,1192,0.25,270.75,270.75,116.75,155.0,9808.0,True,1,0.0,2,10,31211520,hybrid_25-m8-r2-K16-p1-s20260801-f4ffa9b1385f,round_major,20260801,pass,pass,1964125
3696,8400,16,32.0,17,3736,5120,10792,,2,14872.0,hybrid_25,184,1752,600,976,224,3,0.0,0.046134179731650994,0.5,True,41,14456.0,8,data/runs/w3-tradeoff-20260802-local/hybrid_25-m8-r2-K16-p2-s20260801-022f5087d838/run_manifest.json,4085ba2635f50f98fd656df62b841b2637f2a03d4d0369bf1b18d95aa1d666d3,184,1768,1024,976,1192,0.25,464.75,451.75,350.25,115.5,8368.0,True,2,0.0,2,10,31211520,hybrid_25-m8-r2-K16-p2-s20260801-022f5087d838,round_major,20260801,pass,pass,3458000
1168,5520,16,32.0,17,3736,5120,24904,,2,27288.0,hybrid_25,184,1752,600,976,224,7,0.0,0.046134179731650994,0.5,True,81,26040.0,8,data/runs/w3-tradeoff-20260802-local/hybrid_25-m8-r2-K16-p4-s20260801-c6f1b34eff89/run_manifest.json,512f37a7427de143170f8e9b613a6ce6c3e9048fe5396129114e707d730be578,184,1768,1024,976,1192,0.25,852.75,813.75,817.25,36.5,5488.0,True,4,0.0,2,10,31211520,hybrid_25-m8-r2-K16-p4-s20260801-c6f1b34eff89,round_major,20260801,pass,pass,6050458
4960,9840,2,8.0,3,3728,5112,3728,,2,8680.0,hybrid_25,184,1752,592,976,224,1,0.0,0.24999999999999997,0.5,True,21,8680.0,8,data/runs/w3-tradeoff-20260802-local/hybrid_25-m8-r2-K2-p1-s20260801-e1d289da486e/run_manifest.json,66a6cd3ce93e9eb89f6459f625fd9b506f06cad0dda6a5f1836f8172a4c90d8d,184,1768,1016,976,1192,0.25,1085.0,1085.0,466.0,620.0,9832.0,False,1,0.0,2,4,31211520,hybrid_25-m8-r2-K2-p1-s20260801-e1d289da486e,round_major,20260801,pass,pass,1919625
3696,8400,2,8.0,3,3728,5112,10776,,2,14872.0,hybrid_25,184,1752,592,976,224,3,0.0,0.24999999999999997,0.5,True,41,14464.0,8,data/runs/w3-tradeoff-20260802-local/hybrid_25-m8-r2-K2-p2-s20260801-1dc93efe3f1c/run_manifest.json,996475ec37c6ed63ce11c1a961f76367b0b753327c09336fc10e1a1733d5d8a6,184,1768,1016,976,1192,0.25,1859.0,1808.0,1398.0,462.0,8392.0,False,2,0.0,2,4,31211520,hybrid_25-m8-r2-K2-p2-s20260801-1dc93efe3f1c,round_major,20260801,pass,pass,3360292
1168,5520,2,8.0,3,3728,5112,24872,,2,27256.0,hybrid_25,184,1752,592,976,224,7,0.0,0.24999999999999997,0.5,True,81,26032.0,8,data/runs/w3-tradeoff-20260802-local/hybrid_25-m8-r2-K2-p4-s20260801-91f95db21756/run_manifest.json,4ad1a10ba8ea5e0cd7adedc1d2555416dda190880fcd1afcfc217b3fd0f9cc12,184,1768,1016,976,1192,0.25,3407.0,3254.0,3262.0,146.0,5512.0,True,4,0.0,2,4,31211520,hybrid_25-m8-r2-K2-p4-s20260801-91f95db21756,round_major,20260801,pass,pass,6100375
4960,9840,4,16.0,5,3728,5112,3728,,2,8672.0,hybrid_25,184,1752,592,976,224,1,0.0,0.1545084971874737,0.5,True,21,8672.0,8,data/runs/w3-tradeoff-20260802-local/hybrid_25-m8-r2-K4-p1-s20260801-bfb1abcf9368/run_manifest.json,2bc8594c2fb2a42ef4ee610fabfd608da882e560f6f71177648b70babadda276,184,1768,1016,976,1192,0.25,542.0,542.0,233.0,310.0,9824.0,True,1,0.0,2,6,31211520,hybrid_25-m8-r2-K4-p1-s20260801-bfb1abcf9368,round_major,20260801,pass,pass,1928459
3696,8400,4,16.0,5,3728,5112,10776,,2,14864.0,hybrid_25,184,1752,592,976,224,3,0.0,0.1545084971874737,0.5,True,41,14456.0,8,data/runs/w3-tradeoff-20260802-local/hybrid_25-m8-r2-K4-p2-s20260801-969f84e888a2/run_manifest.json,4229fa54161e8ac5266e04eeafaa93aa6135bbfdbcd2e68cd2d9cabbebd017b3,184,1768,1016,976,1192,0.25,929.0,903.5,699.0,231.0,8384.0,True,2,0.0,2,6,31211520,hybrid_25-m8-r2-K4-p2-s20260801-969f84e888a2,round_major,20260801,pass,pass,3563167
1168,5520,4,16.0,5,3728,5112,24872,,2,27248.0,hybrid_25,184,1752,592,976,224,7,0.0,0.1545084971874737,0.5,True,81,26024.0,8,data/runs/w3-tradeoff-20260802-local/hybrid_25-m8-r2-K4-p4-s20260801-03ae2521c94b/run_manifest.json,a834247764cd9b9f21dd2a6cb01b6589f8a3384db7ab443c2724588311158389,184,1768,1016,976,1192,0.25,1703.0,1626.5,1631.0,73.0,5504.0,True,4,0.0,2,6,31211520,hybrid_25-m8-r2-K4-p4-s20260801-03ae2521c94b,round_major,20260801,pass,pass,6198958
4960,9840,8,24.0,9,3728,5112,3728,,2,8664.0,hybrid_25,184,1752,592,976,224,1,0.0,0.08682408883346517,0.5,True,21,8664.0,8,data/runs/w3-tradeoff-20260802-local/hybrid_25-m8-r2-K8-p1-s20260801-2af0f938af93/run_manifest.json,72ff9f8181958aa89cfdefc39a80ca6933d0d98ef7d0fc15c5c7a84d7e2072cb,184,1768,1016,976,1192,0.25,361.0,361.0,155.33333333333334,206.66666666666666,9816.0,True,1,0.0,2,8,31211520,hybrid_25-m8-r2-K8-p1-s20260801-2af0f938af93,round_major,20260801,pass,pass,1876250
3696,8400,8,24.0,9,3736,5120,10784,,2,14880.0,hybrid_25,184,1752,600,976,224,3,0.0,0.08682408883346517,0.5,True,41,14456.0,8,data/runs/w3-tradeoff-20260802-local/hybrid_25-m8-r2-K8-p2-s20260801-810092bd7bf8/run_manifest.json,3f437970257d7eaee4c705347f3e4f6caa67124e9e5823e0a6419baad42dfdd5,184,1768,1024,976,1192,0.25,620.0,602.3333333333334,467.0,154.0,8376.0,False,2,0.0,2,8,31211520,hybrid_25-m8-r2-K8-p2-s20260801-810092bd7bf8,round_major,20260801,pass,pass,3414875
1168,5520,8,24.0,9,3736,5120,24896,,2,27296.0,hybrid_25,184,1752,600,976,224,7,0.0,0.08682408883346517,0.5,True,81,26040.0,8,data/runs/w3-tradeoff-20260802-local/hybrid_25-m8-r2-K8-p4-s20260801-72ea936de5e4/run_manifest.json,3da93f7e9041828f84221b77395c6b750e2dc6ba43ff3643b03f7ef065af0ed5,184,1768,1024,976,1192,0.25,1137.3333333333333,1085.0,1089.6666666666667,48.666666666666664,5496.0,True,4,0.0,2,8,31211520,hybrid_25-m8-r2-K8-p4-s20260801-72ea936de5e4,round_major,20260801,pass,pass,6111291
8752,13632,16,32.0,17,3736,5120,3736,,2,12456.0,hybrid_25,184,1752,600,976,224,1,0.0,0.046134179731650994,0.5,True,29,12456.0,8,data/runs/w3-tradeoff-20260802-local/hybrid_25-m8-r3-K16-p1-s20260801-c846abf05646/run_manifest.json,3f07e744e771f49bcdb4a01538f58408d1c1d891a7482e0c54cac887d7dc167e,184,1768,1024,976,1192,0.25,389.25,389.25,116.75,273.5,13600.0,True,1,0.0,3,10,31211520,hybrid_25-m8-r3-K16-p1-s20260801-c846abf05646,round_major,20260801,pass,pass,2558125
1168,5520,16,32.0,17,3736,5120,24896,,2,27288.0,hybrid_25,184,1752,600,976,224,7,0.0,0.046134179731650994,0.5,True,113,26032.0,8,data/runs/w3-tradeoff-20260802-local/hybrid_25-m8-r3-K16-p4-s20260801-911606bab5a6/run_manifest.json,813523a51613a18ae7bb31822a63f842abeb798e48a56262dc532157b5dd5e1a,184,1768,1024,976,1192,0.25,852.75,813.5,817.25,36.5,5488.0,True,4,0.0,3,10,31211520,hybrid_25-m8-r3-K16-p4-s20260801-911606bab5a6,round_major,20260801,pass,pass,8457417
8752,13632,4,16.0,5,3728,5112,3728,,2,12464.0,hybrid_25,184,1752,592,976,224,1,0.0,0.1545084971874737,0.5,True,29,12464.0,8,data/runs/w3-tradeoff-20260802-local/hybrid_25-m8-r3-K4-p1-s20260801-535b9d3175dc/run_manifest.json,7f010546c254f4c717eb3988f95c14d749682dc85099413dc3c43aff36978b7d,184,1768,1016,976,1192,0.25,779.0,779.0,233.0,547.0,13616.0,True,1,0.0,3,6,31211520,hybrid_25-m8-r3-K4-p1-s20260801-535b9d3175dc,round_major,20260801,pass,pass,2604583
1168,5520,4,16.0,5,3728,5112,24872,,2,27248.0,hybrid_25,184,1752,592,976,224,7,0.0,0.1545084971874737,0.5,True,113,26024.0,8,data/runs/w3-tradeoff-20260802-local/hybrid_25-m8-r3-K4-p4-s20260801-82e91c9c1785/run_manifest.json,4030aeefc2ab9a7def1e204e29dbfbc9b25420638a941769b7cb0bd5ef3bcc36,184,1768,1016,976,1192,0.25,1703.0,1626.5,1631.0,73.0,5504.0,True,4,0.0,3,6,31211520,hybrid_25-m8-r3-K4-p4-s20260801-82e91c9c1785,round_major,20260801,pass,pass,8321583
12544,17424,16,32.0,17,3736,5120,3736,,2,16248.0,hybrid_25,184,1752,600,976,224,1,0.0,0.046134179731650994,0.5,True,37,16248.0,8,data/runs/w3-tradeoff-20260802-local/hybrid_25-m8-r4-K16-p1-s20260801-2c387218880b/run_manifest.json,d4f41523bcf7215a5a8de03719a65dfa1a28199d64e54c2377459dd2944d5aa5,184,1768,1024,976,1192,0.25,507.75,507.75,116.75,392.0,17392.0,True,1,0.0,4,10,31211520,hybrid_25-m8-r4-K16-p1-s20260801-2c387218880b,round_major,20260801,pass,pass,3179833
1168,5520,16,32.0,17,3736,5120,24896,,2,27288.0,hybrid_25,184,1752,600,976,224,7,0.0,0.046134179731650994,0.5,True,145,26032.0,8,data/runs/w3-tradeoff-20260802-local/hybrid_25-m8-r4-K16-p4-s20260801-0579dee2dd63/run_manifest.json,5b12c02c56e8d520b9774ecabaf6ea90b5bcae39057aa30e022450d24166ce1c,184,1768,1024,976,1192,0.25,852.75,813.5,817.25,36.5,5488.0,True,4,0.0,4,10,31211520,hybrid_25-m8-r4-K16-p4-s20260801-0579dee2dd63,round_major,20260801,pass,pass,13883041
12544,17424,4,16.0,5,3728,5112,3728,,2,16256.0,hybrid_25,184,1752,592,976,224,1,0.0,0.1545084971874737,0.5,True,37,16256.0,8,data/runs/w3-tradeoff-20260802-local/hybrid_25-m8-r4-K4-p1-s20260801-0b877510ead0/run_manifest.json,59607a4f2dc74bc7e80383e1acceac38ae0aaaab65888c2c39940b1a5aebaed0,184,1768,1016,976,1192,0.25,1016.0,1016.0,233.0,784.0,17408.0,True,1,0.0,4,6,31211520,hybrid_25-m8-r4-K4-p1-s20260801-0b877510ead0,round_major,20260801,pass,pass,3441333
1168,5520,4,16.0,5,3728,5112,24872,,2,27248.0,hybrid_25,184,1752,592,976,224,7,0.0,0.1545084971874737,0.5,True,145,26024.0,8,data/runs/w3-tradeoff-20260802-local/hybrid_25-m8-r4-K4-p4-s20260801-9d6ff6e4ec6f/run_manifest.json,fb668b197a740d3dcdd74e4ac3d601e5b3740443459c6fd4be51fa0862303178,184,1768,1016,976,1192,0.25,1703.0,1626.5,1631.0,73.0,5504.0,True,4,0.0,4,6,31211520,hybrid_25-m8-r4-K4-p4-s20260801-9d6ff6e4ec6f,round_major,20260801,pass,pass,13887000
6224,15632,16,64.0,17,3760,5144,3760,,8,9920.0,hybrid_50,184,1752,624,976,224,1,0.0,0.046134179731650994,0.5,True,43,9920.0,16,data/runs/w3-tradeoff-20260802-local/hybrid_50-m16-r2-K16-p1-s20260801-d5872e7d2934/run_manifest.json,2b3a0d9fa8f40759077c65a713e7ab4c9ec6f7ca224abc6ef257144531a7bf4f,184,1768,1048,976,1192,0.5,155.0,155.0,58.75,97.25,15568.0,True,1,0.0,2,40,31211520,hybrid_50-m16-r2-K16-p1-s20260801-d5872e7d2934,round_major,20260801,pass,pass,3676417
1168,9872,16,64.0,17,3760,5144,10840,,8,12384.0,hybrid_50,184,1752,624,976,224,3,0.0,0.046134179731650994,0.5,True,85,11944.0,16,data/runs/w3-tradeoff-20260802-local/hybrid_50-m16-r2-K16-p2-s20260801-a17e78f2aba0/run_manifest.json,8779e9120ec3830ee6ae2c0e0289f9588ccf47e66e78db24267b261e9d06fe55,184,1768,1048,976,1192,0.5,193.5,186.625,176.25,18.25,9808.0,True,2,0.0,2,40,31211520,hybrid_50-m16-r2-K16-p2-s20260801-a17e78f2aba0,round_major,20260801,pass,pass,6545417
1168,9872,16,64.0,17,3760,5144,10840,,8,12384.0,hybrid_50,184,1752,624,976,224,3,0.0,0.046134179731650994,0.5,True,85,11944.0,16,data/runs/w3-tradeoff-20260802-local/hybrid_50-m16-r2-K16-p2-s20260801-ce5e26e647d7/run_manifest.json,1185eac922e77af459f7de40d2cb988d7092725c65f4c99c37cf4337ab45da93,184,1768,1048,976,1192,0.5,193.5,186.625,176.25,18.25,9808.0,True,2,0.0,2,40,31211520,hybrid_50-m16-r2-K16-p2-s20260801-ce5e26e647d7,permuted_within_round,20260801,pass,pass,6510875
1168,9872,16,64.0,17,3760,5144,10840,,8,12384.0,hybrid_50,184,1752,624,976,224,3,0.0,0.046134179731650994,0.5,True,85,11944.0,16,data/runs/w3-tradeoff-20260802-local/hybrid_50-m16-r2-K16-p2-s20260802-5b7c90f881db/run_manifest.json,6106f6e505928836fd359807b0e8677d3a95bf836b12372d84e765d34974e16c,184,1768,1048,976,1192,0.5,193.5,186.625,176.25,18.25,9808.0,True,2,0.0,2,40,31211520,hybrid_50-m16-r2-K16-p2-s20260802-5b7c90f881db,permuted_within_round,20260802,pass,pass,6475958
1168,9872,16,64.0,17,3760,5144,10840,,8,12384.0,hybrid_50,184,1752,624,976,224,3,0.0,0.046134179731650994,0.5,True,85,11944.0,16,data/runs/w3-tradeoff-20260802-local/hybrid_50-m16-r2-K16-p2-s20260802-60c130c5a00d/run_manifest.json,e1c174278d361ec2a998a0b44b19dfbd601058ccdd56f17e94edae0224fc80ab,184,1768,1048,976,1192,0.5,193.5,186.625,176.25,18.25,9808.0,True,2,0.0,2,40,31211520,hybrid_50-m16-r2-K16-p2-s20260802-60c130c5a00d,round_major,20260802,pass,pass,6524375
1168,9872,16,64.0,17,3760,5144,24120,,8,27424.0,hybrid_50,184,1752,624,976,224,7,0.0,0.046134179731650994,0.5,True,153,25224.0,16,data/runs/w3-tradeoff-20260802-local/hybrid_50-m16-r2-K16-p4-s20260801-b1aa01aadf8f/run_manifest.json,69151da1756bef1d5298b73cbbd22dce937fd9ca13fdb0a13037a4bb65ffc2ae,184,1768,1048,976,1192,0.5,428.5,394.125,411.25,18.25,9808.0,False,4,0.0,2,40,31211520,hybrid_50-m16-r2-K16-p4-s20260801-b1aa01aadf8f,round_major,20260801,pass,pass,14133833
6224,15632,2,16.0,3,3736,5120,3736,,8,9944.0,hybrid_50,184,1752,600,976,224,1,0.0,0.24999999999999997,0.5,True,43,9944.0,16,data/runs/w3-tradeoff-20260802-local/hybrid_50-m16-r2-K2-p1-s20260801-b47b0403c9fd/run_manifest.json,ff994761c317843d1123f6e11bae17cffd938b37ee25c0e9977efe1ea9fb36c1,184,1768,1024,976,1192,0.5,621.5,621.5,233.5,389.0,15616.0,True,1,0.0,2,16,31211520,hybrid_50-m16-r2-K2-p1-s20260801-b47b0403c9fd,round_major,20260801,pass,pass,3652459
1168,9872,2,16.0,3,3736,5120,10792,,8,12360.0,hybrid_50,184,1752,600,976,224,3,0.0,0.24999999999999997,0.5,True,85,11944.0,16,data/runs/w3-tradeoff-20260802-local/hybrid_50-m16-r2-K2-p2-s20260801-59cb0f5daf03/run_manifest.json,b5a6eb4e471ce2050d12d28568a04d33e084ed27b695a0cc01f196e2fb9b9b60,184,1768,1024,976,1192,0.5,772.5,746.5,700.5,73.0,9856.0,True,2,0.0,2,16,31211520,hybrid_50-m16-r2-K2-p2-s20260801-59cb0f5daf03,round_major,20260801,pass,pass,6823833
1168,9872,2,16.0,3,3736,5120,24072,,8,27304.0,hybrid_50,184,1752,600,976,224,7,0.0,0.24999999999999997,0.5,True,153,25224.0,16,data/runs/w3-tradeoff-20260802-local/hybrid_50-m16-r2-K2-p4-s20260801-87fb2d0a3448/run_manifest.json,b8a282261ce610d35d4adcc980c224a7de1bb1baa17818295554b7a5e9af4ffd,184,1768,1024,976,1192,0.5,1706.5,1576.5,1634.5,73.0,9856.0,True,4,0.0,2,16,31244288,hybrid_50-m16-r2-K2-p4-s20260801-87fb2d0a3448,round_major,20260801,pass,pass,11154292
6224,15632,4,32.0,5,3744,5128,3744,,8,9936.0,hybrid_50,184,1752,608,976,224,1,0.0,0.1545084971874737,0.5,True,43,9936.0,16,data/runs/w3-tradeoff-20260802-local/hybrid_50-m16-r2-K4-p1-s20260801-e8100225f388/run_manifest.json,1d825007e7c0ce24eb1515af7ca251bd902ff9b41d820bdbc39e04cf20e88767,184,1768,1032,976,1192,0.5,310.5,310.5,117.0,194.5,15600.0,True,1,0.0,2,24,31244288,hybrid_50-m16-r2-K4-p1-s20260801-e8100225f388,round_major,20260801,pass,pass,3801625
1168,9872,4,32.0,5,3744,5128,10808,,8,12368.0,hybrid_50,184,1752,608,976,224,3,0.0,0.1545084971874737,0.5,True,85,11944.0,16,data/runs/w3-tradeoff-20260802-local/hybrid_50-m16-r2-K4-p2-s20260801-4b5982fd8792/run_manifest.json,cbf67fda5f97f2100f0fa50b3e4054b5cb87b0945f72782a59d0d16173bd4e4f,184,1768,1032,976,1192,0.5,386.5,373.25,351.0,36.5,9840.0,True,2,0.0,2,24,31244288,hybrid_50-m16-r2-K4-p2-s20260801-4b5982fd8792,permuted_within_round,20260801,pass,pass,6644208
1168,9872,4,32.0,5,3744,5128,10808,,8,12368.0,hybrid_50,184,1752,608,976,224,3,0.0,0.1545084971874737,0.5,True,85,11944.0,16,data/runs/w3-tradeoff-20260802-local/hybrid_50-m16-r2-K4-p2-s20260801-b7997fdb493e/run_manifest.json,f82694b55b62dcdbe41880e37cb8d5d1bc92555ae4feb61e7089e77cac351223,184,1768,1032,976,1192,0.5,386.5,373.25,351.0,36.5,9840.0,True,2,0.0,2,24,31244288,hybrid_50-m16-r2-K4-p2-s20260801-b7997fdb493e,round_major,20260801,pass,pass,6576500
1168,9872,4,32.0,5,3744,5128,10808,,8,12368.0,hybrid_50,184,1752,608,976,224,3,0.0,0.1545084971874737,0.5,True,85,11944.0,16,data/runs/w3-tradeoff-20260802-local/hybrid_50-m16-r2-K4-p2-s20260802-4518c2a98b75/run_manifest.json,f0425ef8df0db96000e47fc34dd450c2389200a8af5a93318859627187bbb993,184,1768,1032,976,1192,0.5,386.5,373.25,351.0,36.5,9840.0,True,2,0.0,2,24,31244288,hybrid_50-m16-r2-K4-p2-s20260802-4518c2a98b75,round_major,20260802,pass,pass,6999083
1168,9872,4,32.0,5,3744,5128,10808,,8,12368.0,hybrid_50,184,1752,608,976,224,3,0.0,0.1545084971874737,0.5,True,85,11944.0,16,data/runs/w3-tradeoff-20260802-local/hybrid_50-m16-r2-K4-p2-s20260802-cff1bea15c73/run_manifest.json,3ee1709bc55cf97094ce75945da841066fc96c54755d8aacd5c71b96f3b5c581,184,1768,1032,976,1192,0.5,386.5,373.25,351.0,36.5,9840.0,True,2,0.0,2,24,31244288,hybrid_50-m16-r2-K4-p2-s20260802-cff1bea15c73,permuted_within_round,20260802,pass,pass,10797333
1168,9872,4,32.0,5,3744,5128,24088,,8,27344.0,hybrid_50,184,1752,608,976,224,7,0.0,0.1545084971874737,0.5,True,153,25224.0,16,data/runs/w3-tradeoff-20260802-local/hybrid_50-m16-r2-K4-p4-s20260801-0ad9c5727a3a/run_manifest.json,e82a04adf0425f799fc17a7135395b3d51a3d9d26c6376ec94fbe1206735a5aa,184,1768,1032,976,1192,0.5,854.5,788.25,819.0,36.5,9840.0,False,4,0.0,2,24,31277056,hybrid_50-m16-r2-K4-p4-s20260801-0ad9c5727a3a,round_major,20260801,pass,pass,12348916
6224,15632,8,48.0,9,3752,5136,3752,,8,9928.0,hybrid_50,184,1752,616,976,224,1,0.0,0.1562833599002373,0.9,True,43,9928.0,16,data/runs/w3-tradeoff-20260802-local/hybrid_50-m16-r2-K8-p1-s20260801-4950ea673cff/run_manifest.json,9fd89b88d301d79c44dcb2c411d91a4681855bea663a904cfc2b0d4847f5fbc9,184,1768,1040,976,1192,0.5,206.83333333333334,206.83333333333334,78.16666666666667,129.66666666666666,15584.0,True,1,0.0,2,32,31277056,hybrid_50-m16-r2-K8-p1-s20260801-4950ea673cff,round_major,20260801,pass,pass,3844250
6224,15632,8,48.0,9,3752,5136,3752,,8,9928.0,hybrid_50,184,1752,616,976,224,1,0.0,0.04341204441673258,0.25,True,43,9928.0,16,data/runs/w3-tradeoff-20260802-local/hybrid_50-m16-r2-K8-p1-s20260801-560525e61c6a/run_manifest.json,d979fd2dfa7088753936e012beeff18a84aab8d3a9cd4594b18351198cdfbfe5,184,1768,1040,976,1192,0.5,206.83333333333334,206.83333333333334,78.16666666666667,129.66666666666666,15584.0,True,1,0.0,2,32,31277056,hybrid_50-m16-r2-K8-p1-s20260801-560525e61c6a,round_major,20260801,pass,pass,3884542
6224,15632,8,48.0,9,3752,5136,3752,,8,9928.0,hybrid_50,184,1752,616,976,224,1,0.0,0.08682408883346517,0.5,True,43,9928.0,16,data/runs/w3-tradeoff-20260802-local/hybrid_50-m16-r2-K8-p1-s20260801-b94738a8d520/run_manifest.json,bd8b69291a9b00d1a007b3d4d1d3c7af6f093e36c7e0e0dbd78df90e6309f435,184,1768,1040,976,1192,0.5,206.83333333333334,206.83333333333334,78.16666666666667,129.66666666666666,15584.0,True,1,0.0,2,32,31277056,hybrid_50-m16-r2-K8-p1-s20260801-b94738a8d520,round_major,20260801,pass,pass,4094750
1168,9872,8,48.0,9,3752,5136,10824,,8,12376.0,hybrid_50,184,1752,616,976,224,3,0.0,0.04341204441673258,0.25,True,85,11944.0,16,data/runs/w3-tradeoff-20260802-local/hybrid_50-m16-r2-K8-p2-s20260801-182bc1b29d45/run_manifest.json,29c63e54cb49585d04e792fe74b6ef8f01fff2d99afcebcb990243db55dc6108,184,1768,1040,976,1192,0.5,257.8333333333333,248.83333333333334,234.5,24.333333333333332,9824.0,True,2,0.0,2,32,31277056,hybrid_50-m16-r2-K8-p2-s20260801-182bc1b29d45,round_major,20260801,pass,pass,7184792
1168,9872,8,48.0,9,3752,5136,10824,,8,12376.0,hybrid_50,184,1752,616,976,224,3,0.0,0.1562833599002373,0.9,True,85,11944.0,16,data/runs/w3-tradeoff-20260802-local/hybrid_50-m16-r2-K8-p2-s20260801-636963cb2bbd/run_manifest.json,1390029d7e75753d57923c3c87f8be4b072c1810e984ef1af175363c838d9fc9,184,1768,1040,976,1192,0.5,257.8333333333333,248.83333333333334,234.5,24.333333333333332,9824.0,True,2,0.0,2,32,31277056,hybrid_50-m16-r2-K8-p2-s20260801-636963cb2bbd,round_major,20260801,pass,pass,6726167
1168,9872,8,48.0,9,3752,5136,10824,,8,12376.0,hybrid_50,184,1752,616,976,224,3,0.0,0.08682408883346517,0.5,True,85,11944.0,16,data/runs/w3-tradeoff-20260802-local/hybrid_50-m16-r2-K8-p2-s20260801-f46cdacca2e1/run_manifest.json,1aa766851dd2f26c9d50da031f4bb12aaeadb33250c51dab72cb81b29ca2233a,184,1768,1040,976,1192,0.5,257.8333333333333,248.83333333333334,234.5,24.333333333333332,9824.0,True,2,0.0,2,32,31277056,hybrid_50-m16-r2-K8-p2-s20260801-f46cdacca2e1,round_major,20260801,pass,pass,6631708
1168,9872,8,48.0,9,3752,5136,24104,,8,27384.0,hybrid_50,184,1752,616,976,224,7,0.0,0.04341204441673258,0.25,True,153,25224.0,16,data/runs/w3-tradeoff-20260802-local/hybrid_50-m16-r2-K8-p4-s20260801-24ff373a3823/run_manifest.json,5f97e48fe0822316d0bd8de76d0ee905870f17423bb58a094339a231c305e870,184,1768,1040,976,1192,0.5,570.5,525.5,547.1666666666666,24.333333333333332,9824.0,False,4,0.0,2,32,31277056,hybrid_50-m16-r2-K8-p4-s20260801-24ff373a3823,round_major,20260801,pass,pass,11173333
1168,9872,8,48.0,9,3752,5136,24104,,8,27384.0,hybrid_50,184,1752,616,976,224,7,0.0,0.1562833599002373,0.9,True,153,25224.0,16,data/runs/w3-tradeoff-20260802-local/hybrid_50-m16-r2-K8-p4-s20260801-e7db5298df8c/run_manifest.json,cc200cb6f0ed812d4fe89f72b8c4e2a6e30ae56d875e82f82dbc5a8b47fc7aff,184,1768,1040,976,1192,0.5,570.5,525.5,547.1666666666666,24.333333333333332,9824.0,False,4,0.0,2,32,31277056,hybrid_50-m16-r2-K8-p4-s20260801-e7db5298df8c,round_major,20260801,pass,pass,11297166
1168,9872,8,48.0,9,3752,5136,24104,,8,27384.0,hybrid_50,184,1752,616,976,224,7,0.0,0.08682408883346517,0.5,True,153,25224.0,16,data/runs/w3-tradeoff-20260802-local/hybrid_50-m16-r2-K8-p4-s20260801-e909335e901a/run_manifest.json,2b4e014ff0a2b3167b6cb50a8d5f281eab11a1753116eb0748ab92fc34a7bc1e,184,1768,1040,976,1192,0.5,570.5,525.5,547.1666666666666,24.333333333333332,9824.0,False,4,0.0,2,32,31277056,hybrid_50-m16-r2-K8-p4-s20260801-e909335e901a,round_major,20260801,pass,pass,11453834
1168,9872,16,64.0,17,3760,5144,10840,,8,12384.0,hybrid_50,184,1752,624,976,224,3,0.0,0.046134179731650994,0.5,True,117,11944.0,16,data/runs/w3-tradeoff-20260802-local/hybrid_50-m16-r3-K16-p2-s20260801-0d112e383914/run_manifest.json,69bcab4ebb965825f619113cec2fc8d2a04731eb3cbf4d4de4b94b139156a3ea,184,1768,1048,976,1192,0.5,193.5,186.625,176.25,18.25,9808.0,True,2,0.0,3,40,31277056,hybrid_50-m16-r3-K16-p2-s20260801-0d112e383914,permuted_within_round,20260801,pass,pass,9613792
1168,9872,16,64.0,17,3760,5144,10840,,8,12384.0,hybrid_50,184,1752,624,976,224,3,0.0,0.046134179731650994,0.5,True,117,11944.0,16,data/runs/w3-tradeoff-20260802-local/hybrid_50-m16-r3-K16-p2-s20260801-a14ea2af0f9f/run_manifest.json,3911df0c6cd987dccab773f4f1811141b6b7032a5c234e1fcb5ed9a4121c104c,184,1768,1048,976,1192,0.5,193.5,186.625,176.25,18.25,9808.0,True,2,0.0,3,40,31277056,hybrid_50-m16-r3-K16-p2-s20260801-a14ea2af0f9f,round_major,20260801,pass,pass,8841167
1168,9872,16,64.0,17,3760,5144,10840,,8,12384.0,hybrid_50,184,1752,624,976,224,3,0.0,0.046134179731650994,0.5,True,117,11944.0,16,data/runs/w3-tradeoff-20260802-local/hybrid_50-m16-r3-K16-p2-s20260802-07fd4c21d1b2/run_manifest.json,a4153ee05ec56ec539258253817a8480f0d69cae75455d7f8fcc2659b68c3287,184,1768,1048,976,1192,0.5,193.5,186.625,176.25,18.25,9808.0,True,2,0.0,3,40,31277056,hybrid_50-m16-r3-K16-p2-s20260802-07fd4c21d1b2,round_major,20260802,pass,pass,9180042
1168,9872,16,64.0,17,3760,5144,10840,,8,12384.0,hybrid_50,184,1752,624,976,224,3,0.0,0.046134179731650994,0.5,True,117,11944.0,16,data/runs/w3-tradeoff-20260802-local/hybrid_50-m16-r3-K16-p2-s20260802-feb77f20bd98/run_manifest.json,47fef6919ee8b5a6814de61a7c4e8146f164268df09db208292e161cda5691fd,184,1768,1048,976,1192,0.5,193.5,186.625,176.25,18.25,9808.0,True,2,0.0,3,40,31277056,hybrid_50-m16-r3-K16-p2-s20260802-feb77f20bd98,permuted_within_round,20260802,pass,pass,9025541
1168,9872,4,32.0,5,3744,5128,10808,,8,12368.0,hybrid_50,184,1752,608,976,224,3,0.0,0.1545084971874737,0.5,True,117,11944.0,16,data/runs/w3-tradeoff-20260802-local/hybrid_50-m16-r3-K4-p2-s20260801-318366c1a641/run_manifest.json,7741bdfe867dc28a8b2a482c927bbcc21bb219b8d91b47d975397c3920cb0496,184,1768,1032,976,1192,0.5,386.5,373.25,351.0,36.5,9840.0,True,2,0.0,3,24,31277056,hybrid_50-m16-r3-K4-p2-s20260801-318366c1a641,permuted_within_round,20260801,pass,pass,8871834
1168,9872,4,32.0,5,3744,5128,10808,,8,12368.0,hybrid_50,184,1752,608,976,224,3,0.0,0.1545084971874737,0.5,True,117,11944.0,16,data/runs/w3-tradeoff-20260802-local/hybrid_50-m16-r3-K4-p2-s20260801-c44dcab16dee/run_manifest.json,07bac24c4c00be6769a21e7c7e1ddd7e32515141f711da9b98ac4dacb8ea2a49,184,1768,1032,976,1192,0.5,386.5,373.25,351.0,36.5,9840.0,True,2,0.0,3,24,31277056,hybrid_50-m16-r3-K4-p2-s20260801-c44dcab16dee,round_major,20260801,pass,pass,8987583
1168,9872,4,32.0,5,3744,5128,10808,,8,12368.0,hybrid_50,184,1752,608,976,224,3,0.0,0.1545084971874737,0.5,True,117,11944.0,16,data/runs/w3-tradeoff-20260802-local/hybrid_50-m16-r3-K4-p2-s20260802-1ffbecd5bf6a/run_manifest.json,d10296b75f89daf64fdef95f8b0b4a677dcfca6c673a9d89452c908732418b30,184,1768,1032,976,1192,0.5,386.5,373.25,351.0,36.5,9840.0,True,2,0.0,3,24,31277056,hybrid_50-m16-r3-K4-p2-s20260802-1ffbecd5bf6a,round_major,20260802,pass,pass,8908500
1168,9872,4,32.0,5,3744,5128,10808,,8,12368.0,hybrid_50,184,1752,608,976,224,3,0.0,0.1545084971874737,0.5,True,117,11944.0,16,data/runs/w3-tradeoff-20260802-local/hybrid_50-m16-r3-K4-p2-s20260802-50f6b9e3fc5d/run_manifest.json,5997f4e062a8a0e313156be88c7c4f9d4da4caaccd0d04a9f5b4f2bf831d0842,184,1768,1032,976,1192,0.5,386.5,373.25,351.0,36.5,9840.0,True,2,0.0,3,24,31277056,hybrid_50-m16-r3-K4-p2-s20260802-50f6b9e3fc5d,permuted_within_round,20260802,pass,pass,8926500
11280,30096,16,128.0,17,3800,5184,3800,,16,14952.0,hybrid_50,184,1752,664,976,224,1,0.0,0.046134179731650994,0.5,True,83,14952.0,32,data/runs/w3-tradeoff-20260802-local/hybrid_50-m32-r2-K16-p1-s20260801-8c11b9bb08ad/run_manifest.json,d7c99663cbf50c28ee006da19bf2416354c1ca3484e9eb70c9eefcf6357068db,184,1768,1088,976,1192,0.5,116.8125,116.8125,29.6875,88.125,29968.0,True,1,0.0,2,80,31277056,hybrid_50-m32-r2-K16-p1-s20260801-8c11b9bb08ad,round_major,20260801,pass,pass,6936625
1168,18576,16,128.0,17,3800,5184,10920,,16,12440.0,hybrid_50,184,1752,664,976,224,3,0.0,0.046134179731650994,0.5,True,165,11960.0,32,data/runs/w3-tradeoff-20260802-local/hybrid_50-m32-r2-K16-p2-s20260801-b4470cdea206/run_manifest.json,91977734c83e90372e94a36caf08ca2b6ad736de965ffdbbe1b1cd7da1a025ec,184,1768,1088,976,1192,0.5,97.1875,93.4375,89.0625,9.125,18448.0,True,2,0.0,2,80,31277056,hybrid_50-m32-r2-K16-p2-s20260801-b4470cdea206,round_major,20260801,pass,pass,12406125
1168,18576,16,128.0,17,3800,5184,24200,,16,27640.0,hybrid_50,184,1752,664,976,224,7,0.0,0.046134179731650994,0.5,True,297,25240.0,32,data/runs/w3-tradeoff-20260802-local/hybrid_50-m32-r2-K16-p4-s20260801-d74481adec5e/run_manifest.json,0aeed3ef0652bab7f144c9d2cbb3bd103e2db05a6e338a8abcfc746213466da5,184,1768,1088,976,1192,0.5,215.9375,197.1875,207.8125,9.125,18448.0,False,4,0.0,2,80,31277056,hybrid_50-m32-r2-K16-p4-s20260801-d74481adec5e,round_major,20260801,pass,pass,21013000
11280,30096,2,32.0,3,3752,5136,3752,,16,15000.0,hybrid_50,184,1752,616,976,224,1,0.0,0.24999999999999997,0.5,True,83,15000.0,32,data/runs/w3-tradeoff-20260802-local/hybrid_50-m32-r2-K2-p1-s20260801-67a1d5cfcf97/run_manifest.json,50071c527f0ca998209054b01098155271de2f0d419eefebeee0d6a340b77763,184,1768,1040,976,1192,0.5,468.75,468.75,117.25,352.5,30064.0,True,1,0.0,2,32,31277056,hybrid_50-m32-r2-K2-p1-s20260801-67a1d5cfcf97,round_major,20260801,pass,pass,6681875
1168,18576,2,32.0,3,3752,5136,10824,,16,12392.0,hybrid_50,184,1752,616,976,224,3,0.0,0.24999999999999997,0.5,True,165,11960.0,32,data/runs/w3-tradeoff-20260802-local/hybrid_50-m32-r2-K2-p2-s20260801-8cbb9da5d325/run_manifest.json,b7849af667031afd015a07cd1804b8f65ba03ea6ae9312f3b63ff547e3e80673,184,1768,1040,976,1192,0.5,387.25,373.75,351.75,36.5,18544.0,True,2,0.0,2,32,31277056,hybrid_50-m32-r2-K2-p2-s20260801-8cbb9da5d325,round_major,20260801,pass,pass,12479042
1168,18576,2,32.0,3,3752,5136,24104,,16,27400.0,hybrid_50,184,1752,616,976,224,7,0.0,0.24999999999999997,0.5,True,297,25240.0,32,data/runs/w3-tradeoff-20260802-local/hybrid_50-m32-r2-K2-p4-s20260801-d441f933dee2/run_manifest.json,65d71666929feb8abcf1d91032bcf232ff5a750d3a389e9caf8d826f90d8ee88,184,1768,1040,976,1192,0.5,856.25,788.75,820.75,36.5,18544.0,False,4,0.0,2,32,31277056,hybrid_50-m32-r2-K2-p4-s20260801-d441f933dee2,round_major,20260801,pass,pass,20671292
11280,30096,4,64.0,5,3768,5152,3768,,16,14984.0,hybrid_50,184,1752,632,976,224,1,0.0,0.1545084971874737,0.5,True,83,14984.0,32,data/runs/w3-tradeoff-20260802-local/hybrid_50-m32-r2-K4-p1-s20260801-c73cd4944a2d/run_manifest.json,a8ab1a2809cc79ae7607d58bc628ea27a41da771d1ef00db72a485f5096b6f5f,184,1768,1056,976,1192,0.5,234.125,234.125,58.875,176.25,30032.0,True,1,0.0,2,48,31277056,hybrid_50-m32-r2-K4-p1-s20260801-c73cd4944a2d,round_major,20260801,pass,pass,6861416
1168,18576,4,64.0,5,3768,5152,10856,,16,12408.0,hybrid_50,184,1752,632,976,224,3,0.0,0.1545084971874737,0.5,True,165,11960.0,32,data/runs/w3-tradeoff-20260802-local/hybrid_50-m32-r2-K4-p2-s20260801-29183f91b8f9/run_manifest.json,47c320125102f576d285c37ad5cc941af2098d1b26afcb0387242ac0a96ed77a,184,1768,1056,976,1192,0.5,193.875,186.875,176.625,18.25,18512.0,True,2,0.0,2,48,31277056,hybrid_50-m32-r2-K4-p2-s20260801-29183f91b8f9,round_major,20260801,pass,pass,12491833
1168,18576,4,64.0,5,3768,5152,24136,,16,27480.0,hybrid_50,184,1752,632,976,224,7,0.0,0.1545084971874737,0.5,True,297,25240.0,32,data/runs/w3-tradeoff-20260802-local/hybrid_50-m32-r2-K4-p4-s20260801-5adbd154d8fb/run_manifest.json,ba8f6fa26831336ac28aec470c34debc9996b07dcab64ccac68e5e46bc2a6e54,184,1768,1056,976,1192,0.5,429.375,394.375,412.125,18.25,18512.0,False,4,0.0,2,48,31277056,hybrid_50-m32-r2-K4-p4-s20260801-5adbd154d8fb,round_major,20260801,pass,pass,20904541
11280,30096,8,96.0,9,3776,5168,3776,,16,14960.0,hybrid_50,184,1752,640,976,224,1,0.0,0.08682408883346517,0.5,True,83,14960.0,32,data/runs/w3-tradeoff-20260802-local/hybrid_50-m32-r2-K8-p1-s20260801-8af6658f3419/run_manifest.json,fd827473b9bf33aac4b2d72aa6a4f93046542c651606b4555c7f945de8294639,184,1768,1072,976,1192,0.5,155.83333333333334,155.83333333333334,39.333333333333336,117.5,30000.0,True,1,0.0,2,64,31277056,hybrid_50-m32-r2-K8-p1-s20260801-8af6658f3419,round_major,20260801,pass,pass,6880000
1168,18576,8,96.0,9,3784,5168,10880,,16,12424.0,hybrid_50,184,1752,648,976,224,3,0.0,0.08682408883346517,0.5,True,165,11952.0,32,data/runs/w3-tradeoff-20260802-local/hybrid_50-m32-r2-K8-p2-s20260801-5e359d6d34f2/run_manifest.json,54630a1f6a6980ca4fb02f97c059dcfce6af604ae1cb82b6d8a3346fbe132fae,184,1768,1072,976,1192,0.5,129.41666666666666,124.5,118.25,12.166666666666666,18480.0,True,2,0.0,2,64,31277056,hybrid_50-m32-r2-K8-p2-s20260801-5e359d6d34f2,round_major,20260801,pass,pass,12430792
1168,18576,8,96.0,9,3784,5168,24160,,16,27560.0,hybrid_50,184,1752,648,976,224,7,0.0,0.08682408883346517,0.5,True,297,25232.0,32,data/runs/w3-tradeoff-20260802-local/hybrid_50-m32-r2-K8-p4-s20260801-d8dad0b1bc56/run_manifest.json,05dcac24bebeffcad0ca7d86048bfaeb284b3fdbc9dcaf2a1ab436f9655a5b4f,184,1768,1072,976,1192,0.5,287.0833333333333,262.8333333333333,275.9166666666667,12.166666666666666,18480.0,False,4,0.0,2,64,31277056,hybrid_50-m32-r2-K8-p4-s20260801-d8dad0b1bc56,round_major,20260801,pass,pass,20950750
21392,40208,16,128.0,17,3800,5184,3800,,16,25064.0,hybrid_50,184,1752,664,976,224,1,0.0,0.046134179731650994,0.5,True,115,25064.0,32,data/runs/w3-tradeoff-20260802-local/hybrid_50-m32-r3-K16-p1-s20260801-9c5dbf89e486/run_manifest.json,cde6513ca3c890056c62e9bcfd6bedffd3d0a675d80252a4daa530e848eaf12f,184,1768,1088,976,1192,0.5,195.8125,195.8125,29.6875,167.125,40080.0,True,1,0.0,3,80,31277056,hybrid_50-m32-r3-K16-p1-s20260801-9c5dbf89e486,round_major,20260801,pass,pass,9381541
1168,18576,16,128.0,17,3800,5184,24200,,16,27640.0,hybrid_50,184,1752,664,976,224,7,0.0,0.046134179731650994,0.5,True,425,25240.0,32,data/runs/w3-tradeoff-20260802-local/hybrid_50-m32-r3-K16-p4-s20260801-37824368b471/run_manifest.json,147fad4bea474e7f42e8ecddd08fc2b1b3eb7daaa99734755443cb9e4eda1233,184,1768,1088,976,1192,0.5,215.9375,197.1875,207.8125,9.125,18448.0,False,4,0.0,3,80,31277056,hybrid_50-m32-r3-K16-p4-s20260801-37824368b471,round_major,20260801,pass,pass,29812709
21392,40208,4,64.0,5,3768,5152,3768,,16,25096.0,hybrid_50,184,1752,632,976,224,1,0.0,0.1545084971874737,0.5,True,115,25096.0,32,data/runs/w3-tradeoff-20260802-local/hybrid_50-m32-r3-K4-p1-s20260801-ade626b6ce64/run_manifest.json,3fa366a5e53ca3b5f36e9fbde4955bfad89fbf7b70e095ba2a5d32ef06f4b714,184,1768,1056,976,1192,0.5,392.125,392.125,58.875,334.25,40144.0,True,1,0.0,3,48,31277056,hybrid_50-m32-r3-K4-p1-s20260801-ade626b6ce64,round_major,20260801,pass,pass,9329250
1168,18576,4,64.0,5,3768,5152,24136,,16,27480.0,hybrid_50,184,1752,632,976,224,7,0.0,0.1545084971874737,0.5,True,425,25240.0,32,data/runs/w3-tradeoff-20260802-local/hybrid_50-m32-r3-K4-p4-s20260801-bbdf70b90e65/run_manifest.json,dad982622cce2737274a822fc9f4d71dd20532786868953564a51f28d1db867a,184,1768,1056,976,1192,0.5,429.375,394.375,412.125,18.25,18512.0,False,4,0.0,3,48,31277056,hybrid_50-m32-r3-K4-p4-s20260801-bbdf70b90e65,round_major,20260801,pass,pass,29367125
31504,50320,16,128.0,17,3800,5200,3800,,16,35176.0,hybrid_50,184,1752,664,976,224,1,0.0,0.046134179731650994,0.5,True,147,35176.0,32,data/runs/w3-tradeoff-20260802-local/hybrid_50-m32-r4-K16-p1-s20260801-f1f14aca7b2b/run_manifest.json,43071ca59c5c57c9613ffb9f9cc86f7bab013450bdc03b11796d61a689912095,184,1776,1096,976,1192,0.5,274.8125,274.8125,29.6875,246.125,50192.0,True,1,0.0,4,80,31277056,hybrid_50-m32-r4-K16-p1-s20260801-f1f14aca7b2b,round_major,20260801,pass,pass,12213625
1168,18576,16,128.0,17,3800,5200,24224,,16,27640.0,hybrid_50,184,1752,664,976,224,7,0.0,0.046134179731650994,0.5,True,553,25264.0,32,data/runs/w3-tradeoff-20260802-local/hybrid_50-m32-r4-K16-p4-s20260801-ddafd7f1ba09/run_manifest.json,c8d630b8a56e7a4a3169a7a682080e1818e801d5e55fb096f9bf755ffae0eb42,184,1776,1096,976,1192,0.5,215.9375,197.375,207.8125,9.125,18448.0,False,4,0.0,4,80,31277056,hybrid_50-m32-r4-K16-p4-s20260801-ddafd7f1ba09,round_major,20260801,pass,pass,38153625
31504,50320,4,64.0,5,3768,5168,3768,,16,35208.0,hybrid_50,184,1752,632,976,224,1,0.0,0.1545084971874737,0.5,True,147,35208.0,32,data/runs/w3-tradeoff-20260802-local/hybrid_50-m32-r4-K4-p1-s20260801-12e3f3d096ff/run_manifest.json,a2b2b10d15baf0ef1203247bd2ee7e71a0e509666ab62db51fb56f059c29d031,184,1776,1064,976,1192,0.5,550.125,550.125,58.875,492.25,50256.0,True,1,0.0,4,48,31277056,hybrid_50-m32-r4-K4-p1-s20260801-12e3f3d096ff,round_major,20260801,pass,pass,11837875
1168,18576,4,64.0,5,3768,5168,24160,,16,27480.0,hybrid_50,184,1752,632,976,224,7,0.0,0.1545084971874737,0.5,True,553,25264.0,32,data/runs/w3-tradeoff-20260802-local/hybrid_50-m32-r4-K4-p4-s20260801-650594edfc28/run_manifest.json,4c2ea0ee3d6d488cba20639ee028d39d606edf6ac5972324e7a741e258cc96b6,184,1776,1064,976,1192,0.5,429.375,394.75,412.125,18.25,18512.0,False,4,0.0,4,48,31277056,hybrid_50-m32-r4-K4-p4-s20260801-650594edfc28,round_major,20260801,pass,pass,38026625
2432,4784,16,16.0,17,3736,5120,3736,,2,6152.0,hybrid_50,184,1752,600,976,224,1,0.0,0.046134179731650994,0.5,True,13,6152.0,4,data/runs/w3-tradeoff-20260802-local/hybrid_50-m4-r2-K16-p1-s20260801-97a7a9a7691e/run_manifest.json,9945fdc8e78cf9c67d2009fef7c15950a088a86087350fea6aabdb70892c8072,184,1768,1024,976,1192,0.5,384.5,384.5,233.5,152.0,4768.0,False,1,0.0,2,10,31277056,hybrid_50-m4-r2-K16-p1-s20260801-97a7a9a7691e,round_major,20260801,pass,pass,1287125
1168,3344,16,16.0,17,3736,5120,10784,,2,12360.0,hybrid_50,184,1752,600,976,224,3,0.0,0.046134179731650994,0.5,True,25,11936.0,4,data/runs/w3-tradeoff-20260802-local/hybrid_50-m4-r2-K16-p2-s20260801-e5d96475ccf6/run_manifest.json,4984374ec1eed858ec1f7d9c73509572b05fdd07a470ea3a11dc5daad7fd9b6b,184,1768,1024,976,1192,0.5,772.5,746.0,700.5,73.0,3328.0,True,2,0.0,2,10,31277056,hybrid_50-m4-r2-K16-p2-s20260801-e5d96475ccf6,round_major,20260801,pass,pass,2212000
1168,3344,16,16.0,17,3736,5120,24064,,2,27304.0,hybrid_50,184,1752,600,976,224,7,0.0,0.046134179731650994,0.5,True,45,25216.0,4,data/runs/w3-tradeoff-20260802-local/hybrid_50-m4-r2-K16-p4-s20260801-cef690cd11a1/run_manifest.json,e3f33c33a21324bfd6f0f2c15d9f5240d802d4cdc3d93e77afa6e75d9d55fa51,184,1768,1024,976,1192,0.5,1706.5,1576.0,1634.5,73.0,3328.0,False,4,0.0,2,10,31277056,hybrid_50-m4-r2-K16-p4-s20260801-cef690cd11a1,round_major,20260801,pass,pass,3650708
2432,4784,2,4.0,3,3728,5112,3728,,2,6156.0,hybrid_50,184,1752,592,976,224,1,0.0,0.24999999999999997,0.5,True,13,6156.0,4,data/runs/w3-tradeoff-20260802-local/hybrid_50-m4-r2-K2-p1-s20260801-fe161460cf60/run_manifest.json,33ece3144f2d86d48ac8cddcde9cce18bb1fe668057182b0f836dde77374964b,184,1768,1016,976,1192,0.5,1539.0,1539.0,932.0,608.0,4780.0,False,1,0.0,2,4,31277056,hybrid_50-m4-r2-K2-p1-s20260801-fe161460cf60,round_major,20260801,pass,pass,1351833
1168,3344,2,4.0,3,3728,5112,10776,,2,12348.0,hybrid_50,184,1752,592,976,224,3,0.0,0.24999999999999997,0.5,True,25,11940.0,4,data/runs/w3-tradeoff-20260802-local/hybrid_50-m4-r2-K2-p2-s20260801-d976cd2dcd82/run_manifest.json,f5ea8ca3827c204c1d7ec5cf128bae7a797bd1f4ca2c9ca8a8a40331ccf3a7b7,184,1768,1016,976,1192,0.5,3087.0,2985.0,2796.0,292.0,3340.0,True,2,0.0,2,4,31277056,hybrid_50-m4-r2-K2-p2-s20260801-d976cd2dcd82,round_major,20260801,pass,pass,2242583
1168,3344,2,4.0,3,3728,5112,24056,,2,27260.0,hybrid_50,184,1752,592,976,224,7,0.0,0.24999999999999997,0.5,True,45,25220.0,4,data/runs/w3-tradeoff-20260802-local/hybrid_50-m4-r2-K2-p4-s20260801-bb1c66ce5678/run_manifest.json,6ec3086accf02c389c82db3680cb4a9b63f9d6d9af50e85dc4afa9c81a34674b,184,1768,1016,976,1192,0.5,6815.0,6305.0,6524.0,292.0,3340.0,True,4,0.0,2,4,31277056,hybrid_50-m4-r2-K2-p4-s20260801-bb1c66ce5678,round_major,20260801,pass,pass,3628916
2432,4784,4,8.0,5,3728,5112,3728,,2,6152.0,hybrid_50,184,1752,592,976,224,1,0.0,0.1545084971874737,0.5,True,13,6152.0,4,data/runs/w3-tradeoff-20260802-local/hybrid_50-m4-r2-K4-p1-s20260801-f3c6a239c79c/run_manifest.json,02f39820ac614d5262c9c7706c69367d15c134217cd3af0efbeb8a8775ea1556,184,1768,1016,976,1192,0.5,769.0,769.0,466.0,304.0,4776.0,False,1,0.0,2,6,31277056,hybrid_50-m4-r2-K4-p1-s20260801-f3c6a239c79c,round_major,20260801,pass,pass,1233833
1168,3344,4,8.0,5,3728,5112,10776,,2,12344.0,hybrid_50,184,1752,592,976,224,3,0.0,0.1545084971874737,0.5,True,25,11936.0,4,data/runs/w3-tradeoff-20260802-local/hybrid_50-m4-r2-K4-p2-s20260801-fafa67b9e361/run_manifest.json,ff5049d72c0372cd3bffa8b517e194d6e812ab5f7afffe208e3878a2098a15b2,184,1768,1016,976,1192,0.5,1543.0,1492.0,1398.0,146.0,3336.0,True,2,0.0,2,6,31277056,hybrid_50-m4-r2-K4-p2-s20260801-fafa67b9e361,round_major,20260801,pass,pass,2209000
1168,3344,4,8.0,5,3728,5112,24056,,2,27256.0,hybrid_50,184,1752,592,976,224,7,0.0,0.1545084971874737,0.5,True,45,25216.0,4,data/runs/w3-tradeoff-20260802-local/hybrid_50-m4-r2-K4-p4-s20260801-92e96ea3c453/run_manifest.json,ccf93eb267b71bd1fc60a50e00638d14629466dce384421fe5e6349db300fd0a,184,1768,1016,976,1192,0.5,3407.0,3152.0,3262.0,146.0,3336.0,True,4,0.0,2,6,31277056,hybrid_50-m4-r2-K4-p4-s20260801-92e96ea3c453,round_major,20260801,pass,pass,3374875
2432,4784,8,12.0,9,3728,5112,3728,,2,6148.0,hybrid_50,184,1752,592,976,224,1,0.0,0.08682408883346517,0.5,True,13,6148.0,4,data/runs/w3-tradeoff-20260802-local/hybrid_50-m4-r2-K8-p1-s20260801-d1bb6514d36a/run_manifest.json,e049d2f5b7c787324f90a0240a494c97ee7c8bb54ba9babd00975dd1fc20eb1b,184,1768,1016,976,1192,0.5,512.3333333333334,512.3333333333334,310.6666666666667,202.66666666666666,4772.0,True,1,0.0,2,8,31277056,hybrid_50-m4-r2-K8-p1-s20260801-d1bb6514d36a,round_major,20260801,pass,pass,1247291
1168,3344,8,12.0,9,3728,5112,10776,,2,12340.0,hybrid_50,184,1752,592,976,224,3,0.0,0.08682408883346517,0.5,True,25,11932.0,4,data/runs/w3-tradeoff-20260802-local/hybrid_50-m4-r2-K8-p2-s20260801-f548c203602c/run_manifest.json,c6542031db9d8ab50960038d11e0a3280fc5081240e397065f72c76feb749d58,184,1768,1016,976,1192,0.5,1028.3333333333333,994.3333333333334,932.0,97.33333333333333,3332.0,True,2,0.0,2,8,31277056,hybrid_50-m4-r2-K8-p2-s20260801-f548c203602c,round_major,20260801,pass,pass,2271667
1168,3344,8,12.0,9,3728,5112,24056,,2,27252.0,hybrid_50,184,1752,592,976,224,7,0.0,0.08682408883346517,0.5,True,45,25212.0,4,data/runs/w3-tradeoff-20260802-local/hybrid_50-m4-r2-K8-p4-s20260801-0fc7bffababa/run_manifest.json,ace5cd157f3f448072a8eb51eac9ebef71d01b6f679e20782fbac7eda8c2d871,184,1768,1016,976,1192,0.5,2271.0,2101.0,2174.6666666666665,97.33333333333333,3332.0,True,4,0.0,2,8,31277056,hybrid_50-m4-r2-K8-p4-s20260801-0fc7bffababa,round_major,20260801,pass,pass,3479375
21392,59024,16,256.0,17,3872,5280,3872,,32,25008.0,hybrid_50,184,1752,736,976,224,1,0.0,0.046134179731650994,0.5,True,163,25008.0,64,data/runs/w3-tradeoff-20260802-local/hybrid_50-m64-r2-K16-p1-s20260801-a4963021b4cf/run_manifest.json,472c04bb28c39a3a66903dc0ee0475dbf062fa37b60827e1585d35310c3b703f,184,1776,1176,976,1192,0.5,97.6875,97.6875,15.125,83.5625,58768.0,True,1,0.0,2,160,31277056,hybrid_50-m64-r2-K16-p1-s20260801-a4963021b4cf,round_major,20260801,pass,pass,13589500
1168,35984,16,256.0,17,3872,5280,11072,,32,12528.0,hybrid_50,184,1752,736,976,224,3,0.0,0.046134179731650994,0.5,True,325,11984.0,64,data/runs/w3-tradeoff-20260802-local/hybrid_50-m64-r2-K16-p2-s20260801-04b185c54c07/run_manifest.json,7c10b532d6da65234405a1effa3a0d01fca13db671f1a3aa11fcea005e242f49,184,1776,1176,976,1192,0.5,48.9375,46.8125,45.375,4.5625,35728.0,True,2,0.0,2,160,31277056,hybrid_50-m64-r2-K16-p2-s20260801-04b185c54c07,permuted_within_round,20260801,pass,pass,24833667
1168,35984,16,256.0,17,3872,5280,11072,,32,12528.0,hybrid_50,184,1752,736,976,224,3,0.0,0.046134179731650994,0.5,True,325,11984.0,64,data/runs/w3-tradeoff-20260802-local/hybrid_50-m64-r2-K16-p2-s20260801-dc25c5368c60/run_manifest.json,53a3f96bf2839b597c148667208ea8b52fed114632b198995f93f0990880a800,184,1776,1176,976,1192,0.5,48.9375,46.8125,45.375,4.5625,35728.0,True,2,0.0,2,160,31277056,hybrid_50-m64-r2-K16-p2-s20260801-dc25c5368c60,round_major,20260801,pass,pass,24485083
1168,35984,16,256.0,17,3872,5280,11072,,32,12528.0,hybrid_50,184,1752,736,976,224,3,0.0,0.046134179731650994,0.5,True,325,11984.0,64,data/runs/w3-tradeoff-20260802-local/hybrid_50-m64-r2-K16-p2-s20260802-a829f9120daa/run_manifest.json,a7d1b9d00a3af9d607bf5543b0d4af22e7d54e691d8b39666bfd16abcd35da9d,184,1776,1176,976,1192,0.5,48.9375,46.8125,45.375,4.5625,35728.0,True,2,0.0,2,160,31277056,hybrid_50-m64-r2-K16-p2-s20260802-a829f9120daa,round_major,20260802,pass,pass,24923708
1168,35984,16,256.0,17,3872,5280,11072,,32,12528.0,hybrid_50,184,1752,736,976,224,3,0.0,0.046134179731650994,0.5,True,325,11984.0,64,data/runs/w3-tradeoff-20260802-local/hybrid_50-m64-r2-K16-p2-s20260802-f8ca187fdcbe/run_manifest.json,7f886df48bc1322932837bf18364ba2c85fc4c59c8cfc2d639c9ec481acd16d2,184,1776,1176,976,1192,0.5,48.9375,46.8125,45.375,4.5625,35728.0,True,2,0.0,2,160,31277056,hybrid_50-m64-r2-K16-p2-s20260802-f8ca187fdcbe,permuted_within_round,20260802,pass,pass,24387292
1168,35984,16,256.0,17,3872,5280,24368,,32,28016.0,hybrid_50,184,1752,736,976,224,7,0.0,0.046134179731650994,0.5,True,585,25280.0,64,data/runs/w3-tradeoff-20260802-local/hybrid_50-m64-r2-K16-p4-s20260801-a9b6d4cb8285/run_manifest.json,784d3e91143bbadb1d1eef0cdb0c1c10ef7943671e106dbb4c396f48214896f3,184,1776,1176,976,1192,0.5,109.4375,98.75,105.875,4.5625,35728.0,False,4,0.0,2,160,31277056,hybrid_50-m64-r2-K16-p4-s20260801-a9b6d4cb8285,round_major,20260801,pass,pass,40943334
21392,59024,2,64.0,3,3784,5184,3784,,32,25112.0,hybrid_50,184,1752,648,976,224,1,0.0,0.24999999999999997,0.5,True,163,25112.0,64,data/runs/w3-tradeoff-20260802-local/hybrid_50-m64-r2-K2-p1-s20260801-90d14273362a/run_manifest.json,56ecbc58a7f90519c6f9b73a100a43875315da69a20ecff5f1a0656564632908,184,1776,1080,976,1192,0.5,392.375,392.375,59.125,334.25,58960.0,True,1,0.0,2,64,31277056,hybrid_50-m64-r2-K2-p1-s20260801-90d14273362a,round_major,20260801,pass,pass,13339375
1168,35984,2,64.0,3,3784,5184,10896,,32,12456.0,hybrid_50,184,1752,648,976,224,3,0.0,0.24999999999999997,0.5,True,325,12000.0,64,data/runs/w3-tradeoff-20260802-local/hybrid_50-m64-r2-K2-p2-s20260801-88b018a43420/run_manifest.json,68a5293e3b9c52833743c5c6906dfbb5d45e26757d3a3d2ab5bdfbbd6229c56a,184,1776,1080,976,1192,0.5,194.625,187.5,177.375,18.25,35920.0,True,2,0.0,2,64,31277056,hybrid_50-m64-r2-K2-p2-s20260801-88b018a43420,round_major,20260801,pass,pass,24100250
1168,35984,2,64.0,3,3784,5184,24192,,32,27592.0,hybrid_50,184,1752,648,976,224,7,0.0,0.24999999999999997,0.5,True,585,25296.0,64,data/runs/w3-tradeoff-20260802-local/hybrid_50-m64-r2-K2-p4-s20260801-4ceeeef75667/run_manifest.json,028258fc24501a55e46a8429794e8ab8f0ff76abda29ef717c2ab28f5c2310a6,184,1776,1080,976,1192,0.5,431.125,395.25,413.875,18.25,35920.0,False,4,0.0,2,64,31277056,hybrid_50-m64-r2-K2-p4-s20260801-4ceeeef75667,round_major,20260801,pass,pass,40584709
21392,59024,4,128.0,5,3808,5208,3808,,32,25072.0,hybrid_50,184,1752,672,976,224,1,0.0,0.1545084971874737,0.5,True,163,25072.0,64,data/runs/w3-tradeoff-20260802-local/hybrid_50-m64-r2-K4-p1-s20260801-c334924fed0d/run_manifest.json,0d1fb2877e9f8466f4adf89de2e6456c63cff6a2dbb59031cee0c288f92651fe,184,1776,1104,976,1192,0.5,195.875,195.875,29.75,167.125,58896.0,True,1,0.0,2,96,31277056,hybrid_50-m64-r2-K4-p1-s20260801-c334924fed0d,round_major,20260801,pass,pass,13335375
1168,35984,4,128.0,5,3808,5208,10944,,32,12464.0,hybrid_50,184,1752,672,976,224,3,0.0,0.1545084971874737,0.5,True,325,11984.0,64,data/runs/w3-tradeoff-20260802-local/hybrid_50-m64-r2-K4-p2-s20260801-052d8857e0aa/run_manifest.json,456c7a49c646efaa84a6319b17a4af0d62ff7a0ccc680e3b79db2f5db5dfe5fb,184,1776,1104,976,1192,0.5,97.375,93.625,89.25,9.125,35856.0,True,2,0.0,2,96,31277056,hybrid_50-m64-r2-K4-p2-s20260801-052d8857e0aa,permuted_within_round,20260801,pass,pass,24858209
1168,35984,4,128.0,5,3808,5208,10944,,32,12464.0,hybrid_50,184,1752,672,976,224,3,0.0,0.1545084971874737,0.5,True,325,11984.0,64,data/runs/w3-tradeoff-20260802-local/hybrid_50-m64-r2-K4-p2-s20260801-4f004188aad5/run_manifest.json,a8928295bd24e02ac6af8400a5b2c0b5094d02a9826771074ebc92ab259322b4,184,1776,1104,976,1192,0.5,97.375,93.625,89.25,9.125,35856.0,True,2,0.0,2,96,31277056,hybrid_50-m64-r2-K4-p2-s20260801-4f004188aad5,round_major,20260801,pass,pass,25058791
1168,35984,4,128.0,5,3808,5208,10944,,32,12464.0,hybrid_50,184,1752,672,976,224,3,0.0,0.1545084971874737,0.5,True,325,11984.0,64,data/runs/w3-tradeoff-20260802-local/hybrid_50-m64-r2-K4-p2-s20260802-43e15b67c8b7/run_manifest.json,f5b86f679ddc0fefcdfeceb65d9df1b12e8ab4132b66cfb83141945311ca3cd8,184,1776,1104,976,1192,0.5,97.375,93.625,89.25,9.125,35856.0,True,2,0.0,2,96,31277056,hybrid_50-m64-r2-K4-p2-s20260802-43e15b67c8b7,permuted_within_round,20260802,pass,pass,24414083
1168,35984,4,128.0,5,3808,5208,10944,,32,12464.0,hybrid_50,184,1752,672,976,224,3,0.0,0.1545084971874737,0.5,True,325,11984.0,64,data/runs/w3-tradeoff-20260802-local/hybrid_50-m64-r2-K4-p2-s20260802-78dd5962217d/run_manifest.json,ed7eb2cd259da909cd83e4bc7adc72d3fa83bc4e11bcf0a20ba6f55bcce7aafd,184,1776,1104,976,1192,0.5,97.375,93.625,89.25,9.125,35856.0,True,2,0.0,2,96,31277056,hybrid_50-m64-r2-K4-p2-s20260802-78dd5962217d,round_major,20260802,pass,pass,24149416
1168,35984,4,128.0,5,3808,5208,24240,,32,27696.0,hybrid_50,184,1752,672,976,224,7,0.0,0.1545084971874737,0.5,True,585,25280.0,64,data/runs/w3-tradeoff-20260802-local/hybrid_50-m64-r2-K4-p4-s20260801-d38ff5544acb/run_manifest.json,ffb10c98a63cf2ae202a835a230f59fa61666177303d9ee8a1d9fb8c75eb11ba,184,1776,1104,976,1192,0.5,216.375,197.5,208.25,9.125,35856.0,False,4,0.0,2,96,31277056,hybrid_50-m64-r2-K4-p4-s20260801-d38ff5544acb,round_major,20260801,pass,pass,40637542
21392,59024,8,192.0,9,3840,5248,3840,,32,25040.0,hybrid_50,184,1752,704,976,224,1,0.0,0.1562833599002373,0.9,True,163,25040.0,64,data/runs/w3-tradeoff-20260802-local/hybrid_50-m64-r2-K8-p1-s20260801-29b86b39d0b0/run_manifest.json,576c9be76d6e315dbc8b216c55269c0e41e2146c5326f75de469e2c5e4418bda,184,1776,1144,976,1192,0.5,130.41666666666666,130.41666666666666,20.0,111.41666666666667,58832.0,True,1,0.0,2,128,31277056,hybrid_50-m64-r2-K8-p1-s20260801-29b86b39d0b0,round_major,20260801,pass,pass,13149000
21392,59024,8,192.0,9,3840,5248,3840,,32,25040.0,hybrid_50,184,1752,704,976,224,1,0.0,0.04341204441673258,0.25,True,163,25040.0,64,data/runs/w3-tradeoff-20260802-local/hybrid_50-m64-r2-K8-p1-s20260801-2bbff67c76ed/run_manifest.json,fe8dc22700f2dd2d0f6f0fee91b1a0df393c2809a4a8c796421267b3a6bd276c,184,1776,1144,976,1192,0.5,130.41666666666666,130.41666666666666,20.0,111.41666666666667,58832.0,True,1,0.0,2,128,31277056,hybrid_50-m64-r2-K8-p1-s20260801-2bbff67c76ed,round_major,20260801,pass,pass,13172458
21392,59024,8,192.0,9,3840,5248,3840,,32,25040.0,hybrid_50,184,1752,704,976,224,1,0.0,0.08682408883346517,0.5,True,163,25040.0,64,data/runs/w3-tradeoff-20260802-local/hybrid_50-m64-r2-K8-p1-s20260801-f0d094b40478/run_manifest.json,eb2847b1400768a084a5827803e6ba759aee4089cf7eea3369faa45659b486e0,184,1776,1144,976,1192,0.5,130.41666666666666,130.41666666666666,20.0,111.41666666666667,58832.0,True,1,0.0,2,128,31277056,hybrid_50-m64-r2-K8-p1-s20260801-f0d094b40478,round_major,20260801,pass,pass,13150667
1168,35984,8,192.0,9,3840,5248,11008,,32,12496.0,hybrid_50,184,1752,704,976,224,3,0.0,0.04341204441673258,0.25,True,325,11984.0,64,data/runs/w3-tradeoff-20260802-local/hybrid_50-m64-r2-K8-p2-s20260801-070aafdfb2dc/run_manifest.json,85a0644a9f7aae3e52b6a8fdf9c29c7bc226c65314bf640e61bf6c689464c1f3,184,1776,1144,976,1192,0.5,65.08333333333333,62.416666666666664,60.0,6.083333333333333,35792.0,True,2,0.0,2,128,31277056,hybrid_50-m64-r2-K8-p2-s20260801-070aafdfb2dc,round_major,20260801,pass,pass,24326125
1168,35984,8,192.0,9,3840,5248,11008,,32,12496.0,hybrid_50,184,1752,704,976,224,3,0.0,0.1562833599002373,0.9,True,325,11984.0,64,data/runs/w3-tradeoff-20260802-local/hybrid_50-m64-r2-K8-p2-s20260801-9140a103becb/run_manifest.json,7aaef8b42e1c7c780b3b3bc6060f0f30a0e48cbb2504f9d45c0451076645be7c,184,1776,1144,976,1192,0.5,65.08333333333333,62.416666666666664,60.0,6.083333333333333,35792.0,True,2,0.0,2,128,31277056,hybrid_50-m64-r2-K8-p2-s20260801-9140a103becb,round_major,20260801,pass,pass,24684833
1168,35984,8,192.0,9,3840,5248,11008,,32,12496.0,hybrid_50,184,1752,704,976,224,3,0.0,0.08682408883346517,0.5,True,325,11984.0,64,data/runs/w3-tradeoff-20260802-local/hybrid_50-m64-r2-K8-p2-s20260801-e8033ec0fd66/run_manifest.json,32d360855a9d98740bc5aab4d1b8f359a9f35934e324cb4ab155d1fb9719c503,184,1776,1144,976,1192,0.5,65.08333333333333,62.416666666666664,60.0,6.083333333333333,35792.0,True,2,0.0,2,128,31277056,hybrid_50-m64-r2-K8-p2-s20260801-e8033ec0fd66,round_major,20260801,pass,pass,28947959
1168,35984,8,192.0,9,3840,5248,24304,,32,27856.0,hybrid_50,184,1752,704,976,224,7,0.0,0.08682408883346517,0.5,True,585,25280.0,64,data/runs/w3-tradeoff-20260802-local/hybrid_50-m64-r2-K8-p4-s20260801-078513df96e3/run_manifest.json,01d94c04fbbceb96b8ed0ed8e6715b72ccf1a98c322819adee31d57185362aa7,184,1776,1144,976,1192,0.5,145.08333333333334,131.66666666666666,140.0,6.083333333333333,35792.0,False,4,0.0,2,128,31277056,hybrid_50-m64-r2-K8-p4-s20260801-078513df96e3,round_major,20260801,pass,pass,42951750
1168,35984,8,192.0,9,3840,5248,24304,,32,27856.0,hybrid_50,184,1752,704,976,224,7,0.0,0.04341204441673258,0.25,True,585,25280.0,64,data/runs/w3-tradeoff-20260802-local/hybrid_50-m64-r2-K8-p4-s20260801-60b8cf4948a1/run_manifest.json,714bc9c0754613eda8d5e292afba761bba1c15c3e2502b7d98773283fa1f199b,184,1776,1144,976,1192,0.5,145.08333333333334,131.66666666666666,140.0,6.083333333333333,35792.0,False,4,0.0,2,128,31277056,hybrid_50-m64-r2-K8-p4-s20260801-60b8cf4948a1,round_major,20260801,pass,pass,41917708
1168,35984,8,192.0,9,3840,5248,24304,,32,27856.0,hybrid_50,184,1752,704,976,224,7,0.0,0.1562833599002373,0.9,True,585,25280.0,64,data/runs/w3-tradeoff-20260802-local/hybrid_50-m64-r2-K8-p4-s20260801-912da179b96e/run_manifest.json,1ea71e76052da1ccb3a5749a286c4f2e8c4eca07c2c62c547b8d866be0544f10,184,1776,1144,976,1192,0.5,145.08333333333334,131.66666666666666,140.0,6.083333333333333,35792.0,False,4,0.0,2,128,31277056,hybrid_50-m64-r2-K8-p4-s20260801-912da179b96e,round_major,20260801,pass,pass,41293041
1168,35984,16,256.0,17,3880,5280,11088,,32,12552.0,hybrid_50,184,1760,736,976,224,3,0.0,0.046134179731650994,0.5,True,453,12000.0,64,data/runs/w3-tradeoff-20260802-local/hybrid_50-m64-r3-K16-p2-s20260801-2d5af28b0d27/run_manifest.json,f81987baab4837471e52623c55dd4d3055e5b5ef3ff873acea241ae2e336ad77,184,1776,1176,976,1192,0.5,49.03125,46.875,45.46875,4.5625,35728.0,True,2,0.0,3,160,31277056,hybrid_50-m64-r3-K16-p2-s20260801-2d5af28b0d27,permuted_within_round,20260801,pass,pass,34359500
1168,35984,16,256.0,17,3880,5280,11088,,32,12552.0,hybrid_50,184,1760,736,976,224,3,0.0,0.046134179731650994,0.5,True,453,12000.0,64,data/runs/w3-tradeoff-20260802-local/hybrid_50-m64-r3-K16-p2-s20260801-81654bcd006b/run_manifest.json,a064e3ccc852d0bd299245e8202081af0f07a0d83afc38baea071fb73d839dd8,184,1776,1176,976,1192,0.5,49.03125,46.875,45.46875,4.5625,35728.0,True,2,0.0,3,160,31277056,hybrid_50-m64-r3-K16-p2-s20260801-81654bcd006b,round_major,20260801,pass,pass,34154292
1168,35984,16,256.0,17,3880,5280,11088,,32,12552.0,hybrid_50,184,1760,736,976,224,3,0.0,0.046134179731650994,0.5,True,453,12000.0,64,data/runs/w3-tradeoff-20260802-local/hybrid_50-m64-r3-K16-p2-s20260802-3aa2966c53b1/run_manifest.json,9fa71db6b18dd33ccc30edd0fe5eec3365c6a097bea650f469c3cfe10bc0153e,184,1776,1176,976,1192,0.5,49.03125,46.875,45.46875,4.5625,35728.0,True,2,0.0,3,160,31277056,hybrid_50-m64-r3-K16-p2-s20260802-3aa2966c53b1,permuted_within_round,20260802,pass,pass,34259417
1168,35984,16,256.0,17,3880,5280,11088,,32,12552.0,hybrid_50,184,1760,736,976,224,3,0.0,0.046134179731650994,0.5,True,453,12000.0,64,data/runs/w3-tradeoff-20260802-local/hybrid_50-m64-r3-K16-p2-s20260802-f5bf65d62f88/run_manifest.json,3f42e1f1e65016a8d597cfd8db561732fbc3d7e07dab87703595cdab7b5f3f9a,184,1776,1176,976,1192,0.5,49.03125,46.875,45.46875,4.5625,35728.0,True,2,0.0,3,160,31277056,hybrid_50-m64-r3-K16-p2-s20260802-f5bf65d62f88,round_major,20260802,pass,pass,33947041
1168,35984,4,128.0,5,3816,5208,10960,,32,12488.0,hybrid_50,184,1760,672,976,224,3,0.0,0.1545084971874737,0.5,True,453,12000.0,64,data/runs/w3-tradeoff-20260802-local/hybrid_50-m64-r3-K4-p2-s20260801-5d7bc883add3/run_manifest.json,facbdb9f2879e6e5c04d0ce7e715c8896b1d6af074acb1ef21b181b365562cb3,184,1776,1104,976,1192,0.5,97.5625,93.75,89.4375,9.125,35856.0,True,2,0.0,3,96,31277056,hybrid_50-m64-r3-K4-p2-s20260801-5d7bc883add3,permuted_within_round,20260801,pass,pass,33908125
1168,35984,4,128.0,5,3816,5208,10960,,32,12488.0,hybrid_50,184,1760,672,976,224,3,0.0,0.1545084971874737,0.5,True,453,12000.0,64,data/runs/w3-tradeoff-20260802-local/hybrid_50-m64-r3-K4-p2-s20260801-a58722c5a10f/run_manifest.json,1cbc437c4ecbfca529aa50d298b57e32b6fcc9a597d1f6e1af88cf979316f919,184,1776,1104,976,1192,0.5,97.5625,93.75,89.4375,9.125,35856.0,True,2,0.0,3,96,31277056,hybrid_50-m64-r3-K4-p2-s20260801-a58722c5a10f,round_major,20260801,pass,pass,33783917
1168,35984,4,128.0,5,3816,5208,10960,,32,12488.0,hybrid_50,184,1760,672,976,224,3,0.0,0.1545084971874737,0.5,True,453,12000.0,64,data/runs/w3-tradeoff-20260802-local/hybrid_50-m64-r3-K4-p2-s20260802-58aaea9b8350/run_manifest.json,c2fcb522e25f6ba3ddeccd8fb77b949620c03ca860893b9dd379b61ed1ad7924,184,1776,1104,976,1192,0.5,97.5625,93.75,89.4375,9.125,35856.0,True,2,0.0,3,96,31277056,hybrid_50-m64-r3-K4-p2-s20260802-58aaea9b8350,permuted_within_round,20260802,pass,pass,33743916
1168,35984,4,128.0,5,3816,5208,10960,,32,12488.0,hybrid_50,184,1760,672,976,224,3,0.0,0.1545084971874737,0.5,True,453,12000.0,64,data/runs/w3-tradeoff-20260802-local/hybrid_50-m64-r3-K4-p2-s20260802-bc0d515e0579/run_manifest.json,54feb380f40d85801a3f567e24f0ad4b3ebcb63abde9f41ee25c16ff3dabf9a6,184,1776,1104,976,1192,0.5,97.5625,93.75,89.4375,9.125,35856.0,True,2,0.0,3,96,31277056,hybrid_50-m64-r3-K4-p2-s20260802-bc0d515e0579,round_major,20260802,pass,pass,34048708
3696,8400,16,32.0,17,3744,5128,3744,,4,7408.0,hybrid_50,184,1752,608,976,224,1,0.0,0.046134179731650994,0.5,True,23,7408.0,8,data/runs/w3-tradeoff-20260802-local/hybrid_50-m8-r2-K16-p1-s20260801-49d07b30d89e/run_manifest.json,66a9ffbc4fd4c53429012b9c33525c8126c7f6d6b3a6d1f4c9bce2bd45874f55,184,1768,1032,976,1192,0.5,231.5,231.5,117.0,115.5,8368.0,True,1,0.0,2,20,31277056,hybrid_50-m8-r2-K16-p1-s20260801-49d07b30d89e,round_major,20260801,pass,pass,2066917
1168,5520,16,32.0,17,3744,5128,10808,,4,12368.0,hybrid_50,184,1752,608,976,224,3,0.0,0.046134179731650994,0.5,True,45,11944.0,8,data/runs/w3-tradeoff-20260802-local/hybrid_50-m8-r2-K16-p2-s20260801-fa1af570c9c3/run_manifest.json,27ace9925503dfc9d4fddac8649f0ef0507e9a2cf70ae6eb10b2351d09124132,184,1768,1032,976,1192,0.5,386.5,373.25,351.0,36.5,5488.0,True,2,0.0,2,20,31277056,hybrid_50-m8-r2-K16-p2-s20260801-fa1af570c9c3,round_major,20260801,pass,pass,3644166
1168,5520,16,32.0,17,3744,5128,24088,,4,27344.0,hybrid_50,184,1752,608,976,224,7,0.0,0.046134179731650994,0.5,True,81,25224.0,8,data/runs/w3-tradeoff-20260802-local/hybrid_50-m8-r2-K16-p4-s20260801-af165a303904/run_manifest.json,720ebd20075264591fb778e765bcbd5095f8957d50d56087c73034a51ca792fb,184,1768,1032,976,1192,0.5,854.5,788.25,819.0,36.5,5488.0,False,4,0.0,2,20,31277056,hybrid_50-m8-r2-K16-p4-s20260801-af165a303904,round_major,20260801,pass,pass,5766667
3696,8400,2,8.0,3,3728,5112,3728,,4,7416.0,hybrid_50,184,1752,592,976,224,1,0.0,0.24999999999999997,0.5,True,23,7416.0,8,data/runs/w3-tradeoff-20260802-local/hybrid_50-m8-r2-K2-p1-s20260801-9c6a39399612/run_manifest.json,6f9d1a70d71ace1a8676478a9f2f5c5047259dfe03e446bd2c1df95fbcca0879,184,1768,1016,976,1192,0.5,927.0,927.0,466.0,462.0,8392.0,True,1,0.0,2,8,31277056,hybrid_50-m8-r2-K2-p1-s20260801-9c6a39399612,round_major,20260801,pass,pass,2027084
1168,5520,2,8.0,3,3728,5112,10776,,4,12344.0,hybrid_50,184,1752,592,976,224,3,0.0,0.24999999999999997,0.5,True,45,11936.0,8,data/runs/w3-tradeoff-20260802-local/hybrid_50-m8-r2-K2-p2-s20260801-7fcbf05bf54d/run_manifest.json,e2a849e3d963486cfe60ff117bbb2a00799b1c8841632cf35c385d0185cb379c,184,1768,1016,976,1192,0.5,1543.0,1492.0,1398.0,146.0,5512.0,True,2,0.0,2,8,31277056,hybrid_50-m8-r2-K2-p2-s20260801-7fcbf05bf54d,round_major,20260801,pass,pass,3580125
1168,5520,2,8.0,3,3728,5112,24056,,4,27256.0,hybrid_50,184,1752,592,976,224,7,0.0,0.24999999999999997,0.5,True,81,25216.0,8,data/runs/w3-tradeoff-20260802-local/hybrid_50-m8-r2-K2-p4-s20260801-33ce135f2b51/run_manifest.json,8dae3384415a1a5976a367ffbf7744e6d51f8c7eb27c9e02c28143655f183df9,184,1768,1016,976,1192,0.5,3407.0,3152.0,3262.0,146.0,5512.0,True,4,0.0,2,8,31277056,hybrid_50-m8-r2-K2-p4-s20260801-33ce135f2b51,round_major,20260801,pass,pass,5779958
3696,8400,4,16.0,5,3736,5120,3736,,4,7416.0,hybrid_50,184,1752,600,976,224,1,0.0,0.1545084971874737,0.5,True,23,7416.0,8,data/runs/w3-tradeoff-20260802-local/hybrid_50-m8-r2-K4-p1-s20260801-370d59b7e8c1/run_manifest.json,0ee7a35cbc726cd3af808f51a6d38eb98f15f0379ecc77414c406937558abd39,184,1768,1024,976,1192,0.5,463.5,463.5,233.5,231.0,8384.0,False,1,0.0,2,12,31277056,hybrid_50-m8-r2-K4-p1-s20260801-370d59b7e8c1,round_major,20260801,pass,pass,2041041
1168,5520,4,16.0,5,3736,5120,10792,,4,12360.0,hybrid_50,184,1752,600,976,224,3,0.0,0.1545084971874737,0.5,True,45,11944.0,8,data/runs/w3-tradeoff-20260802-local/hybrid_50-m8-r2-K4-p2-s20260801-6272979317da/run_manifest.json,ac67790baf7e4d01a53ee0e14d34b30cc39b9ad1a351932df3f3bd3169cf246e,184,1768,1024,976,1192,0.5,772.5,746.5,700.5,73.0,5504.0,True,2,0.0,2,12,31277056,hybrid_50-m8-r2-K4-p2-s20260801-6272979317da,round_major,20260801,pass,pass,3704834
1168,5520,4,16.0,5,3736,5120,24072,,4,27304.0,hybrid_50,184,1752,600,976,224,7,0.0,0.1545084971874737,0.5,True,81,25224.0,8,data/runs/w3-tradeoff-20260802-local/hybrid_50-m8-r2-K4-p4-s20260801-769c8faa5d27/run_manifest.json,ce9715cf9c7534b42b05c00141969143c545becf5d9761fef020955c3be088c8,184,1768,1024,976,1192,0.5,1706.5,1576.5,1634.5,73.0,5504.0,False,4,0.0,2,12,31277056,hybrid_50-m8-r2-K4-p4-s20260801-769c8faa5d27,round_major,20260801,pass,pass,5850542
3696,8400,8,24.0,9,3736,5120,3736,,4,7408.0,hybrid_50,184,1752,600,976,224,1,0.0,0.08682408883346517,0.5,True,23,7408.0,8,data/runs/w3-tradeoff-20260802-local/hybrid_50-m8-r2-K8-p1-s20260801-5474f4f0f05e/run_manifest.json,94f20d0c3458204375c34a69ec5b55ad4bf87d9cbc98c9e69ade1bb4c4014edb,184,1768,1024,976,1192,0.5,308.6666666666667,308.6666666666667,155.66666666666666,154.0,8376.0,True,1,0.0,2,16,31277056,hybrid_50-m8-r2-K8-p1-s20260801-5474f4f0f05e,round_major,20260801,pass,pass,2000833
1168,5520,8,24.0,9,3736,5120,10792,,4,12352.0,hybrid_50,184,1752,600,976,224,3,0.0,0.08682408883346517,0.5,True,45,11936.0,8,data/runs/w3-tradeoff-20260802-local/hybrid_50-m8-r2-K8-p2-s20260801-a8e46583dbe3/run_manifest.json,85414c30653e3aa051ee2bae0f639469f83829d6cec1098d9f5e60956d02b2b2,184,1768,1024,976,1192,0.5,514.6666666666666,497.3333333333333,467.0,48.666666666666664,5496.0,True,2,0.0,2,16,31277056,hybrid_50-m8-r2-K8-p2-s20260801-a8e46583dbe3,round_major,20260801,pass,pass,3570375
1168,5520,8,24.0,9,3736,5120,24072,,4,27296.0,hybrid_50,184,1752,600,976,224,7,0.0,0.08682408883346517,0.5,True,81,25216.0,8,data/runs/w3-tradeoff-20260802-local/hybrid_50-m8-r2-K8-p4-s20260801-1e96072a327a/run_manifest.json,4776ccb8f3a5787b187e1cdf6495cf4cf2a70e42f23ccd589b8ee57e9d394a52,184,1768,1024,976,1192,0.5,1137.3333333333333,1050.6666666666667,1089.6666666666667,48.666666666666664,5496.0,True,4,0.0,2,16,31277056,hybrid_50-m8-r2-K8-p4-s20260801-1e96072a327a,round_major,20260801,pass,pass,5797209
6224,10928,16,32.0,17,3744,5128,3744,,4,9936.0,hybrid_50,184,1752,608,976,224,1,0.0,0.046134179731650994,0.5,True,31,9936.0,8,data/runs/w3-tradeoff-20260802-local/hybrid_50-m8-r3-K16-p1-s20260801-d9dac3d56cb7/run_manifest.json,ff66f2eb620c1f3ea7d8497923cf64ce34eb98eba87d006219208374f65d0ac0,184,1768,1032,976,1192,0.5,310.5,310.5,117.0,194.5,10896.0,True,1,0.0,3,20,31277056,hybrid_50-m8-r3-K16-p1-s20260801-d9dac3d56cb7,round_major,20260801,pass,pass,2870125
1168,5520,16,32.0,17,3744,5128,24088,,4,27344.0,hybrid_50,184,1752,608,976,224,7,0.0,0.046134179731650994,0.5,True,113,25224.0,8,data/runs/w3-tradeoff-20260802-local/hybrid_50-m8-r3-K16-p4-s20260801-109a2d9a13ad/run_manifest.json,736fe63efe93d7827a59030703f8696fddbd3a1c096b300ed80cdbf0152ae968,184,1768,1032,976,1192,0.5,854.5,788.25,819.0,36.5,5488.0,False,4,0.0,3,20,31277056,hybrid_50-m8-r3-K16-p4-s20260801-109a2d9a13ad,round_major,20260801,pass,pass,8346875
6224,10928,4,16.0,5,3736,5120,3736,,4,9944.0,hybrid_50,184,1752,600,976,224,1,0.0,0.1545084971874737,0.5,True,31,9944.0,8,data/runs/w3-tradeoff-20260802-local/hybrid_50-m8-r3-K4-p1-s20260801-1776d5aa5440/run_manifest.json,d6e1e54aae74f9f00e95026ce01100e795cdd40fc51d87acd0964a6a56eb8a70,184,1768,1024,976,1192,0.5,621.5,621.5,233.5,389.0,10912.0,True,1,0.0,3,12,31277056,hybrid_50-m8-r3-K4-p1-s20260801-1776d5aa5440,round_major,20260801,pass,pass,2682625
1168,5520,4,16.0,5,3736,5120,24072,,4,27304.0,hybrid_50,184,1752,600,976,224,7,0.0,0.1545084971874737,0.5,True,113,25224.0,8,data/runs/w3-tradeoff-20260802-local/hybrid_50-m8-r3-K4-p4-s20260801-ca65a3f35df5/run_manifest.json,5048cf54d3204779cc5421a4ef32f586477c2dd72f56d493ae27b1f1cd1d8890,184,1768,1024,976,1192,0.5,1706.5,1576.5,1634.5,73.0,5504.0,False,4,0.0,3,12,31277056,hybrid_50-m8-r3-K4-p4-s20260801-ca65a3f35df5,round_major,20260801,pass,pass,8016958
8752,13456,16,32.0,17,3744,5128,3744,,4,12464.0,hybrid_50,184,1752,608,976,224,1,0.0,0.046134179731650994,0.5,True,39,12464.0,8,data/runs/w3-tradeoff-20260802-local/hybrid_50-m8-r4-K16-p1-s20260801-e5477796e10c/run_manifest.json,1a51409dbc1420ccc1d2666edf036d1b89ca27ccac969b22fd20adad62c39658,184,1768,1032,976,1192,0.5,389.5,389.5,117.0,273.5,13424.0,True,1,0.0,4,20,31277056,hybrid_50-m8-r4-K16-p1-s20260801-e5477796e10c,round_major,20260801,pass,pass,3378542
1168,5520,16,32.0,17,3744,5128,24080,,4,27344.0,hybrid_50,184,1752,608,976,224,7,0.0,0.046134179731650994,0.5,True,145,25216.0,8,data/runs/w3-tradeoff-20260802-local/hybrid_50-m8-r4-K16-p4-s20260801-6b743d71cb83/run_manifest.json,34bad0a910c65ba8025d2818be699e22e05f957c1398537ac787ebf7e919b5bd,184,1768,1032,976,1192,0.5,854.5,788.0,819.0,36.5,5488.0,False,4,0.0,4,20,31277056,hybrid_50-m8-r4-K16-p4-s20260801-6b743d71cb83,round_major,20260801,pass,pass,10235750
8752,13456,4,16.0,5,3736,5120,3736,,4,12472.0,hybrid_50,184,1752,600,976,224,1,0.0,0.1545084971874737,0.5,True,39,12472.0,8,data/runs/w3-tradeoff-20260802-local/hybrid_50-m8-r4-K4-p1-s20260801-f9f06b8cb024/run_manifest.json,78c088598c00b3295b50f67a21405a4a46675a86d9930d67972b56b069dace0e,184,1768,1024,976,1192,0.5,779.5,779.5,233.5,547.0,13440.0,False,1,0.0,4,12,31277056,hybrid_50-m8-r4-K4-p1-s20260801-f9f06b8cb024,round_major,20260801,pass,pass,3579917
1168,5520,4,16.0,5,3736,5120,24072,,4,27304.0,hybrid_50,184,1752,600,976,224,7,0.0,0.1545084971874737,0.5,True,145,25224.0,8,data/runs/w3-tradeoff-20260802-local/hybrid_50-m8-r4-K4-p4-s20260801-bf5c572daedf/run_manifest.json,80c72962ccce5a12fb0afc8e6ff0c43349068767ea2c5ac5cd67b3a7a6d950f3,184,1768,1024,976,1192,0.5,1706.5,1576.5,1634.5,73.0,5504.0,False,4,0.0,4,12,31277056,hybrid_50-m8-r4-K4-p4-s20260801-bf5c572daedf,round_major,20260801,pass,pass,10490000
3696,12752,16,64.0,17,3784,5168,3784,,12,7416.0,hybrid_75,184,1752,648,976,224,1,0.0,0.046134179731650994,0.5,True,47,7416.0,16,data/runs/w3-tradeoff-20260802-local/hybrid_75-m16-r2-K16-p1-s20260801-a2794327e83b/run_manifest.json,6e329b37b9bb2ca0234fc2984e33c9b1d25355d60420904337999246661650a3,184,1768,1072,976,1192,0.75,115.875,115.875,59.125,57.75,12688.0,True,1,0.0,2,60,31277056,hybrid_75-m16-r2-K16-p1-s20260801-a2794327e83b,round_major,20260801,pass,pass,3872167
1168,9872,16,64.0,17,3784,5168,10848,,12,12456.0,hybrid_75,184,1752,648,976,224,3,0.0,0.046134179731650994,0.5,True,85,11952.0,16,data/runs/w3-tradeoff-20260802-local/hybrid_75-m16-r2-K16-p2-s20260801-aeb98f5ee28e/run_manifest.json,318c7081f89a4dc0e9c539b0cacf04bdb1586eb87ca62500df6ed25f04a5f0c5,184,1768,1072,976,1192,0.75,194.625,186.75,177.375,18.25,9808.0,False,2,0.0,2,60,31277056,hybrid_75-m16-r2-K16-p2-s20260801-aeb98f5ee28e,round_major,20260801,pass,pass,6484750
1168,9872,16,64.0,17,3784,5168,10848,,12,12456.0,hybrid_75,184,1752,648,976,224,3,0.0,0.046134179731650994,0.5,True,85,11952.0,16,data/runs/w3-tradeoff-20260802-local/hybrid_75-m16-r2-K16-p2-s20260801-c612a4ad0c2b/run_manifest.json,f0ff41b28fd898b3fd27574e35ce2f86fbc7628cfe71d4efa3c9bb6d4d9773dd,184,1768,1072,976,1192,0.75,194.625,186.75,177.375,18.25,9808.0,False,2,0.0,2,60,31277056,hybrid_75-m16-r2-K16-p2-s20260801-c612a4ad0c2b,permuted_within_round,20260801,pass,pass,6502833
1168,9872,16,64.0,17,3776,5168,10840,,12,12432.0,hybrid_75,184,1752,640,976,224,3,0.0,0.046134179731650994,0.5,True,85,11944.0,16,data/runs/w3-tradeoff-20260802-local/hybrid_75-m16-r2-K16-p2-s20260802-c020f127e2bc/run_manifest.json,d03b87204f3445a1aa5ade84c5a221df4a25f00805c9e1d7f41e0e4bcd8a0bf7,184,1768,1072,976,1192,0.75,194.25,186.625,177.0,18.25,9808.0,False,2,0.0,2,60,31277056,hybrid_75-m16-r2-K16-p2-s20260802-c020f127e2bc,permuted_within_round,20260802,pass,pass,6582792
1168,9872,16,64.0,17,3776,5168,10840,,12,12432.0,hybrid_75,184,1752,640,976,224,3,0.0,0.046134179731650994,0.5,True,85,11944.0,16,data/runs/w3-tradeoff-20260802-local/hybrid_75-m16-r2-K16-p2-s20260802-f5efac008daf/run_manifest.json,0ad48fffcd28cf07d17c174e77046e8210cf83c87f18a4e871f02cfd61097d09,184,1768,1072,976,1192,0.75,194.25,186.625,177.0,18.25,9808.0,False,2,0.0,2,60,31277056,hybrid_75-m16-r2-K16-p2-s20260802-f5efac008daf,round_major,20260802,pass,pass,6577167
1168,9872,16,64.0,17,3784,5168,24128,,12,27592.0,hybrid_75,184,1752,648,976,224,7,0.0,0.046134179731650994,0.5,True,153,25232.0,16,data/runs/w3-tradeoff-20260802-local/hybrid_75-m16-r2-K16-p4-s20260801-f63c4cfe6acf/run_manifest.json,0fd7f7aff0b507617c95eb9b85d391d54c93269e509c8d57360635db3e71270e,184,1768,1072,976,1192,0.75,431.125,394.25,413.875,18.25,9808.0,False,4,0.0,2,60,31277056,hybrid_75-m16-r2-K16-p4-s20260801-f63c4cfe6acf,round_major,20260801,pass,pass,11067625
3696,12752,2,16.0,3,3744,5128,3744,,12,7424.0,hybrid_75,184,1752,608,976,224,1,0.0,0.24999999999999997,0.5,True,47,7424.0,16,data/runs/w3-tradeoff-20260802-local/hybrid_75-m16-r2-K2-p1-s20260801-c5d6abf99f73/run_manifest.json,e2391992d9bd8496b34ceb07292247f8119d4dc943af453f77445eae01db5b84,184,1768,1032,976,1192,0.75,464.0,464.0,234.0,231.0,12736.0,True,1,0.0,2,24,31277056,hybrid_75-m16-r2-K2-p1-s20260801-c5d6abf99f73,round_major,20260801,pass,pass,3887125
1168,9872,2,16.0,3,3744,5128,10792,,12,12384.0,hybrid_75,184,1752,608,976,224,3,0.0,0.24999999999999997,0.5,True,85,11944.0,16,data/runs/w3-tradeoff-20260802-local/hybrid_75-m16-r2-K2-p2-s20260801-b9f1fcb59a5e/run_manifest.json,7c38f787e4b3b28af8852c6ced0b18f0bd91f3dc412d8789a9f6c1f38408d705,184,1768,1032,976,1192,0.75,774.0,746.5,702.0,73.0,9856.0,False,2,0.0,2,24,31277056,hybrid_75-m16-r2-K2-p2-s20260801-b9f1fcb59a5e,round_major,20260801,pass,pass,6410875
1168,9872,2,16.0,3,3744,5128,24072,,12,27360.0,hybrid_75,184,1752,608,976,224,7,0.0,0.24999999999999997,0.5,True,153,25224.0,16,data/runs/w3-tradeoff-20260802-local/hybrid_75-m16-r2-K2-p4-s20260801-2a76187d3962/run_manifest.json,3a37b1497c74cca59a9036bac2b64c89050840806870be37df173f2be4a527d8,184,1768,1032,976,1192,0.75,1710.0,1576.5,1638.0,73.0,9856.0,False,4,0.0,2,24,31277056,hybrid_75-m16-r2-K2-p4-s20260801-2a76187d3962,round_major,20260801,pass,pass,13149417
3696,12752,4,32.0,5,3752,5136,3752,,12,7416.0,hybrid_75,184,1752,616,976,224,1,0.0,0.1545084971874737,0.5,True,47,7416.0,16,data/runs/w3-tradeoff-20260802-local/hybrid_75-m16-r2-K4-p1-s20260801-a35f464cacce/run_manifest.json,a06bacd4754dfb63e14ee4174431d7a32aa1639ee842ccb31e57a936a075f84c,184,1768,1040,976,1192,0.75,231.75,231.75,117.25,115.5,12720.0,True,1,0.0,2,36,31277056,hybrid_75-m16-r2-K4-p1-s20260801-a35f464cacce,round_major,20260801,pass,pass,4094334
1168,9872,4,32.0,5,3752,5136,10808,,12,12392.0,hybrid_75,184,1752,616,976,224,3,0.0,0.1545084971874737,0.5,True,85,11944.0,16,data/runs/w3-tradeoff-20260802-local/hybrid_75-m16-r2-K4-p2-s20260801-12b5de97a0df/run_manifest.json,ac1e0086b2b2362b900c7d6c0ad78335bc45859804a475b45321eaca3c6eefe0,184,1768,1040,976,1192,0.75,387.25,373.25,351.75,36.5,9840.0,False,2,0.0,2,36,31277056,hybrid_75-m16-r2-K4-p2-s20260801-12b5de97a0df,permuted_within_round,20260801,pass,pass,6467292
1168,9872,4,32.0,5,3752,5136,10808,,12,12392.0,hybrid_75,184,1752,616,976,224,3,0.0,0.1545084971874737,0.5,True,85,11944.0,16,data/runs/w3-tradeoff-20260802-local/hybrid_75-m16-r2-K4-p2-s20260801-d33b958ec7e8/run_manifest.json,51d41882d9fbd587c2e6584889ce05f529af0cdf62ed52640d4ca0499861abb9,184,1768,1040,976,1192,0.75,387.25,373.25,351.75,36.5,9840.0,False,2,0.0,2,36,31277056,hybrid_75-m16-r2-K4-p2-s20260801-d33b958ec7e8,round_major,20260801,pass,pass,6433167
1168,9872,4,32.0,5,3752,5136,10808,,12,12392.0,hybrid_75,184,1752,616,976,224,3,0.0,0.1545084971874737,0.5,True,85,11944.0,16,data/runs/w3-tradeoff-20260802-local/hybrid_75-m16-r2-K4-p2-s20260802-2c84e75a1872/run_manifest.json,f9c8b66bf2e402a4cf4048dc98039c9a39ab227cf5a71c4fc67b9576a5e9dd06,184,1768,1040,976,1192,0.75,387.25,373.25,351.75,36.5,9840.0,False,2,0.0,2,36,31277056,hybrid_75-m16-r2-K4-p2-s20260802-2c84e75a1872,permuted_within_round,20260802,pass,pass,6445291
1168,9872,4,32.0,5,3752,5136,10808,,12,12392.0,hybrid_75,184,1752,616,976,224,3,0.0,0.1545084971874737,0.5,True,85,11944.0,16,data/runs/w3-tradeoff-20260802-local/hybrid_75-m16-r2-K4-p2-s20260802-6f66ad279446/run_manifest.json,caacb20f41e3feff9e954d750f396893e7963e0b7ebfdfe25771ded14bb7d1e6,184,1768,1040,976,1192,0.75,387.25,373.25,351.75,36.5,9840.0,False,2,0.0,2,36,31277056,hybrid_75-m16-r2-K4-p2-s20260802-6f66ad279446,round_major,20260802,pass,pass,6643625
1168,9872,4,32.0,5,3752,5136,24088,,12,27400.0,hybrid_75,184,1752,616,976,224,7,0.0,0.1545084971874737,0.5,True,153,25224.0,16,data/runs/w3-tradeoff-20260802-local/hybrid_75-m16-r2-K4-p4-s20260801-53d789e03b05/run_manifest.json,fb6ac14cbcc8643b1b0ca7e5d45215d9164640755b4143e8bbb92088c65b3235,184,1768,1040,976,1192,0.75,856.25,788.25,820.75,36.5,9840.0,False,4,0.0,2,36,31277056,hybrid_75-m16-r2-K4-p4-s20260801-53d789e03b05,round_major,20260801,pass,pass,11145584
3696,12752,8,48.0,9,3768,5152,3768,,12,7416.0,hybrid_75,184,1752,632,976,224,1,0.0,0.08682408883346517,0.5,True,47,7416.0,16,data/runs/w3-tradeoff-20260802-local/hybrid_75-m16-r2-K8-p1-s20260801-2b3bf4b0f49b/run_manifest.json,413364583d03e6fb0dbe146ab2b44be789479edc1268a99138e5e9cb68bb44b6,184,1768,1056,976,1192,0.75,154.5,154.5,78.5,77.0,12704.0,True,1,0.0,2,48,31277056,hybrid_75-m16-r2-K8-p1-s20260801-2b3bf4b0f49b,round_major,20260801,pass,pass,3909458
3696,12752,8,48.0,9,3768,5152,3768,,12,7416.0,hybrid_75,184,1752,632,976,224,1,0.0,0.1562833599002373,0.9,True,47,7416.0,16,data/runs/w3-tradeoff-20260802-local/hybrid_75-m16-r2-K8-p1-s20260801-f88d5d621e28/run_manifest.json,58a31fbb0f0b125f29e1c343db78b2f1650077538fec3c333e115f32a94fa6fb,184,1768,1056,976,1192,0.75,154.5,154.5,78.5,77.0,12704.0,True,1,0.0,2,48,31277056,hybrid_75-m16-r2-K8-p1-s20260801-f88d5d621e28,round_major,20260801,pass,pass,3844875
3696,12752,8,48.0,9,3768,5152,3768,,12,7416.0,hybrid_75,184,1752,632,976,224,1,0.0,0.04341204441673258,0.25,True,47,7416.0,16,data/runs/w3-tradeoff-20260802-local/hybrid_75-m16-r2-K8-p1-s20260801-f944aee65ab9/run_manifest.json,c53b95baf19862cc9f9a9b547eb3a6549cbdd5079edcee33b6819efd23702194,184,1768,1056,976,1192,0.75,154.5,154.5,78.5,77.0,12704.0,True,1,0.0,2,48,31277056,hybrid_75-m16-r2-K8-p1-s20260801-f944aee65ab9,round_major,20260801,pass,pass,3849875
1168,9872,8,48.0,9,3768,5152,10824,,12,12424.0,hybrid_75,184,1752,632,976,224,3,0.0,0.1562833599002373,0.9,True,85,11944.0,16,data/runs/w3-tradeoff-20260802-local/hybrid_75-m16-r2-K8-p2-s20260801-170cdeb488b0/run_manifest.json,263b5cc2143ca77324b1f62f25be8c591e91f1a67c04134707acf10667af9aec,184,1768,1056,976,1192,0.75,258.8333333333333,248.83333333333334,235.5,24.333333333333332,9824.0,False,2,0.0,2,48,31277056,hybrid_75-m16-r2-K8-p2-s20260801-170cdeb488b0,round_major,20260801,pass,pass,6621459
1168,9872,8,48.0,9,3768,5152,10824,,12,12424.0,hybrid_75,184,1752,632,976,224,3,0.0,0.08682408883346517,0.5,True,85,11944.0,16,data/runs/w3-tradeoff-20260802-local/hybrid_75-m16-r2-K8-p2-s20260801-17ccf646097b/run_manifest.json,5d24b7452718d8eaec906c7ee4561cc49d0099fb6feaf895938d93e0025b24af,184,1768,1056,976,1192,0.75,258.8333333333333,248.83333333333334,235.5,24.333333333333332,9824.0,False,2,0.0,2,48,31277056,hybrid_75-m16-r2-K8-p2-s20260801-17ccf646097b,round_major,20260801,pass,pass,6516125
1168,9872,8,48.0,9,3768,5152,10824,,12,12424.0,hybrid_75,184,1752,632,976,224,3,0.0,0.04341204441673258,0.25,True,85,11944.0,16,data/runs/w3-tradeoff-20260802-local/hybrid_75-m16-r2-K8-p2-s20260801-65ab4809b211/run_manifest.json,6a079e6f3e641fe82ab64a6daac8cd2535923b53b67065ed0e612bcd8e6fa6e5,184,1768,1056,976,1192,0.75,258.8333333333333,248.83333333333334,235.5,24.333333333333332,9824.0,False,2,0.0,2,48,31277056,hybrid_75-m16-r2-K8-p2-s20260801-65ab4809b211,round_major,20260801,pass,pass,7099292
1168,9872,8,48.0,9,3768,5152,24104,,12,27496.0,hybrid_75,184,1752,632,976,224,7,0.0,0.08682408883346517,0.5,True,153,25224.0,16,data/runs/w3-tradeoff-20260802-local/hybrid_75-m16-r2-K8-p4-s20260801-208a9bec0cd4/run_manifest.json,cff163e525d14445f8e52b600a0399a4dbbabac82abd6bff8c1e9c8b87656bd0,184,1768,1056,976,1192,0.75,572.8333333333334,525.5,549.5,24.333333333333332,9824.0,False,4,0.0,2,48,31277056,hybrid_75-m16-r2-K8-p4-s20260801-208a9bec0cd4,round_major,20260801,pass,pass,10930500
1168,9872,8,48.0,9,3768,5152,24104,,12,27496.0,hybrid_75,184,1752,632,976,224,7,0.0,0.04341204441673258,0.25,True,153,25224.0,16,data/runs/w3-tradeoff-20260802-local/hybrid_75-m16-r2-K8-p4-s20260801-48bc77cb52eb/run_manifest.json,2f1f81810e43b9c5cfa13444d0d84412153c418e1d00daf6b6b51c83b75d6066,184,1768,1056,976,1192,0.75,572.8333333333334,525.5,549.5,24.333333333333332,9824.0,False,4,0.0,2,48,31277056,hybrid_75-m16-r2-K8-p4-s20260801-48bc77cb52eb,round_major,20260801,pass,pass,11018166
1168,9872,8,48.0,9,3768,5152,24104,,12,27496.0,hybrid_75,184,1752,632,976,224,7,0.0,0.1562833599002373,0.9,True,153,25224.0,16,data/runs/w3-tradeoff-20260802-local/hybrid_75-m16-r2-K8-p4-s20260801-9b5fc89c13a9/run_manifest.json,8729d630de4cfcc899477a7280242b9b43ac1533744a71214bcec86c642c3d9e,184,1768,1056,976,1192,0.75,572.8333333333334,525.5,549.5,24.333333333333332,9824.0,False,4,0.0,2,48,31277056,hybrid_75-m16-r2-K8-p4-s20260801-9b5fc89c13a9,round_major,20260801,pass,pass,11030125
1168,9872,16,64.0,17,3776,5168,10840,,12,12432.0,hybrid_75,184,1752,640,976,224,3,0.0,0.046134179731650994,0.5,True,117,11944.0,16,data/runs/w3-tradeoff-20260802-local/hybrid_75-m16-r3-K16-p2-s20260801-0b56c6de100c/run_manifest.json,d578d50ba06fa212670977b7d55c2106604951f5d7d1bd73c911d338af065ab4,184,1768,1072,976,1192,0.75,194.25,186.625,177.0,18.25,9808.0,False,2,0.0,3,60,31277056,hybrid_75-m16-r3-K16-p2-s20260801-0b56c6de100c,round_major,20260801,pass,pass,8824458
1168,9872,16,64.0,17,3776,5168,10840,,12,12432.0,hybrid_75,184,1752,640,976,224,3,0.0,0.046134179731650994,0.5,True,117,11944.0,16,data/runs/w3-tradeoff-20260802-local/hybrid_75-m16-r3-K16-p2-s20260801-f8b295d8ead1/run_manifest.json,83f51f04c887d4fab2913f83e55948c3c19c8b67257ece6b9cff36f512b4cfeb,184,1768,1072,976,1192,0.75,194.25,186.625,177.0,18.25,9808.0,False,2,0.0,3,60,31277056,hybrid_75-m16-r3-K16-p2-s20260801-f8b295d8ead1,permuted_within_round,20260801,pass,pass,8911208
1168,9872,16,64.0,17,3776,5168,10840,,12,12432.0,hybrid_75,184,1752,640,976,224,3,0.0,0.046134179731650994,0.5,True,117,11944.0,16,data/runs/w3-tradeoff-20260802-local/hybrid_75-m16-r3-K16-p2-s20260802-87a6ece6ebb0/run_manifest.json,9f29b6833f91d005cfe6f3c500648018cf58e10a76ae774944417f1ae7619bbb,184,1768,1072,976,1192,0.75,194.25,186.625,177.0,18.25,9808.0,False,2,0.0,3,60,31277056,hybrid_75-m16-r3-K16-p2-s20260802-87a6ece6ebb0,permuted_within_round,20260802,pass,pass,9330542
1168,9872,16,64.0,17,3776,5168,10840,,12,12432.0,hybrid_75,184,1752,640,976,224,3,0.0,0.046134179731650994,0.5,True,117,11944.0,16,data/runs/w3-tradeoff-20260802-local/hybrid_75-m16-r3-K16-p2-s20260802-e202d2bcc04f/run_manifest.json,bc2eb37bf6f5e61e478496a4a2e020c5e8199a415de1c28eadb3ad2535105748,184,1768,1072,976,1192,0.75,194.25,186.625,177.0,18.25,9808.0,False,2,0.0,3,60,31277056,hybrid_75-m16-r3-K16-p2-s20260802-e202d2bcc04f,round_major,20260802,pass,pass,8837375
1168,9872,4,32.0,5,3760,5144,10816,,12,12416.0,hybrid_75,184,1752,624,976,224,3,0.0,0.1545084971874737,0.5,True,117,11952.0,16,data/runs/w3-tradeoff-20260802-local/hybrid_75-m16-r3-K4-p2-s20260801-cd1259a67c1b/run_manifest.json,880450e490dba437c1495ffe428c3fd14730399a9468c453d66c80d940e8dea5,184,1768,1048,976,1192,0.75,388.0,373.5,352.5,36.5,9840.0,False,2,0.0,3,36,31277056,hybrid_75-m16-r3-K4-p2-s20260801-cd1259a67c1b,round_major,20260801,pass,pass,8883125
1168,9872,4,32.0,5,3760,5144,10816,,12,12416.0,hybrid_75,184,1752,624,976,224,3,0.0,0.1545084971874737,0.5,True,117,11952.0,16,data/runs/w3-tradeoff-20260802-local/hybrid_75-m16-r3-K4-p2-s20260801-d5c24a19b3c9/run_manifest.json,bfaabe07f7274bb337cdab74239fef88bd91ca7fca889d79b494bafd1732acf2,184,1768,1048,976,1192,0.75,388.0,373.5,352.5,36.5,9840.0,False,2,0.0,3,36,31277056,hybrid_75-m16-r3-K4-p2-s20260801-d5c24a19b3c9,permuted_within_round,20260801,pass,pass,8858583
1168,9872,4,32.0,5,3760,5144,10816,,12,12416.0,hybrid_75,184,1752,624,976,224,3,0.0,0.1545084971874737,0.5,True,117,11952.0,16,data/runs/w3-tradeoff-20260802-local/hybrid_75-m16-r3-K4-p2-s20260802-b7e447432a49/run_manifest.json,0a644434e3364c424f5274970be4e6a81281eb7ced3e26375edaddf589cc46cb,184,1768,1048,976,1192,0.75,388.0,373.5,352.5,36.5,9840.0,False,2,0.0,3,36,31277056,hybrid_75-m16-r3-K4-p2-s20260802-b7e447432a49,permuted_within_round,20260802,pass,pass,8857833
1168,9872,4,32.0,5,3760,5144,10816,,12,12416.0,hybrid_75,184,1752,624,976,224,3,0.0,0.1545084971874737,0.5,True,117,11952.0,16,data/runs/w3-tradeoff-20260802-local/hybrid_75-m16-r3-K4-p2-s20260802-d72c587bc0e5/run_manifest.json,7509e32c9a315189902fbc1539d132420ca8cdab06e5e9343199b576c08df395,184,1768,1048,976,1192,0.75,388.0,373.5,352.5,36.5,9840.0,False,2,0.0,3,36,31277056,hybrid_75-m16-r3-K4-p2-s20260802-d72c587bc0e5,round_major,20260802,pass,pass,8865375
6224,24336,16,128.0,17,3840,5232,3840,,24,9936.0,hybrid_75,184,1752,704,976,224,1,0.0,0.046134179731650994,0.5,True,91,9936.0,32,data/runs/w3-tradeoff-20260802-local/hybrid_75-m32-r2-K16-p1-s20260801-d1b1579693f6/run_manifest.json,2665be9404b81c2460dc9036c2c1ba9efa840085d27c6dc2448a071e56d3a91a,184,1768,1136,976,1192,0.75,77.625,77.625,30.0,48.625,24208.0,True,1,0.0,2,120,31277056,hybrid_75-m32-r2-K16-p1-s20260801-d1b1579693f6,round_major,20260801,pass,pass,7322250
1168,18576,16,128.0,17,3840,5232,10920,,24,12560.0,hybrid_75,184,1752,704,976,224,3,0.0,0.046134179731650994,0.5,True,165,11960.0,32,data/runs/w3-tradeoff-20260802-local/hybrid_75-m32-r2-K16-p2-s20260801-af2ad6253fc5/run_manifest.json,cc5f9ac93559da459cfe1da0e83ed9db661f0205bda538d29195efca61f6418c,184,1768,1136,976,1192,0.75,98.125,93.4375,90.0,9.125,18448.0,False,2,0.0,2,120,31277056,hybrid_75-m32-r2-K16-p2-s20260801-af2ad6253fc5,round_major,20260801,pass,pass,12626667
1168,18576,16,128.0,17,3840,5232,24200,,24,27920.0,hybrid_75,184,1752,704,976,224,7,0.0,0.046134179731650994,0.5,True,297,25240.0,32,data/runs/w3-tradeoff-20260802-local/hybrid_75-m32-r2-K16-p4-s20260801-e0358702f11a/run_manifest.json,0c8df679a57e93c9c6fac66dd278cde6dfbf8ccf744bf0fddd2f2db2e4fe0f9f,184,1768,1136,976,1192,0.75,218.125,197.1875,210.0,9.125,18448.0,False,4,0.0,2,120,31277056,hybrid_75-m32-r2-K16-p4-s20260801-e0358702f11a,round_major,20260801,pass,pass,20952541
6224,24336,2,32.0,3,3768,5152,3768,,24,9960.0,hybrid_75,184,1752,632,976,224,1,0.0,0.24999999999999997,0.5,True,91,9960.0,32,data/runs/w3-tradeoff-20260802-local/hybrid_75-m32-r2-K2-p1-s20260801-8e67745cd266/run_manifest.json,7f4563460fc7f9a153260cd210a9a4ccb8c16d0a754d8911c3ac849d8bb4afa1,184,1768,1056,976,1192,0.75,311.25,311.25,117.75,194.5,24304.0,True,1,0.0,2,48,31277056,hybrid_75-m32-r2-K2-p1-s20260801-8e67745cd266,round_major,20260801,pass,pass,7247666
1168,18576,2,32.0,3,3768,5152,10824,,24,12440.0,hybrid_75,184,1752,632,976,224,3,0.0,0.24999999999999997,0.5,True,165,11960.0,32,data/runs/w3-tradeoff-20260802-local/hybrid_75-m32-r2-K2-p2-s20260801-6ec0c33fc52a/run_manifest.json,9c1e1cdfe47aca9a8d8fc6702a8e53b3a95c7add66c33312a4f762f2260c2526,184,1768,1056,976,1192,0.75,388.75,373.75,353.25,36.5,18544.0,False,2,0.0,2,48,31277056,hybrid_75-m32-r2-K2-p2-s20260801-6ec0c33fc52a,round_major,20260801,pass,pass,12421625
1168,18576,2,32.0,3,3768,5152,24104,,24,27512.0,hybrid_75,184,1752,632,976,224,7,0.0,0.24999999999999997,0.5,True,297,25240.0,32,data/runs/w3-tradeoff-20260802-local/hybrid_75-m32-r2-K2-p4-s20260801-8dfb6bdbbd8c/run_manifest.json,24251732212819ab84ec9226e2121325222cb21da5f17f9c03bfa372335f908a,184,1768,1056,976,1192,0.75,859.75,788.75,824.25,36.5,18544.0,False,4,0.0,2,48,31277056,hybrid_75-m32-r2-K2-p4-s20260801-8dfb6bdbbd8c,round_major,20260801,pass,pass,20902459
6224,24336,4,64.0,5,3784,5176,3784,,24,9944.0,hybrid_75,184,1752,648,976,224,1,0.0,0.1545084971874737,0.5,True,91,9944.0,32,data/runs/w3-tradeoff-20260802-local/hybrid_75-m32-r2-K4-p1-s20260801-836a9addbe30/run_manifest.json,4a19c3081ac35dcfcc89e3089e73c56f00978ba566c51bf5bb957f75936d51e3,184,1768,1080,976,1192,0.75,155.375,155.375,59.125,97.25,24272.0,True,1,0.0,2,72,31277056,hybrid_75-m32-r2-K4-p1-s20260801-836a9addbe30,round_major,20260801,pass,pass,7198666
1168,18576,4,64.0,5,3784,5176,10848,,24,12456.0,hybrid_75,184,1752,648,976,224,3,0.0,0.1545084971874737,0.5,True,165,11952.0,32,data/runs/w3-tradeoff-20260802-local/hybrid_75-m32-r2-K4-p2-s20260801-d956c35952c2/run_manifest.json,156193833e0c33789a39c48c69b531d8659529578e10fb8a20d49f73cc934b93,184,1768,1080,976,1192,0.75,194.625,186.75,177.375,18.25,18512.0,False,2,0.0,2,72,31277056,hybrid_75-m32-r2-K4-p2-s20260801-d956c35952c2,round_major,20260801,pass,pass,12880292
1168,18576,4,64.0,5,3784,5176,24128,,24,27592.0,hybrid_75,184,1752,648,976,224,7,0.0,0.1545084971874737,0.5,True,297,25232.0,32,data/runs/w3-tradeoff-20260802-local/hybrid_75-m32-r2-K4-p4-s20260801-81a883680ef8/run_manifest.json,6f1019de4498c2f4291ad25dd3ddaf0a90a6b95c9fab2c865225aba9ed5d780e,184,1768,1080,976,1192,0.75,431.125,394.25,413.875,18.25,18512.0,False,4,0.0,2,72,31277056,hybrid_75-m32-r2-K4-p4-s20260801-81a883680ef8,round_major,20260801,pass,pass,21080666
6224,24336,8,96.0,9,3808,5192,3808,,24,9936.0,hybrid_75,184,1752,672,976,224,1,0.0,0.08682408883346517,0.5,True,91,9936.0,32,data/runs/w3-tradeoff-20260802-local/hybrid_75-m32-r2-K8-p1-s20260801-3ebba027c0c1/run_manifest.json,29396270b3e350c7ef1fab78b181dc22462b6ce62aed367b0549850a032bfb7d,184,1768,1096,976,1192,0.75,103.5,103.5,39.666666666666664,64.83333333333333,24240.0,True,1,0.0,2,96,31277056,hybrid_75-m32-r2-K8-p1-s20260801-3ebba027c0c1,round_major,20260801,pass,pass,7544500
1168,18576,8,96.0,9,3808,5192,10880,,24,12496.0,hybrid_75,184,1752,672,976,224,3,0.0,0.08682408883346517,0.5,True,165,11952.0,32,data/runs/w3-tradeoff-20260802-local/hybrid_75-m32-r2-K8-p2-s20260801-088497a7e718/run_manifest.json,5fb27cc4280525e91506a484b7ea511bd6e61c4bc4ae346d0a6f61ad7c8449ad,184,1768,1096,976,1192,0.75,130.16666666666666,124.5,119.0,12.166666666666666,18480.0,False,2,0.0,2,96,31277056,hybrid_75-m32-r2-K8-p2-s20260801-088497a7e718,round_major,20260801,pass,pass,12526791
1168,18576,8,96.0,9,3808,5192,24160,,24,27728.0,hybrid_75,184,1752,672,976,224,7,0.0,0.08682408883346517,0.5,True,297,25232.0,32,data/runs/w3-tradeoff-20260802-local/hybrid_75-m32-r2-K8-p4-s20260801-3a0b77b43b71/run_manifest.json,e1b4faffd547a99aad3d3934beeef5c1203a86055891f974427b05d7d72ce39e,184,1768,1096,976,1192,0.75,288.8333333333333,262.8333333333333,277.6666666666667,12.166666666666666,18480.0,False,4,0.0,2,96,31277056,hybrid_75-m32-r2-K8-p4-s20260801-3a0b77b43b71,round_major,20260801,pass,pass,20956583
11280,29392,16,128.0,17,3840,5232,3840,,24,14992.0,hybrid_75,184,1752,704,976,224,1,0.0,0.046134179731650994,0.5,True,123,14992.0,32,data/runs/w3-tradeoff-20260802-local/hybrid_75-m32-r3-K16-p1-s20260801-b6cdc63dce49/run_manifest.json,3783f4d2a2ed90e59b616758722277d93cf09a8b128085167d7f2fde59bee679,184,1768,1136,976,1192,0.75,117.125,117.125,30.0,88.125,29264.0,True,1,0.0,3,120,31293440,hybrid_75-m32-r3-K16-p1-s20260801-b6cdc63dce49,round_major,20260801,pass,pass,9876000
1168,18576,16,128.0,17,3840,5232,24200,,24,27920.0,hybrid_75,184,1752,704,976,224,7,0.0,0.046134179731650994,0.5,True,425,25240.0,32,data/runs/w3-tradeoff-20260802-local/hybrid_75-m32-r3-K16-p4-s20260801-ab39063c5d7b/run_manifest.json,14b575686283bb47ac82468bb6fda5fbb2540aa85750a2bc6a91d6761920e406,184,1768,1136,976,1192,0.75,218.125,197.1875,210.0,9.125,18448.0,False,4,0.0,3,120,31293440,hybrid_75-m32-r3-K16-p4-s20260801-ab39063c5d7b,round_major,20260801,pass,pass,29869666
11280,29392,4,64.0,5,3784,5176,3784,,24,15000.0,hybrid_75,184,1752,648,976,224,1,0.0,0.1545084971874737,0.5,True,123,15000.0,32,data/runs/w3-tradeoff-20260802-local/hybrid_75-m32-r3-K4-p1-s20260801-8df36a9f2207/run_manifest.json,ea95db22274d54de963984391660b25cd6f52a10cc10533e771a09c683611621,184,1768,1080,976,1192,0.75,234.375,234.375,59.125,176.25,29328.0,True,1,0.0,3,72,31293440,hybrid_75-m32-r3-K4-p1-s20260801-8df36a9f2207,round_major,20260801,pass,pass,9921250
1168,18576,4,64.0,5,3784,5176,24128,,24,27592.0,hybrid_75,184,1752,648,976,224,7,0.0,0.1545084971874737,0.5,True,425,25232.0,32,data/runs/w3-tradeoff-20260802-local/hybrid_75-m32-r3-K4-p4-s20260801-64f708a5ece4/run_manifest.json,db7da514aacc0b5a984e0032db7d6b48a80ff6db7be6729d5adcd791bd8d68b4,184,1768,1080,976,1192,0.75,431.125,394.25,413.875,18.25,18512.0,False,4,0.0,3,72,31309824,hybrid_75-m32-r3-K4-p4-s20260801-64f708a5ece4,round_major,20260801,pass,pass,29642042
16336,34448,16,128.0,17,3840,5248,3840,,24,20048.0,hybrid_75,184,1752,704,976,224,1,0.0,0.046134179731650994,0.5,True,155,20048.0,32,data/runs/w3-tradeoff-20260802-local/hybrid_75-m32-r4-K16-p1-s20260801-55329302da2b/run_manifest.json,55310ae7743df28e5a988e2561597d29df0e5df4433ba9ccc427d5ee03a1b71e,184,1776,1144,976,1192,0.75,156.625,156.625,30.0,127.625,34320.0,True,1,0.0,4,120,31309824,hybrid_75-m32-r4-K16-p1-s20260801-55329302da2b,round_major,20260801,pass,pass,12652708
1168,18576,16,128.0,17,3840,5248,24224,,24,27920.0,hybrid_75,184,1752,704,976,224,7,0.0,0.046134179731650994,0.5,True,553,25264.0,32,data/runs/w3-tradeoff-20260802-local/hybrid_75-m32-r4-K16-p4-s20260801-060aca5b87dd/run_manifest.json,fea200844c3bd1ac93a01517ef16220644b475a48709457f66889a7803aab07c,184,1776,1144,976,1192,0.75,218.125,197.375,210.0,9.125,18448.0,False,4,0.0,4,120,31309824,hybrid_75-m32-r4-K16-p4-s20260801-060aca5b87dd,round_major,20260801,pass,pass,38516625
16336,34448,4,64.0,5,3784,5192,3784,,24,20056.0,hybrid_75,184,1752,648,976,224,1,0.0,0.1545084971874737,0.5,True,155,20056.0,32,data/runs/w3-tradeoff-20260802-local/hybrid_75-m32-r4-K4-p1-s20260801-88ec0f746598/run_manifest.json,bb211c7287b86b77b617fe3df67b745a1f5c6c3d550d678cda38aab6e0a53e80,184,1776,1088,976,1192,0.75,313.375,313.375,59.125,255.25,34384.0,True,1,0.0,4,72,31309824,hybrid_75-m32-r4-K4-p1-s20260801-88ec0f746598,round_major,20260801,pass,pass,12314542
1168,18576,4,64.0,5,3784,5192,24152,,24,27592.0,hybrid_75,184,1752,648,976,224,7,0.0,0.1545084971874737,0.5,True,553,25256.0,32,data/runs/w3-tradeoff-20260802-local/hybrid_75-m32-r4-K4-p4-s20260801-6cf7367e4ff2/run_manifest.json,584445c21f0099139b686e6a1a4d87c20073721df369778bda9ec22fd83c7333,184,1776,1088,976,1192,0.75,431.125,394.625,413.875,18.25,18512.0,False,4,0.0,4,72,31309824,hybrid_75-m32-r4-K4-p4-s20260801-6cf7367e4ff2,round_major,20260801,pass,pass,43551209
1800,4064,16,16.0,17,3736,5120,3736,,3,5520.0,hybrid_75,184,1752,600,976,224,1,0.0,0.046134179731650994,0.5,True,14,5520.0,4,data/runs/w3-tradeoff-20260802-local/hybrid_75-m4-r2-K16-p1-s20260801-3b36a1d9ead8/run_manifest.json,3c85d2538dcfc03a005141e443b158873813d7a076cfdb25e68a84c1c568484b,184,1768,1024,976,1192,0.75,345.0,345.0,233.5,112.5,4048.0,True,1,0.0,2,15,31309824,hybrid_75-m4-r2-K16-p1-s20260801-3b36a1d9ead8,round_major,20260801,pass,pass,1303167
1168,3344,16,16.0,17,3736,5120,10784,,3,12360.0,hybrid_75,184,1752,600,976,224,3,0.0,0.046134179731650994,0.5,True,25,11936.0,4,data/runs/w3-tradeoff-20260802-local/hybrid_75-m4-r2-K16-p2-s20260801-5a51943f1989/run_manifest.json,73cb60c65619d88411acd3865d42c17e729f7fe9657f2ab26095fbf456ae63b9,184,1768,1024,976,1192,0.75,772.5,746.0,700.5,73.0,3328.0,True,2,0.0,2,15,31309824,hybrid_75-m4-r2-K16-p2-s20260801-5a51943f1989,round_major,20260801,pass,pass,2129125
1168,3344,16,16.0,17,3736,5120,24064,,3,27304.0,hybrid_75,184,1752,600,976,224,7,0.0,0.046134179731650994,0.5,True,45,25216.0,4,data/runs/w3-tradeoff-20260802-local/hybrid_75-m4-r2-K16-p4-s20260801-b035382fd891/run_manifest.json,96168812264d6fca2eca196533a0bb094b5d10c8985c0f50a41d1503adb102b3,184,1768,1024,976,1192,0.75,1706.5,1576.0,1634.5,73.0,3328.0,False,4,0.0,2,15,31309824,hybrid_75-m4-r2-K16-p4-s20260801-b035382fd891,round_major,20260801,pass,pass,3387250
1800,4064,2,4.0,3,3728,5112,3728,,3,5524.0,hybrid_75,184,1752,592,976,224,1,0.0,0.24999999999999997,0.5,True,14,5524.0,4,data/runs/w3-tradeoff-20260802-local/hybrid_75-m4-r2-K2-p1-s20260801-ee48f20d3961/run_manifest.json,b94b9c360046ac0316d302af7808f92c95f111e0655a11eb08af701299e4af5c,184,1768,1016,976,1192,0.75,1381.0,1381.0,932.0,450.0,4060.0,True,1,0.0,2,6,31309824,hybrid_75-m4-r2-K2-p1-s20260801-ee48f20d3961,round_major,20260801,pass,pass,1287708
1168,3344,2,4.0,3,3728,5112,10776,,3,12348.0,hybrid_75,184,1752,592,976,224,3,0.0,0.24999999999999997,0.5,True,25,11940.0,4,data/runs/w3-tradeoff-20260802-local/hybrid_75-m4-r2-K2-p2-s20260801-d75ca80d5881/run_manifest.json,03dd06bc947c0c83f8bde99a1356ddad05608e7aad33e1597d3899d08fd3f294,184,1768,1016,976,1192,0.75,3087.0,2985.0,2796.0,292.0,3340.0,True,2,0.0,2,6,31309824,hybrid_75-m4-r2-K2-p2-s20260801-d75ca80d5881,round_major,20260801,pass,pass,2508750
1168,3344,2,4.0,3,3728,5112,24056,,3,27260.0,hybrid_75,184,1752,592,976,224,7,0.0,0.24999999999999997,0.5,True,45,25220.0,4,data/runs/w3-tradeoff-20260802-local/hybrid_75-m4-r2-K2-p4-s20260801-cbff41586aab/run_manifest.json,92dbccec51a491e9e3f29da481b4de7075dd5f30b1d91d3777e1e1508c263ffb,184,1768,1016,976,1192,0.75,6815.0,6305.0,6524.0,292.0,3340.0,True,4,0.0,2,6,31309824,hybrid_75-m4-r2-K2-p4-s20260801-cbff41586aab,round_major,20260801,pass,pass,3700541
1800,4064,4,8.0,5,3728,5112,3728,,3,5520.0,hybrid_75,184,1752,592,976,224,1,0.0,0.1545084971874737,0.5,True,14,5520.0,4,data/runs/w3-tradeoff-20260802-local/hybrid_75-m4-r2-K4-p1-s20260801-884c0c5ff7df/run_manifest.json,0541c9d418dab82751a59b327be1611073de6768bfb0799ed22f51a99709f2af,184,1768,1016,976,1192,0.75,690.0,690.0,466.0,225.0,4056.0,True,1,0.0,2,9,31309824,hybrid_75-m4-r2-K4-p1-s20260801-884c0c5ff7df,round_major,20260801,pass,pass,1339000
1168,3344,4,8.0,5,3728,5112,10776,,3,12344.0,hybrid_75,184,1752,592,976,224,3,0.0,0.1545084971874737,0.5,True,25,11936.0,4,data/runs/w3-tradeoff-20260802-local/hybrid_75-m4-r2-K4-p2-s20260801-e1d278a444fd/run_manifest.json,89ffd3d5eae0bd104122372e8c9ae60a453ee9b86cdcfaaed84f0568a7ef84be,184,1768,1016,976,1192,0.75,1543.0,1492.0,1398.0,146.0,3336.0,True,2,0.0,2,9,31309824,hybrid_75-m4-r2-K4-p2-s20260801-e1d278a444fd,round_major,20260801,pass,pass,2125333
1168,3344,4,8.0,5,3728,5112,24056,,3,27256.0,hybrid_75,184,1752,592,976,224,7,0.0,0.1545084971874737,0.5,True,45,25216.0,4,data/runs/w3-tradeoff-20260802-local/hybrid_75-m4-r2-K4-p4-s20260801-ba2686543c52/run_manifest.json,de7781205c800a40f3e9655968e902d505eba7cce3b6f6a9f8bae657dbed0237,184,1768,1016,976,1192,0.75,3407.0,3152.0,3262.0,146.0,3336.0,True,4,0.0,2,9,31309824,hybrid_75-m4-r2-K4-p4-s20260801-ba2686543c52,round_major,20260801,pass,pass,3466333
1800,4064,8,12.0,9,3736,5120,3736,,3,5524.0,hybrid_75,184,1752,600,976,224,1,0.0,0.08682408883346517,0.5,True,14,5524.0,4,data/runs/w3-tradeoff-20260802-local/hybrid_75-m4-r2-K8-p1-s20260801-f239d6533a9d/run_manifest.json,16504c14653a98ef4bf4884d5f7a6003a7c77db7ffbe2f8858f43420f40a45b4,184,1768,1024,976,1192,0.75,460.3333333333333,460.3333333333333,311.3333333333333,150.0,4052.0,True,1,0.0,2,12,31309824,hybrid_75-m4-r2-K8-p1-s20260801-f239d6533a9d,round_major,20260801,pass,pass,1307500
1168,3344,8,12.0,9,3736,5120,10784,,3,12364.0,hybrid_75,184,1752,600,976,224,3,0.0,0.08682408883346517,0.5,True,25,11940.0,4,data/runs/w3-tradeoff-20260802-local/hybrid_75-m4-r2-K8-p2-s20260801-489207842a24/run_manifest.json,8876fcdc3c12c196b2c584e237c19e548309456b07e89e73c988129fc462ba70,184,1768,1024,976,1192,0.75,1030.3333333333333,995.0,934.0,97.33333333333333,3332.0,False,2,0.0,2,12,31309824,hybrid_75-m4-r2-K8-p2-s20260801-489207842a24,round_major,20260801,pass,pass,2120250
1168,3344,8,12.0,9,3736,5120,24064,,3,27308.0,hybrid_75,184,1752,600,976,224,7,0.0,0.08682408883346517,0.5,True,45,25220.0,4,data/runs/w3-tradeoff-20260802-local/hybrid_75-m4-r2-K8-p4-s20260801-534b8a30686b/run_manifest.json,3c1b85827f6909470a8a243077a05ab48fce99aa753693b2c15b3cb9a8e628f4,184,1768,1024,976,1192,0.75,2275.6666666666665,2101.6666666666665,2179.3333333333335,97.33333333333333,3332.0,False,4,0.0,2,12,31309824,hybrid_75-m4-r2-K8-p4-s20260801-534b8a30686b,round_major,20260801,pass,pass,3574166
11280,47504,16,256.0,17,3952,5360,3952,,48,14976.0,hybrid_75,184,1752,816,976,224,1,0.0,0.046134179731650994,0.5,True,179,14976.0,64,data/runs/w3-tradeoff-20260802-local/hybrid_75-m64-r2-K16-p1-s20260801-392c900fc51d/run_manifest.json,5010cb08f0fc3e21e9b4e7782a40edc7d421cd4150ab7ac8f018d24f215151bc,184,1776,1256,976,1192,0.75,58.5,58.5,15.4375,44.0625,47248.0,True,1,0.0,2,240,31309824,hybrid_75-m64-r2-K16-p1-s20260801-392c900fc51d,round_major,20260801,pass,pass,14345125
1168,35984,16,256.0,17,3952,5360,11080,,48,12768.0,hybrid_75,184,1752,816,976,224,3,0.0,0.046134179731650994,0.5,True,325,11992.0,64,data/runs/w3-tradeoff-20260802-local/hybrid_75-m64-r2-K16-p2-s20260801-269a70abb133/run_manifest.json,f3c98fd8e315fd349e28501e2c6d1dacda7ad104d40c8c3b04eeaff918bcb265,184,1776,1256,976,1192,0.75,49.875,46.84375,46.3125,4.5625,35728.0,False,2,0.0,2,240,31358976,hybrid_75-m64-r2-K16-p2-s20260801-269a70abb133,permuted_within_round,20260801,pass,pass,24723291
1168,35984,16,256.0,17,3952,5360,11080,,48,12768.0,hybrid_75,184,1752,816,976,224,3,0.0,0.046134179731650994,0.5,True,325,11992.0,64,data/runs/w3-tradeoff-20260802-local/hybrid_75-m64-r2-K16-p2-s20260801-6ff7082cdeda/run_manifest.json,1b7f63e965752c6739f285482d84ac2235f2f0fa35f55b89be475872d057c2a6,184,1776,1256,976,1192,0.75,49.875,46.84375,46.3125,4.5625,35728.0,False,2,0.0,2,240,31358976,hybrid_75-m64-r2-K16-p2-s20260801-6ff7082cdeda,round_major,20260801,pass,pass,24997500
1168,35984,16,256.0,17,3944,5360,11064,,48,12744.0,hybrid_75,184,1752,808,976,224,3,0.0,0.046134179731650994,0.5,True,325,11976.0,64,data/runs/w3-tradeoff-20260802-local/hybrid_75-m64-r2-K16-p2-s20260802-e86335a2e76e/run_manifest.json,6e2af49b4272b6c986f50e3b9b1a4140eef58aa2cf911790bac1b419e9cc01d4,184,1776,1256,976,1192,0.75,49.78125,46.78125,46.21875,4.5625,35728.0,False,2,0.0,2,240,31358976,hybrid_75-m64-r2-K16-p2-s20260802-e86335a2e76e,permuted_within_round,20260802,pass,pass,24914709
1168,35984,16,256.0,17,3944,5360,11064,,48,12744.0,hybrid_75,184,1752,808,976,224,3,0.0,0.046134179731650994,0.5,True,325,11976.0,64,data/runs/w3-tradeoff-20260802-local/hybrid_75-m64-r2-K16-p2-s20260802-ff7859ca4172/run_manifest.json,d1052e020ecd3b2081aa264fea5c65c213522d19ca1dadf79e015468c656672a,184,1776,1256,976,1192,0.75,49.78125,46.78125,46.21875,4.5625,35728.0,False,2,0.0,2,240,31358976,hybrid_75-m64-r2-K16-p2-s20260802-ff7859ca4172,round_major,20260802,pass,pass,24936542
1168,35984,16,256.0,17,3952,5360,24376,,48,28576.0,hybrid_75,184,1752,816,976,224,7,0.0,0.046134179731650994,0.5,True,585,25288.0,64,data/runs/w3-tradeoff-20260802-local/hybrid_75-m64-r2-K16-p4-s20260801-be78ede97ec2/run_manifest.json,2cfcf2c1cb98f4b4b1d83291b92503d3cb0bedec1f57f15a49d7f9082edea14a,184,1776,1256,976,1192,0.75,111.625,98.78125,108.0625,4.5625,35728.0,False,4,0.0,2,240,31358976,hybrid_75-m64-r2-K16-p4-s20260801-be78ede97ec2,round_major,20260801,pass,pass,41264083
11280,47504,2,64.0,3,3808,5208,3808,,48,15024.0,hybrid_75,184,1752,672,976,224,1,0.0,0.24999999999999997,0.5,True,179,15024.0,64,data/runs/w3-tradeoff-20260802-local/hybrid_75-m64-r2-K2-p1-s20260801-62228f6c1a94/run_manifest.json,c62197cca29e2a69d7abb66247d8d3ec618521d5bbe934cb3319ce2b0a3f43ce,184,1776,1104,976,1192,0.75,234.75,234.75,59.5,176.25,47440.0,True,1,0.0,2,96,31358976,hybrid_75-m64-r2-K2-p1-s20260801-62228f6c1a94,round_major,20260801,pass,pass,14461250
1168,35984,2,64.0,3,3808,5208,10888,,48,12528.0,hybrid_75,184,1752,672,976,224,3,0.0,0.24999999999999997,0.5,True,325,11992.0,64,data/runs/w3-tradeoff-20260802-local/hybrid_75-m64-r2-K2-p2-s20260801-09dbf8bfd32d/run_manifest.json,19ec1bdc6b907a2003512f86bdfb5ef430c252c52ff15dc07596091162bee216,184,1776,1104,976,1192,0.75,195.75,187.375,178.5,18.25,35920.0,False,2,0.0,2,96,31358976,hybrid_75-m64-r2-K2-p2-s20260801-09dbf8bfd32d,round_major,20260801,pass,pass,24152667
1168,35984,2,64.0,3,3808,5208,24184,,48,27760.0,hybrid_75,184,1752,672,976,224,7,0.0,0.24999999999999997,0.5,True,585,25288.0,64,data/runs/w3-tradeoff-20260802-local/hybrid_75-m64-r2-K2-p4-s20260801-dbcf018e97b4/run_manifest.json,0892d9620d3408c5f72fb90844c3b590e8afb28a7d01cf628eb7a40b831bbbfd,184,1776,1104,976,1192,0.75,433.75,395.125,416.5,18.25,35920.0,False,4,0.0,2,96,31358976,hybrid_75-m64-r2-K2-p4-s20260801-dbcf018e97b4,round_major,20260801,pass,pass,40964208
11280,47504,4,128.0,5,3848,5256,3848,,48,15000.0,hybrid_75,184,1752,712,976,224,1,0.0,0.1545084971874737,0.5,True,179,15000.0,64,data/runs/w3-tradeoff-20260802-local/hybrid_75-m64-r2-K4-p1-s20260801-f78f9270ccd1/run_manifest.json,af8e7a9bff9f0f41d24a69616ef3c1ff610b2166c395d0ce1f3da14cb9784c94,184,1776,1152,976,1192,0.75,117.1875,117.1875,30.0625,88.125,47376.0,True,1,0.0,2,144,31358976,hybrid_75-m64-r2-K4-p1-s20260801-f78f9270ccd1,round_major,20260801,pass,pass,14303708
1168,35984,4,128.0,5,3848,5256,10944,,48,12584.0,hybrid_75,184,1752,712,976,224,3,0.0,0.1545084971874737,0.5,True,325,11984.0,64,data/runs/w3-tradeoff-20260802-local/hybrid_75-m64-r2-K4-p2-s20260801-04a9a45ae77c/run_manifest.json,d3cc5c9e8fb31cbf4d9ac5f28a1f33065df1fc7342848e164cd93578f16314a7,184,1776,1152,976,1192,0.75,98.3125,93.625,90.1875,9.125,35856.0,False,2,0.0,2,144,31358976,hybrid_75-m64-r2-K4-p2-s20260801-04a9a45ae77c,permuted_within_round,20260801,pass,pass,24866959
1168,35984,4,128.0,5,3848,5256,10944,,48,12584.0,hybrid_75,184,1752,712,976,224,3,0.0,0.1545084971874737,0.5,True,325,11984.0,64,data/runs/w3-tradeoff-20260802-local/hybrid_75-m64-r2-K4-p2-s20260801-c0da50057fbd/run_manifest.json,2a8cc022d7afadee210d1d6291b08b117eed40e9f00c58c1da0baa340f6cdc08,184,1776,1152,976,1192,0.75,98.3125,93.625,90.1875,9.125,35856.0,False,2,0.0,2,144,31358976,hybrid_75-m64-r2-K4-p2-s20260801-c0da50057fbd,round_major,20260801,pass,pass,24631583
1168,35984,4,128.0,5,3848,5256,10944,,48,12584.0,hybrid_75,184,1752,712,976,224,3,0.0,0.1545084971874737,0.5,True,325,11984.0,64,data/runs/w3-tradeoff-20260802-local/hybrid_75-m64-r2-K4-p2-s20260802-73c18cebd41b/run_manifest.json,edc84e18c0095d641a7e8df5216d2adb646e621c699b0b99fe063ced503b02be,184,1776,1152,976,1192,0.75,98.3125,93.625,90.1875,9.125,35856.0,False,2,0.0,2,144,31358976,hybrid_75-m64-r2-K4-p2-s20260802-73c18cebd41b,permuted_within_round,20260802,pass,pass,24632125
1168,35984,4,128.0,5,3848,5256,10944,,48,12584.0,hybrid_75,184,1752,712,976,224,3,0.0,0.1545084971874737,0.5,True,325,11984.0,64,data/runs/w3-tradeoff-20260802-local/hybrid_75-m64-r2-K4-p2-s20260802-945979101598/run_manifest.json,59f54b2fbae488b0c41b5dffb7c4a4d824e34bcf7493532e9b492895860e62af,184,1776,1152,976,1192,0.75,98.3125,93.625,90.1875,9.125,35856.0,False,2,0.0,2,144,31358976,hybrid_75-m64-r2-K4-p2-s20260802-945979101598,round_major,20260802,pass,pass,24262666
1168,35984,4,128.0,5,3848,5256,24240,,48,27976.0,hybrid_75,184,1752,712,976,224,7,0.0,0.1545084971874737,0.5,True,585,25280.0,64,data/runs/w3-tradeoff-20260802-local/hybrid_75-m64-r2-K4-p4-s20260801-febb900f2a36/run_manifest.json,d19df7ef1ed35eb5889e6a023357cd836d637e647fc0cef574051a65a7250415,184,1776,1152,976,1192,0.75,218.5625,197.5,210.4375,9.125,35856.0,False,4,0.0,2,144,31358976,hybrid_75-m64-r2-K4-p4-s20260801-febb900f2a36,round_major,20260801,pass,pass,41316250
11280,47504,8,192.0,9,3896,5304,3896,,48,14984.0,hybrid_75,184,1752,760,976,224,1,0.0,0.04341204441673258,0.25,True,179,14984.0,64,data/runs/w3-tradeoff-20260802-local/hybrid_75-m64-r2-K8-p1-s20260801-880dec200260/run_manifest.json,cf4a403084699f1ab74f55cca813fe3a58251eade58d8d2ba275cb9617d0a62f,184,1776,1200,976,1192,0.75,78.04166666666667,78.04166666666667,20.291666666666668,58.75,47312.0,True,1,0.0,2,192,31358976,hybrid_75-m64-r2-K8-p1-s20260801-880dec200260,round_major,20260801,pass,pass,14300083
11280,47504,8,192.0,9,3896,5304,3896,,48,14984.0,hybrid_75,184,1752,760,976,224,1,0.0,0.08682408883346517,0.5,True,179,14984.0,64,data/runs/w3-tradeoff-20260802-local/hybrid_75-m64-r2-K8-p1-s20260801-be266ad3a293/run_manifest.json,158129fc26bdd294b374d4fd129ecf7b3013818f4c4896e5e2537aeb635d4887,184,1776,1200,976,1192,0.75,78.04166666666667,78.04166666666667,20.291666666666668,58.75,47312.0,True,1,0.0,2,192,31358976,hybrid_75-m64-r2-K8-p1-s20260801-be266ad3a293,round_major,20260801,pass,pass,14313125
11280,47504,8,192.0,9,3896,5304,3896,,48,14984.0,hybrid_75,184,1752,760,976,224,1,0.0,0.1562833599002373,0.9,True,179,14984.0,64,data/runs/w3-tradeoff-20260802-local/hybrid_75-m64-r2-K8-p1-s20260801-fd2cf43e7be3/run_manifest.json,5350cfb3712749895674e8f7afec0e939c9dcd1feab1fb27bc4b9968fc4c9db4,184,1776,1200,976,1192,0.75,78.04166666666667,78.04166666666667,20.291666666666668,58.75,47312.0,True,1,0.0,2,192,31358976,hybrid_75-m64-r2-K8-p1-s20260801-fd2cf43e7be3,round_major,20260801,pass,pass,14175000
1168,35984,8,192.0,9,3896,5304,11008,,48,12664.0,hybrid_75,184,1752,760,976,224,3,0.0,0.1562833599002373,0.9,True,325,11984.0,64,data/runs/w3-tradeoff-20260802-local/hybrid_75-m64-r2-K8-p2-s20260801-601f36ce8624/run_manifest.json,eeeb8a9cb6b6ecb2e416dd717730f9370c896cd8cd6019ddac22735238be1220,184,1776,1200,976,1192,0.75,65.95833333333333,62.416666666666664,60.875,6.083333333333333,35792.0,False,2,0.0,2,192,31358976,hybrid_75-m64-r2-K8-p2-s20260801-601f36ce8624,round_major,20260801,pass,pass,24469417
1168,35984,8,192.0,9,3896,5304,11008,,48,12664.0,hybrid_75,184,1752,760,976,224,3,0.0,0.08682408883346517,0.5,True,325,11984.0,64,data/runs/w3-tradeoff-20260802-local/hybrid_75-m64-r2-K8-p2-s20260801-93b4800b1323/run_manifest.json,d38a207984a5ae3a6a2f362b4890df718c34ee7f6a4d0928bf62137a4385a034,184,1776,1200,976,1192,0.75,65.95833333333333,62.416666666666664,60.875,6.083333333333333,35792.0,False,2,0.0,2,192,31358976,hybrid_75-m64-r2-K8-p2-s20260801-93b4800b1323,round_major,20260801,pass,pass,24359000
1168,35984,8,192.0,9,3896,5304,11008,,48,12664.0,hybrid_75,184,1752,760,976,224,3,0.0,0.04341204441673258,0.25,True,325,11984.0,64,data/runs/w3-tradeoff-20260802-local/hybrid_75-m64-r2-K8-p2-s20260801-97ef4908a3c5/run_manifest.json,b89a51ed3444518ce9fe583cc07cf49f805481fe1b017e98d63941052323d31c,184,1776,1200,976,1192,0.75,65.95833333333333,62.416666666666664,60.875,6.083333333333333,35792.0,False,2,0.0,2,192,31358976,hybrid_75-m64-r2-K8-p2-s20260801-97ef4908a3c5,round_major,20260801,pass,pass,24671083
1168,35984,8,192.0,9,3896,5304,24304,,48,28248.0,hybrid_75,184,1752,760,976,224,7,0.0,0.08682408883346517,0.5,True,585,25280.0,64,data/runs/w3-tradeoff-20260802-local/hybrid_75-m64-r2-K8-p4-s20260801-5abe09e49de0/run_manifest.json,24b09c7b71ff68c1a4b1a8f2690c3e846131af54f943830f97193f0729d3b0e4,184,1776,1200,976,1192,0.75,147.125,131.66666666666666,142.04166666666666,6.083333333333333,35792.0,False,4,0.0,2,192,31358976,hybrid_75-m64-r2-K8-p4-s20260801-5abe09e49de0,round_major,20260801,pass,pass,41317542
1168,35984,8,192.0,9,3896,5304,24304,,48,28248.0,hybrid_75,184,1752,760,976,224,7,0.0,0.1562833599002373,0.9,True,585,25280.0,64,data/runs/w3-tradeoff-20260802-local/hybrid_75-m64-r2-K8-p4-s20260801-e5553bd0aa08/run_manifest.json,c1c07f73d10d4219309208a150c9729e3d960352c419b043631203ae0cbf8d7a,184,1776,1200,976,1192,0.75,147.125,131.66666666666666,142.04166666666666,6.083333333333333,35792.0,False,4,0.0,2,192,31358976,hybrid_75-m64-r2-K8-p4-s20260801-e5553bd0aa08,round_major,20260801,pass,pass,41730750
1168,35984,8,192.0,9,3896,5304,24304,,48,28248.0,hybrid_75,184,1752,760,976,224,7,0.0,0.04341204441673258,0.25,True,585,25280.0,64,data/runs/w3-tradeoff-20260802-local/hybrid_75-m64-r2-K8-p4-s20260801-ecfa6142f953/run_manifest.json,3ea7246aff27b4bcdb0ccba6e642776b2a276473b45d5cdc9f6968c8c81e2ae9,184,1776,1200,976,1192,0.75,147.125,131.66666666666666,142.04166666666666,6.083333333333333,35792.0,False,4,0.0,2,192,31358976,hybrid_75-m64-r2-K8-p4-s20260801-ecfa6142f953,round_major,20260801,pass,pass,40992292
1168,35984,16,256.0,17,3960,5360,11096,,48,12792.0,hybrid_75,184,1760,816,976,224,3,0.0,0.046134179731650994,0.5,True,453,12008.0,64,data/runs/w3-tradeoff-20260802-local/hybrid_75-m64-r3-K16-p2-s20260801-4864a05b71aa/run_manifest.json,876760b6ea0f2306b6b4618758c29a04e1991d94b5d2b41da72b16468a15d525,184,1776,1256,976,1192,0.75,49.96875,46.90625,46.40625,4.5625,35728.0,False,2,0.0,3,240,31358976,hybrid_75-m64-r3-K16-p2-s20260801-4864a05b71aa,round_major,20260801,pass,pass,34027375
1168,35984,16,256.0,17,3960,5360,11096,,48,12792.0,hybrid_75,184,1760,816,976,224,3,0.0,0.046134179731650994,0.5,True,453,12008.0,64,data/runs/w3-tradeoff-20260802-local/hybrid_75-m64-r3-K16-p2-s20260801-4c2627a05fb5/run_manifest.json,769d16231ded9d683a003713b3a7853a105302ae77237ae80a788459dd27e61d,184,1776,1256,976,1192,0.75,49.96875,46.90625,46.40625,4.5625,35728.0,False,2,0.0,3,240,31358976,hybrid_75-m64-r3-K16-p2-s20260801-4c2627a05fb5,permuted_within_round,20260801,pass,pass,34228875
1168,35984,16,256.0,17,3952,5360,11088,,48,12768.0,hybrid_75,184,1760,808,976,224,3,0.0,0.046134179731650994,0.5,True,453,12000.0,64,data/runs/w3-tradeoff-20260802-local/hybrid_75-m64-r3-K16-p2-s20260802-d10019613c79/run_manifest.json,8d68899b29f85f6b7f39ced0be39cb3a1317c8f393540f5672ced9da1c958b59,184,1776,1256,976,1192,0.75,49.875,46.875,46.3125,4.5625,35728.0,False,2,0.0,3,240,31358976,hybrid_75-m64-r3-K16-p2-s20260802-d10019613c79,permuted_within_round,20260802,pass,pass,34085375
1168,35984,16,256.0,17,3952,5360,11088,,48,12768.0,hybrid_75,184,1760,808,976,224,3,0.0,0.046134179731650994,0.5,True,453,12000.0,64,data/runs/w3-tradeoff-20260802-local/hybrid_75-m64-r3-K16-p2-s20260802-e3e57356dabb/run_manifest.json,e8be103e706654d06d5217aef4ffed281f1ad5b8c25308a84b1271af87ca85a3,184,1776,1256,976,1192,0.75,49.875,46.875,46.3125,4.5625,35728.0,False,2,0.0,3,240,31358976,hybrid_75-m64-r3-K16-p2-s20260802-e3e57356dabb,round_major,20260802,pass,pass,33733500
1168,35984,4,128.0,5,3856,5256,10960,,48,12608.0,hybrid_75,184,1760,712,976,224,3,0.0,0.1545084971874737,0.5,True,453,12000.0,64,data/runs/w3-tradeoff-20260802-local/hybrid_75-m64-r3-K4-p2-s20260801-1fc0d97b3d5e/run_manifest.json,63a9924f4f5878adc51091a1caccf393e1d58f03cce26a584ca54d3f97ccf454,184,1776,1152,976,1192,0.75,98.5,93.75,90.375,9.125,35856.0,False,2,0.0,3,144,31358976,hybrid_75-m64-r3-K4-p2-s20260801-1fc0d97b3d5e,round_major,20260801,pass,pass,33645583
1168,35984,4,128.0,5,3856,5256,10960,,48,12608.0,hybrid_75,184,1760,712,976,224,3,0.0,0.1545084971874737,0.5,True,453,12000.0,64,data/runs/w3-tradeoff-20260802-local/hybrid_75-m64-r3-K4-p2-s20260801-c8a9c6b83e4d/run_manifest.json,9f01e334b07ee32119776217d9fd5bbe2cdf9c0db502984d3800c241a51b86d2,184,1776,1152,976,1192,0.75,98.5,93.75,90.375,9.125,35856.0,False,2,0.0,3,144,31358976,hybrid_75-m64-r3-K4-p2-s20260801-c8a9c6b83e4d,permuted_within_round,20260801,pass,pass,33905125
1168,35984,4,128.0,5,3856,5264,10960,,48,12608.0,hybrid_75,184,1760,712,976,224,3,0.0,0.1545084971874737,0.5,True,453,12000.0,64,data/runs/w3-tradeoff-20260802-local/hybrid_75-m64-r3-K4-p2-s20260802-38d48bfc60ba/run_manifest.json,0dd5c0d706303362f3179786301951f88b9da849d86199c8fd820e53e32a4fdb,184,1776,1160,976,1192,0.75,98.5,93.75,90.375,9.125,35856.0,False,2,0.0,3,144,31358976,hybrid_75-m64-r3-K4-p2-s20260802-38d48bfc60ba,permuted_within_round,20260802,pass,pass,33874000
1168,35984,4,128.0,5,3856,5256,10960,,48,12608.0,hybrid_75,184,1760,712,976,224,3,0.0,0.1545084971874737,0.5,True,453,12000.0,64,data/runs/w3-tradeoff-20260802-local/hybrid_75-m64-r3-K4-p2-s20260802-5073844ffca8/run_manifest.json,8808e23a2f82d675353eae2b632f67f6692320b6739d777864758ab0efc0f95e,184,1776,1152,976,1192,0.75,98.5,93.75,90.375,9.125,35856.0,False,2,0.0,3,144,31358976,hybrid_75-m64-r3-K4-p2-s20260802-5073844ffca8,round_major,20260802,pass,pass,33828042
2432,6960,16,32.0,17,3752,5136,3752,,6,6152.0,hybrid_75,184,1752,616,976,224,1,0.0,0.046134179731650994,0.5,True,25,6152.0,8,data/runs/w3-tradeoff-20260802-local/hybrid_75-m8-r2-K16-p1-s20260801-efe9c762b86a/run_manifest.json,819f9619e114a249277cff2322119d5a9042016504c547dba37aec37bbcfa85b,184,1768,1040,976,1192,0.75,192.25,192.25,117.25,76.0,6928.0,True,1,0.0,2,30,31358976,hybrid_75-m8-r2-K16-p1-s20260801-efe9c762b86a,round_major,20260801,pass,pass,2305459
1168,5520,16,32.0,17,3752,5136,10808,,6,12392.0,hybrid_75,184,1752,616,976,224,3,0.0,0.046134179731650994,0.5,True,45,11944.0,8,data/runs/w3-tradeoff-20260802-local/hybrid_75-m8-r2-K16-p2-s20260801-217dbb1dafbe/run_manifest.json,d8c708ad26996a241c966d7e84f92604bc7f45b54bd164da69742dc003192990,184,1768,1040,976,1192,0.75,387.25,373.25,351.75,36.5,5488.0,False,2,0.0,2,30,31358976,hybrid_75-m8-r2-K16-p2-s20260801-217dbb1dafbe,round_major,20260801,pass,pass,3729166
1168,5520,16,32.0,17,3752,5136,24088,,6,27400.0,hybrid_75,184,1752,616,976,224,7,0.0,0.046134179731650994,0.5,True,81,25224.0,8,data/runs/w3-tradeoff-20260802-local/hybrid_75-m8-r2-K16-p4-s20260801-df8bcc1fd72f/run_manifest.json,ba51f06fecef652b595afffffacb250a4d525ea0091cdbcdff0a85d520db7d42,184,1768,1040,976,1192,0.75,856.25,788.25,820.75,36.5,5488.0,False,4,0.0,2,30,31358976,hybrid_75-m8-r2-K16-p4-s20260801-df8bcc1fd72f,round_major,20260801,pass,pass,5947208
2432,6960,2,8.0,3,3736,5120,3736,,6,6160.0,hybrid_75,184,1752,600,976,224,1,0.0,0.24999999999999997,0.5,True,25,6160.0,8,data/runs/w3-tradeoff-20260802-local/hybrid_75-m8-r2-K2-p1-s20260801-6f2bc1f5038c/run_manifest.json,c6b106135d336eb7c29754edc07893dd9dcced2b3e3c4aac96658796cefc00c8,184,1768,1024,976,1192,0.75,770.0,770.0,467.0,304.0,6952.0,True,1,0.0,2,12,31358976,hybrid_75-m8-r2-K2-p1-s20260801-6f2bc1f5038c,round_major,20260801,pass,pass,2280666
1168,5520,2,8.0,3,3736,5120,10784,,6,12368.0,hybrid_75,184,1752,600,976,224,3,0.0,0.24999999999999997,0.5,True,45,11944.0,8,data/runs/w3-tradeoff-20260802-local/hybrid_75-m8-r2-K2-p2-s20260801-ecbd0134eeb8/run_manifest.json,14cf2e4623b71e90d346acdfe14b0307d6d35033a6e6eff82a653f542eac03ba,184,1768,1024,976,1192,0.75,1546.0,1493.0,1401.0,146.0,5512.0,False,2,0.0,2,12,31358976,hybrid_75-m8-r2-K2-p2-s20260801-ecbd0134eeb8,round_major,20260801,pass,pass,3625125
1168,5520,2,8.0,3,3736,5120,24064,,6,27312.0,hybrid_75,184,1752,600,976,224,7,0.0,0.24999999999999997,0.5,True,81,25224.0,8,data/runs/w3-tradeoff-20260802-local/hybrid_75-m8-r2-K2-p4-s20260801-aa91ded2bb4e/run_manifest.json,feef7aaf382a6f9e9ad5c6680559d3cd4b5cad6df40951eeedb6fd76a1b90bb7,184,1768,1024,976,1192,0.75,3414.0,3153.0,3269.0,146.0,5512.0,False,4,0.0,2,12,31358976,hybrid_75-m8-r2-K2-p4-s20260801-aa91ded2bb4e,round_major,20260801,pass,pass,5824375
2432,6960,4,16.0,5,3736,5120,3736,,6,6152.0,hybrid_75,184,1752,600,976,224,1,0.0,0.1545084971874737,0.5,True,25,6152.0,8,data/runs/w3-tradeoff-20260802-local/hybrid_75-m8-r2-K4-p1-s20260801-8cfcbc351a38/run_manifest.json,17095c5ae5b176c582857ca1927703feb39326047e90bf948c4d97513a2f1650,184,1768,1024,976,1192,0.75,384.5,384.5,233.5,152.0,6944.0,True,1,0.0,2,18,31358976,hybrid_75-m8-r2-K4-p1-s20260801-8cfcbc351a38,round_major,20260801,pass,pass,2126000
1168,5520,4,16.0,5,3736,5120,10784,,6,12360.0,hybrid_75,184,1752,600,976,224,3,0.0,0.1545084971874737,0.5,True,45,11936.0,8,data/runs/w3-tradeoff-20260802-local/hybrid_75-m8-r2-K4-p2-s20260801-3b593fdc1f0a/run_manifest.json,f0da17f3622e8476ad4d2f600e42b157b82bbfdbf5b2741784b3722e57723e1e,184,1768,1024,976,1192,0.75,772.5,746.0,700.5,73.0,5504.0,True,2,0.0,2,18,31358976,hybrid_75-m8-r2-K4-p2-s20260801-3b593fdc1f0a,round_major,20260801,pass,pass,3657917
1168,5520,4,16.0,5,3736,5120,24064,,6,27304.0,hybrid_75,184,1752,600,976,224,7,0.0,0.1545084971874737,0.5,True,81,25216.0,8,data/runs/w3-tradeoff-20260802-local/hybrid_75-m8-r2-K4-p4-s20260801-d29df163ac6e/run_manifest.json,9357795d9ad241e1935a7c78bf31fa4f95670e6c513de5399f88f71eddcd52c6,184,1768,1024,976,1192,0.75,1706.5,1576.0,1634.5,73.0,5504.0,False,4,0.0,2,18,31358976,hybrid_75-m8-r2-K4-p4-s20260801-d29df163ac6e,round_major,20260801,pass,pass,5909208
2432,6960,8,24.0,9,3744,5128,3744,,6,6152.0,hybrid_75,184,1752,608,976,224,1,0.0,0.08682408883346517,0.5,True,25,6152.0,8,data/runs/w3-tradeoff-20260802-local/hybrid_75-m8-r2-K8-p1-s20260801-1a27deda4dd6/run_manifest.json,3d39c5a7ce0a648c060e272315a1ded6f954325bfb964c7ed7b7f78dbbd887d4,184,1768,1032,976,1192,0.75,256.3333333333333,256.3333333333333,156.0,101.33333333333333,6936.0,True,1,0.0,2,24,31358976,hybrid_75-m8-r2-K8-p1-s20260801-1a27deda4dd6,round_major,20260801,pass,pass,2095875
1168,5520,8,24.0,9,3744,5128,10800,,6,12376.0,hybrid_75,184,1752,608,976,224,3,0.0,0.08682408883346517,0.5,True,45,11944.0,8,data/runs/w3-tradeoff-20260802-local/hybrid_75-m8-r2-K8-p2-s20260801-a141d403aa14/run_manifest.json,61a2cc680a5a3cd7c3958d4345551bdc23640f71c0eaf21d11773ab074b7ee1c,184,1768,1032,976,1192,0.75,515.6666666666666,497.6666666666667,468.0,48.666666666666664,5496.0,False,2,0.0,2,24,31358976,hybrid_75-m8-r2-K8-p2-s20260801-a141d403aa14,round_major,20260801,pass,pass,3647916
1168,5520,8,24.0,9,3744,5128,24080,,6,27352.0,hybrid_75,184,1752,608,976,224,7,0.0,0.08682408883346517,0.5,True,81,25224.0,8,data/runs/w3-tradeoff-20260802-local/hybrid_75-m8-r2-K8-p4-s20260801-260171ce2f4f/run_manifest.json,5ca5696079ecf4fd8d77d62322f5bcb903c9c30f15c3cdba5d376c2815f163fb,184,1768,1032,976,1192,0.75,1139.6666666666667,1051.0,1092.0,48.666666666666664,5496.0,False,4,0.0,2,24,31358976,hybrid_75-m8-r2-K8-p4-s20260801-260171ce2f4f,round_major,20260801,pass,pass,5880709
3696,8224,16,32.0,17,3752,5136,3752,,6,7416.0,hybrid_75,184,1752,616,976,224,1,0.0,0.046134179731650994,0.5,True,33,7416.0,8,data/runs/w3-tradeoff-20260802-local/hybrid_75-m8-r3-K16-p1-s20260801-f6414133e9ab/run_manifest.json,4f92f36e7a542b6afd773ffe24d7adb28eff8ba4b2a0a8c441bb619c9b0fcf87,184,1768,1040,976,1192,0.75,231.75,231.75,117.25,115.5,8192.0,True,1,0.0,3,30,31358976,hybrid_75-m8-r3-K16-p1-s20260801-f6414133e9ab,round_major,20260801,pass,pass,2772000
1168,5520,16,32.0,17,3752,5136,24080,,6,27400.0,hybrid_75,184,1752,616,976,224,7,0.0,0.046134179731650994,0.5,True,113,25216.0,8,data/runs/w3-tradeoff-20260802-local/hybrid_75-m8-r3-K16-p4-s20260801-de8929da293e/run_manifest.json,568dde638c3620694ca5222c556f42af9ca4162f1ebd0d40593d71e2cecad406,184,1768,1040,976,1192,0.75,856.25,788.0,820.75,36.5,5488.0,False,4,0.0,3,30,31358976,hybrid_75-m8-r3-K16-p4-s20260801-de8929da293e,round_major,20260801,pass,pass,8035875
3696,8224,4,16.0,5,3744,5128,3744,,6,7424.0,hybrid_75,184,1752,608,976,224,1,0.0,0.1545084971874737,0.5,True,33,7424.0,8,data/runs/w3-tradeoff-20260802-local/hybrid_75-m8-r3-K4-p1-s20260801-7346983c8fc5/run_manifest.json,430d529b87baec8b71a53a6420a838a52860d24211989801acd4691baf430f0b,184,1768,1032,976,1192,0.75,464.0,464.0,234.0,231.0,8208.0,True,1,0.0,3,18,31358976,hybrid_75-m8-r3-K4-p1-s20260801-7346983c8fc5,round_major,20260801,pass,pass,2814292
1168,5520,4,16.0,5,3744,5128,24072,,6,27360.0,hybrid_75,184,1752,608,976,224,7,0.0,0.1545084971874737,0.5,True,113,25224.0,8,data/runs/w3-tradeoff-20260802-local/hybrid_75-m8-r3-K4-p4-s20260801-df8fdb7048ab/run_manifest.json,b15e6f765e98f012faa38ccb137a4762b5fcdc56fa103bff2ac15a75a8036649,184,1768,1032,976,1192,0.75,1710.0,1576.5,1638.0,73.0,5504.0,False,4,0.0,3,18,31358976,hybrid_75-m8-r3-K4-p4-s20260801-df8fdb7048ab,round_major,20260801,pass,pass,8059583
4960,9488,16,32.0,17,3752,5136,3752,,6,8680.0,hybrid_75,184,1752,616,976,224,1,0.0,0.046134179731650994,0.5,True,41,8680.0,8,data/runs/w3-tradeoff-20260802-local/hybrid_75-m8-r4-K16-p1-s20260801-3ee7ce616b5a/run_manifest.json,6309f000f79e3e6fc6070a181c882663bca7ae5db475b5b139d25c1b69b6e439,184,1768,1040,976,1192,0.75,271.25,271.25,117.25,155.0,9456.0,True,1,0.0,4,30,31358976,hybrid_75-m8-r4-K16-p1-s20260801-3ee7ce616b5a,round_major,20260801,pass,pass,3435458
1168,5520,16,32.0,17,3752,5136,24080,,6,27400.0,hybrid_75,184,1752,616,976,224,7,0.0,0.046134179731650994,0.5,True,145,25216.0,8,data/runs/w3-tradeoff-20260802-local/hybrid_75-m8-r4-K16-p4-s20260801-bac4715504a0/run_manifest.json,ed8233589bc4bde712b1b3eefec21aac6f1cd1baab93bb22c31e3c8625272b91,184,1768,1040,976,1192,0.75,856.25,788.0,820.75,36.5,5488.0,False,4,0.0,4,30,31358976,hybrid_75-m8-r4-K16-p4-s20260801-bac4715504a0,round_major,20260801,pass,pass,10279708
4960,9488,4,16.0,5,3736,5128,3736,,6,8680.0,hybrid_75,184,1752,600,976,224,1,0.0,0.1545084971874737,0.5,True,41,8680.0,8,data/runs/w3-tradeoff-20260802-local/hybrid_75-m8-r4-K4-p1-s20260801-b92277e4963d/run_manifest.json,6b7b92f4ecbafa43235d757029c206bbdcc7d965b68678d8f8fade254cee22cb,184,1768,1032,976,1192,0.75,542.5,542.5,233.5,310.0,9472.0,True,1,0.0,4,18,31358976,hybrid_75-m8-r4-K4-p1-s20260801-b92277e4963d,round_major,20260801,pass,pass,3626583
1168,5520,4,16.0,5,3736,5128,24064,,6,27304.0,hybrid_75,184,1752,600,976,224,7,0.0,0.1545084971874737,0.5,True,145,25216.0,8,data/runs/w3-tradeoff-20260802-local/hybrid_75-m8-r4-K4-p4-s20260801-d0b26f71fb32/run_manifest.json,eadfa58e56a0de6679c9204834f67e5507d45dabc0419267b8fdfc7bc13a3b34,184,1768,1032,976,1192,0.75,1706.5,1576.0,1634.5,73.0,5504.0,False,4,0.0,4,18,31358976,hybrid_75-m8-r4-K4-p4-s20260801-d0b26f71fb32,round_major,20260801,pass,pass,10621542
1224,9928,8,48.0,9,28992,58792,28992,,16,30168.0,ir_materializing,19208,1808,6720,1032,224,1,0.0,0.08682408883346517,0.5,True,51,30168.0,16,data/runs/w3-tradeoff-20260802-local/ir_materializing-m16-r2-K8-p1-s20260801-f535da6121be/run_manifest.json,a7f0c74460cf6088117aa548f1662fa3a2ce3883485040c02f7081ec164d5851,41096,1824,13672,1032,1192,1.0,628.5,628.5,604.0,25.5,9880.0,False,1,0.0,2,64,31358976,ir_materializing-m16-r2-K8-p1-s20260801-f535da6121be,round_major,20260801,pass,pass,22487666
1224,9928,8,48.0,9,28992,58792,35856,,16,88152.0,ir_materializing,19208,1808,6720,1032,224,3,0.0,0.08682408883346517,0.5,True,85,37032.0,16,data/runs/w3-tradeoff-20260802-local/ir_materializing-m16-r2-K8-p2-s20260801-5c4e57c8ea18/run_manifest.json,f22741d4879334e7aa8eff8482251d624ba16156be1bc396e749c18dd683ee7e,41096,1824,13672,1032,1192,1.0,1836.5,771.5,1812.0,25.5,9880.0,False,2,0.0,2,64,31358976,ir_materializing-m16-r2-K8-p2-s20260801-5c4e57c8ea18,round_major,20260801,pass,pass,24631042
1224,9928,8,48.0,9,28992,58792,49584,,16,204120.0,ir_materializing,19208,1808,6720,1032,224,7,0.0,0.08682408883346517,0.5,True,153,50760.0,16,data/runs/w3-tradeoff-20260802-local/ir_materializing-m16-r2-K8-p4-s20260801-1f2b76ecac16/run_manifest.json,f62ad53e7af6329af09490c8286b277bc7d63a82abf51387784bd697f9611ad8,41096,1824,13672,1032,1192,1.0,4252.5,1057.5,4228.0,25.5,9880.0,False,4,0.0,2,64,31358976,ir_materializing-m16-r2-K8-p4-s20260801-1f2b76ecac16,round_major,20260801,pass,pass,39318875
1224,18632,8,96.0,9,53952,112168,53952,,32,55080.0,ir_materializing,37640,1808,13248,1032,224,1,0.0,0.08682408883346517,0.5,True,99,55080.0,32,data/runs/w3-tradeoff-20260802-local/ir_materializing-m32-r2-K8-p1-s20260801-c4a6d718dd02/run_manifest.json,08082e447a782ef16f56250af33f5100e14e9dd60cf9db57d923f5d69553d44e,81416,1824,26728,1032,1192,1.0,573.75,573.75,562.0,12.75,18536.0,False,1,0.0,2,128,31375360,ir_materializing-m32-r2-K8-p1-s20260801-c4a6d718dd02,round_major,20260801,pass,pass,80311833
1224,18632,8,96.0,9,53952,112168,60816,,32,162984.0,ir_materializing,37640,1808,13248,1032,224,3,0.0,0.08682408883346517,0.5,True,165,61944.0,32,data/runs/w3-tradeoff-20260802-local/ir_materializing-m32-r2-K8-p2-s20260801-75ff4e051f7d/run_manifest.json,17d4b0275c993b7adaf2307ae090477e91c3d2e2dc37c787db946dea033fecc4,81416,1824,26728,1032,1192,1.0,1697.75,645.25,1686.0,12.75,18536.0,False,2,0.0,2,128,31391744,ir_materializing-m32-r2-K8-p2-s20260801-75ff4e051f7d,round_major,20260801,pass,pass,84198166
1224,18632,8,96.0,9,53952,112168,74544,,32,378792.0,ir_materializing,37640,1808,13248,1032,224,7,0.0,0.08682408883346517,0.5,True,297,75672.0,32,data/runs/w3-tradeoff-20260802-local/ir_materializing-m32-r2-K8-p4-s20260801-ee5f8927c66e/run_manifest.json,65e0aa8a256acb0be60affb127ba8e0b0ac05c59dfb307e4aa7b2c39f442cd25,81416,1824,26728,1032,1192,1.0,3945.75,788.25,3934.0,12.75,18536.0,False,4,0.0,2,128,31391744,ir_materializing-m32-r2-K8-p4-s20260801-ee5f8927c66e,round_major,20260801,pass,pass,92266042
1224,3400,8,12.0,9,10272,18760,10272,,4,11484.0,ir_materializing,5384,1808,1824,1032,224,1,0.0,0.08682408883346517,0.5,True,15,11484.0,4,data/runs/w3-tradeoff-20260802-local/ir_materializing-m4-r2-K8-p1-s20260801-7591ac97d41c/run_manifest.json,6c1fc337473161a6126b749712888ad03c37d995a8889b38c0eaeaef84ce23d5,10856,1824,3880,1032,1192,1.0,957.0,957.0,856.0,102.0,3388.0,False,1,0.0,2,16,31391744,ir_materializing-m4-r2-K8-p1-s20260801-7591ac97d41c,round_major,20260801,pass,pass,2811292
1224,3400,8,12.0,9,10272,18760,17136,,4,32028.0,ir_materializing,5384,1808,1824,1032,224,3,0.0,0.08682408883346517,0.5,True,25,18348.0,4,data/runs/w3-tradeoff-20260802-local/ir_materializing-m4-r2-K8-p2-s20260801-6af4995c1cdf/run_manifest.json,ead48a0cb3f510403ef5b75343ba56ece82633fa1e393c53605b4bb10d6ffc5a,10856,1824,3880,1032,1192,1.0,2669.0,1529.0,2568.0,102.0,3388.0,False,2,0.0,2,16,31391744,ir_materializing-m4-r2-K8-p2-s20260801-6af4995c1cdf,round_major,20260801,pass,pass,3387125
1224,3400,8,12.0,9,10272,18760,30864,,4,73116.0,ir_materializing,5384,1808,1824,1032,224,7,0.0,0.08682408883346517,0.5,True,45,32076.0,4,data/runs/w3-tradeoff-20260802-local/ir_materializing-m4-r2-K8-p4-s20260801-5225bf429aa2/run_manifest.json,9d2d9e9fb2d93e46b246a2f121d8be0fa9bd50d430dc604300d93193a5bdcf41,10856,1824,3880,1032,1192,1.0,6093.0,2673.0,5992.0,102.0,3388.0,False,4,0.0,2,16,31391744,ir_materializing-m4-r2-K8-p4-s20260801-5225bf429aa2,round_major,20260801,pass,pass,4795291
1224,5576,8,24.0,9,16512,32104,16512,,8,17712.0,ir_materializing,9992,1808,3456,1032,224,1,0.0,0.08682408883346517,0.5,True,27,17712.0,8,data/runs/w3-tradeoff-20260802-local/ir_materializing-m8-r2-K8-p1-s20260801-77fce87528ea/run_manifest.json,e5410654b96c395153250bc01bc6986e5e4b70d0db94ca5b81749cbcd0ec763f,20936,1824,7144,1032,1192,1.0,738.0,738.0,688.0,51.0,5552.0,False,1,0.0,2,32,31391744,ir_materializing-m8-r2-K8-p1-s20260801-77fce87528ea,round_major,20260801,pass,pass,7128667
1224,5576,8,24.0,9,16512,32104,23376,,8,50736.0,ir_materializing,9992,1808,3456,1032,224,3,0.0,0.08682408883346517,0.5,True,45,24576.0,8,data/runs/w3-tradeoff-20260802-local/ir_materializing-m8-r2-K8-p2-s20260801-948f89b1d542/run_manifest.json,582dca4b39a747a8c422e32b0781de7de5a20c4165cac80201f555d37f42109e,20936,1824,7144,1032,1192,1.0,2114.0,1024.0,2064.0,51.0,5552.0,False,2,0.0,2,32,31391744,ir_materializing-m8-r2-K8-p2-s20260801-948f89b1d542,round_major,20260801,pass,pass,8214958
1224,5576,8,24.0,9,16512,32104,37104,,8,116784.0,ir_materializing,9992,1808,3456,1032,224,7,0.0,0.08682408883346517,0.5,True,81,38304.0,8,data/runs/w3-tradeoff-20260802-local/ir_materializing-m8-r2-K8-p4-s20260801-5c39994df718/run_manifest.json,86e91086e776529993854b385a1b3d4075e12b9c3106c8d19bc3b8431fae38b3,20936,1824,7144,1032,1192,1.0,4866.0,1596.0,4816.0,51.0,5552.0,False,4,0.0,2,32,31391744,ir_materializing-m8-r2-K8-p4-s20260801-5c39994df718,round_major,20260801,pass,pass,10680792
